{"type": "FeatureCollection", "name": "borders_fixed", "features": [{"type": "Feature", "properties": {"fill": "#00529c"}, "geometry": {"type": "Polygon", "coordinates": [[[47.066, 75.977], [47.124, 75.974], [47.182, 75.965], [47.239, 75.951], [47.294, 75.931], [47.347, 75.906], [47.398, 75.876], [47.445, 75.841], [47.488, 75.802], [47.528, 75.759], [47.589, 75.676], [47.671, 75.553], [47.82, 75.371], [47.987, 75.205], [48.1, 75.102], [48.139, 75.059], [48.174, 75.012], [48.204, 74.961], [48.229, 74.908], [48.249, 74.853], [48.263, 74.796], [48.272, 74.738], [48.275, 74.68], [48.272, 74.621], [48.263, 74.563], [48.249, 74.506], [48.229, 74.451], [48.204, 74.398], [48.174, 74.348], [48.139, 74.301], [48.1, 74.258], [48.057, 74.218], [48.01, 74.183], [47.959, 74.153], [47.906, 74.128], [47.851, 74.108], [47.794, 74.094], [47.736, 74.086], [47.573, 74.078], [47.547, 74.078], [47.313, 74.054], [47.15, 74.03], [47.092, 74.027], [47.033, 74.03], [46.975, 74.039], [46.919, 74.053], [46.863, 74.073], [46.782, 74.111], [46.565, 74.201], [46.513, 74.22], [46.287, 74.288], [46.175, 74.317], [46.12, 74.336], [46.067, 74.361], [46.017, 74.391], [45.969, 74.426], [45.926, 74.466], [45.887, 74.509], [45.804, 74.621], [45.654, 74.803], [45.488, 74.97], [45.399, 75.05], [45.354, 75.101], [45.79, 75.696], [46.19, 75.665], [46.545, 75.932], [46.548, 75.936], [46.558, 75.953], [46.784, 75.953], [46.996, 75.973], [47.066, 75.977]]]}, "id": 0}, {"type": "Feature", "properties": {"fill": "#153477"}, "geometry": {"type": "Polygon", "coordinates": [[[43.194, 76.827], [43.225, 76.878], [43.259, 76.925], [43.299, 76.968], [43.342, 77.008], [43.389, 77.042], [43.44, 77.073], [43.492, 77.098], [43.548, 77.117], [43.604, 77.132], [43.662, 77.14], [43.721, 77.143], [43.78, 77.14], [43.811, 77.136], [44.045, 77.112], [44.281, 77.112], [44.331, 77.115], [44.39, 77.112], [44.448, 77.104], [44.505, 77.089], [44.56, 77.07], [44.613, 77.044], [44.663, 77.014], [44.723, 76.97], [44.919, 76.839], [45.127, 76.728], [45.344, 76.638], [45.57, 76.569], [45.801, 76.523], [45.972, 76.498], [46.029, 76.484], [46.084, 76.464], [46.137, 76.439], [46.187, 76.409], [46.234, 76.374], [46.277, 76.335], [46.317, 76.291], [46.352, 76.244], [46.382, 76.194], [46.407, 76.141], [46.427, 76.086], [46.441, 76.029], [46.449, 75.971], [46.452, 75.912], [46.45, 75.861], [46.19, 75.665], [45.79, 75.696], [45.354, 75.102], [45.25, 75.139], [45.184, 75.165], [44.959, 75.233], [44.728, 75.279], [44.493, 75.302], [44.38, 75.308], [44.322, 75.316], [44.265, 75.33], [44.116, 75.384], [43.89, 75.452], [43.578, 75.515], [43.52, 75.529], [43.465, 75.549], [43.412, 75.574], [43.362, 75.604], [43.315, 75.639], [43.271, 75.678], [43.186, 75.773], [43.109, 75.864], [43.074, 75.911], [43.044, 75.962], [43.019, 76.015], [42.999, 76.07], [42.985, 76.127], [42.977, 76.185], [42.974, 76.243], [42.977, 76.302], [42.985, 76.36], [42.999, 76.416], [43.019, 76.472], [43.068, 76.574], [43.127, 76.685], [43.194, 76.827]]]}, "id": 1}, {"type": "Feature", "properties": {"fill": "#516ebc"}, "geometry": {"type": "Polygon", "coordinates": [[[53.492, -70.612], [53.501, -70.554], [53.515, -70.497], [53.535, -70.442], [53.56, -70.389], [53.59, -70.339], [53.625, -70.292], [53.664, -70.248], [53.732, -70.187], [53.863, -70.079], [53.892, -70.053], [54.005, -69.94], [54.077, -69.875], [54.124, -69.84], [54.174, -69.81], [54.227, -69.785], [54.282, -69.765], [54.339, -69.751], [54.397, -69.742], [54.455, -69.739], [54.514, -69.742], [54.592, -69.754], [54.622, -69.76], [54.818, -69.809], [54.927, -69.842], [54.988, -69.857], [55.043, -69.877], [55.096, -69.902], [55.147, -69.932], [55.194, -69.967], [55.237, -70.007], [55.277, -70.05], [55.311, -70.097], [55.342, -70.147], [55.367, -70.2], [55.386, -70.255], [55.401, -70.312], [55.409, -70.37], [55.416, -70.499], [55.411, -70.588], [55.403, -70.646], [55.388, -70.702], [55.358, -70.788], [55.293, -70.945], [55.224, -71.165], [55.178, -71.293], [55.153, -71.346], [55.123, -71.396], [55.088, -71.444], [55.049, -71.487], [55.005, -71.526], [54.958, -71.561], [54.908, -71.591], [54.855, -71.616], [54.8, -71.636], [54.743, -71.65], [54.685, -71.659], [54.523, -71.667], [54.414, -71.678], [54.292, -71.684], [54.234, -71.681], [54.176, -71.672], [54.119, -71.658], [54.064, -71.638], [54.011, -71.613], [53.942, -71.572], [53.782, -71.465], [53.732, -71.435], [53.685, -71.4], [53.642, -71.361], [53.602, -71.317], [53.567, -71.27], [53.537, -71.22], [53.512, -71.167], [53.493, -71.112], [53.478, -71.055], [53.47, -70.997], [53.467, -70.939], [53.471, -70.856], [53.489, -70.669], [53.492, -70.612]]]}, "id": 2}, {"type": "Feature", "properties": {"fill": "#00789c"}, "geometry": {"type": "Polygon", "coordinates": [[[-154.908, 15.947], [-154.889, 16.003], [-154.864, 16.056], [-154.832, 16.108], [-154.77, 16.193], [-154.683, 16.288], [-154.612, 16.361], [-154.542, 16.424], [-154.415, 16.528], [-154.354, 16.574], [-154.307, 16.602], [-154.254, 16.627], [-154.199, 16.647], [-154.142, 16.661], [-154.084, 16.67], [-154.026, 16.672], [-153.952, 16.669], [-153.737, 16.648], [-153.554, 16.64], [-153.5, 16.632], [-153.443, 16.618], [-153.388, 16.598], [-153.335, 16.573], [-153.285, 16.543], [-153.238, 16.508], [-153.194, 16.468], [-153.155, 16.425], [-153.12, 16.378], [-153.09, 16.328], [-153.05, 16.242], [-152.987, 16.091], [-152.888, 15.906], [-152.858, 15.841], [-152.838, 15.786], [-152.824, 15.729], [-152.815, 15.672], [-152.812, 15.613], [-152.815, 15.554], [-152.824, 15.497], [-152.838, 15.44], [-152.858, 15.384], [-152.883, 15.332], [-152.913, 15.281], [-152.93, 15.258], [-153.015, 15.13], [-153.075, 15.05], [-153.114, 15.007], [-153.158, 14.967], [-153.177, 14.953], [-153.359, 14.804], [-153.38, 14.785], [-153.427, 14.75], [-153.477, 14.72], [-153.53, 14.695], [-153.585, 14.675], [-153.642, 14.661], [-153.7, 14.652], [-153.759, 14.649], [-153.817, 14.652], [-153.875, 14.661], [-153.932, 14.675], [-154.16, 14.744], [-154.395, 14.791], [-154.452, 14.805], [-154.507, 14.825], [-154.56, 14.85], [-154.61, 14.88], [-154.657, 14.915], [-154.701, 14.954], [-154.879, 15.149], [-154.909, 15.189], [-154.939, 15.24], [-154.964, 15.293], [-154.984, 15.348], [-154.998, 15.405], [-155.007, 15.463], [-155.01, 15.521], [-155.007, 15.58], [-154.998, 15.638], [-154.984, 15.694], [-154.915, 15.922], [-154.908, 15.947]]]}, "id": 3}, {"type": "Feature", "properties": {"fill": "#153477"}, "geometry": {"type": "Polygon", "coordinates": [[[-23.052, -74.952], [-23.054, -74.893], [-23.052, -74.835], [-23.043, -74.777], [-23.029, -74.72], [-23.009, -74.665], [-22.984, -74.612], [-22.954, -74.561], [-22.919, -74.514], [-22.88, -74.471], [-22.836, -74.432], [-22.789, -74.397], [-22.686, -74.335], [-22.587, -74.282], [-22.51, -74.236], [-22.457, -74.211], [-22.402, -74.191], [-22.345, -74.177], [-22.287, -74.168], [-22.229, -74.165], [-22.17, -74.168], [-22.112, -74.177], [-22.055, -74.191], [-22.0, -74.211], [-21.947, -74.236], [-21.87, -74.282], [-21.714, -74.386], [-21.555, -74.481], [-21.512, -74.512], [-21.469, -74.551], [-21.429, -74.595], [-21.394, -74.642], [-21.364, -74.692], [-21.339, -74.745], [-21.319, -74.8], [-21.305, -74.857], [-21.297, -74.915], [-21.294, -74.974], [-21.3, -75.097], [-21.325, -75.264], [-21.336, -75.321], [-21.35, -75.464], [-21.365, -75.567], [-21.38, -75.624], [-21.399, -75.679], [-21.424, -75.732], [-21.454, -75.782], [-21.489, -75.829], [-21.529, -75.873], [-21.572, -75.912], [-21.619, -75.947], [-21.669, -75.977], [-21.722, -76.002], [-21.778, -76.022], [-21.834, -76.036], [-21.913, -76.048], [-22.106, -76.067], [-22.205, -76.082], [-22.264, -76.085], [-22.322, -76.082], [-22.38, -76.073], [-22.437, -76.059], [-22.492, -76.039], [-22.545, -76.014], [-22.596, -75.984], [-22.643, -75.949], [-22.686, -75.91], [-22.726, -75.866], [-22.816, -75.744], [-22.845, -75.702], [-22.875, -75.652], [-22.9, -75.599], [-22.919, -75.543], [-22.934, -75.487], [-22.938, -75.457], [-22.984, -75.226], [-23.012, -75.135], [-23.043, -75.01], [-23.052, -74.952]]]}, "id": 4}, {"type": "Feature", "properties": {"fill": "#153477"}, "geometry": {"type": "Polygon", "coordinates": [[[-133.356, -41.109], [-133.347, -41.051], [-133.333, -40.995], [-133.314, -40.939], [-133.288, -40.886], [-133.258, -40.836], [-133.223, -40.789], [-133.184, -40.746], [-133.136, -40.702], [-132.97, -40.536], [-132.952, -40.517], [-132.909, -40.478], [-132.862, -40.443], [-132.812, -40.412], [-132.759, -40.387], [-132.704, -40.368], [-132.647, -40.353], [-132.589, -40.345], [-132.522, -40.342], [-132.288, -40.318], [-132.238, -40.311], [-132.179, -40.308], [-132.121, -40.311], [-132.063, -40.32], [-132.006, -40.334], [-131.951, -40.354], [-131.898, -40.379], [-131.848, -40.409], [-131.803, -40.442], [-131.657, -40.54], [-131.586, -40.592], [-131.542, -40.631], [-131.503, -40.675], [-131.468, -40.722], [-131.438, -40.772], [-131.413, -40.825], [-131.393, -40.88], [-131.379, -40.937], [-131.37, -40.995], [-131.368, -41.054], [-131.37, -41.112], [-131.379, -41.17], [-131.393, -41.227], [-131.413, -41.282], [-131.483, -41.431], [-131.574, -41.649], [-131.605, -41.737], [-131.63, -41.79], [-131.661, -41.841], [-131.695, -41.888], [-131.735, -41.931], [-131.778, -41.971], [-131.825, -42.005], [-131.865, -42.03], [-132.042, -42.147], [-132.102, -42.183], [-132.155, -42.208], [-132.21, -42.228], [-132.267, -42.242], [-132.325, -42.251], [-132.383, -42.254], [-132.442, -42.251], [-132.5, -42.242], [-132.557, -42.228], [-132.675, -42.186], [-132.769, -42.147], [-132.843, -42.121], [-132.896, -42.095], [-132.946, -42.065], [-133.156, -41.911], [-133.196, -41.874], [-133.236, -41.831], [-133.271, -41.784], [-133.301, -41.733], [-133.326, -41.68], [-133.346, -41.625], [-133.36, -41.568], [-133.368, -41.51], [-133.371, -41.452], [-133.356, -41.109]]]}, "id": 5}, {"type": "Feature", "properties": {"fill": "#516ebc"}, "geometry": {"type": "Polygon", "coordinates": [[[-131.572, -18.015], [-131.654, -17.903], [-131.684, -17.853], [-131.709, -17.8], [-131.729, -17.745], [-131.743, -17.688], [-131.752, -17.63], [-131.755, -17.571], [-131.752, -17.513], [-131.743, -17.455], [-131.729, -17.398], [-131.709, -17.343], [-131.684, -17.29], [-131.654, -17.24], [-131.619, -17.193], [-131.58, -17.149], [-131.537, -17.11], [-131.49, -17.075], [-131.439, -17.045], [-131.386, -17.02], [-131.162, -16.927], [-130.954, -16.816], [-130.83, -16.742], [-130.777, -16.717], [-130.722, -16.697], [-130.665, -16.683], [-130.607, -16.674], [-130.548, -16.671], [-130.49, -16.674], [-130.432, -16.683], [-130.375, -16.697], [-130.32, -16.717], [-130.267, -16.742], [-130.217, -16.772], [-130.17, -16.807], [-130.126, -16.846], [-130.087, -16.89], [-130.052, -16.937], [-129.911, -17.15], [-129.828, -17.261], [-129.798, -17.311], [-129.773, -17.364], [-129.753, -17.419], [-129.739, -17.476], [-129.731, -17.534], [-129.728, -17.592], [-129.731, -17.651], [-129.739, -17.709], [-129.753, -17.766], [-129.773, -17.821], [-129.798, -17.874], [-129.879, -18.01], [-129.9, -18.04], [-129.957, -18.147], [-130.017, -18.247], [-130.052, -18.294], [-130.091, -18.337], [-130.134, -18.376], [-130.181, -18.411], [-130.232, -18.441], [-130.285, -18.466], [-130.391, -18.505], [-130.512, -18.541], [-130.68, -18.602], [-130.737, -18.616], [-130.795, -18.624], [-130.854, -18.627], [-130.912, -18.624], [-130.97, -18.616], [-131.027, -18.602], [-131.082, -18.582], [-131.135, -18.557], [-131.185, -18.527], [-131.232, -18.492], [-131.276, -18.452], [-131.315, -18.409], [-131.35, -18.362], [-131.441, -18.21], [-131.572, -18.015]]]}, "id": 6}, {"type": "Feature", "properties": {"fill": "#00529c"}, "geometry": {"type": "Polygon", "coordinates": [[[-57.427, -76.682], [-57.447, -76.627], [-57.461, -76.57], [-57.47, -76.512], [-57.473, -76.454], [-57.47, -76.395], [-57.461, -76.337], [-57.447, -76.281], [-57.427, -76.225], [-57.416, -76.201], [-57.325, -75.983], [-57.306, -75.93], [-57.281, -75.877], [-57.251, -75.827], [-57.216, -75.78], [-57.177, -75.736], [-57.134, -75.697], [-57.086, -75.662], [-57.036, -75.632], [-56.983, -75.607], [-56.928, -75.587], [-56.736, -75.54], [-56.678, -75.531], [-56.619, -75.529], [-56.561, -75.531], [-56.503, -75.54], [-56.446, -75.554], [-56.21, -75.626], [-55.979, -75.672], [-55.901, -75.684], [-55.844, -75.698], [-55.789, -75.718], [-55.736, -75.743], [-55.686, -75.773], [-55.639, -75.808], [-55.596, -75.847], [-55.556, -75.891], [-55.521, -75.938], [-55.491, -75.988], [-55.466, -76.041], [-55.446, -76.096], [-55.432, -76.153], [-55.424, -76.211], [-55.421, -76.27], [-55.424, -76.328], [-55.432, -76.386], [-55.446, -76.443], [-55.466, -76.498], [-55.623, -76.828], [-55.653, -76.878], [-55.688, -76.925], [-55.727, -76.968], [-55.77, -77.008], [-55.818, -77.042], [-55.868, -77.073], [-55.921, -77.098], [-55.976, -77.117], [-56.033, -77.132], [-56.091, -77.14], [-56.212, -77.146], [-56.264, -77.146], [-56.762, -77.144], [-56.886, -77.139], [-56.936, -77.132], [-56.993, -77.117], [-57.048, -77.098], [-57.101, -77.073], [-57.151, -77.042], [-57.198, -77.008], [-57.242, -76.968], [-57.281, -76.925], [-57.316, -76.878], [-57.403, -76.733], [-57.427, -76.682]]]}, "id": 7}, {"type": "Feature", "properties": {"fill": "#37009c"}, "geometry": {"type": "Polygon", "coordinates": [[[-101.357, -44.583], [-101.337, -44.527], [-101.312, -44.474], [-101.282, -44.424], [-101.247, -44.376], [-101.207, -44.333], [-101.164, -44.294], [-101.117, -44.259], [-101.067, -44.229], [-101.014, -44.204], [-100.959, -44.184], [-100.91, -44.172], [-100.684, -44.103], [-100.467, -44.013], [-100.259, -43.902], [-100.063, -43.771], [-99.951, -43.688], [-99.9, -43.658], [-99.848, -43.633], [-99.792, -43.613], [-99.736, -43.599], [-99.678, -43.59], [-99.619, -43.587], [-99.56, -43.59], [-99.503, -43.599], [-99.446, -43.613], [-99.344, -43.649], [-99.218, -43.702], [-99.17, -43.719], [-99.117, -43.744], [-99.067, -43.774], [-99.02, -43.809], [-98.977, -43.848], [-98.751, -44.096], [-98.704, -44.159], [-98.674, -44.209], [-98.649, -44.262], [-98.63, -44.317], [-98.615, -44.374], [-98.607, -44.432], [-98.604, -44.49], [-98.607, -44.549], [-98.624, -44.666], [-98.647, -44.781], [-98.661, -44.837], [-98.681, -44.893], [-98.706, -44.945], [-98.736, -44.996], [-98.771, -45.043], [-98.81, -45.086], [-98.986, -45.247], [-99.027, -45.277], [-99.124, -45.335], [-99.236, -45.395], [-99.432, -45.526], [-99.614, -45.676], [-99.776, -45.838], [-99.822, -45.879], [-99.869, -45.914], [-99.919, -45.944], [-99.972, -45.969], [-100.027, -45.989], [-100.084, -46.003], [-100.142, -46.012], [-100.275, -46.019], [-100.369, -46.019], [-100.549, -46.028], [-100.913, -46.011], [-100.964, -46.004], [-101.021, -45.989], [-101.076, -45.97], [-101.129, -45.945], [-101.206, -45.898], [-101.304, -45.832], [-101.373, -45.781], [-101.417, -45.742], [-101.456, -45.698], [-101.491, -45.651], [-101.521, -45.601], [-101.546, -45.548], [-101.566, -45.493], [-101.58, -45.436], [-101.589, -45.378], [-101.592, -45.32], [-101.589, -45.261], [-101.58, -45.203], [-101.566, -45.146], [-101.546, -45.091], [-101.515, -45.026], [-101.425, -44.808], [-101.357, -44.583]]]}, "id": 8}, {"type": "Feature", "properties": {"fill": "#00529c"}, "geometry": {"type": "Polygon", "coordinates": [[[139.074, -7.579], [139.073, -7.33], [139.076, -7.271], [139.085, -7.213], [139.099, -7.156], [139.119, -7.101], [139.144, -7.048], [139.174, -6.998], [139.209, -6.951], [139.248, -6.907], [139.292, -6.868], [139.339, -6.833], [139.389, -6.803], [139.442, -6.778], [139.497, -6.758], [139.595, -6.734], [139.743, -6.704], [139.847, -6.678], [139.905, -6.67], [139.963, -6.667], [140.022, -6.67], [140.08, -6.678], [140.136, -6.693], [140.212, -6.72], [140.389, -6.793], [140.465, -6.82], [140.518, -6.845], [140.568, -6.875], [140.615, -6.91], [140.659, -6.95], [140.698, -6.993], [140.733, -7.04], [140.763, -7.09], [140.788, -7.143], [140.833, -7.268], [140.858, -7.352], [140.881, -7.408], [140.931, -7.546], [140.945, -7.602], [140.953, -7.66], [140.956, -7.719], [140.953, -7.777], [140.945, -7.835], [140.931, -7.892], [140.911, -7.947], [140.886, -8.0], [140.856, -8.051], [140.821, -8.098], [140.725, -8.214], [140.651, -8.295], [140.607, -8.334], [140.56, -8.369], [140.51, -8.399], [140.457, -8.424], [140.402, -8.444], [140.345, -8.458], [140.287, -8.467], [140.045, -8.491], [139.867, -8.518], [139.811, -8.52], [139.752, -8.517], [139.694, -8.509], [139.637, -8.495], [139.582, -8.475], [139.529, -8.45], [139.436, -8.398], [139.319, -8.329], [139.272, -8.294], [139.229, -8.254], [139.189, -8.211], [139.155, -8.164], [139.124, -8.114], [139.099, -8.061], [139.08, -8.006], [139.065, -7.949], [139.057, -7.891], [139.054, -7.832], [139.059, -7.734], [139.074, -7.579]]]}, "id": 9}, {"type": "Feature", "properties": {"fill": "#153477"}, "geometry": {"type": "Polygon", "coordinates": [[[154.865, -22.805], [154.905, -22.762], [154.948, -22.723], [154.995, -22.688], [155.045, -22.658], [155.098, -22.633], [155.154, -22.613], [155.21, -22.599], [155.293, -22.586], [155.478, -22.568], [155.544, -22.558], [155.603, -22.555], [155.661, -22.558], [155.719, -22.567], [155.776, -22.581], [155.831, -22.601], [155.884, -22.626], [155.934, -22.656], [155.982, -22.691], [156.025, -22.73], [156.086, -22.798], [156.194, -22.929], [156.219, -22.956], [156.318, -23.09], [156.356, -23.136], [156.443, -23.254], [156.473, -23.305], [156.498, -23.357], [156.518, -23.413], [156.532, -23.469], [156.541, -23.527], [156.544, -23.586], [156.541, -23.645], [156.532, -23.702], [156.518, -23.759], [156.498, -23.814], [156.473, -23.867], [156.426, -23.946], [156.332, -24.087], [156.257, -24.212], [156.222, -24.259], [156.183, -24.302], [156.14, -24.341], [156.093, -24.376], [156.042, -24.407], [155.989, -24.432], [155.934, -24.451], [155.877, -24.466], [155.819, -24.474], [155.765, -24.477], [155.531, -24.5], [155.496, -24.505], [155.437, -24.508], [155.378, -24.505], [155.321, -24.497], [155.264, -24.482], [155.209, -24.463], [155.156, -24.437], [155.056, -24.378], [154.955, -24.31], [154.891, -24.272], [154.844, -24.237], [154.801, -24.198], [154.761, -24.154], [154.726, -24.107], [154.696, -24.057], [154.671, -24.004], [154.652, -23.949], [154.637, -23.892], [154.591, -23.659], [154.56, -23.535], [154.551, -23.477], [154.548, -23.418], [154.551, -23.36], [154.56, -23.302], [154.574, -23.245], [154.594, -23.19], [154.619, -23.137], [154.649, -23.086], [154.716, -22.996], [154.797, -22.897], [154.865, -22.805]]]}, "id": 10}, {"type": "Feature", "properties": {"fill": "#00789c"}, "geometry": {"type": "Polygon", "coordinates": [[[122.493, -32.405], [122.496, -32.346], [122.505, -32.288], [122.519, -32.231], [122.539, -32.176], [122.564, -32.123], [122.594, -32.073], [122.629, -32.026], [122.668, -31.982], [122.711, -31.943], [122.759, -31.908], [122.84, -31.859], [122.983, -31.783], [123.092, -31.718], [123.288, -31.587], [123.444, -31.458], [123.505, -31.413], [123.555, -31.383], [123.608, -31.358], [123.663, -31.339], [123.72, -31.324], [123.778, -31.316], [123.836, -31.313], [123.895, -31.316], [123.953, -31.324], [124.119, -31.366], [124.35, -31.412], [124.539, -31.43], [124.62, -31.442], [124.676, -31.457], [124.732, -31.476], [124.784, -31.501], [124.835, -31.532], [124.882, -31.566], [124.925, -31.606], [124.965, -31.649], [124.999, -31.696], [125.03, -31.747], [125.055, -31.8], [125.074, -31.855], [125.089, -31.912], [125.097, -31.969], [125.1, -32.028], [125.097, -32.087], [125.089, -32.145], [125.074, -32.201], [125.055, -32.257], [125.033, -32.301], [124.943, -32.519], [124.923, -32.585], [124.875, -32.719], [124.85, -32.772], [124.82, -32.822], [124.785, -32.869], [124.746, -32.912], [124.703, -32.952], [124.656, -32.987], [124.605, -33.017], [124.552, -33.042], [124.497, -33.062], [124.44, -33.076], [124.372, -33.086], [124.133, -33.134], [123.954, -33.179], [123.727, -33.224], [123.578, -33.262], [123.52, -33.27], [123.461, -33.273], [123.315, -33.266], [123.255, -33.26], [123.179, -33.26], [123.04, -33.253], [122.982, -33.245], [122.926, -33.231], [122.87, -33.211], [122.817, -33.186], [122.767, -33.156], [122.72, -33.121], [122.677, -33.081], [122.637, -33.038], [122.602, -32.991], [122.572, -32.941], [122.547, -32.888], [122.528, -32.833], [122.513, -32.776], [122.505, -32.718], [122.498, -32.58], [122.498, -32.503], [122.493, -32.405]]]}, "id": 11}, {"type": "Feature", "properties": {"fill": "#37009c"}, "geometry": {"type": "Polygon", "coordinates": [[[-162.001, -0.622], [-161.91, -0.4], [-161.842, -0.17], [-161.797, 0.016], [-161.78, 0.063], [-161.755, 0.116], [-161.725, 0.166], [-161.69, 0.213], [-161.651, 0.257], [-161.607, 0.296], [-161.53, 0.353], [-161.445, 0.423], [-161.171, 0.379], [-160.883, 0.619], [-160.727, 0.633], [-160.309, 0.404], [-160.239, 0.269], [-160.262, -0.022], [-160.235, -0.035], [-159.959, -0.132], [-159.569, -0.753], [-159.528, -0.778], [-159.499, -0.924], [-159.479, -1.004], [-159.47, -1.062], [-159.467, -1.121], [-159.47, -1.179], [-159.479, -1.237], [-159.493, -1.294], [-159.513, -1.349], [-159.538, -1.402], [-159.568, -1.452], [-159.603, -1.499], [-159.642, -1.543], [-159.686, -1.582], [-159.733, -1.617], [-159.783, -1.647], [-159.836, -1.672], [-159.891, -1.692], [-159.948, -1.706], [-160.006, -1.715], [-160.065, -1.718], [-160.171, -1.713], [-160.31, -1.699], [-160.545, -1.699], [-160.78, -1.722], [-161.011, -1.768], [-161.236, -1.836], [-161.259, -1.846], [-161.414, -1.901], [-161.471, -1.915], [-161.529, -1.924], [-161.672, -1.931], [-161.715, -1.931], [-161.785, -1.928], [-161.843, -1.919], [-161.9, -1.905], [-161.955, -1.885], [-162.008, -1.86], [-162.059, -1.83], [-162.106, -1.795], [-162.149, -1.756], [-162.188, -1.712], [-162.223, -1.665], [-162.253, -1.615], [-162.278, -1.562], [-162.298, -1.507], [-162.312, -1.45], [-162.321, -1.392], [-162.324, -1.333], [-162.321, -1.275], [-162.312, -1.217], [-162.298, -1.16], [-162.278, -1.105], [-162.253, -1.052], [-162.203, -0.967], [-162.113, -0.833], [-162.001, -0.622]]]}, "id": 12}, {"type": "Feature", "properties": {"fill": "#37009c"}, "geometry": {"type": "Polygon", "coordinates": [[[-121.322, -20.949], [-121.297, -20.896], [-121.266, -20.846], [-121.231, -20.799], [-121.192, -20.755], [-121.149, -20.716], [-121.102, -20.681], [-121.051, -20.651], [-120.998, -20.626], [-120.943, -20.606], [-120.886, -20.592], [-120.84, -20.585], [-120.609, -20.539], [-120.553, -20.525], [-120.495, -20.516], [-120.437, -20.513], [-120.378, -20.516], [-120.32, -20.525], [-120.263, -20.539], [-120.128, -20.588], [-119.903, -20.656], [-119.672, -20.702], [-119.532, -20.716], [-119.427, -20.731], [-119.37, -20.745], [-119.315, -20.765], [-119.262, -20.79], [-119.212, -20.82], [-119.164, -20.855], [-119.121, -20.895], [-119.082, -20.938], [-119.047, -20.985], [-119.017, -21.035], [-118.992, -21.088], [-118.972, -21.144], [-118.958, -21.2], [-118.949, -21.258], [-118.946, -21.317], [-118.949, -21.375], [-118.958, -21.433], [-118.972, -21.49], [-118.992, -21.545], [-119.017, -21.598], [-119.047, -21.649], [-119.082, -21.696], [-119.121, -21.739], [-119.164, -21.778], [-119.212, -21.813], [-119.26, -21.842], [-119.455, -21.973], [-119.637, -22.122], [-119.804, -22.289], [-119.848, -22.328], [-119.895, -22.363], [-119.945, -22.393], [-119.998, -22.419], [-120.053, -22.438], [-120.11, -22.452], [-120.168, -22.461], [-120.226, -22.464], [-120.285, -22.461], [-120.343, -22.452], [-120.465, -22.422], [-120.561, -22.393], [-120.795, -22.346], [-120.851, -22.332], [-120.907, -22.312], [-120.96, -22.287], [-121.01, -22.257], [-121.057, -22.222], [-121.1, -22.183], [-121.14, -22.14], [-121.175, -22.093], [-121.251, -21.965], [-121.277, -21.916], [-121.338, -21.826], [-121.4, -21.721], [-121.425, -21.668], [-121.445, -21.613], [-121.459, -21.556], [-121.468, -21.498], [-121.471, -21.44], [-121.468, -21.381], [-121.459, -21.323], [-121.445, -21.266], [-121.418, -21.191], [-121.345, -21.013], [-121.322, -20.949]]]}, "id": 13}, {"type": "Feature", "properties": {"fill": "#516ebc"}, "geometry": {"type": "Polygon", "coordinates": [[[-114.538, -19.42], [-114.509, -19.407], [-114.454, -19.387], [-114.356, -19.362], [-114.208, -19.333], [-114.059, -19.296], [-113.966, -19.282], [-113.802, -19.266], [-113.734, -19.256], [-113.502, -19.21], [-113.276, -19.141], [-113.058, -19.05], [-112.85, -18.939], [-112.654, -18.807], [-112.471, -18.657], [-112.305, -18.49], [-112.155, -18.307], [-112.048, -18.161], [-111.964, -18.069], [-111.815, -17.887], [-111.738, -17.772], [-111.674, -17.686], [-111.635, -17.642], [-111.591, -17.603], [-111.544, -17.568], [-111.494, -17.538], [-111.441, -17.513], [-111.386, -17.493], [-111.329, -17.479], [-111.271, -17.47], [-111.212, -17.467], [-111.154, -17.47], [-111.106, -17.477], [-110.871, -17.5], [-110.694, -17.509], [-110.636, -17.518], [-110.481, -17.556], [-110.449, -17.566], [-110.217, -17.612], [-110.16, -17.626], [-110.006, -17.682], [-109.982, -17.691], [-109.784, -17.751], [-109.67, -17.792], [-109.542, -17.845], [-109.316, -17.914], [-109.186, -17.946], [-109.13, -17.963], [-108.899, -18.009], [-108.664, -18.033], [-108.429, -18.033], [-108.361, -18.026], [-108.219, -18.019], [-108.164, -18.021], [-107.929, -18.021], [-107.695, -17.998], [-107.464, -17.952], [-107.238, -17.884], [-107.131, -17.84], [-107.019, -17.8], [-106.785, -17.729], [-106.567, -17.639], [-106.359, -17.528], [-106.164, -17.397], [-105.982, -17.248], [-105.815, -17.081], [-105.755, -17.015], [-105.712, -16.976], [-105.665, -16.941], [-105.615, -16.911], [-105.562, -16.886], [-105.506, -16.866], [-105.45, -16.852], [-105.392, -16.843], [-105.333, -16.84], [-105.275, -16.843], [-105.187, -16.856], [-105.015, -16.89], [-104.781, -16.914], [-104.545, -16.914], [-104.311, -16.89], [-104.14, -16.865], [-104.082, -16.862], [-104.023, -16.865], [-103.965, -16.874], [-103.845, -16.904], [-103.745, -16.934], [-103.647, -16.954], [-103.545, -16.979], [-103.314, -17.025], [-103.079, -17.048], [-102.844, -17.048], [-102.61, -17.025], [-102.379, -16.979], [-102.153, -16.911], [-101.999, -16.847], [-101.912, -16.816], [-101.855, -16.802], [-101.797, -16.793], [-101.738, -16.79], [-101.68, -16.793], [-101.622, -16.802], [-101.565, -16.816], [-101.51, -16.836], [-101.457, -16.861], [-101.407, -16.891], [-101.359, -16.926], [-101.316, -16.965], [-101.277, -17.008], [-101.242, -17.055], [-101.212, -17.106], [-101.187, -17.159], [-101.167, -17.214], [-101.153, -17.271], [-101.144, -17.329], [-101.141, -17.387], [-101.144, -17.446], [-101.153, -17.504], [-101.167, -17.561], [-101.187, -17.616], [-101.212, -17.669], [-101.242, -17.719], [-101.277, -17.766], [-101.333, -17.828], [-101.483, -18.01], [-101.614, -18.206], [-101.725, -18.414], [-101.815, -18.632], [-101.848, -18.725], [-101.873, -18.778], [-101.903, -18.828], [-101.938, -18.875], [-101.978, -18.919], [-102.021, -18.958], [-102.109, -19.023], [-102.291, -19.172], [-102.457, -19.339], [-102.607, -19.521], [-102.737, -19.717], [-102.787, -19.81], [-102.9, -19.998], [-102.925, -20.036], [-103.036, -20.243], [-103.126, -20.461], [-103.155, -20.541], [-103.18, -20.594], [-103.21, -20.645], [-103.245, -20.692], [-103.284, -20.735], [-103.328, -20.774], [-103.375, -20.809], [-103.425, -20.839], [-103.478, -20.864], [-103.533, -20.884], [-103.59, -20.898], [-103.648, -20.907], [-103.707, -20.91], [-103.765, -20.907], [-103.823, -20.898], [-103.88, -20.884], [-103.935, -20.864], [-103.988, -20.839], [-104.038, -20.809], [-104.101, -20.763], [-104.253, -20.638], [-104.449, -20.507], [-104.657, -20.396], [-104.874, -20.306], [-105.099, -20.238], [-105.33, -20.192], [-105.565, -20.169], [-105.8, -20.169], [-106.035, -20.192], [-106.266, -20.238], [-106.491, -20.306], [-106.555, -20.329], [-106.612, -20.343], [-106.67, -20.352], [-106.728, -20.355], [-106.787, -20.352], [-106.845, -20.343], [-106.902, -20.329], [-106.971, -20.304], [-107.196, -20.236], [-107.427, -20.19], [-107.662, -20.167], [-107.897, -20.167], [-108.132, -20.19], [-108.363, -20.236], [-108.471, -20.269], [-108.587, -20.298], [-108.645, -20.306], [-108.704, -20.309], [-108.762, -20.306], [-108.82, -20.298], [-108.959, -20.263], [-109.023, -20.243], [-109.254, -20.197], [-109.345, -20.184], [-109.581, -20.137], [-109.642, -20.131], [-109.828, -20.103], [-109.976, -20.074], [-110.211, -20.051], [-110.346, -20.044], [-110.404, -20.035], [-110.477, -20.017], [-110.67, -19.959], [-110.901, -19.913], [-111.135, -19.889], [-111.371, -19.889], [-111.486, -19.901], [-111.618, -19.907], [-111.852, -19.93], [-112.083, -19.976], [-112.308, -20.045], [-112.526, -20.135], [-112.734, -20.246], [-112.842, -20.311], [-113.038, -20.442], [-113.083, -20.475], [-113.133, -20.505], [-113.186, -20.53], [-113.241, -20.55], [-113.298, -20.564], [-113.356, -20.573], [-113.415, -20.576], [-113.56, -20.568], [-113.622, -20.562], [-113.857, -20.562], [-114.092, -20.585], [-114.323, -20.631], [-114.55, -20.7], [-114.607, -20.715], [-114.665, -20.723], [-114.723, -20.726], [-114.782, -20.723], [-114.84, -20.715], [-114.896, -20.7], [-114.952, -20.681], [-115.005, -20.656], [-115.055, -20.625], [-115.102, -20.591], [-115.145, -20.551], [-115.185, -20.508], [-115.22, -20.461], [-115.25, -20.41], [-115.275, -20.357], [-115.294, -20.302], [-115.309, -20.245], [-115.317, -20.187], [-115.32, -20.129], [-115.317, -20.07], [-115.309, -20.012], [-115.294, -19.956], [-115.275, -19.9], [-115.25, -19.847], [-115.22, -19.797], [-115.185, -19.75], [-115.145, -19.707], [-115.102, -19.667], [-115.055, -19.632], [-115.005, -19.602], [-114.952, -19.577], [-114.814, -19.528], [-114.756, -19.51], [-114.538, -19.42]]]}, "id": 14}, {"type": "Feature", "properties": {"fill": "#153477"}, "geometry": {"type": "Polygon", "coordinates": [[[115.256, 50.471], [115.253, 50.53], [115.256, 50.588], [115.265, 50.646], [115.279, 50.703], [115.299, 50.758], [115.324, 50.811], [115.354, 50.862], [115.389, 50.909], [115.428, 50.952], [115.472, 50.992], [115.516, 51.024], [115.698, 51.174], [115.768, 51.237], [115.815, 51.272], [115.865, 51.302], [115.918, 51.327], [115.973, 51.347], [116.03, 51.361], [116.088, 51.37], [116.147, 51.373], [116.205, 51.37], [116.263, 51.361], [116.32, 51.347], [116.375, 51.327], [116.428, 51.302], [116.478, 51.272], [116.525, 51.237], [116.6, 51.169], [116.707, 51.063], [116.889, 50.913], [116.998, 50.833], [117.041, 50.793], [117.08, 50.75], [117.115, 50.703], [117.145, 50.652], [117.171, 50.599], [117.19, 50.544], [117.205, 50.487], [117.213, 50.43], [117.229, 50.262], [117.234, 50.164], [117.231, 50.105], [117.222, 50.047], [117.208, 49.99], [117.188, 49.935], [117.163, 49.882], [117.086, 49.753], [117.051, 49.705], [116.995, 49.643], [116.951, 49.604], [116.904, 49.569], [116.854, 49.539], [116.801, 49.514], [116.746, 49.494], [116.689, 49.48], [116.631, 49.471], [116.572, 49.468], [116.478, 49.473], [116.377, 49.473], [116.344, 49.475], [116.108, 49.475], [115.971, 49.468], [115.912, 49.471], [115.854, 49.479], [115.797, 49.494], [115.742, 49.513], [115.689, 49.538], [115.639, 49.568], [115.592, 49.603], [115.548, 49.643], [115.509, 49.686], [115.474, 49.733], [115.444, 49.783], [115.419, 49.836], [115.399, 49.892], [115.375, 49.99], [115.345, 50.137], [115.281, 50.35], [115.265, 50.413], [115.256, 50.471]]]}, "id": 15}, {"type": "Feature", "properties": {"fill": "#00789c"}, "geometry": {"type": "Polygon", "coordinates": [[[-66.148, -56.476], [-66.105, -56.437], [-66.058, -56.402], [-66.007, -56.372], [-65.954, -56.347], [-65.899, -56.327], [-65.842, -56.313], [-65.784, -56.304], [-65.726, -56.301], [-65.667, -56.304], [-65.609, -56.313], [-65.553, -56.327], [-65.497, -56.347], [-65.424, -56.381], [-65.207, -56.471], [-64.981, -56.54], [-64.94, -56.55], [-64.885, -56.57], [-64.832, -56.595], [-64.782, -56.625], [-64.735, -56.66], [-64.691, -56.699], [-64.652, -56.743], [-64.617, -56.79], [-64.587, -56.84], [-64.562, -56.893], [-64.542, -56.948], [-64.528, -57.005], [-64.519, -57.063], [-64.517, -57.122], [-64.519, -57.18], [-64.528, -57.238], [-64.542, -57.295], [-64.562, -57.35], [-64.577, -57.382], [-64.668, -57.602], [-64.728, -57.77], [-64.752, -57.822], [-64.783, -57.872], [-64.825, -57.929], [-64.956, -58.125], [-65.067, -58.333], [-65.157, -58.551], [-65.226, -58.776], [-65.272, -59.007], [-65.295, -59.241], [-65.301, -59.364], [-65.309, -59.422], [-65.323, -59.479], [-65.343, -59.534], [-65.368, -59.587], [-65.398, -59.638], [-65.433, -59.685], [-65.473, -59.728], [-65.516, -59.767], [-65.563, -59.802], [-65.613, -59.832], [-65.666, -59.858], [-65.722, -59.877], [-65.778, -59.892], [-65.836, -59.9], [-65.895, -59.903], [-65.953, -59.9], [-66.011, -59.892], [-66.068, -59.877], [-66.123, -59.858], [-66.176, -59.832], [-66.227, -59.802], [-66.274, -59.767], [-66.317, -59.728], [-66.356, -59.685], [-66.391, -59.638], [-66.421, -59.587], [-66.447, -59.534], [-66.466, -59.479], [-66.48, -59.422], [-66.489, -59.364], [-66.492, -59.306], [-66.489, -59.247], [-66.48, -59.189], [-66.466, -59.133], [-66.447, -59.077], [-66.353, -58.852], [-66.284, -58.627], [-66.238, -58.396], [-66.215, -58.161], [-66.215, -57.926], [-66.238, -57.691], [-66.284, -57.46], [-66.353, -57.235], [-66.375, -57.172], [-66.39, -57.115], [-66.398, -57.057], [-66.401, -56.998], [-66.398, -56.94], [-66.39, -56.882], [-66.375, -56.825], [-66.356, -56.77], [-66.331, -56.717], [-66.3, -56.667], [-66.214, -56.55], [-66.148, -56.476]]]}, "id": 16}, {"type": "Feature", "properties": {"fill": "#153477"}, "geometry": {"type": "Polygon", "coordinates": [[[-69.817, -59.12], [-69.786, -58.998], [-69.767, -58.943], [-69.742, -58.89], [-69.712, -58.84], [-69.677, -58.793], [-69.637, -58.75], [-69.594, -58.71], [-69.547, -58.675], [-69.497, -58.645], [-69.444, -58.62], [-69.388, -58.6], [-69.311, -58.581], [-69.166, -58.537], [-69.023, -58.501], [-68.892, -58.481], [-68.833, -58.479], [-68.775, -58.481], [-68.717, -58.49], [-68.66, -58.504], [-68.605, -58.524], [-68.552, -58.549], [-68.409, -58.635], [-68.373, -58.658], [-68.213, -58.753], [-68.171, -58.785], [-68.127, -58.824], [-68.088, -58.867], [-68.02, -58.959], [-67.95, -59.063], [-67.864, -59.18], [-67.834, -59.23], [-67.809, -59.283], [-67.789, -59.338], [-67.775, -59.395], [-67.766, -59.453], [-67.762, -59.545], [-67.762, -59.661], [-67.766, -59.745], [-67.775, -59.803], [-67.789, -59.86], [-67.809, -59.915], [-67.834, -59.968], [-67.864, -60.018], [-67.899, -60.066], [-67.938, -60.109], [-67.981, -60.148], [-68.028, -60.183], [-68.079, -60.213], [-68.132, -60.238], [-68.187, -60.258], [-68.244, -60.272], [-68.383, -60.293], [-68.454, -60.3], [-68.501, -60.307], [-68.709, -60.327], [-68.887, -60.363], [-68.972, -60.375], [-69.03, -60.378], [-69.089, -60.375], [-69.147, -60.367], [-69.204, -60.353], [-69.259, -60.333], [-69.312, -60.308], [-69.362, -60.278], [-69.466, -60.201], [-69.549, -60.132], [-69.697, -60.024], [-69.737, -59.987], [-69.776, -59.944], [-69.811, -59.897], [-69.841, -59.847], [-69.866, -59.794], [-69.886, -59.738], [-69.9, -59.682], [-69.909, -59.624], [-69.912, -59.565], [-69.909, -59.507], [-69.9, -59.449], [-69.872, -59.337], [-69.837, -59.22], [-69.817, -59.12]]]}, "id": 17}, {"type": "Feature", "properties": {"fill": "#00789c"}, "geometry": {"type": "Polygon", "coordinates": [[[-60.321, -59.809], [-60.318, -59.75], [-60.31, -59.692], [-60.296, -59.635], [-60.276, -59.58], [-60.251, -59.527], [-60.221, -59.477], [-60.186, -59.43], [-60.146, -59.387], [-60.103, -59.347], [-60.031, -59.294], [-59.977, -59.25], [-59.863, -59.165], [-59.813, -59.135], [-59.76, -59.11], [-59.705, -59.09], [-59.648, -59.076], [-59.59, -59.067], [-59.531, -59.064], [-59.473, -59.067], [-59.415, -59.076], [-59.358, -59.09], [-59.238, -59.133], [-59.166, -59.167], [-59.116, -59.197], [-59.069, -59.232], [-59.026, -59.271], [-58.932, -59.375], [-58.885, -59.432], [-58.719, -59.598], [-58.537, -59.748], [-58.435, -59.823], [-58.392, -59.862], [-58.353, -59.905], [-58.318, -59.952], [-58.288, -60.003], [-58.263, -60.056], [-58.243, -60.111], [-58.229, -60.168], [-58.22, -60.226], [-58.217, -60.284], [-58.22, -60.343], [-58.229, -60.401], [-58.243, -60.458], [-58.263, -60.513], [-58.288, -60.566], [-58.318, -60.616], [-58.353, -60.663], [-58.432, -60.751], [-58.514, -60.833], [-58.67, -61.024], [-58.71, -61.067], [-58.753, -61.106], [-58.8, -61.141], [-58.85, -61.171], [-58.903, -61.197], [-58.958, -61.216], [-59.015, -61.23], [-59.073, -61.239], [-59.132, -61.242], [-59.19, -61.239], [-59.248, -61.23], [-59.305, -61.216], [-59.36, -61.197], [-59.413, -61.171], [-59.463, -61.141], [-59.511, -61.106], [-59.554, -61.067], [-59.593, -61.024], [-59.649, -60.949], [-59.8, -60.764], [-59.97, -60.596], [-60.105, -60.474], [-60.142, -60.433], [-60.177, -60.386], [-60.207, -60.336], [-60.232, -60.283], [-60.252, -60.228], [-60.266, -60.171], [-60.274, -60.116], [-60.304, -59.966], [-60.318, -59.867], [-60.321, -59.809]]]}, "id": 18}, {"type": "Feature", "properties": {"fill": "#00529c"}, "geometry": {"type": "Polygon", "coordinates": [[[-62.696, -58.443], [-62.655, -58.437], [-62.424, -58.391], [-62.319, -58.365], [-62.261, -58.356], [-62.202, -58.353], [-62.144, -58.356], [-62.083, -58.365], [-61.857, -58.41], [-61.622, -58.433], [-61.387, -58.433], [-61.234, -58.426], [-61.175, -58.429], [-61.117, -58.437], [-61.061, -58.452], [-61.005, -58.471], [-60.952, -58.496], [-60.902, -58.526], [-60.855, -58.561], [-60.812, -58.601], [-60.772, -58.644], [-60.737, -58.691], [-60.645, -58.845], [-60.503, -59.057], [-60.473, -59.107], [-60.448, -59.16], [-60.428, -59.215], [-60.414, -59.272], [-60.405, -59.33], [-60.402, -59.388], [-60.405, -59.447], [-60.414, -59.505], [-60.428, -59.562], [-60.448, -59.617], [-60.473, -59.67], [-60.503, -59.72], [-60.538, -59.767], [-60.577, -59.811], [-60.621, -59.85], [-60.668, -59.885], [-60.718, -59.915], [-60.771, -59.94], [-60.826, -59.96], [-60.883, -59.974], [-60.941, -59.983], [-61.0, -59.986], [-61.058, -59.983], [-61.116, -59.974], [-61.223, -59.947], [-61.278, -59.931], [-61.42, -59.88], [-61.559, -59.823], [-61.784, -59.755], [-62.015, -59.709], [-62.25, -59.686], [-62.412, -59.686], [-62.558, -59.679], [-62.688, -59.679], [-62.799, -59.673], [-62.857, -59.665], [-62.914, -59.651], [-62.969, -59.631], [-63.022, -59.606], [-63.072, -59.576], [-63.12, -59.541], [-63.163, -59.501], [-63.202, -59.458], [-63.237, -59.411], [-63.267, -59.361], [-63.292, -59.308], [-63.312, -59.252], [-63.326, -59.196], [-63.335, -59.138], [-63.338, -59.079], [-63.335, -59.021], [-63.326, -58.963], [-63.312, -58.906], [-63.292, -58.851], [-63.267, -58.798], [-63.237, -58.747], [-63.202, -58.7], [-63.163, -58.657], [-63.12, -58.618], [-63.072, -58.583], [-63.022, -58.553], [-62.969, -58.528], [-62.87, -58.492], [-62.773, -58.462], [-62.696, -58.443]]]}, "id": 19}, {"type": "Feature", "properties": {"fill": "#00529c"}, "geometry": {"type": "Polygon", "coordinates": [[[120.721, 9.603], [120.826, 9.666], [120.879, 9.692], [120.934, 9.711], [120.991, 9.726], [121.049, 9.734], [121.108, 9.737], [121.225, 9.731], [121.342, 9.72], [121.578, 9.72], [121.812, 9.743], [122.043, 9.789], [122.232, 9.846], [122.307, 9.865], [122.365, 9.873], [122.424, 9.876], [122.482, 9.873], [122.54, 9.865], [122.597, 9.851], [122.652, 9.831], [122.778, 9.771], [122.844, 9.736], [123.061, 9.646], [123.142, 9.621], [123.269, 9.576], [123.322, 9.551], [123.372, 9.521], [123.419, 9.486], [123.462, 9.447], [123.502, 9.403], [123.537, 9.356], [123.567, 9.306], [123.592, 9.253], [123.612, 9.198], [123.626, 9.141], [123.634, 9.083], [123.637, 9.025], [123.634, 8.966], [123.626, 8.908], [123.612, 8.851], [123.58, 8.764], [123.509, 8.526], [123.489, 8.471], [123.464, 8.418], [123.434, 8.368], [123.399, 8.321], [123.357, 8.275], [123.304, 8.221], [123.204, 8.131], [123.157, 8.096], [123.105, 8.065], [123.012, 8.02], [122.959, 8.002], [122.814, 7.965], [122.759, 7.949], [122.616, 7.913], [122.467, 7.891], [122.415, 7.885], [122.324, 7.872], [122.266, 7.869], [122.207, 7.872], [122.149, 7.881], [122.092, 7.895], [121.961, 7.942], [121.736, 8.01], [121.505, 8.056], [121.445, 8.065], [121.388, 8.079], [121.333, 8.099], [121.297, 8.116], [121.079, 8.206], [120.854, 8.275], [120.623, 8.321], [120.597, 8.325], [120.54, 8.339], [120.485, 8.359], [120.432, 8.384], [120.382, 8.414], [120.335, 8.449], [120.292, 8.488], [120.252, 8.531], [120.217, 8.578], [120.187, 8.629], [120.162, 8.682], [120.142, 8.737], [120.128, 8.794], [120.12, 8.852], [120.117, 8.91], [120.12, 8.969], [120.128, 9.027], [120.142, 9.083], [120.162, 9.139], [120.187, 9.192], [120.217, 9.242], [120.252, 9.289], [120.292, 9.332], [120.335, 9.372], [120.382, 9.407], [120.44, 9.441], [120.632, 9.544], [120.721, 9.603]]]}, "id": 20}, {"type": "Feature", "properties": {"fill": "#00789c"}, "geometry": {"type": "Polygon", "coordinates": [[[-68.306, -31.472], [-68.075, -31.426], [-67.975, -31.401], [-67.917, -31.393], [-67.858, -31.39], [-67.8, -31.393], [-67.742, -31.401], [-67.685, -31.416], [-67.445, -31.489], [-67.214, -31.535], [-66.98, -31.558], [-66.889, -31.562], [-66.704, -31.591], [-66.469, -31.614], [-66.416, -31.614], [-66.267, -31.621], [-66.209, -31.63], [-66.152, -31.644], [-65.925, -31.713], [-65.694, -31.759], [-65.546, -31.781], [-65.489, -31.795], [-65.434, -31.815], [-65.402, -31.83], [-65.184, -31.92], [-64.951, -31.99], [-64.826, -32.035], [-64.773, -32.06], [-64.723, -32.09], [-64.676, -32.125], [-64.632, -32.164], [-64.593, -32.208], [-64.558, -32.255], [-64.528, -32.305], [-64.5, -32.364], [-64.454, -32.493], [-64.44, -32.55], [-64.431, -32.608], [-64.428, -32.667], [-64.431, -32.725], [-64.44, -32.783], [-64.454, -32.84], [-64.474, -32.895], [-64.499, -32.948], [-64.529, -32.998], [-64.564, -33.045], [-64.603, -33.089], [-64.647, -33.128], [-64.694, -33.163], [-64.744, -33.193], [-64.797, -33.218], [-64.852, -33.238], [-64.909, -33.252], [-64.967, -33.261], [-65.025, -33.264], [-65.084, -33.261], [-65.142, -33.252], [-65.251, -33.226], [-65.396, -33.198], [-65.473, -33.179], [-65.519, -33.163], [-65.744, -33.094], [-65.796, -33.084], [-65.961, -33.043], [-66.192, -32.997], [-66.322, -32.977], [-66.556, -32.954], [-66.663, -32.954], [-66.786, -32.948], [-66.844, -32.94], [-66.901, -32.925], [-67.021, -32.882], [-67.111, -32.845], [-67.336, -32.777], [-67.552, -32.734], [-67.614, -32.718], [-67.845, -32.672], [-68.08, -32.649], [-68.315, -32.649], [-68.55, -32.672], [-68.665, -32.689], [-68.723, -32.692], [-68.782, -32.689], [-68.84, -32.681], [-68.896, -32.667], [-68.952, -32.647], [-69.005, -32.622], [-69.055, -32.592], [-69.102, -32.557], [-69.145, -32.517], [-69.185, -32.474], [-69.22, -32.427], [-69.25, -32.377], [-69.275, -32.324], [-69.294, -32.268], [-69.309, -32.212], [-69.313, -32.181], [-68.888, -31.522], [-68.84, -31.51], [-68.782, -31.501], [-68.67, -31.495], [-68.54, -31.495], [-68.306, -31.472]]]}, "id": 21}, {"type": "Feature", "properties": {"fill": "#516ebc"}, "geometry": {"type": "Polygon", "coordinates": [[[128.803, 30.72], [128.985, 30.869], [129.152, 31.035], [129.19, 31.078], [129.234, 31.117], [129.281, 31.152], [129.391, 31.218], [129.595, 31.355], [129.645, 31.385], [129.698, 31.41], [129.753, 31.43], [129.81, 31.444], [129.865, 31.452], [130.096, 31.498], [130.243, 31.535], [130.273, 31.54], [130.504, 31.586], [130.73, 31.654], [130.947, 31.744], [131.155, 31.855], [131.199, 31.881], [131.252, 31.906], [131.307, 31.926], [131.364, 31.94], [131.422, 31.949], [131.48, 31.952], [131.539, 31.949], [131.597, 31.94], [131.654, 31.926], [131.709, 31.906], [131.762, 31.881], [131.812, 31.851], [131.859, 31.816], [131.903, 31.777], [131.942, 31.734], [131.977, 31.687], [132.007, 31.636], [132.032, 31.583], [132.052, 31.528], [132.066, 31.471], [132.075, 31.413], [132.077, 31.355], [132.075, 31.296], [132.066, 31.238], [132.052, 31.181], [132.032, 31.126], [131.982, 31.02], [131.926, 30.916], [131.836, 30.698], [131.808, 30.608], [131.765, 30.486], [131.74, 30.433], [131.71, 30.383], [131.675, 30.336], [131.636, 30.293], [131.592, 30.253], [131.545, 30.218], [131.495, 30.188], [131.362, 30.125], [131.308, 30.103], [131.181, 30.043], [131.119, 30.021], [131.037, 29.987], [130.903, 29.939], [130.698, 29.877], [130.481, 29.787], [130.273, 29.676], [130.146, 29.599], [130.093, 29.574], [129.969, 29.53], [129.892, 29.511], [129.834, 29.502], [129.775, 29.499], [129.706, 29.503], [129.47, 29.503], [129.236, 29.479], [129.005, 29.434], [128.871, 29.4], [128.813, 29.391], [128.754, 29.389], [128.696, 29.391], [128.638, 29.4], [128.581, 29.414], [128.526, 29.434], [128.473, 29.459], [128.423, 29.489], [128.376, 29.524], [128.332, 29.563], [128.293, 29.607], [128.258, 29.654], [128.228, 29.704], [128.203, 29.757], [128.183, 29.812], [128.169, 29.869], [128.16, 29.927], [128.157, 29.986], [128.16, 30.044], [128.169, 30.102], [128.183, 30.159], [128.203, 30.214], [128.228, 30.267], [128.258, 30.317], [128.293, 30.364], [128.332, 30.408], [128.376, 30.447], [128.423, 30.482], [128.542, 30.554], [128.608, 30.589], [128.803, 30.72]]]}, "id": 22}, {"type": "Feature", "properties": {"fill": "#00529c"}, "geometry": {"type": "Polygon", "coordinates": [[[17.943, -58.85], [17.952, -58.792], [17.966, -58.735], [17.986, -58.68], [18.011, -58.627], [18.041, -58.577], [18.076, -58.529], [18.115, -58.486], [18.159, -58.447], [18.206, -58.412], [18.256, -58.382], [18.309, -58.357], [18.429, -58.314], [18.647, -58.224], [18.78, -58.16], [18.835, -58.141], [18.892, -58.126], [18.95, -58.118], [19.009, -58.115], [19.067, -58.118], [19.125, -58.126], [19.3, -58.171], [19.39, -58.189], [19.517, -58.22], [19.572, -58.24], [19.625, -58.265], [19.675, -58.295], [19.722, -58.33], [19.766, -58.37], [19.805, -58.413], [19.84, -58.46], [19.87, -58.51], [19.895, -58.563], [19.915, -58.618], [19.929, -58.675], [19.938, -58.733], [19.942, -58.832], [19.966, -59.067], [19.99, -59.229], [19.993, -59.288], [19.99, -59.346], [19.981, -59.404], [19.967, -59.461], [19.947, -59.516], [19.922, -59.569], [19.892, -59.619], [19.857, -59.667], [19.818, -59.71], [19.774, -59.749], [19.727, -59.784], [19.677, -59.814], [19.608, -59.847], [19.401, -59.958], [19.38, -59.97], [19.327, -59.995], [19.272, -60.015], [19.249, -60.021], [19.079, -60.072], [18.994, -60.093], [18.936, -60.102], [18.792, -60.109], [18.725, -60.106], [18.667, -60.097], [18.61, -60.083], [18.555, -60.063], [18.502, -60.038], [18.452, -60.008], [18.405, -59.973], [18.361, -59.934], [18.261, -59.824], [18.204, -59.748], [18.136, -59.635], [18.094, -59.555], [18.033, -59.454], [18.008, -59.401], [17.988, -59.346], [17.974, -59.289], [17.966, -59.231], [17.963, -59.177], [17.944, -58.991], [17.94, -58.908], [17.943, -58.85]]]}, "id": 23}, {"type": "Feature", "properties": {"fill": "#153477"}, "geometry": {"type": "Polygon", "coordinates": [[[12.323, -70.082], [12.345, -70.035], [12.375, -69.984], [12.41, -69.937], [12.449, -69.894], [12.493, -69.855], [12.598, -69.776], [12.78, -69.627], [12.868, -69.547], [12.926, -69.505], [12.976, -69.475], [13.029, -69.45], [13.084, -69.43], [13.141, -69.416], [13.199, -69.407], [13.257, -69.404], [13.316, -69.407], [13.374, -69.416], [13.431, -69.43], [13.486, -69.45], [13.596, -69.502], [13.685, -69.549], [13.739, -69.582], [13.786, -69.616], [13.832, -69.658], [13.883, -69.714], [13.916, -69.759], [13.946, -69.809], [13.98, -69.88], [14.091, -70.087], [14.168, -70.217], [14.193, -70.27], [14.213, -70.325], [14.227, -70.382], [14.236, -70.44], [14.239, -70.498], [14.236, -70.557], [14.227, -70.615], [14.213, -70.671], [14.193, -70.727], [14.168, -70.78], [14.138, -70.83], [14.095, -70.888], [13.963, -71.048], [13.877, -71.177], [13.818, -71.257], [13.779, -71.3], [13.736, -71.339], [13.689, -71.374], [13.602, -71.426], [13.521, -71.464], [13.466, -71.484], [13.409, -71.498], [13.351, -71.507], [13.293, -71.51], [13.234, -71.507], [13.176, -71.498], [13.12, -71.484], [13.064, -71.464], [13.011, -71.439], [12.961, -71.409], [12.844, -71.322], [12.797, -71.284], [12.696, -71.216], [12.603, -71.147], [12.56, -71.108], [12.52, -71.064], [12.485, -71.017], [12.349, -70.813], [12.334, -70.792], [12.303, -70.741], [12.278, -70.688], [12.259, -70.633], [12.244, -70.576], [12.236, -70.518], [12.233, -70.46], [12.236, -70.401], [12.248, -70.316], [12.269, -70.235], [12.323, -70.082]]]}, "id": 24}, {"type": "Feature", "properties": {"fill": "#516ebc"}, "geometry": {"type": "Polygon", "coordinates": [[[158.319, 9.048], [158.333, 9.104], [158.353, 9.16], [158.378, 9.213], [158.408, 9.263], [158.443, 9.31], [158.482, 9.353], [158.526, 9.393], [158.573, 9.428], [158.623, 9.458], [158.676, 9.483], [158.81, 9.538], [158.909, 9.573], [158.966, 9.588], [159.095, 9.607], [159.186, 9.616], [159.274, 9.633], [159.404, 9.653], [159.463, 9.656], [159.521, 9.653], [159.579, 9.644], [159.703, 9.613], [159.796, 9.585], [160.027, 9.539], [160.262, 9.516], [160.34, 9.516], [160.477, 9.509], [160.535, 9.5], [160.592, 9.486], [160.647, 9.466], [160.81, 9.389], [161.028, 9.299], [161.253, 9.23], [161.484, 9.184], [161.719, 9.161], [161.786, 9.161], [161.929, 9.154], [161.986, 9.146], [162.043, 9.132], [162.098, 9.112], [162.151, 9.087], [162.202, 9.057], [162.249, 9.022], [162.292, 8.982], [162.332, 8.939], [162.366, 8.892], [162.53, 8.622], [162.552, 8.576], [162.571, 8.52], [162.586, 8.464], [162.594, 8.406], [162.597, 8.347], [162.595, 8.312], [162.595, 8.077], [162.597, 8.042], [162.594, 7.983], [162.586, 7.925], [162.571, 7.868], [162.552, 7.813], [162.527, 7.76], [162.496, 7.71], [162.462, 7.663], [162.422, 7.619], [162.379, 7.58], [162.332, 7.545], [162.281, 7.515], [162.229, 7.49], [162.173, 7.47], [162.116, 7.456], [162.059, 7.447], [162.0, 7.444], [161.941, 7.447], [161.884, 7.456], [161.827, 7.47], [161.659, 7.53], [161.433, 7.599], [161.202, 7.645], [160.968, 7.668], [160.732, 7.668], [160.498, 7.645], [160.428, 7.634], [160.37, 7.632], [160.311, 7.634], [160.253, 7.643], [160.196, 7.657], [160.141, 7.677], [160.088, 7.702], [160.038, 7.732], [159.826, 7.875], [159.618, 7.986], [159.4, 8.076], [159.175, 8.145], [158.944, 8.191], [158.778, 8.215], [158.721, 8.23], [158.666, 8.249], [158.613, 8.274], [158.563, 8.304], [158.516, 8.339], [158.472, 8.379], [158.433, 8.422], [158.398, 8.469], [158.368, 8.519], [158.343, 8.572], [158.323, 8.628], [158.309, 8.684], [158.3, 8.742], [158.297, 8.801], [158.304, 8.939], [158.319, 9.048]]]}, "id": 25}, {"type": "Feature", "properties": {"fill": "#153477"}, "geometry": {"type": "Polygon", "coordinates": [[[150.876, 23.631], [151.025, 23.794], [151.068, 23.833], [151.115, 23.868], [151.166, 23.898], [151.312, 23.976], [151.402, 24.018], [151.457, 24.038], [151.514, 24.052], [151.572, 24.061], [151.642, 24.064], [151.876, 24.087], [152.107, 24.133], [152.169, 24.152], [152.309, 24.187], [152.367, 24.196], [152.425, 24.199], [152.484, 24.196], [152.542, 24.187], [152.599, 24.173], [152.654, 24.153], [152.707, 24.128], [152.757, 24.098], [152.804, 24.063], [152.848, 24.024], [152.887, 23.98], [152.922, 23.933], [152.969, 23.855], [153.049, 23.705], [153.138, 23.556], [153.163, 23.503], [153.183, 23.448], [153.197, 23.391], [153.206, 23.333], [153.209, 23.274], [153.206, 23.216], [153.197, 23.158], [153.183, 23.101], [153.163, 23.046], [153.134, 22.984], [153.044, 22.766], [153.027, 22.72], [153.002, 22.667], [152.972, 22.617], [152.937, 22.57], [152.898, 22.526], [152.855, 22.487], [152.807, 22.452], [152.757, 22.422], [152.704, 22.397], [152.649, 22.377], [152.591, 22.363], [152.366, 22.294], [152.201, 22.235], [152.144, 22.221], [152.086, 22.212], [152.028, 22.209], [151.969, 22.212], [151.911, 22.221], [151.854, 22.235], [151.749, 22.273], [151.524, 22.341], [151.293, 22.387], [151.14, 22.402], [151.042, 22.417], [150.985, 22.431], [150.93, 22.451], [150.877, 22.476], [150.826, 22.506], [150.779, 22.541], [150.736, 22.58], [150.697, 22.623], [150.662, 22.671], [150.632, 22.721], [150.607, 22.774], [150.587, 22.829], [150.573, 22.886], [150.564, 22.944], [150.561, 23.002], [150.564, 23.061], [150.573, 23.119], [150.587, 23.176], [150.607, 23.231], [150.632, 23.284], [150.662, 23.334], [150.745, 23.446], [150.801, 23.53], [150.876, 23.631]]]}, "id": 26}, {"type": "Feature", "properties": {"fill": "#516ebc"}, "geometry": {"type": "Polygon", "coordinates": [[[-12.422, -46.064], [-12.481, -46.067], [-12.545, -46.064], [-12.784, -46.064], [-13.022, -46.088], [-13.255, -46.135], [-13.483, -46.206], [-13.703, -46.298], [-13.874, -46.38], [-13.922, -46.398], [-13.979, -46.412], [-14.037, -46.42], [-14.095, -46.423], [-14.154, -46.42], [-14.212, -46.412], [-14.269, -46.398], [-14.324, -46.378], [-14.377, -46.353], [-14.427, -46.323], [-14.474, -46.288], [-14.518, -46.248], [-14.557, -46.205], [-14.592, -46.158], [-14.622, -46.108], [-14.647, -46.055], [-14.667, -46.0], [-14.681, -45.943], [-14.69, -45.885], [-14.692, -45.826], [-14.69, -45.768], [-14.681, -45.71], [-14.667, -45.653], [-14.647, -45.598], [-14.622, -45.545], [-14.545, -45.416], [-14.433, -45.207], [-14.343, -44.988], [-14.274, -44.761], [-14.231, -44.587], [-14.212, -44.534], [-14.187, -44.481], [-14.157, -44.43], [-14.122, -44.383], [-14.082, -44.34], [-14.039, -44.301], [-13.992, -44.266], [-13.942, -44.236], [-13.889, -44.211], [-13.834, -44.191], [-13.777, -44.177], [-13.719, -44.168], [-13.66, -44.165], [-13.575, -44.169], [-13.34, -44.169], [-13.106, -44.146], [-12.875, -44.1], [-12.649, -44.032], [-12.581, -44.007], [-12.554, -44.001], [-12.329, -43.932], [-12.112, -43.842], [-11.904, -43.731], [-11.862, -43.706], [-11.809, -43.681], [-11.754, -43.661], [-11.594, -43.621], [-11.56, -43.615], [-11.329, -43.544], [-11.107, -43.45], [-10.935, -43.367], [-10.888, -43.35], [-10.805, -43.33], [-10.58, -43.261], [-10.362, -43.171], [-10.155, -43.06], [-9.954, -42.926], [-9.904, -42.896], [-9.851, -42.871], [-9.796, -42.851], [-9.739, -42.837], [-9.681, -42.828], [-9.623, -42.825], [-9.564, -42.828], [-9.506, -42.837], [-9.449, -42.851], [-9.394, -42.871], [-9.341, -42.896], [-9.291, -42.926], [-9.244, -42.961], [-9.2, -43.0], [-9.161, -43.044], [-9.068, -43.169], [-8.953, -43.309], [-8.902, -43.378], [-8.872, -43.428], [-8.847, -43.481], [-8.827, -43.536], [-8.813, -43.593], [-8.804, -43.651], [-8.801, -43.71], [-8.804, -43.768], [-8.813, -43.826], [-8.827, -43.883], [-8.847, -43.938], [-8.872, -43.991], [-8.902, -44.041], [-8.937, -44.089], [-8.976, -44.132], [-9.02, -44.171], [-9.067, -44.206], [-9.117, -44.236], [-9.244, -44.296], [-9.31, -44.324], [-9.518, -44.435], [-9.714, -44.566], [-9.836, -44.656], [-10.018, -44.805], [-10.073, -44.856], [-10.12, -44.89], [-10.246, -44.966], [-10.298, -44.994], [-10.494, -45.125], [-10.676, -45.274], [-10.762, -45.352], [-10.809, -45.387], [-10.859, -45.417], [-10.943, -45.457], [-11.151, -45.568], [-11.331, -45.688], [-11.389, -45.723], [-11.442, -45.748], [-11.498, -45.768], [-11.655, -45.807], [-11.683, -45.813], [-11.908, -45.881], [-12.126, -45.971], [-12.198, -46.006], [-12.278, -46.034], [-12.365, -46.056], [-12.422, -46.064]]]}, "id": 27}, {"type": "Feature", "properties": {"fill": "#00529c"}, "geometry": {"type": "Polygon", "coordinates": [[[-63.833, 4.266], [-63.863, 4.316], [-63.888, 4.369], [-63.908, 4.424], [-63.922, 4.481], [-63.931, 4.539], [-63.934, 4.598], [-63.931, 4.656], [-63.922, 4.714], [-63.908, 4.771], [-63.888, 4.826], [-63.863, 4.879], [-63.833, 4.929], [-63.798, 4.976], [-63.759, 5.02], [-63.715, 5.059], [-63.668, 5.094], [-63.618, 5.124], [-63.565, 5.149], [-63.413, 5.204], [-63.195, 5.294], [-63.079, 5.356], [-62.979, 5.403], [-62.924, 5.423], [-62.737, 5.479], [-62.653, 5.5], [-62.595, 5.509], [-62.537, 5.511], [-62.478, 5.509], [-62.42, 5.5], [-62.363, 5.486], [-62.217, 5.433], [-61.992, 5.365], [-61.761, 5.319], [-61.526, 5.296], [-61.42, 5.291], [-61.362, 5.282], [-61.305, 5.268], [-61.25, 5.248], [-61.174, 5.212], [-61.01, 5.125], [-60.793, 5.035], [-60.567, 4.966], [-60.336, 4.92], [-60.146, 4.892], [-59.949, 4.873], [-59.857, 4.859], [-59.656, 4.819], [-59.422, 4.796], [-59.187, 4.796], [-58.952, 4.819], [-58.862, 4.833], [-58.803, 4.835], [-58.74, 4.832], [-58.515, 4.81], [-58.279, 4.81], [-58.113, 4.826], [-58.02, 4.831], [-57.994, 4.83], [-57.759, 4.83], [-57.691, 4.836], [-57.549, 4.843], [-57.49, 4.841], [-57.432, 4.832], [-57.331, 4.807], [-57.1, 4.761], [-56.853, 4.737], [-56.618, 4.737], [-56.384, 4.76], [-56.153, 4.806], [-55.927, 4.874], [-55.832, 4.908], [-55.775, 4.923], [-55.717, 4.931], [-55.659, 4.934], [-55.6, 4.931], [-55.445, 4.908], [-55.401, 4.9], [-55.163, 4.877], [-54.924, 4.877], [-54.74, 4.887], [-54.687, 4.885], [-54.629, 4.876], [-54.572, 4.862], [-54.517, 4.842], [-54.464, 4.817], [-54.413, 4.787], [-54.366, 4.752], [-54.323, 4.713], [-54.284, 4.669], [-54.249, 4.622], [-54.218, 4.572], [-54.193, 4.519], [-54.174, 4.464], [-54.159, 4.407], [-54.151, 4.349], [-54.148, 4.29], [-54.151, 4.232], [-54.159, 4.174], [-54.174, 4.117], [-54.193, 4.062], [-54.218, 4.009], [-54.249, 3.959], [-54.284, 3.912], [-54.323, 3.868], [-54.366, 3.829], [-54.413, 3.794], [-54.464, 3.764], [-54.517, 3.739], [-54.572, 3.719], [-54.629, 3.705], [-54.687, 3.696], [-54.819, 3.69], [-54.907, 3.69], [-55.141, 3.667], [-55.202, 3.658], [-55.261, 3.655], [-55.502, 3.655], [-55.663, 3.639], [-55.759, 3.634], [-55.92, 3.642], [-55.949, 3.645], [-56.185, 3.645], [-56.419, 3.622], [-56.65, 3.576], [-56.737, 3.554], [-56.795, 3.546], [-56.853, 3.543], [-56.992, 3.55], [-57.228, 3.55], [-57.461, 3.527], [-57.839, 3.508], [-57.977, 3.514], [-58.213, 3.514], [-58.258, 3.512], [-58.355, 3.517], [-58.59, 3.517], [-58.662, 3.513], [-58.91, 3.488], [-58.969, 3.485], [-59.027, 3.488], [-59.146, 3.506], [-59.257, 3.528], [-59.576, 3.558], [-59.818, 3.557], [-60.025, 3.546], [-60.217, 3.546], [-60.452, 3.523], [-60.683, 3.477], [-60.851, 3.434], [-60.909, 3.426], [-60.968, 3.423], [-61.026, 3.426], [-61.17, 3.447], [-61.198, 3.453], [-61.346, 3.49], [-61.427, 3.514], [-61.66, 3.56], [-61.897, 3.583], [-62.134, 3.583], [-62.37, 3.558], [-62.603, 3.511], [-62.783, 3.465], [-62.836, 3.457], [-62.894, 3.454], [-62.953, 3.457], [-63.011, 3.466], [-63.067, 3.48], [-63.123, 3.5], [-63.176, 3.525], [-63.226, 3.555], [-63.273, 3.59], [-63.316, 3.629], [-63.356, 3.673], [-63.417, 3.756], [-63.498, 3.877], [-63.648, 4.059], [-63.708, 4.12], [-63.798, 4.219], [-63.833, 4.266]]]}, "id": 28}, {"type": "Feature", "properties": {"fill": "#516ebc"}, "geometry": {"type": "Polygon", "coordinates": [[[-11.753, -40.312], [-11.689, -40.177], [-11.659, -40.127], [-11.624, -40.08], [-11.585, -40.036], [-11.542, -39.997], [-11.495, -39.962], [-11.444, -39.932], [-11.391, -39.907], [-11.336, -39.887], [-11.279, -39.873], [-11.221, -39.864], [-11.163, -39.861], [-11.104, -39.864], [-11.046, -39.873], [-10.989, -39.887], [-10.934, -39.907], [-10.881, -39.932], [-10.831, -39.962], [-10.784, -39.997], [-10.741, -40.036], [-10.687, -40.095], [-10.621, -40.161], [-10.622, -40.215], [-10.465, -40.645], [-10.452, -40.91], [-10.368, -41.12], [-10.322, -41.278], [-10.343, -41.322], [-10.373, -41.373], [-10.408, -41.42], [-10.447, -41.463], [-10.49, -41.503], [-10.537, -41.537], [-10.588, -41.568], [-10.641, -41.593], [-10.696, -41.612], [-10.753, -41.627], [-10.811, -41.635], [-10.891, -41.639], [-11.092, -41.659], [-11.167, -41.663], [-11.226, -41.66], [-11.284, -41.651], [-11.341, -41.637], [-11.396, -41.617], [-11.449, -41.592], [-11.499, -41.562], [-11.546, -41.527], [-11.59, -41.488], [-11.629, -41.444], [-11.664, -41.397], [-11.694, -41.347], [-11.806, -41.137], [-11.847, -41.069], [-11.872, -41.016], [-11.892, -40.961], [-11.906, -40.904], [-11.915, -40.846], [-11.917, -40.787], [-11.915, -40.729], [-11.906, -40.671], [-11.892, -40.614], [-11.872, -40.559], [-11.815, -40.439], [-11.774, -40.362], [-11.753, -40.312]]]}, "id": 29}, {"type": "Feature", "properties": {"fill": "#37009c"}, "geometry": {"type": "Polygon", "coordinates": [[[-10.585, -40.143], [-10.55, -40.096], [-10.511, -40.053], [-10.468, -40.013], [-10.386, -39.953], [-10.262, -39.87], [-10.239, -39.853], [-10.189, -39.823], [-10.136, -39.798], [-10.081, -39.778], [-10.024, -39.764], [-9.994, -39.759], [-9.763, -39.714], [-9.615, -39.669], [-9.519, -39.645], [-9.461, -39.636], [-9.402, -39.633], [-9.344, -39.636], [-9.286, -39.645], [-9.229, -39.659], [-9.174, -39.679], [-9.121, -39.704], [-9.071, -39.734], [-9.024, -39.769], [-8.98, -39.808], [-8.941, -39.851], [-8.906, -39.898], [-8.876, -39.949], [-8.851, -40.002], [-8.831, -40.057], [-8.817, -40.114], [-8.808, -40.172], [-8.805, -40.23], [-8.808, -40.289], [-8.817, -40.347], [-8.831, -40.404], [-8.851, -40.459], [-8.876, -40.512], [-8.906, -40.562], [-8.941, -40.609], [-8.98, -40.652], [-9.024, -40.692], [-9.084, -40.737], [-9.266, -40.886], [-9.433, -41.053], [-9.467, -41.094], [-9.567, -41.205], [-9.611, -41.244], [-9.658, -41.279], [-9.708, -41.309], [-9.761, -41.334], [-9.816, -41.354], [-9.873, -41.368], [-9.931, -41.377], [-9.99, -41.38], [-10.048, -41.377], [-10.106, -41.368], [-10.163, -41.354], [-10.218, -41.334], [-10.271, -41.309], [-10.322, -41.279], [-10.368, -41.12], [-10.452, -40.91], [-10.465, -40.645], [-10.622, -40.215], [-10.622, -40.207], [-10.615, -40.193], [-10.585, -40.143]]]}, "id": 30}, {"type": "Feature", "properties": {"fill": "#37009c"}, "geometry": {"type": "Polygon", "coordinates": [[[-73.029, -26.143], [-73.043, -26.086], [-73.051, -26.028], [-73.054, -25.969], [-73.051, -25.911], [-73.043, -25.853], [-73.029, -25.796], [-73.009, -25.741], [-72.984, -25.688], [-72.954, -25.637], [-72.919, -25.59], [-72.879, -25.547], [-72.836, -25.508], [-72.789, -25.473], [-72.739, -25.443], [-72.686, -25.418], [-72.63, -25.397], [-72.406, -25.33], [-72.383, -25.321], [-72.326, -25.307], [-72.268, -25.299], [-72.21, -25.296], [-72.151, -25.299], [-72.054, -25.313], [-71.901, -25.343], [-71.756, -25.365], [-71.695, -25.38], [-71.478, -25.446], [-71.247, -25.492], [-71.013, -25.515], [-70.777, -25.515], [-70.674, -25.505], [-70.55, -25.499], [-70.478, -25.502], [-70.242, -25.502], [-70.008, -25.479], [-69.777, -25.433], [-69.552, -25.365], [-69.334, -25.275], [-69.126, -25.164], [-68.931, -25.033], [-68.748, -24.883], [-68.703, -24.842], [-68.656, -24.807], [-68.605, -24.777], [-68.552, -24.752], [-68.497, -24.732], [-68.44, -24.718], [-68.383, -24.709], [-68.324, -24.707], [-68.265, -24.709], [-68.208, -24.718], [-68.151, -24.732], [-68.095, -24.752], [-68.043, -24.777], [-67.992, -24.807], [-67.945, -24.842], [-67.902, -24.881], [-67.862, -24.925], [-67.828, -24.972], [-67.797, -25.022], [-67.772, -25.075], [-67.753, -25.13], [-67.738, -25.187], [-67.73, -25.245], [-67.727, -25.304], [-67.73, -25.362], [-67.738, -25.42], [-67.753, -25.477], [-67.772, -25.532], [-67.797, -25.585], [-67.828, -25.635], [-67.862, -25.682], [-67.902, -25.726], [-67.945, -25.765], [-68.085, -25.869], [-68.267, -26.018], [-68.434, -26.185], [-68.583, -26.367], [-68.714, -26.563], [-68.825, -26.771], [-68.915, -26.988], [-68.962, -27.119], [-68.987, -27.172], [-69.017, -27.222], [-69.052, -27.269], [-69.091, -27.312], [-69.135, -27.352], [-69.182, -27.387], [-69.334, -27.478], [-69.53, -27.609], [-69.712, -27.758], [-69.879, -27.925], [-69.992, -28.062], [-70.05, -28.127], [-70.094, -28.166], [-70.141, -28.201], [-70.191, -28.231], [-70.244, -28.256], [-70.346, -28.293], [-70.564, -28.383], [-70.693, -28.444], [-70.748, -28.464], [-70.805, -28.478], [-70.863, -28.487], [-70.921, -28.49], [-70.98, -28.487], [-71.038, -28.478], [-71.091, -28.465], [-71.341, -28.194], [-71.932, -28.051], [-71.954, -28.022], [-71.984, -27.972], [-72.038, -27.859], [-72.078, -27.763], [-72.189, -27.555], [-72.319, -27.359], [-72.469, -27.177], [-72.567, -27.079], [-72.639, -27.0], [-72.674, -26.953], [-72.704, -26.902], [-72.729, -26.849], [-72.778, -26.712], [-72.796, -26.654], [-72.886, -26.436], [-72.973, -26.274], [-73.009, -26.198], [-73.029, -26.143]]]}, "id": 31}, {"type": "Feature", "properties": {"fill": "#37009c"}, "geometry": {"type": "Polygon", "coordinates": [[[2.612, 74.276], [2.626, 74.333], [2.646, 74.388], [2.671, 74.441], [2.701, 74.491], [2.736, 74.538], [2.776, 74.582], [2.897, 74.692], [2.941, 74.725], [2.991, 74.755], [3.044, 74.78], [3.099, 74.8], [3.184, 74.821], [3.266, 74.833], [3.325, 74.836], [3.383, 74.833], [3.441, 74.825], [3.49, 74.813], [3.728, 74.766], [3.909, 74.739], [3.962, 74.726], [4.017, 74.706], [4.07, 74.681], [4.12, 74.651], [4.219, 74.578], [4.302, 74.51], [4.498, 74.379], [4.705, 74.268], [4.923, 74.178], [5.148, 74.11], [5.251, 74.084], [5.278, 74.074], [5.503, 74.006], [5.706, 73.966], [5.777, 73.948], [5.832, 73.928], [5.885, 73.903], [5.935, 73.873], [5.982, 73.838], [6.026, 73.799], [6.065, 73.755], [6.1, 73.708], [6.13, 73.658], [6.136, 73.645], [6.024, 72.953], [5.982, 72.915], [5.935, 72.88], [5.885, 72.85], [5.832, 72.825], [5.777, 72.805], [5.72, 72.791], [5.662, 72.782], [5.603, 72.779], [5.545, 72.782], [5.487, 72.791], [5.43, 72.805], [5.404, 72.815], [5.178, 72.883], [4.947, 72.929], [4.845, 72.943], [4.695, 72.97], [4.641, 72.976], [4.425, 72.99], [4.208, 72.984], [3.993, 72.958], [3.781, 72.913], [3.737, 72.9], [3.604, 72.867], [3.546, 72.858], [3.487, 72.855], [3.429, 72.858], [3.371, 72.867], [3.314, 72.881], [3.259, 72.901], [3.206, 72.926], [3.069, 73.007], [3.04, 73.027], [2.881, 73.112], [2.807, 73.156], [2.76, 73.191], [2.717, 73.231], [2.677, 73.274], [2.642, 73.321], [2.612, 73.371], [2.587, 73.424], [2.566, 73.482], [2.535, 73.606], [2.527, 73.658], [2.524, 73.717], [2.527, 73.775], [2.548, 73.915], [2.59, 74.127], [2.612, 74.276]]]}, "id": 32}, {"type": "Feature", "properties": {"fill": "#00529c"}, "geometry": {"type": "Polygon", "coordinates": [[[6.03, 72.94], [6.024, 72.953], [6.136, 73.646], [6.178, 73.683], [6.225, 73.718], [6.275, 73.748], [6.328, 73.773], [6.383, 73.793], [6.507, 73.824], [6.603, 73.843], [6.66, 73.86], [6.802, 73.896], [6.862, 73.905], [6.945, 73.921], [7.077, 73.941], [7.136, 73.944], [7.195, 73.941], [7.252, 73.932], [7.309, 73.918], [7.364, 73.898], [7.502, 73.833], [7.719, 73.743], [8.194, 73.599], [8.426, 73.553], [8.661, 73.53], [8.896, 73.53], [9.001, 73.54], [9.125, 73.546], [9.183, 73.543], [9.3, 73.526], [9.515, 73.505], [9.583, 73.495], [9.648, 73.479], [9.879, 73.433], [10.113, 73.41], [10.349, 73.41], [10.583, 73.433], [10.72, 73.453], [10.779, 73.456], [10.837, 73.453], [11.006, 73.428], [11.163, 73.413], [11.26, 73.398], [11.316, 73.384], [11.372, 73.364], [11.424, 73.339], [11.475, 73.309], [11.522, 73.274], [11.565, 73.235], [11.605, 73.191], [11.639, 73.144], [11.67, 73.094], [11.695, 73.041], [11.714, 72.986], [11.729, 72.929], [11.737, 72.871], [11.74, 72.813], [11.737, 72.754], [11.729, 72.696], [11.714, 72.639], [11.695, 72.584], [11.67, 72.531], [11.639, 72.481], [11.605, 72.434], [11.565, 72.39], [11.522, 72.351], [11.475, 72.316], [11.424, 72.286], [11.372, 72.261], [11.316, 72.241], [11.26, 72.227], [11.202, 72.218], [11.143, 72.215], [11.084, 72.218], [10.916, 72.243], [10.759, 72.259], [10.662, 72.273], [10.597, 72.289], [10.366, 72.335], [10.132, 72.359], [9.896, 72.359], [9.662, 72.335], [9.525, 72.315], [9.44, 72.311], [9.257, 72.311], [9.023, 72.288], [8.812, 72.246], [8.744, 72.236], [8.685, 72.233], [8.627, 72.236], [8.569, 72.244], [8.502, 72.261], [8.271, 72.307], [8.037, 72.33], [7.801, 72.33], [7.567, 72.307], [7.336, 72.261], [7.111, 72.193], [7.064, 72.176], [7.007, 72.162], [6.949, 72.153], [6.891, 72.15], [6.832, 72.153], [6.774, 72.162], [6.717, 72.176], [6.662, 72.196], [6.609, 72.221], [6.559, 72.251], [6.512, 72.286], [6.468, 72.325], [6.429, 72.369], [6.394, 72.416], [6.344, 72.5], [6.213, 72.696], [6.123, 72.805], [6.06, 72.89], [6.03, 72.94]]]}, "id": 33}, {"type": "Feature", "properties": {"fill": "#37009c"}, "geometry": {"type": "Polygon", "coordinates": [[[-4.203, 49.408], [-4.217, 49.462], [-4.225, 49.52], [-4.228, 49.579], [-4.225, 49.638], [-4.217, 49.695], [-4.203, 49.752], [-4.183, 49.807], [-4.158, 49.86], [-4.128, 49.911], [-4.093, 49.958], [-4.053, 50.001], [-4.01, 50.041], [-3.963, 50.075], [-3.913, 50.106], [-3.86, 50.131], [-3.804, 50.15], [-3.748, 50.165], [-3.69, 50.173], [-3.547, 50.18], [-3.48, 50.18], [-3.246, 50.203], [-3.214, 50.208], [-3.155, 50.211], [-3.097, 50.208], [-3.039, 50.199], [-2.982, 50.185], [-2.927, 50.165], [-2.874, 50.14], [-2.784, 50.087], [-2.608, 49.993], [-2.543, 49.953], [-2.517, 49.934], [-2.321, 49.803], [-2.113, 49.692], [-1.967, 49.632], [-1.879, 49.59], [-1.829, 49.56], [-1.63, 49.411], [-1.587, 49.372], [-1.548, 49.328], [-1.513, 49.281], [-1.482, 49.231], [-1.457, 49.178], [-1.438, 49.123], [-1.423, 49.066], [-1.415, 49.008], [-1.412, 48.949], [-1.415, 48.891], [-1.434, 48.759], [-1.458, 48.524], [-1.459, 48.5], [-1.467, 48.442], [-1.482, 48.385], [-1.501, 48.33], [-1.526, 48.277], [-1.557, 48.226], [-1.591, 48.179], [-1.631, 48.136], [-1.674, 48.096], [-1.721, 48.062], [-1.772, 48.031], [-1.824, 48.006], [-1.856, 47.995], [-2.073, 47.905], [-2.177, 47.85], [-2.283, 47.799], [-2.338, 47.78], [-2.395, 47.765], [-2.453, 47.757], [-2.514, 47.754], [-2.574, 47.754], [-2.718, 47.761], [-2.776, 47.77], [-2.833, 47.784], [-2.888, 47.803], [-2.941, 47.829], [-2.991, 47.859], [-3.038, 47.894], [-3.082, 47.933], [-3.2, 48.063], [-3.389, 48.25], [-3.599, 48.415], [-3.665, 48.462], [-3.811, 48.556], [-3.876, 48.596], [-3.923, 48.631], [-3.967, 48.67], [-4.006, 48.713], [-4.041, 48.76], [-4.071, 48.811], [-4.096, 48.864], [-4.116, 48.919], [-4.13, 48.976], [-4.152, 49.123], [-4.157, 49.177], [-4.203, 49.408]]]}, "id": 34}, {"type": "Feature", "properties": {"fill": "#516ebc"}, "geometry": {"type": "Polygon", "coordinates": [[[7.649, 54.149], [7.663, 54.206], [7.683, 54.261], [7.708, 54.314], [7.738, 54.364], [7.773, 54.411], [7.812, 54.454], [7.856, 54.494], [7.903, 54.529], [7.953, 54.559], [8.006, 54.584], [8.061, 54.604], [8.118, 54.618], [8.176, 54.626], [8.235, 54.629], [8.267, 54.628], [8.502, 54.628], [8.737, 54.651], [8.776, 54.657], [8.834, 54.659], [8.893, 54.657], [8.951, 54.648], [9.008, 54.634], [9.063, 54.614], [9.116, 54.589], [9.166, 54.559], [9.213, 54.524], [9.257, 54.485], [9.296, 54.441], [9.331, 54.394], [9.361, 54.344], [9.386, 54.291], [9.406, 54.236], [9.442, 54.089], [9.477, 53.975], [9.505, 53.862], [9.514, 53.804], [9.517, 53.746], [9.514, 53.687], [9.505, 53.629], [9.491, 53.571], [9.423, 53.348], [9.409, 53.291], [9.389, 53.236], [9.364, 53.183], [9.334, 53.132], [9.299, 53.085], [9.26, 53.042], [9.216, 53.003], [9.043, 52.875], [8.992, 52.845], [8.939, 52.82], [8.884, 52.8], [8.827, 52.786], [8.689, 52.765], [8.471, 52.722], [8.406, 52.712], [8.348, 52.709], [8.289, 52.712], [8.231, 52.721], [8.175, 52.735], [8.119, 52.755], [8.066, 52.78], [8.016, 52.81], [7.969, 52.845], [7.926, 52.884], [7.886, 52.928], [7.872, 52.947], [7.722, 53.129], [7.679, 53.178], [7.644, 53.225], [7.614, 53.275], [7.588, 53.328], [7.569, 53.383], [7.554, 53.44], [7.546, 53.498], [7.543, 53.556], [7.546, 53.615], [7.554, 53.673], [7.584, 53.793], [7.63, 54.024], [7.649, 54.149]]]}, "id": 35}, {"type": "Feature", "properties": {"fill": "#37009c"}, "geometry": {"type": "Polygon", "coordinates": [[[102.256, -28.899], [102.216, -28.855], [102.163, -28.783], [102.014, -28.601], [101.847, -28.435], [101.665, -28.285], [101.469, -28.155], [101.384, -28.103], [101.337, -28.068], [101.293, -28.029], [101.254, -27.986], [101.219, -27.939], [101.189, -27.888], [101.164, -27.835], [101.144, -27.78], [101.13, -27.723], [101.121, -27.665], [101.118, -27.607], [101.121, -27.548], [101.13, -27.49], [101.144, -27.434], [101.164, -27.378], [101.189, -27.325], [101.219, -27.275], [101.254, -27.228], [101.293, -27.185], [101.337, -27.145], [101.384, -27.11], [101.434, -27.08], [101.487, -27.055], [101.542, -27.035], [101.599, -27.021], [101.657, -27.013], [101.716, -27.01], [101.774, -27.013], [101.832, -27.021], [101.889, -27.035], [101.944, -27.055], [102.056, -27.108], [102.274, -27.198], [102.499, -27.267], [102.73, -27.313], [102.965, -27.336], [103.2, -27.336], [103.297, -27.331], [103.355, -27.334], [103.413, -27.343], [103.47, -27.357], [103.525, -27.377], [103.578, -27.402], [103.628, -27.432], [103.676, -27.467], [103.766, -27.548], [103.843, -27.626], [104.025, -27.775], [104.164, -27.878], [104.245, -27.952], [104.363, -28.08], [104.464, -28.203], [104.63, -28.369], [104.651, -28.388], [104.69, -28.432], [104.725, -28.479], [104.755, -28.529], [104.78, -28.582], [104.8, -28.637], [104.814, -28.694], [104.823, -28.752], [104.826, -28.81], [104.823, -28.869], [104.814, -28.927], [104.8, -28.984], [104.78, -29.039], [104.755, -29.092], [104.725, -29.142], [104.69, -29.189], [104.651, -29.233], [104.608, -29.272], [104.56, -29.307], [104.51, -29.337], [104.457, -29.362], [104.402, -29.382], [104.345, -29.396], [104.287, -29.405], [104.229, -29.407], [104.109, -29.402], [103.996, -29.391], [103.761, -29.391], [103.527, -29.414], [103.431, -29.433], [103.305, -29.451], [103.246, -29.454], [103.188, -29.451], [103.13, -29.443], [103.073, -29.428], [103.018, -29.409], [102.965, -29.384], [102.909, -29.35], [102.701, -29.239], [102.596, -29.189], [102.546, -29.159], [102.499, -29.124], [102.4, -29.035], [102.339, -28.974], [102.256, -28.899]]]}, "id": 36}, {"type": "Feature", "properties": {"fill": "#00789c"}, "geometry": {"type": "Polygon", "coordinates": [[[97.668, -37.552], [97.645, -37.489], [97.631, -37.432], [97.622, -37.374], [97.62, -37.316], [97.622, -37.257], [97.631, -37.199], [97.645, -37.143], [97.665, -37.087], [97.69, -37.034], [97.72, -36.984], [97.755, -36.937], [97.794, -36.894], [97.838, -36.854], [97.885, -36.819], [97.935, -36.789], [97.988, -36.764], [98.043, -36.744], [98.1, -36.73], [98.258, -36.707], [98.489, -36.661], [98.54, -36.645], [98.685, -36.609], [98.843, -36.586], [98.923, -36.582], [98.981, -36.585], [99.039, -36.594], [99.096, -36.608], [99.151, -36.628], [99.204, -36.653], [99.255, -36.683], [99.302, -36.718], [99.345, -36.757], [99.384, -36.8], [99.419, -36.848], [99.45, -36.898], [99.475, -36.951], [99.521, -37.08], [99.547, -37.181], [99.555, -37.239], [99.558, -37.297], [99.555, -37.356], [99.547, -37.414], [99.536, -37.457], [99.49, -37.688], [99.483, -37.734], [99.469, -37.791], [99.446, -37.855], [99.379, -38.015], [99.345, -38.088], [99.315, -38.138], [99.28, -38.185], [99.241, -38.228], [99.197, -38.268], [99.074, -38.359], [99.015, -38.4], [98.964, -38.431], [98.911, -38.456], [98.856, -38.475], [98.799, -38.49], [98.741, -38.498], [98.683, -38.501], [98.541, -38.494], [98.473, -38.487], [98.308, -38.479], [98.25, -38.471], [98.193, -38.456], [98.138, -38.437], [98.085, -38.412], [98.035, -38.382], [97.988, -38.347], [97.945, -38.307], [97.905, -38.264], [97.87, -38.217], [97.84, -38.167], [97.815, -38.114], [97.795, -38.058], [97.779, -37.994], [97.736, -37.778], [97.668, -37.552]]]}, "id": 37}, {"type": "Feature", "properties": {"fill": "#153477"}, "geometry": {"type": "Polygon", "coordinates": [[[32.776, -46.677], [32.811, -46.58], [32.836, -46.527], [32.866, -46.476], [32.901, -46.429], [32.94, -46.386], [32.983, -46.346], [33.031, -46.312], [33.19, -46.217], [33.279, -46.157], [33.384, -46.094], [33.437, -46.069], [33.492, -46.05], [33.549, -46.035], [33.607, -46.027], [33.666, -46.024], [33.724, -46.027], [33.782, -46.035], [33.839, -46.05], [33.894, -46.069], [33.947, -46.094], [33.998, -46.124], [34.045, -46.159], [34.088, -46.199], [34.127, -46.242], [34.162, -46.289], [34.192, -46.339], [34.31, -46.588], [34.341, -46.673], [34.356, -46.734], [34.37, -46.827], [34.416, -47.058], [34.425, -47.095], [34.434, -47.153], [34.437, -47.212], [34.434, -47.27], [34.425, -47.328], [34.411, -47.385], [34.391, -47.44], [34.366, -47.493], [34.336, -47.543], [34.301, -47.59], [34.262, -47.634], [34.218, -47.673], [34.128, -47.74], [34.05, -47.804], [33.949, -47.879], [33.899, -47.909], [33.846, -47.934], [33.791, -47.954], [33.734, -47.968], [33.676, -47.977], [33.617, -47.98], [33.559, -47.977], [33.501, -47.968], [33.329, -47.925], [33.179, -47.895], [33.082, -47.871], [33.027, -47.851], [32.974, -47.826], [32.924, -47.796], [32.876, -47.761], [32.833, -47.722], [32.749, -47.63], [32.708, -47.574], [32.678, -47.524], [32.653, -47.471], [32.633, -47.415], [32.619, -47.359], [32.61, -47.301], [32.607, -47.242], [32.61, -47.184], [32.619, -47.126], [32.633, -47.069], [32.66, -46.993], [32.733, -46.816], [32.776, -46.677]]]}, "id": 38}, {"type": "Feature", "properties": {"fill": "#516ebc"}, "geometry": {"type": "Polygon", "coordinates": [[[35.801, -38.986], [35.777, -38.933], [35.757, -38.878], [35.743, -38.821], [35.734, -38.764], [35.731, -38.705], [35.734, -38.646], [35.743, -38.588], [35.757, -38.532], [35.777, -38.476], [35.802, -38.424], [35.832, -38.373], [35.867, -38.326], [35.906, -38.283], [35.949, -38.243], [35.997, -38.209], [36.047, -38.178], [36.1, -38.153], [36.155, -38.134], [36.212, -38.119], [36.27, -38.111], [36.328, -38.108], [36.387, -38.111], [36.445, -38.119], [36.502, -38.134], [36.564, -38.156], [36.768, -38.24], [36.861, -38.274], [36.913, -38.299], [36.967, -38.331], [37.175, -38.442], [37.393, -38.532], [37.618, -38.6], [37.849, -38.646], [38.006, -38.669], [38.062, -38.684], [38.118, -38.703], [38.17, -38.729], [38.221, -38.759], [38.268, -38.794], [38.311, -38.833], [38.351, -38.876], [38.385, -38.923], [38.416, -38.974], [38.441, -39.027], [38.46, -39.082], [38.475, -39.139], [38.483, -39.197], [38.486, -39.255], [38.483, -39.314], [38.475, -39.372], [38.46, -39.428], [38.433, -39.505], [38.36, -39.681], [38.287, -39.926], [38.267, -39.981], [38.242, -40.034], [38.212, -40.084], [38.177, -40.131], [38.138, -40.175], [38.094, -40.214], [38.047, -40.249], [37.997, -40.279], [37.944, -40.304], [37.683, -40.399], [37.643, -40.416], [37.601, -40.431], [37.511, -40.468], [37.391, -40.511], [37.334, -40.525], [37.276, -40.534], [37.217, -40.537], [37.159, -40.534], [37.101, -40.525], [37.044, -40.511], [36.989, -40.491], [36.936, -40.466], [36.885, -40.436], [36.838, -40.401], [36.795, -40.362], [36.756, -40.319], [36.664, -40.194], [36.514, -40.012], [36.426, -39.924], [36.349, -39.84], [36.314, -39.793], [36.284, -39.742], [36.274, -39.72], [36.163, -39.513], [36.032, -39.317], [35.965, -39.236], [35.892, -39.136], [35.801, -38.986]]]}, "id": 39}, {"type": "Feature", "properties": {"fill": "#516ebc"}, "geometry": {"type": "Polygon", "coordinates": [[[17.095, 72.929], [17.153, 72.937], [17.212, 72.94], [17.27, 72.937], [17.328, 72.929], [17.385, 72.914], [17.44, 72.895], [17.493, 72.87], [17.543, 72.839], [17.59, 72.805], [17.634, 72.765], [17.673, 72.722], [17.827, 72.533], [17.994, 72.367], [18.062, 72.311], [18.16, 72.222], [18.2, 72.178], [18.234, 72.131], [18.265, 72.081], [18.29, 72.028], [18.309, 71.973], [18.324, 71.916], [18.332, 71.858], [18.335, 71.8], [18.332, 71.741], [18.324, 71.683], [18.309, 71.626], [18.29, 71.571], [18.265, 71.518], [18.234, 71.468], [18.2, 71.421], [18.16, 71.377], [18.117, 71.338], [18.07, 71.303], [18.019, 71.273], [17.967, 71.248], [17.911, 71.228], [17.855, 71.214], [17.797, 71.205], [17.738, 71.203], [17.679, 71.205], [17.622, 71.214], [17.565, 71.228], [17.435, 71.275], [17.363, 71.304], [17.138, 71.373], [17.036, 71.398], [16.981, 71.418], [16.928, 71.443], [16.886, 71.468], [16.678, 71.579], [16.521, 71.645], [16.472, 72.23], [16.523, 72.326], [16.585, 72.368], [16.78, 72.539], [16.894, 72.653], [16.941, 72.895], [17.034, 72.913], [17.095, 72.929]]]}, "id": 40}, {"type": "Feature", "properties": {"fill": "#153477"}, "geometry": {"type": "Polygon", "coordinates": [[[-48.749, -10.819], [-48.757, -10.762], [-48.76, -10.703], [-48.757, -10.644], [-48.749, -10.587], [-48.735, -10.53], [-48.715, -10.475], [-48.69, -10.422], [-48.66, -10.371], [-48.625, -10.324], [-48.585, -10.281], [-48.542, -10.241], [-48.495, -10.207], [-48.445, -10.176], [-48.348, -10.131], [-48.22, -10.078], [-48.012, -9.967], [-47.991, -9.954], [-47.938, -9.929], [-47.883, -9.909], [-47.826, -9.895], [-47.768, -9.886], [-47.71, -9.884], [-47.626, -9.888], [-47.391, -9.888], [-47.156, -9.865], [-47.132, -9.861], [-47.073, -9.858], [-47.015, -9.861], [-46.957, -9.87], [-46.9, -9.884], [-46.845, -9.903], [-46.792, -9.929], [-46.741, -9.959], [-46.694, -9.994], [-46.651, -10.033], [-46.612, -10.076], [-46.577, -10.123], [-46.547, -10.174], [-46.522, -10.227], [-46.502, -10.282], [-46.488, -10.339], [-46.479, -10.397], [-46.476, -10.455], [-46.479, -10.514], [-46.488, -10.572], [-46.502, -10.628], [-46.522, -10.684], [-46.547, -10.737], [-46.577, -10.787], [-46.714, -10.992], [-46.825, -11.2], [-46.89, -11.337], [-46.921, -11.387], [-46.955, -11.434], [-46.995, -11.478], [-47.038, -11.517], [-47.085, -11.552], [-47.136, -11.582], [-47.172, -11.599], [-47.379, -11.71], [-47.422, -11.736], [-47.57, -11.806], [-47.603, -11.82], [-47.658, -11.84], [-47.715, -11.854], [-47.773, -11.863], [-47.832, -11.865], [-47.89, -11.863], [-47.948, -11.854], [-48.005, -11.84], [-48.06, -11.82], [-48.113, -11.795], [-48.163, -11.765], [-48.21, -11.73], [-48.254, -11.691], [-48.337, -11.598], [-48.397, -11.538], [-48.487, -11.439], [-48.522, -11.392], [-48.552, -11.342], [-48.577, -11.289], [-48.636, -11.126], [-48.706, -10.955], [-48.735, -10.876], [-48.749, -10.819]]]}, "id": 41}, {"type": "Feature", "properties": {"fill": "#516ebc"}, "geometry": {"type": "Polygon", "coordinates": [[[73.95, 11.08], [73.9, 11.111], [73.853, 11.146], [73.809, 11.185], [73.77, 11.228], [73.735, 11.275], [73.705, 11.326], [73.68, 11.379], [73.66, 11.434], [73.646, 11.491], [73.637, 11.549], [73.634, 11.607], [73.637, 11.666], [73.646, 11.724], [73.66, 11.78], [73.68, 11.836], [73.705, 11.889], [73.735, 11.939], [73.77, 11.986], [73.809, 12.029], [73.853, 12.069], [73.9, 12.104], [73.95, 12.134], [74.003, 12.159], [74.058, 12.178], [74.115, 12.193], [74.173, 12.201], [74.232, 12.204], [74.335, 12.199], [74.571, 12.199], [74.805, 12.222], [75.036, 12.268], [75.261, 12.337], [75.479, 12.427], [75.541, 12.456], [75.597, 12.476], [75.653, 12.49], [75.711, 12.499], [75.873, 12.507], [76.107, 12.53], [76.322, 12.572], [76.388, 12.582], [76.447, 12.585], [76.505, 12.582], [76.563, 12.574], [76.62, 12.559], [76.675, 12.54], [76.728, 12.515], [76.778, 12.485], [76.826, 12.45], [76.869, 12.41], [76.908, 12.367], [76.943, 12.32], [76.973, 12.27], [76.998, 12.217], [77.018, 12.161], [77.032, 12.105], [77.041, 12.047], [77.044, 11.988], [77.041, 11.93], [77.032, 11.872], [77.018, 11.815], [76.998, 11.76], [76.973, 11.707], [76.943, 11.656], [76.908, 11.609], [76.869, 11.566], [76.826, 11.526], [76.705, 11.437], [76.637, 11.39], [76.587, 11.36], [76.534, 11.335], [76.487, 11.318], [76.27, 11.228], [76.247, 11.217], [76.192, 11.198], [76.132, 11.183], [75.906, 11.138], [75.681, 11.069], [75.463, 10.979], [75.256, 10.868], [75.17, 10.817], [75.117, 10.792], [75.062, 10.772], [75.005, 10.758], [74.947, 10.749], [74.888, 10.746], [74.83, 10.749], [74.772, 10.758], [74.715, 10.772], [74.66, 10.792], [74.531, 10.852], [74.471, 10.885], [74.253, 10.975], [74.088, 11.025], [74.003, 11.055], [73.95, 11.08]]]}, "id": 42}, {"type": "Feature", "properties": {"fill": "#00789c"}, "geometry": {"type": "Polygon", "coordinates": [[[-39.376, -5.947], [-39.207, -5.887], [-39.016, -5.808], [-38.898, -5.766], [-38.669, -5.696], [-38.604, -5.673], [-38.547, -5.659], [-38.489, -5.65], [-38.431, -5.647], [-38.372, -5.65], [-38.314, -5.659], [-38.257, -5.673], [-38.202, -5.693], [-38.149, -5.718], [-38.099, -5.748], [-38.052, -5.783], [-37.804, -6.007], [-37.766, -6.049], [-37.731, -6.096], [-37.701, -6.147], [-37.675, -6.2], [-37.656, -6.255], [-37.642, -6.312], [-37.633, -6.37], [-37.63, -6.428], [-37.633, -6.487], [-37.642, -6.545], [-37.656, -6.601], [-37.675, -6.657], [-37.701, -6.71], [-37.731, -6.76], [-37.766, -6.807], [-37.805, -6.85], [-37.848, -6.89], [-37.895, -6.925], [-37.946, -6.955], [-37.999, -6.98], [-38.054, -7.0], [-38.111, -7.014], [-38.288, -7.04], [-38.519, -7.086], [-38.744, -7.154], [-38.78, -7.167], [-38.837, -7.181], [-38.895, -7.19], [-38.971, -7.193], [-39.206, -7.217], [-39.295, -7.23], [-39.353, -7.233], [-39.423, -7.228], [-39.823, -6.268], [-39.815, -6.257], [-39.776, -6.213], [-39.732, -6.174], [-39.685, -6.139], [-39.481, -6.004], [-39.429, -5.972], [-39.376, -5.947]]]}, "id": 43}, {"type": "Feature", "properties": {"fill": "#37009c"}, "geometry": {"type": "Polygon", "coordinates": [[[-43.515, -7.423], [-43.471, -7.384], [-43.424, -7.349], [-43.374, -7.319], [-43.302, -7.285], [-43.123, -7.211], [-42.924, -7.104], [-42.876, -7.082], [-42.669, -6.971], [-42.473, -6.84], [-42.322, -6.716], [-42.259, -6.669], [-42.208, -6.639], [-42.094, -6.585], [-41.886, -6.474], [-41.818, -6.433], [-41.765, -6.408], [-41.71, -6.388], [-41.653, -6.374], [-41.595, -6.365], [-41.536, -6.362], [-41.383, -6.37], [-41.147, -6.37], [-41.07, -6.366], [-40.934, -6.373], [-40.698, -6.373], [-40.464, -6.35], [-40.321, -6.321], [-39.95, -6.266], [-39.893, -6.263], [-39.823, -6.268], [-39.423, -7.228], [-39.432, -7.239], [-39.471, -7.283], [-39.515, -7.322], [-39.562, -7.357], [-39.612, -7.387], [-39.671, -7.415], [-39.879, -7.501], [-40.089, -7.614], [-40.287, -7.747], [-40.522, -7.923], [-40.647, -8.026], [-40.719, -8.08], [-40.77, -8.11], [-40.823, -8.135], [-40.878, -8.155], [-40.935, -8.169], [-40.993, -8.177], [-41.167, -8.186], [-41.401, -8.209], [-41.553, -8.231], [-41.661, -8.242], [-41.76, -8.257], [-41.851, -8.261], [-42.021, -8.261], [-42.255, -8.284], [-42.322, -8.294], [-42.559, -8.342], [-42.791, -8.413], [-42.967, -8.477], [-43.017, -8.49], [-43.075, -8.498], [-43.134, -8.501], [-43.192, -8.498], [-43.25, -8.49], [-43.307, -8.475], [-43.362, -8.456], [-43.415, -8.431], [-43.465, -8.401], [-43.512, -8.366], [-43.556, -8.326], [-43.595, -8.283], [-43.63, -8.236], [-43.66, -8.186], [-43.685, -8.133], [-43.705, -8.077], [-43.719, -8.021], [-43.728, -7.963], [-43.731, -7.904], [-43.728, -7.846], [-43.719, -7.788], [-43.705, -7.731], [-43.685, -7.676], [-43.66, -7.623], [-43.628, -7.569], [-43.549, -7.462], [-43.515, -7.423]]]}, "id": 44}, {"type": "Feature", "properties": {"fill": "#00529c"}, "geometry": {"type": "Polygon", "coordinates": [[[-20.612, -29.959], [-20.598, -29.902], [-20.578, -29.847], [-20.553, -29.794], [-20.523, -29.743], [-20.488, -29.696], [-20.401, -29.601], [-20.334, -29.534], [-20.227, -29.416], [-20.184, -29.376], [-20.137, -29.341], [-20.087, -29.311], [-20.034, -29.286], [-19.978, -29.266], [-19.922, -29.252], [-19.814, -29.236], [-19.679, -29.223], [-19.448, -29.177], [-19.223, -29.109], [-19.197, -29.099], [-19.14, -29.085], [-19.082, -29.076], [-19.02, -29.073], [-18.786, -29.05], [-18.558, -29.005], [-18.498, -28.996], [-18.44, -28.993], [-18.381, -28.996], [-18.323, -29.005], [-18.266, -29.019], [-18.211, -29.039], [-18.158, -29.064], [-18.108, -29.094], [-18.061, -29.129], [-18.017, -29.168], [-17.978, -29.212], [-17.943, -29.259], [-17.913, -29.309], [-17.888, -29.362], [-17.868, -29.417], [-17.854, -29.474], [-17.845, -29.532], [-17.843, -29.59], [-17.845, -29.649], [-17.854, -29.707], [-17.868, -29.764], [-17.888, -29.819], [-17.913, -29.872], [-17.943, -29.922], [-18.079, -30.124], [-18.19, -30.332], [-18.25, -30.478], [-18.292, -30.566], [-18.322, -30.616], [-18.357, -30.663], [-18.396, -30.707], [-18.44, -30.746], [-18.487, -30.781], [-18.537, -30.811], [-18.59, -30.836], [-18.645, -30.856], [-18.787, -30.891], [-19.027, -30.965], [-19.205, -31.03], [-19.262, -31.044], [-19.488, -31.113], [-19.705, -31.203], [-19.753, -31.225], [-19.808, -31.245], [-19.865, -31.259], [-19.923, -31.268], [-19.981, -31.271], [-20.04, -31.268], [-20.098, -31.259], [-20.155, -31.245], [-20.21, -31.225], [-20.263, -31.2], [-20.313, -31.17], [-20.36, -31.135], [-20.404, -31.096], [-20.443, -31.053], [-20.478, -31.006], [-20.508, -30.955], [-20.533, -30.902], [-20.564, -30.817], [-20.613, -30.653], [-20.639, -30.581], [-20.653, -30.524], [-20.662, -30.466], [-20.665, -30.407], [-20.662, -30.349], [-20.642, -30.212], [-20.626, -30.055], [-20.612, -29.959]]]}, "id": 45}, {"type": "Feature", "properties": {"fill": "#516ebc"}, "geometry": {"type": "Polygon", "coordinates": [[[-28.911, -37.537], [-28.898, -37.445], [-28.884, -37.388], [-28.864, -37.333], [-28.839, -37.28], [-28.809, -37.23], [-28.774, -37.183], [-28.734, -37.139], [-28.647, -37.06], [-28.48, -36.894], [-28.41, -36.816], [-28.366, -36.776], [-28.319, -36.741], [-28.269, -36.711], [-28.216, -36.686], [-28.161, -36.666], [-28.104, -36.652], [-28.046, -36.644], [-27.988, -36.641], [-27.929, -36.644], [-27.871, -36.652], [-27.754, -36.681], [-27.701, -36.698], [-27.619, -36.727], [-27.566, -36.752], [-27.516, -36.782], [-27.469, -36.817], [-27.388, -36.891], [-27.28, -36.997], [-27.141, -37.122], [-27.106, -37.161], [-27.071, -37.208], [-27.041, -37.258], [-27.016, -37.311], [-26.996, -37.366], [-26.982, -37.423], [-26.974, -37.481], [-26.971, -37.539], [-26.974, -37.598], [-26.982, -37.656], [-26.996, -37.713], [-27.016, -37.768], [-27.041, -37.821], [-27.071, -37.871], [-27.106, -37.918], [-27.146, -37.962], [-27.189, -38.001], [-27.236, -38.036], [-27.286, -38.066], [-27.437, -38.137], [-27.644, -38.248], [-27.84, -38.379], [-27.968, -38.474], [-28.019, -38.504], [-28.072, -38.529], [-28.127, -38.549], [-28.188, -38.564], [-28.323, -38.585], [-28.373, -38.588], [-28.432, -38.585], [-28.49, -38.576], [-28.546, -38.562], [-28.602, -38.542], [-28.655, -38.517], [-28.705, -38.487], [-28.752, -38.452], [-28.795, -38.413], [-28.835, -38.369], [-28.87, -38.322], [-28.9, -38.272], [-28.925, -38.219], [-28.944, -38.164], [-28.959, -38.107], [-28.967, -38.049], [-28.97, -37.991], [-28.967, -37.932], [-28.95, -37.813], [-28.928, -37.703], [-28.911, -37.537]]]}, "id": 46}, {"type": "Feature", "properties": {"fill": "#37009c"}, "geometry": {"type": "Polygon", "coordinates": [[[-71.091, -29.67], [-70.971, -29.571], [-70.892, -29.512], [-70.842, -29.482], [-70.789, -29.457], [-70.734, -29.437], [-70.677, -29.423], [-70.619, -29.415], [-70.56, -29.412], [-70.502, -29.415], [-70.444, -29.423], [-70.387, -29.437], [-70.233, -29.493], [-70.007, -29.561], [-69.776, -29.607], [-69.542, -29.63], [-69.306, -29.63], [-69.162, -29.623], [-69.132, -29.623], [-68.898, -29.6], [-68.667, -29.554], [-68.441, -29.486], [-68.398, -29.47], [-68.342, -29.456], [-68.284, -29.447], [-68.225, -29.445], [-68.167, -29.447], [-68.109, -29.456], [-68.052, -29.47], [-67.997, -29.49], [-67.944, -29.515], [-67.893, -29.545], [-67.846, -29.58], [-67.803, -29.619], [-67.764, -29.663], [-67.729, -29.71], [-67.699, -29.76], [-67.673, -29.813], [-67.654, -29.868], [-67.64, -29.925], [-67.632, -29.973], [-67.587, -30.204], [-67.518, -30.429], [-67.503, -30.472], [-67.489, -30.529], [-67.48, -30.587], [-67.477, -30.645], [-67.48, -30.704], [-67.489, -30.762], [-67.503, -30.819], [-67.523, -30.874], [-67.548, -30.927], [-67.578, -30.977], [-67.613, -31.024], [-67.652, -31.068], [-67.695, -31.107], [-67.742, -31.142], [-67.793, -31.172], [-67.846, -31.197], [-67.958, -31.237], [-68.178, -31.328], [-68.236, -31.36], [-68.244, -31.361], [-68.371, -31.399], [-68.603, -31.326], [-68.643, -31.326], [-68.767, -31.335], [-69.314, -32.181], [-69.362, -32.193], [-69.42, -32.202], [-69.479, -32.205], [-69.537, -32.202], [-69.595, -32.193], [-69.652, -32.179], [-69.707, -32.159], [-69.76, -32.134], [-69.81, -32.104], [-69.857, -32.069], [-69.901, -32.03], [-69.94, -31.986], [-69.958, -31.962], [-70.108, -31.78], [-70.274, -31.613], [-70.456, -31.464], [-70.65, -31.334], [-70.763, -31.216], [-71.104, -30.99], [-71.297, -30.924], [-71.304, -30.918], [-71.413, -30.862], [-71.703, -30.306], [-71.462, -29.9], [-71.376, -29.848], [-71.287, -29.801], [-71.091, -29.67]]]}, "id": 47}, {"type": "Feature", "properties": {"fill": "#153477"}, "geometry": {"type": "Polygon", "coordinates": [[[-18.052, -16.776], [-18.047, -16.67], [-18.038, -16.612], [-18.024, -16.555], [-18.004, -16.5], [-17.979, -16.447], [-17.949, -16.397], [-17.914, -16.35], [-17.824, -16.25], [-17.764, -16.191], [-17.696, -16.108], [-17.614, -16.017], [-17.57, -15.978], [-17.523, -15.943], [-17.473, -15.913], [-17.42, -15.887], [-17.365, -15.868], [-17.308, -15.853], [-17.25, -15.845], [-17.1, -15.838], [-17.037, -15.837], [-16.978, -15.84], [-16.92, -15.848], [-16.792, -15.881], [-16.561, -15.927], [-16.326, -15.95], [-16.091, -15.95], [-15.856, -15.927], [-15.617, -15.879], [-15.559, -15.87], [-15.5, -15.867], [-15.442, -15.87], [-15.384, -15.879], [-15.327, -15.893], [-15.272, -15.913], [-15.219, -15.938], [-15.169, -15.968], [-15.122, -16.003], [-15.078, -16.042], [-15.039, -16.085], [-15.004, -16.132], [-14.974, -16.183], [-14.949, -16.236], [-14.929, -16.291], [-14.915, -16.348], [-14.906, -16.406], [-14.903, -16.464], [-14.906, -16.523], [-14.915, -16.581], [-14.929, -16.638], [-14.949, -16.693], [-14.974, -16.746], [-15.004, -16.796], [-15.039, -16.843], [-15.078, -16.886], [-15.122, -16.926], [-15.169, -16.961], [-15.219, -16.991], [-15.272, -17.016], [-15.327, -17.036], [-15.384, -17.05], [-15.477, -17.064], [-15.641, -17.08], [-15.872, -17.126], [-16.098, -17.194], [-16.315, -17.284], [-16.523, -17.395], [-16.719, -17.526], [-16.901, -17.676], [-16.964, -17.733], [-17.012, -17.768], [-17.062, -17.798], [-17.115, -17.823], [-17.17, -17.843], [-17.227, -17.857], [-17.285, -17.866], [-17.343, -17.869], [-17.402, -17.866], [-17.552, -17.843], [-17.603, -17.833], [-17.66, -17.819], [-17.715, -17.799], [-17.768, -17.774], [-17.818, -17.744], [-17.865, -17.709], [-17.909, -17.67], [-17.948, -17.627], [-17.983, -17.58], [-18.013, -17.529], [-18.038, -17.476], [-18.058, -17.421], [-18.072, -17.364], [-18.081, -17.306], [-18.083, -17.248], [-18.081, -17.189], [-18.075, -17.152], [-18.052, -16.917], [-18.052, -16.776]]]}, "id": 48}, {"type": "Feature", "properties": {"fill": "#00529c"}, "geometry": {"type": "Polygon", "coordinates": [[[-12.316, -15.471], [-12.164, -15.284], [-12.052, -15.131], [-12.018, -15.093], [-11.974, -15.054], [-11.927, -15.019], [-11.877, -14.989], [-11.824, -14.964], [-11.563, -14.87], [-11.412, -14.823], [-11.2, -14.736], [-11.142, -14.715], [-11.085, -14.701], [-11.027, -14.692], [-10.968, -14.689], [-10.91, -14.692], [-10.852, -14.701], [-10.795, -14.715], [-10.74, -14.735], [-10.687, -14.76], [-10.537, -14.849], [-10.335, -14.957], [-10.266, -14.989], [-10.216, -15.019], [-10.125, -15.087], [-10.027, -15.167], [-9.832, -15.298], [-9.624, -15.409], [-9.493, -15.463], [-9.397, -15.508], [-9.347, -15.538], [-9.3, -15.573], [-9.257, -15.612], [-9.217, -15.656], [-9.182, -15.703], [-9.152, -15.753], [-9.127, -15.806], [-9.108, -15.861], [-9.093, -15.918], [-9.085, -15.976], [-9.082, -16.035], [-9.085, -16.093], [-9.093, -16.151], [-9.108, -16.208], [-9.127, -16.263], [-9.152, -16.316], [-9.182, -16.366], [-9.217, -16.413], [-9.257, -16.457], [-9.3, -16.496], [-9.347, -16.531], [-9.397, -16.561], [-9.45, -16.586], [-9.506, -16.606], [-9.562, -16.62], [-9.677, -16.637], [-9.798, -16.649], [-10.029, -16.695], [-10.254, -16.764], [-10.351, -16.804], [-10.468, -16.845], [-10.525, -16.86], [-10.583, -16.868], [-10.641, -16.871], [-10.758, -16.865], [-10.877, -16.854], [-11.113, -16.854], [-11.347, -16.877], [-11.578, -16.923], [-11.717, -16.965], [-11.818, -16.99], [-11.876, -16.999], [-11.934, -17.002], [-11.993, -16.999], [-12.051, -16.99], [-12.108, -16.976], [-12.163, -16.956], [-12.216, -16.931], [-12.321, -16.868], [-12.417, -16.804], [-12.572, -16.711], [-12.617, -16.678], [-12.661, -16.639], [-12.7, -16.595], [-12.735, -16.548], [-12.765, -16.498], [-12.79, -16.445], [-12.81, -16.39], [-12.824, -16.333], [-12.833, -16.275], [-12.836, -16.217], [-12.833, -16.158], [-12.824, -16.1], [-12.81, -16.043], [-12.79, -15.988], [-12.765, -15.935], [-12.735, -15.885], [-12.7, -15.838], [-12.661, -15.794], [-12.565, -15.708], [-12.485, -15.642], [-12.316, -15.471]]]}, "id": 49}, {"type": "Feature", "properties": {"fill": "#516ebc"}, "geometry": {"type": "Polygon", "coordinates": [[[-29.336, -18.747], [-29.371, -18.7], [-29.383, -18.681], [-29.514, -18.485], [-29.671, -18.294], [-29.706, -18.247], [-29.736, -18.197], [-29.761, -18.144], [-29.781, -18.089], [-29.795, -18.032], [-29.804, -17.974], [-29.806, -17.916], [-29.804, -17.857], [-29.795, -17.799], [-29.781, -17.742], [-29.761, -17.687], [-29.736, -17.634], [-29.706, -17.584], [-29.671, -17.537], [-29.632, -17.493], [-29.588, -17.454], [-29.541, -17.419], [-29.491, -17.389], [-29.438, -17.364], [-29.383, -17.344], [-29.29, -17.321], [-29.065, -17.253], [-28.836, -17.157], [-28.781, -17.138], [-28.724, -17.123], [-28.666, -17.115], [-28.608, -17.112], [-28.549, -17.115], [-28.491, -17.123], [-28.434, -17.138], [-28.379, -17.157], [-28.326, -17.182], [-28.276, -17.213], [-28.229, -17.247], [-28.185, -17.287], [-28.146, -17.33], [-28.081, -17.418], [-27.931, -17.6], [-27.765, -17.767], [-27.737, -17.792], [-27.644, -17.894], [-27.612, -17.937], [-27.582, -17.987], [-27.557, -18.04], [-27.537, -18.096], [-27.523, -18.152], [-27.514, -18.21], [-27.511, -18.269], [-27.514, -18.327], [-27.523, -18.385], [-27.537, -18.442], [-27.557, -18.497], [-27.582, -18.55], [-27.612, -18.601], [-27.647, -18.648], [-27.686, -18.691], [-27.73, -18.73], [-27.777, -18.765], [-27.827, -18.795], [-27.88, -18.82], [-27.935, -18.84], [-28.059, -18.871], [-28.284, -18.94], [-28.502, -19.03], [-28.527, -19.042], [-28.582, -19.061], [-28.639, -19.076], [-28.697, -19.084], [-28.755, -19.087], [-28.814, -19.084], [-28.872, -19.076], [-28.929, -19.061], [-28.984, -19.042], [-29.037, -19.017], [-29.087, -18.986], [-29.134, -18.952], [-29.191, -18.9], [-29.266, -18.825], [-29.336, -18.747]]]}, "id": 50}, {"type": "Feature", "properties": {"fill": "#516ebc"}, "geometry": {"type": "Polygon", "coordinates": [[[-33.809, -17.682], [-33.68, -17.54], [-33.63, -17.494], [-33.583, -17.459], [-33.532, -17.429], [-33.48, -17.404], [-33.424, -17.384], [-33.368, -17.37], [-33.31, -17.362], [-33.251, -17.359], [-33.192, -17.362], [-33.135, -17.37], [-33.078, -17.384], [-32.916, -17.442], [-32.691, -17.51], [-32.453, -17.558], [-32.396, -17.572], [-32.341, -17.591], [-32.288, -17.617], [-32.237, -17.647], [-32.19, -17.682], [-32.147, -17.721], [-32.108, -17.764], [-32.073, -17.811], [-32.043, -17.862], [-32.018, -17.915], [-31.998, -17.97], [-31.984, -18.027], [-31.975, -18.085], [-31.972, -18.143], [-31.975, -18.202], [-31.984, -18.26], [-31.998, -18.316], [-32.018, -18.372], [-32.043, -18.425], [-32.073, -18.475], [-32.108, -18.522], [-32.268, -18.717], [-32.4, -18.915], [-32.493, -19.072], [-32.526, -19.116], [-32.565, -19.159], [-32.609, -19.199], [-32.656, -19.234], [-32.706, -19.264], [-32.759, -19.289], [-32.814, -19.309], [-32.871, -19.323], [-32.929, -19.331], [-32.988, -19.334], [-33.098, -19.329], [-33.334, -19.329], [-33.39, -19.332], [-33.449, -19.329], [-33.507, -19.32], [-33.563, -19.306], [-33.619, -19.286], [-33.671, -19.261], [-33.722, -19.231], [-33.769, -19.196], [-33.812, -19.157], [-33.933, -19.023], [-34.099, -18.857], [-34.13, -18.829], [-34.169, -18.786], [-34.204, -18.739], [-34.234, -18.688], [-34.259, -18.635], [-34.279, -18.58], [-34.293, -18.523], [-34.302, -18.465], [-34.305, -18.407], [-34.302, -18.348], [-34.293, -18.29], [-34.279, -18.233], [-34.259, -18.178], [-34.234, -18.125], [-34.204, -18.075], [-34.169, -18.028], [-34.13, -17.985], [-34.021, -17.886], [-33.975, -17.849], [-33.809, -17.682]]]}, "id": 51}, {"type": "Feature", "properties": {"fill": "#00789c"}, "geometry": {"type": "Polygon", "coordinates": [[[48.602, -29.91], [48.609, -29.758], [48.618, -29.7], [48.632, -29.643], [48.652, -29.588], [48.677, -29.535], [48.707, -29.485], [48.742, -29.438], [48.781, -29.394], [48.839, -29.342], [48.991, -29.217], [49.158, -29.05], [49.376, -28.809], [49.521, -28.631], [49.581, -28.541], [49.651, -28.447], [49.69, -28.403], [49.734, -28.364], [49.781, -28.329], [49.831, -28.299], [49.884, -28.274], [49.939, -28.254], [49.996, -28.24], [50.054, -28.231], [50.112, -28.228], [50.171, -28.231], [50.229, -28.24], [50.286, -28.254], [50.341, -28.274], [50.394, -28.299], [50.444, -28.329], [50.491, -28.364], [50.535, -28.403], [50.574, -28.447], [50.609, -28.494], [50.639, -28.544], [50.664, -28.597], [50.684, -28.652], [50.698, -28.709], [50.707, -28.767], [50.709, -28.825], [50.707, -28.884], [50.683, -29.041], [50.66, -29.281], [50.661, -29.521], [50.671, -29.706], [50.668, -29.76], [50.656, -29.838], [50.633, -30.073], [50.633, -30.308], [50.636, -30.367], [50.633, -30.425], [50.625, -30.483], [50.61, -30.54], [50.591, -30.595], [50.566, -30.648], [50.536, -30.698], [50.501, -30.745], [50.461, -30.789], [50.418, -30.828], [50.371, -30.863], [50.321, -30.893], [50.268, -30.918], [50.212, -30.938], [50.156, -30.952], [50.022, -30.972], [49.939, -30.98], [49.708, -31.026], [49.633, -31.049], [49.5, -31.082], [49.442, -31.091], [49.384, -31.094], [49.325, -31.091], [49.267, -31.082], [49.21, -31.068], [49.155, -31.048], [49.102, -31.023], [49.052, -30.993], [49.005, -30.958], [48.961, -30.919], [48.922, -30.875], [48.887, -30.828], [48.809, -30.699], [48.694, -30.526], [48.657, -30.464], [48.632, -30.411], [48.612, -30.356], [48.598, -30.299], [48.589, -30.241], [48.586, -30.182], [48.592, -30.054], [48.602, -29.958], [48.602, -29.91]]]}, "id": 52}, {"type": "Feature", "properties": {"fill": "#516ebc"}, "geometry": {"type": "Polygon", "coordinates": [[[60.163, -32.291], [59.981, -32.141], [59.785, -32.011], [59.736, -31.982], [59.689, -31.947], [59.646, -31.907], [59.607, -31.864], [59.572, -31.817], [59.542, -31.767], [59.517, -31.714], [59.497, -31.659], [59.483, -31.602], [59.474, -31.544], [59.471, -31.485], [59.474, -31.427], [59.483, -31.369], [59.497, -31.312], [59.517, -31.257], [59.542, -31.204], [59.572, -31.153], [59.607, -31.106], [59.646, -31.063], [59.689, -31.024], [59.736, -30.989], [59.787, -30.959], [59.84, -30.934], [59.895, -30.914], [59.952, -30.9], [60.01, -30.891], [60.068, -30.888], [60.127, -30.891], [60.185, -30.9], [60.242, -30.914], [60.278, -30.927], [60.503, -30.995], [60.598, -31.014], [60.722, -31.045], [60.777, -31.065], [60.83, -31.09], [60.971, -31.174], [61.178, -31.285], [61.396, -31.375], [61.574, -31.429], [61.653, -31.457], [61.706, -31.482], [61.756, -31.513], [61.803, -31.547], [61.846, -31.587], [61.87, -31.613], [62.037, -31.78], [62.117, -31.853], [62.156, -31.896], [62.191, -31.943], [62.222, -31.993], [62.265, -32.086], [62.322, -32.223], [62.433, -32.431], [62.452, -32.462], [62.477, -32.515], [62.497, -32.57], [62.511, -32.627], [62.519, -32.685], [62.522, -32.743], [62.519, -32.802], [62.511, -32.86], [62.497, -32.917], [62.477, -32.972], [62.452, -33.025], [62.422, -33.075], [62.387, -33.122], [62.347, -33.165], [62.304, -33.205], [62.257, -33.24], [62.207, -33.27], [62.154, -33.295], [62.098, -33.315], [61.977, -33.345], [61.751, -33.413], [61.597, -33.468], [61.541, -33.483], [61.483, -33.491], [61.424, -33.494], [61.366, -33.491], [61.308, -33.483], [61.251, -33.468], [61.196, -33.449], [61.143, -33.424], [61.092, -33.394], [61.045, -33.359], [61.002, -33.319], [60.963, -33.276], [60.928, -33.229], [60.866, -33.126], [60.73, -32.924], [60.575, -32.736], [60.415, -32.562], [60.329, -32.457], [60.163, -32.291]]]}, "id": 53}, {"type": "Feature", "properties": {"fill": "#37009c"}, "geometry": {"type": "Polygon", "coordinates": [[[77.476, -34.385], [77.451, -34.332], [77.431, -34.277], [77.417, -34.22], [77.408, -34.162], [77.405, -34.104], [77.408, -34.045], [77.417, -33.987], [77.431, -33.93], [77.451, -33.875], [77.476, -33.822], [77.506, -33.772], [77.541, -33.725], [77.58, -33.681], [77.624, -33.642], [77.671, -33.607], [77.721, -33.577], [77.774, -33.552], [77.888, -33.511], [78.106, -33.421], [78.314, -33.31], [78.344, -33.289], [78.48, -33.208], [78.533, -33.183], [78.588, -33.163], [78.645, -33.149], [78.703, -33.14], [78.761, -33.138], [78.82, -33.14], [78.878, -33.149], [78.935, -33.163], [78.99, -33.183], [79.043, -33.208], [79.093, -33.238], [79.14, -33.273], [79.183, -33.312], [79.223, -33.356], [79.258, -33.403], [79.288, -33.453], [79.313, -33.506], [79.333, -33.561], [79.357, -33.658], [79.425, -33.883], [79.463, -33.988], [79.477, -34.044], [79.485, -34.102], [79.488, -34.161], [79.485, -34.219], [79.477, -34.277], [79.463, -34.334], [79.443, -34.389], [79.418, -34.442], [79.388, -34.493], [79.353, -34.54], [79.313, -34.583], [79.27, -34.622], [79.145, -34.715], [78.948, -34.878], [78.901, -34.913], [78.851, -34.943], [78.798, -34.968], [78.743, -34.987], [78.686, -35.002], [78.628, -35.01], [78.57, -35.013], [78.511, -35.01], [78.383, -34.991], [78.291, -34.973], [78.233, -34.967], [78.087, -34.946], [78.03, -34.931], [77.975, -34.912], [77.922, -34.887], [77.872, -34.857], [77.825, -34.822], [77.782, -34.782], [77.742, -34.739], [77.673, -34.645], [77.556, -34.503], [77.506, -34.435], [77.476, -34.385]]]}, "id": 54}, {"type": "Feature", "properties": {"fill": "#00789c"}, "geometry": {"type": "Polygon", "coordinates": [[[72.132, -40.867], [72.021, -40.66], [71.979, -40.591], [71.954, -40.538], [71.935, -40.483], [71.92, -40.426], [71.912, -40.368], [71.909, -40.31], [71.912, -40.251], [71.92, -40.193], [71.935, -40.136], [71.954, -40.081], [71.979, -40.028], [72.01, -39.978], [72.044, -39.931], [72.084, -39.887], [72.127, -39.848], [72.174, -39.813], [72.225, -39.783], [72.278, -39.758], [72.333, -39.738], [72.39, -39.724], [72.448, -39.715], [72.607, -39.707], [72.842, -39.684], [72.948, -39.669], [73.007, -39.666], [73.065, -39.669], [73.123, -39.677], [73.18, -39.691], [73.235, -39.711], [73.288, -39.736], [73.339, -39.766], [73.386, -39.801], [73.429, -39.841], [73.468, -39.884], [73.503, -39.931], [73.516, -39.953], [73.647, -40.149], [73.797, -40.331], [73.963, -40.497], [74.006, -40.533], [74.116, -40.633], [74.156, -40.676], [74.191, -40.723], [74.215, -40.763], [74.345, -40.959], [74.495, -41.141], [74.661, -41.307], [74.763, -41.391], [74.845, -41.465], [74.885, -41.509], [74.92, -41.556], [74.95, -41.606], [74.975, -41.659], [74.994, -41.714], [75.009, -41.771], [75.017, -41.829], [75.02, -41.887], [75.017, -41.946], [75.009, -42.004], [74.994, -42.061], [74.975, -42.116], [74.95, -42.169], [74.92, -42.219], [74.885, -42.266], [74.845, -42.31], [74.802, -42.349], [74.755, -42.384], [74.705, -42.414], [74.652, -42.439], [74.596, -42.459], [74.54, -42.473], [74.396, -42.494], [74.333, -42.501], [74.143, -42.538], [73.999, -42.56], [73.897, -42.57], [73.729, -42.595], [73.671, -42.598], [73.612, -42.595], [73.554, -42.586], [73.497, -42.572], [73.442, -42.552], [73.389, -42.527], [73.339, -42.497], [73.292, -42.462], [73.248, -42.422], [73.066, -42.273], [72.87, -42.142], [72.698, -42.05], [72.63, -42.01], [72.583, -41.975], [72.54, -41.935], [72.501, -41.892], [72.466, -41.845], [72.436, -41.795], [72.411, -41.742], [72.391, -41.686], [72.365, -41.585], [72.337, -41.444], [72.269, -41.218], [72.222, -41.085], [72.132, -40.867]]]}, "id": 55}, {"type": "Feature", "properties": {"fill": "#153477"}, "geometry": {"type": "Polygon", "coordinates": [[[-74.888, -35.335], [-74.896, -35.277], [-74.899, -35.219], [-74.895, -35.128], [-74.895, -34.893], [-74.902, -34.752], [-74.899, -34.693], [-74.89, -34.636], [-74.876, -34.579], [-74.856, -34.524], [-74.831, -34.471], [-74.801, -34.42], [-74.765, -34.372], [-74.663, -34.258], [-74.622, -34.222], [-74.576, -34.188], [-74.394, -34.038], [-74.228, -33.872], [-74.078, -33.69], [-73.948, -33.494], [-73.837, -33.286], [-73.746, -33.068], [-73.678, -32.843], [-73.632, -32.612], [-73.614, -32.43], [-73.297, -32.052], [-72.602, -32.269], [-72.469, -32.329], [-72.339, -32.168], [-72.0, -32.058], [-71.627, -32.187], [-71.371, -32.659], [-71.38, -32.697], [-71.4, -32.752], [-71.425, -32.805], [-71.455, -32.855], [-71.49, -32.902], [-71.529, -32.945], [-71.712, -33.127], [-71.862, -33.309], [-71.992, -33.505], [-72.103, -33.712], [-72.194, -33.93], [-72.262, -34.155], [-72.308, -34.386], [-72.322, -34.482], [-72.336, -34.539], [-72.356, -34.594], [-72.381, -34.647], [-72.411, -34.697], [-72.446, -34.744], [-72.486, -34.788], [-72.529, -34.827], [-72.576, -34.862], [-72.626, -34.892], [-72.726, -34.939], [-72.934, -35.05], [-73.13, -35.181], [-73.29, -35.3], [-73.472, -35.45], [-73.502, -35.477], [-73.612, -35.558], [-73.794, -35.708], [-73.89, -35.795], [-73.937, -35.829], [-73.987, -35.86], [-74.04, -35.885], [-74.095, -35.904], [-74.152, -35.919], [-74.21, -35.927], [-74.268, -35.93], [-74.327, -35.927], [-74.385, -35.919], [-74.442, -35.904], [-74.497, -35.885], [-74.55, -35.86], [-74.6, -35.829], [-74.647, -35.795], [-74.691, -35.755], [-74.73, -35.712], [-74.765, -35.665], [-74.795, -35.614], [-74.82, -35.561], [-74.851, -35.476], [-74.862, -35.437], [-74.888, -35.335]]]}, "id": 56}, {"type": "Feature", "properties": {"fill": "#00529c"}, "geometry": {"type": "Polygon", "coordinates": [[[-79.659, -29.494], [-79.656, -29.436], [-79.648, -29.378], [-79.633, -29.321], [-79.614, -29.266], [-79.589, -29.213], [-79.558, -29.162], [-79.523, -29.115], [-79.484, -29.072], [-79.441, -29.033], [-79.394, -28.998], [-79.343, -28.968], [-79.29, -28.943], [-79.235, -28.923], [-79.178, -28.909], [-79.12, -28.9], [-79.062, -28.897], [-79.003, -28.9], [-78.945, -28.909], [-78.889, -28.923], [-78.768, -28.966], [-78.543, -29.034], [-78.312, -29.08], [-78.077, -29.103], [-77.842, -29.103], [-77.792, -29.099], [-77.641, -29.091], [-77.582, -29.094], [-77.458, -29.112], [-77.358, -29.132], [-77.124, -29.155], [-77.018, -29.155], [-76.793, -29.166], [-76.558, -29.166], [-76.323, -29.143], [-76.092, -29.097], [-75.867, -29.029], [-75.824, -29.014], [-75.607, -28.924], [-75.399, -28.813], [-75.203, -28.682], [-75.021, -28.533], [-74.855, -28.366], [-74.705, -28.184], [-74.574, -27.988], [-74.463, -27.781], [-74.449, -27.749], [-74.418, -27.699], [-74.384, -27.652], [-74.344, -27.609], [-74.301, -27.569], [-74.254, -27.534], [-74.203, -27.504], [-74.15, -27.479], [-74.095, -27.459], [-74.038, -27.445], [-73.98, -27.437], [-73.922, -27.434], [-73.863, -27.437], [-73.805, -27.445], [-73.749, -27.459], [-73.693, -27.479], [-73.64, -27.504], [-73.59, -27.534], [-73.562, -27.556], [-73.366, -27.686], [-73.158, -27.797], [-72.94, -27.888], [-72.715, -27.956], [-72.484, -28.002], [-72.25, -28.025], [-72.035, -28.025], [-72.032, -28.027], [-71.341, -28.194], [-71.091, -28.465], [-71.081, -28.531], [-71.078, -28.589], [-71.081, -28.648], [-71.089, -28.706], [-71.103, -28.763], [-71.149, -28.891], [-71.218, -29.116], [-71.264, -29.347], [-71.287, -29.582], [-71.287, -29.603], [-71.703, -30.306], [-71.413, -30.862], [-71.304, -30.918], [-71.297, -30.924], [-71.104, -30.99], [-70.775, -31.208], [-70.767, -31.226], [-70.747, -31.281], [-70.733, -31.338], [-70.715, -31.459], [-70.669, -31.69], [-70.597, -31.925], [-70.583, -31.982], [-70.574, -32.04], [-70.571, -32.098], [-70.574, -32.157], [-70.583, -32.215], [-70.597, -32.272], [-70.617, -32.327], [-70.642, -32.38], [-70.672, -32.43], [-70.707, -32.477], [-70.746, -32.521], [-70.79, -32.56], [-70.837, -32.595], [-70.887, -32.625], [-70.94, -32.65], [-70.995, -32.67], [-71.052, -32.684], [-71.11, -32.693], [-71.168, -32.696], [-71.227, -32.693], [-71.285, -32.684], [-71.342, -32.67], [-71.371, -32.659], [-71.627, -32.187], [-72.0, -32.058], [-72.339, -32.168], [-72.469, -32.329], [-72.602, -32.269], [-73.297, -32.052], [-73.695, -32.527], [-73.704, -32.56], [-73.744, -32.568], [-73.97, -32.636], [-74.063, -32.67], [-74.12, -32.684], [-74.178, -32.692], [-74.237, -32.695], [-74.295, -32.692], [-74.367, -32.682], [-74.57, -32.641], [-74.805, -32.618], [-75.04, -32.618], [-75.275, -32.641], [-75.506, -32.687], [-75.703, -32.747], [-75.774, -32.765], [-75.949, -32.791], [-75.991, -32.796], [-76.245, -32.85], [-76.492, -32.932], [-76.514, -32.941], [-76.713, -33.029], [-76.902, -33.135], [-77.082, -33.258], [-77.249, -33.396], [-77.333, -33.472], [-77.38, -33.507], [-77.43, -33.537], [-77.483, -33.562], [-77.538, -33.582], [-77.595, -33.596], [-77.685, -33.61], [-77.916, -33.656], [-78.065, -33.693], [-78.123, -33.701], [-78.217, -33.706], [-78.381, -33.706], [-78.616, -33.729], [-78.847, -33.775], [-78.946, -33.8], [-79.004, -33.809], [-79.062, -33.811], [-79.121, -33.809], [-79.179, -33.8], [-79.236, -33.786], [-79.291, -33.766], [-79.344, -33.741], [-79.394, -33.711], [-79.443, -33.675], [-79.531, -33.595], [-79.569, -33.554], [-79.603, -33.507], [-79.634, -33.456], [-79.659, -33.404], [-79.678, -33.348], [-79.693, -33.292], [-79.701, -33.234], [-79.704, -33.175], [-79.701, -33.116], [-79.693, -33.059], [-79.678, -33.002], [-79.659, -32.947], [-79.634, -32.894], [-79.603, -32.843], [-79.561, -32.786], [-79.43, -32.59], [-79.319, -32.382], [-79.229, -32.165], [-79.16, -31.939], [-79.114, -31.708], [-79.091, -31.474], [-79.091, -31.238], [-79.114, -31.004], [-79.16, -30.773], [-79.229, -30.547], [-79.319, -30.33], [-79.43, -30.122], [-79.52, -29.987], [-79.569, -29.906], [-79.594, -29.853], [-79.614, -29.797], [-79.628, -29.741], [-79.656, -29.553], [-79.659, -29.494]]]}, "id": 57}, {"type": "Feature", "properties": {"fill": "#153477"}, "geometry": {"type": "Polygon", "coordinates": [[[100.165, 22.308], [100.108, 22.323], [100.053, 22.342], [100.0, 22.367], [99.95, 22.397], [99.903, 22.432], [99.859, 22.472], [99.82, 22.515], [99.785, 22.562], [99.755, 22.612], [99.73, 22.665], [99.71, 22.721], [99.696, 22.777], [99.687, 22.835], [99.685, 22.894], [99.687, 22.952], [99.696, 23.01], [99.71, 23.067], [99.73, 23.122], [99.755, 23.175], [99.785, 23.226], [99.82, 23.273], [99.859, 23.316], [99.903, 23.356], [99.95, 23.39], [100.0, 23.421], [100.053, 23.446], [104.167, 25.29], [104.222, 25.309], [104.279, 25.324], [104.337, 25.332], [104.395, 25.335], [104.454, 25.332], [104.512, 25.324], [104.569, 25.309], [104.624, 25.29], [104.677, 25.265], [104.727, 25.235], [104.774, 25.2], [104.818, 25.16], [105.153, 24.828], [105.268, 24.711], [105.348, 24.622], [105.383, 24.575], [105.413, 24.524], [105.438, 24.471], [105.458, 24.416], [105.472, 24.359], [105.481, 24.301], [105.498, 24.119], [105.503, 24.031], [105.5, 23.972], [105.491, 23.914], [105.477, 23.858], [105.457, 23.802], [105.432, 23.749], [105.402, 23.699], [105.367, 23.652], [105.328, 23.609], [105.284, 23.569], [105.237, 23.534], [105.187, 23.504], [105.134, 23.479], [105.079, 23.459], [105.022, 23.445], [100.398, 22.308], [100.34, 22.3], [100.282, 22.297], [100.223, 22.3], [100.165, 22.308]]]}, "id": 58}, {"type": "Feature", "properties": {"fill": "#37009c"}, "geometry": {"type": "Polygon", "coordinates": [[[-156.428, 1.907], [-156.375, 1.932], [-156.32, 1.952], [-156.263, 1.966], [-156.205, 1.975], [-156.046, 1.982], [-155.812, 2.005], [-155.581, 2.051], [-155.355, 2.12], [-155.303, 2.141], [-155.164, 2.191], [-155.107, 2.206], [-155.049, 2.214], [-154.99, 2.217], [-154.932, 2.214], [-154.874, 2.206], [-154.817, 2.191], [-154.762, 2.172], [-154.61, 2.1], [-154.392, 2.01], [-154.214, 1.946], [-154.101, 1.899], [-153.876, 1.831], [-153.645, 1.785], [-153.519, 1.766], [-153.432, 1.745], [-153.201, 1.699], [-153.0, 1.679], [-152.858, 1.658], [-152.762, 1.639], [-152.6, 1.615], [-152.437, 1.598], [-152.344, 1.585], [-152.287, 1.57], [-152.232, 1.551], [-152.179, 1.526], [-152.128, 1.495], [-152.081, 1.461], [-152.038, 1.421], [-151.998, 1.378], [-151.964, 1.331], [-151.933, 1.28], [-151.904, 1.219], [-151.832, 1.044], [-151.808, 0.976], [-151.793, 0.919], [-151.785, 0.861], [-151.782, 0.803], [-151.785, 0.744], [-151.793, 0.686], [-151.808, 0.629], [-151.827, 0.574], [-151.852, 0.521], [-151.882, 0.471], [-151.917, 0.424], [-151.957, 0.38], [-152.0, 0.341], [-152.047, 0.306], [-152.097, 0.276], [-152.15, 0.251], [-152.206, 0.231], [-152.262, 0.217], [-152.32, 0.208], [-152.379, 0.205], [-152.421, 0.207], [-152.657, 0.207], [-152.891, 0.184], [-152.948, 0.176], [-153.183, 0.153], [-153.259, 0.142], [-153.317, 0.139], [-153.376, 0.142], [-153.434, 0.15], [-153.524, 0.169], [-153.627, 0.195], [-153.858, 0.241], [-154.093, 0.264], [-154.328, 0.264], [-154.38, 0.261], [-154.536, 0.269], [-154.576, 0.273], [-154.811, 0.273], [-155.046, 0.25], [-155.277, 0.204], [-155.502, 0.136], [-155.72, 0.045], [-155.927, -0.066], [-156.0, -0.109], [-156.053, -0.134], [-156.109, -0.154], [-156.165, -0.168], [-156.223, -0.177], [-156.277, -0.18], [-156.383, 0.491], [-156.434, 0.57], [-156.362, 0.735], [-156.436, 0.78], [-156.495, 0.903], [-156.66, 1.031], [-156.614, 1.126], [-156.702, 1.752], [-156.555, 1.831], [-156.428, 1.907]]]}, "id": 59}, {"type": "Feature", "properties": {"fill": "#516ebc"}, "geometry": {"type": "Polygon", "coordinates": [[[14.613, 73.85], [14.668, 73.87], [14.812, 73.906], [14.866, 73.917], [15.092, 73.985], [15.182, 74.023], [15.302, 74.066], [15.359, 74.08], [15.417, 74.088], [15.476, 74.091], [15.534, 74.088], [15.592, 74.08], [15.649, 74.066], [15.704, 74.046], [15.757, 74.021], [15.807, 73.991], [15.854, 73.956], [15.898, 73.916], [15.937, 73.873], [15.972, 73.826], [16.002, 73.776], [16.052, 73.671], [16.098, 73.559], [16.209, 73.351], [16.288, 73.233], [16.143, 72.798], [16.163, 72.637], [15.964, 72.37], [15.887, 72.289], [15.857, 72.207], [15.836, 72.18], [15.744, 71.896], [15.63, 71.866], [15.572, 71.858], [15.514, 71.855], [15.455, 71.858], [15.397, 71.866], [15.34, 71.881], [15.285, 71.9], [15.232, 71.925], [15.182, 71.956], [15.135, 71.991], [15.091, 72.03], [14.984, 72.149], [14.963, 72.174], [14.797, 72.34], [14.615, 72.49], [14.419, 72.621], [14.283, 72.702], [14.236, 72.737], [14.193, 72.776], [14.154, 72.819], [14.119, 72.866], [14.089, 72.917], [14.063, 72.97], [14.044, 73.025], [14.03, 73.082], [14.021, 73.14], [14.018, 73.198], [14.021, 73.257], [14.03, 73.315], [14.044, 73.371], [14.063, 73.427], [14.089, 73.48], [14.119, 73.53], [14.154, 73.577], [14.193, 73.62], [14.236, 73.66], [14.283, 73.695], [14.334, 73.725], [14.438, 73.774], [14.551, 73.821], [14.613, 73.85]]]}, "id": 60}, {"type": "Feature", "properties": {"fill": "#153477"}, "geometry": {"type": "Polygon", "coordinates": [[[16.35, 73.2], [16.408, 73.191], [16.465, 73.177], [16.52, 73.157], [16.573, 73.132], [16.678, 73.069], [16.768, 73.009], [16.816, 72.98], [16.863, 72.945], [16.907, 72.906], [16.937, 72.873], [16.894, 72.653], [16.78, 72.539], [16.585, 72.368], [16.523, 72.326], [16.472, 72.23], [16.52, 71.652], [16.463, 71.631], [16.406, 71.616], [16.348, 71.608], [16.289, 71.605], [16.231, 71.608], [16.173, 71.616], [16.095, 71.636], [16.028, 71.66], [15.975, 71.685], [15.925, 71.715], [15.878, 71.75], [15.834, 71.789], [15.795, 71.833], [15.76, 71.88], [15.746, 71.903], [15.836, 72.18], [15.857, 72.207], [15.887, 72.289], [15.964, 72.37], [16.163, 72.637], [16.143, 72.798], [16.278, 73.202], [16.292, 73.202], [16.35, 73.2]]]}, "id": 61}, {"type": "Feature", "properties": {"fill": "#00529c"}, "geometry": {"type": "Polygon", "coordinates": [[[-5.414, 25.324], [-5.467, 25.349], [-5.517, 25.379], [-5.564, 25.414], [-5.608, 25.453], [-5.647, 25.497], [-5.682, 25.544], [-5.712, 25.594], [-5.737, 25.647], [-5.757, 25.702], [-5.771, 25.759], [-5.78, 25.817], [-5.783, 25.875], [-5.78, 25.934], [-5.771, 25.992], [-5.757, 26.049], [-5.737, 26.104], [-5.712, 26.157], [-5.682, 26.207], [-5.647, 26.254], [-5.608, 26.298], [-5.564, 26.337], [-5.517, 26.372], [-5.467, 26.402], [-5.414, 26.427], [-5.25, 26.486], [-5.019, 26.582], [-4.848, 26.664], [-4.8, 26.681], [-4.743, 26.696], [-4.685, 26.704], [-4.627, 26.707], [-4.568, 26.704], [-4.51, 26.696], [-4.454, 26.681], [-4.398, 26.662], [-4.345, 26.637], [-4.218, 26.561], [-4.171, 26.529], [-4.034, 26.447], [-3.987, 26.412], [-3.944, 26.373], [-3.904, 26.329], [-3.869, 26.282], [-3.839, 26.232], [-3.814, 26.179], [-3.794, 26.124], [-3.78, 26.067], [-3.775, 26.029], [-3.729, 25.798], [-3.703, 25.695], [-3.694, 25.638], [-3.691, 25.579], [-3.694, 25.52], [-3.703, 25.463], [-3.717, 25.406], [-3.737, 25.35], [-3.762, 25.298], [-3.792, 25.247], [-3.827, 25.2], [-3.866, 25.157], [-3.91, 25.117], [-3.957, 25.083], [-4.007, 25.052], [-4.06, 25.027], [-4.115, 25.008], [-4.172, 24.993], [-4.23, 24.985], [-4.289, 24.982], [-4.347, 24.985], [-4.405, 24.993], [-4.462, 25.008], [-4.517, 25.027], [-4.645, 25.088], [-4.862, 25.178], [-5.088, 25.246], [-5.285, 25.286], [-5.359, 25.304], [-5.414, 25.324]]]}, "id": 62}, {"type": "Feature", "properties": {"fill": "#516ebc"}, "geometry": {"type": "Polygon", "coordinates": [[[29.244, 35.48], [29.393, 35.662], [29.484, 35.784], [29.523, 35.827], [29.567, 35.867], [29.614, 35.902], [29.664, 35.932], [29.717, 35.957], [29.772, 35.976], [29.829, 35.991], [29.887, 35.999], [29.945, 36.002], [30.004, 35.999], [30.062, 35.991], [30.119, 35.976], [30.174, 35.957], [30.227, 35.932], [30.453, 35.811], [30.678, 35.719], [30.857, 35.656], [30.903, 35.634], [30.953, 35.604], [31.0, 35.569], [31.044, 35.53], [31.083, 35.487], [31.118, 35.439], [31.148, 35.389], [31.173, 35.336], [31.193, 35.281], [31.207, 35.224], [31.216, 35.166], [31.219, 35.108], [31.216, 35.049], [31.207, 34.991], [31.193, 34.934], [31.173, 34.879], [31.148, 34.826], [31.118, 34.776], [31.083, 34.729], [31.034, 34.675], [30.888, 34.529], [30.837, 34.467], [30.746, 34.366], [30.702, 34.326], [30.655, 34.292], [30.605, 34.261], [30.552, 34.236], [30.497, 34.217], [30.44, 34.202], [30.327, 34.186], [30.096, 34.14], [29.871, 34.071], [29.653, 33.981], [29.568, 33.936], [29.452, 33.881], [29.397, 33.861], [29.34, 33.847], [29.282, 33.838], [29.224, 33.835], [29.165, 33.838], [29.107, 33.847], [29.05, 33.861], [28.995, 33.881], [28.942, 33.906], [28.892, 33.936], [28.845, 33.971], [28.802, 34.01], [28.762, 34.054], [28.727, 34.101], [28.697, 34.151], [28.672, 34.204], [28.652, 34.259], [28.638, 34.316], [28.63, 34.374], [28.627, 34.433], [28.63, 34.491], [28.638, 34.549], [28.652, 34.606], [28.672, 34.661], [28.686, 34.691], [28.776, 34.908], [28.807, 34.993], [28.832, 35.046], [28.862, 35.097], [28.897, 35.144], [28.936, 35.187], [29.057, 35.297], [29.078, 35.313], [29.244, 35.48]]]}, "id": 63}, {"type": "Feature", "properties": {"fill": "#00789c"}, "geometry": {"type": "Polygon", "coordinates": [[[67.513, 31.949], [67.402, 32.157], [67.271, 32.353], [67.176, 32.468], [67.288, 33.197], [67.447, 33.607], [67.494, 33.609], [67.552, 33.606], [67.61, 33.598], [67.845, 33.575], [68.08, 33.575], [68.142, 33.578], [68.201, 33.575], [68.259, 33.566], [68.3, 33.556], [68.531, 33.51], [68.766, 33.487], [68.952, 33.478], [69.009, 33.469], [69.066, 33.455], [69.121, 33.435], [69.174, 33.41], [69.225, 33.38], [69.272, 33.345], [69.315, 33.306], [69.354, 33.262], [69.457, 33.124], [69.542, 33.009], [69.572, 32.959], [69.597, 32.906], [69.617, 32.851], [69.631, 32.794], [69.639, 32.736], [69.642, 32.678], [69.638, 32.587], [69.638, 32.483], [69.632, 32.358], [69.623, 32.301], [69.609, 32.244], [69.589, 32.189], [69.564, 32.136], [69.534, 32.085], [69.499, 32.038], [69.46, 31.995], [69.389, 31.931], [69.264, 31.828], [69.097, 31.661], [68.948, 31.479], [68.817, 31.283], [68.773, 31.211], [68.739, 31.164], [68.699, 31.121], [68.656, 31.081], [68.609, 31.046], [68.558, 31.016], [68.505, 30.991], [68.45, 30.971], [68.393, 30.957], [68.335, 30.949], [68.277, 30.946], [68.218, 30.949], [68.16, 30.957], [68.104, 30.971], [68.048, 30.991], [67.995, 31.016], [67.945, 31.046], [67.898, 31.081], [67.855, 31.121], [67.815, 31.164], [67.78, 31.211], [67.75, 31.261], [67.725, 31.314], [67.706, 31.369], [67.671, 31.506], [67.603, 31.732], [67.513, 31.949]]]}, "id": 64}, {"type": "Feature", "properties": {"fill": "#00529c"}, "geometry": {"type": "Polygon", "coordinates": [[[65.562, 33.572], [65.758, 33.703], [65.94, 33.852], [65.981, 33.89], [66.028, 33.925], [66.079, 33.955], [66.132, 33.98], [66.187, 34.0], [66.244, 34.014], [66.302, 34.023], [66.36, 34.025], [66.419, 34.023], [66.477, 34.014], [66.623, 33.977], [66.69, 33.958], [66.745, 33.938], [66.786, 33.919], [67.004, 33.829], [67.141, 33.787], [67.239, 33.752], [67.292, 33.727], [67.343, 33.697], [67.39, 33.662], [67.433, 33.622], [67.447, 33.607], [67.288, 33.197], [67.18, 32.496], [67.04, 32.438], [67.015, 32.427], [66.96, 32.407], [66.903, 32.393], [66.845, 32.384], [66.787, 32.381], [66.705, 32.385], [66.517, 32.404], [66.281, 32.404], [66.047, 32.381], [65.816, 32.335], [65.68, 32.293], [65.578, 32.268], [65.52, 32.259], [65.461, 32.256], [65.403, 32.259], [65.345, 32.268], [65.288, 32.282], [65.233, 32.302], [65.18, 32.327], [65.129, 32.357], [65.082, 32.392], [65.039, 32.431], [65.0, 32.475], [64.965, 32.522], [64.934, 32.572], [64.909, 32.625], [64.89, 32.68], [64.875, 32.737], [64.867, 32.795], [64.864, 32.853], [64.867, 32.912], [64.875, 32.97], [64.89, 33.027], [64.909, 33.082], [64.934, 33.135], [64.965, 33.185], [65.0, 33.232], [65.039, 33.276], [65.082, 33.315], [65.129, 33.35], [65.18, 33.38], [65.325, 33.449], [65.354, 33.461], [65.562, 33.572]]]}, "id": 65}, {"type": "Feature", "properties": {"fill": "#37009c"}, "geometry": {"type": "Polygon", "coordinates": [[[-25.565, -7.079], [-25.562, -7.02], [-25.554, -6.962], [-25.54, -6.905], [-25.52, -6.85], [-25.495, -6.797], [-25.465, -6.747], [-25.43, -6.7], [-25.39, -6.656], [-25.321, -6.593], [-25.296, -6.572], [-25.195, -6.498], [-25.145, -6.468], [-25.092, -6.443], [-24.937, -6.387], [-24.719, -6.297], [-24.495, -6.176], [-24.439, -6.15], [-24.227, -6.062], [-24.019, -5.951], [-23.823, -5.82], [-23.712, -5.729], [-23.628, -5.666], [-23.578, -5.636], [-23.525, -5.611], [-23.47, -5.592], [-23.388, -5.571], [-23.331, -5.56], [-23.21, -5.542], [-23.152, -5.539], [-23.093, -5.542], [-22.844, -5.567], [-22.609, -5.567], [-22.374, -5.544], [-22.143, -5.498], [-22.092, -5.486], [-21.867, -5.418], [-21.649, -5.328], [-21.441, -5.217], [-21.364, -5.17], [-21.311, -5.145], [-21.256, -5.126], [-21.199, -5.111], [-21.141, -5.103], [-21.083, -5.1], [-21.024, -5.103], [-20.966, -5.111], [-20.909, -5.126], [-20.704, -5.198], [-20.655, -5.221], [-20.605, -5.251], [-20.558, -5.286], [-20.515, -5.326], [-20.475, -5.369], [-20.44, -5.416], [-20.41, -5.466], [-20.385, -5.519], [-20.365, -5.575], [-20.351, -5.631], [-20.343, -5.689], [-20.34, -5.748], [-20.343, -5.806], [-20.351, -5.864], [-20.365, -5.921], [-20.385, -5.976], [-20.41, -6.029], [-20.44, -6.08], [-20.475, -6.127], [-20.515, -6.17], [-20.558, -6.209], [-20.605, -6.244], [-20.655, -6.274], [-20.708, -6.3], [-20.764, -6.319], [-20.871, -6.346], [-21.0, -6.372], [-21.052, -6.385], [-21.297, -6.433], [-21.522, -6.501], [-21.74, -6.591], [-21.871, -6.654], [-21.926, -6.673], [-21.983, -6.687], [-22.106, -6.706], [-22.21, -6.716], [-22.441, -6.762], [-22.666, -6.83], [-22.884, -6.92], [-22.974, -6.963], [-23.182, -7.074], [-23.25, -7.115], [-23.445, -7.246], [-23.628, -7.395], [-23.794, -7.562], [-23.893, -7.671], [-23.937, -7.711], [-23.984, -7.745], [-24.034, -7.776], [-24.087, -7.801], [-24.142, -7.82], [-24.199, -7.835], [-24.257, -7.843], [-24.389, -7.85], [-24.478, -7.85], [-24.712, -7.873], [-24.87, -7.896], [-24.929, -7.899], [-24.987, -7.896], [-25.045, -7.888], [-25.102, -7.873], [-25.157, -7.854], [-25.21, -7.829], [-25.261, -7.798], [-25.308, -7.764], [-25.351, -7.724], [-25.391, -7.681], [-25.425, -7.634], [-25.456, -7.583], [-25.481, -7.53], [-25.5, -7.475], [-25.515, -7.418], [-25.521, -7.372], [-25.546, -7.25], [-25.562, -7.137], [-25.565, -7.079]]]}, "id": 66}, {"type": "Feature", "properties": {"fill": "#00789c"}, "geometry": {"type": "Polygon", "coordinates": [[[92.364, 4.047], [92.109, 4.071], [92.051, 4.08], [91.995, 4.094], [91.939, 4.114], [91.886, 4.139], [91.836, 4.169], [91.789, 4.204], [91.746, 4.243], [91.706, 4.287], [91.671, 4.334], [91.641, 4.384], [91.616, 4.437], [91.596, 4.492], [91.582, 4.549], [91.574, 4.607], [91.571, 4.665], [91.574, 4.724], [91.582, 4.782], [91.596, 4.839], [91.616, 4.894], [91.641, 4.947], [91.671, 4.997], [91.706, 5.044], [91.746, 5.088], [91.789, 5.127], [91.836, 5.162], [91.886, 5.192], [91.939, 5.217], [91.973, 5.229], [92.19, 5.319], [92.398, 5.43], [92.551, 5.533], [92.624, 5.576], [92.677, 5.601], [92.732, 5.621], [92.789, 5.635], [92.847, 5.644], [92.905, 5.646], [92.964, 5.644], [93.022, 5.635], [93.078, 5.621], [93.134, 5.601], [93.187, 5.576], [93.237, 5.546], [93.284, 5.511], [93.327, 5.472], [93.367, 5.428], [93.402, 5.381], [93.432, 5.331], [93.457, 5.278], [93.476, 5.223], [93.491, 5.166], [93.499, 5.108], [93.502, 5.049], [93.499, 4.991], [93.491, 4.933], [93.471, 4.854], [93.425, 4.623], [93.41, 4.525], [93.396, 4.468], [93.376, 4.413], [93.334, 4.323], [93.304, 4.272], [93.269, 4.225], [93.229, 4.182], [93.186, 4.143], [93.139, 4.108], [93.089, 4.078], [93.036, 4.053], [92.98, 4.033], [92.924, 4.019], [92.866, 4.01], [92.709, 4.002], [92.663, 4.002], [92.604, 4.005], [92.497, 4.021], [92.364, 4.047]]]}, "id": 67}, {"type": "Feature", "properties": {"fill": "#00789c"}, "geometry": {"type": "Polygon", "coordinates": [[[61.507, 35.325], [61.454, 35.35], [61.404, 35.38], [61.357, 35.415], [61.314, 35.454], [61.274, 35.497], [61.239, 35.545], [61.209, 35.595], [61.184, 35.648], [61.17, 35.689], [61.535, 36.48], [61.592, 36.526], [61.758, 36.693], [61.806, 36.751], [61.899, 36.854], [61.942, 36.893], [61.989, 36.928], [62.04, 36.958], [62.093, 36.983], [62.148, 37.003], [62.205, 37.017], [62.263, 37.026], [62.321, 37.028], [62.38, 37.026], [62.438, 37.017], [62.495, 37.003], [62.648, 36.948], [62.673, 36.938], [62.898, 36.869], [63.129, 36.823], [63.364, 36.8], [63.487, 36.794], [63.545, 36.785], [63.602, 36.771], [63.657, 36.751], [63.71, 36.726], [63.761, 36.696], [63.808, 36.661], [63.851, 36.622], [63.891, 36.579], [63.925, 36.532], [63.956, 36.481], [63.981, 36.428], [64.0, 36.373], [64.015, 36.316], [64.023, 36.258], [64.026, 36.2], [64.023, 36.141], [64.005, 36.019], [63.984, 35.915], [63.961, 35.681], [63.961, 35.445], [63.984, 35.211], [64.007, 35.1], [64.024, 34.981], [64.027, 34.923], [64.024, 34.864], [64.016, 34.806], [64.001, 34.749], [63.982, 34.694], [63.957, 34.641], [63.926, 34.591], [63.891, 34.544], [63.852, 34.501], [63.809, 34.461], [63.762, 34.426], [63.711, 34.396], [63.658, 34.371], [63.603, 34.351], [63.546, 34.337], [63.488, 34.329], [63.43, 34.326], [63.371, 34.329], [63.313, 34.337], [63.257, 34.351], [63.201, 34.371], [63.148, 34.396], [63.098, 34.426], [63.051, 34.461], [63.008, 34.501], [62.973, 34.539], [62.806, 34.706], [62.624, 34.855], [62.428, 34.986], [62.221, 35.097], [62.003, 35.187], [61.778, 35.255], [61.691, 35.273], [61.563, 35.305], [61.507, 35.325]]]}, "id": 68}, {"type": "Feature", "properties": {"fill": "#516ebc"}, "geometry": {"type": "Polygon", "coordinates": [[[53.658, 37.625], [53.726, 37.855], [53.771, 38.038], [53.788, 38.086], [53.813, 38.139], [53.844, 38.19], [53.878, 38.237], [53.983, 38.353], [54.133, 38.535], [54.264, 38.73], [54.301, 38.801], [54.372, 38.918], [54.407, 38.965], [54.446, 39.009], [54.489, 39.048], [54.536, 39.083], [54.587, 39.113], [54.64, 39.138], [54.701, 39.16], [54.914, 39.224], [55.031, 39.266], [55.087, 39.281], [55.145, 39.289], [55.204, 39.292], [55.236, 39.29], [55.471, 39.29], [55.718, 39.315], [55.777, 39.318], [55.835, 39.315], [55.893, 39.307], [55.988, 39.283], [56.139, 39.237], [56.37, 39.191], [56.604, 39.168], [56.847, 39.169], [56.905, 39.166], [56.963, 39.157], [57.02, 39.143], [57.075, 39.123], [57.178, 39.074], [57.396, 38.984], [57.621, 38.916], [57.852, 38.87], [58.087, 38.847], [58.154, 38.844], [58.212, 38.835], [58.269, 38.821], [58.324, 38.801], [58.377, 38.776], [58.427, 38.746], [58.475, 38.711], [58.518, 38.672], [58.557, 38.628], [58.592, 38.581], [58.622, 38.531], [58.741, 38.306], [58.872, 38.11], [59.022, 37.928], [59.188, 37.762], [59.37, 37.612], [59.566, 37.481], [59.774, 37.37], [59.834, 37.342], [60.052, 37.252], [60.277, 37.183], [60.418, 37.155], [60.52, 37.13], [60.575, 37.11], [60.628, 37.085], [60.75, 37.012], [60.807, 36.973], [61.015, 36.862], [61.118, 36.82], [61.227, 36.768], [61.277, 36.738], [61.324, 36.703], [61.368, 36.664], [61.407, 36.62], [61.442, 36.573], [61.472, 36.523], [61.497, 36.47], [61.512, 36.429], [61.169, 35.688], [61.111, 35.668], [60.894, 35.577], [60.686, 35.466], [60.49, 35.336], [60.355, 35.225], [60.284, 35.172], [60.233, 35.142], [60.18, 35.117], [60.125, 35.097], [60.1, 35.09], [59.874, 35.022], [59.657, 34.932], [59.449, 34.821], [59.253, 34.69], [59.164, 34.624], [59.114, 34.594], [59.061, 34.569], [59.006, 34.549], [58.949, 34.535], [58.891, 34.526], [58.833, 34.524], [58.774, 34.526], [58.716, 34.535], [58.659, 34.549], [58.604, 34.569], [58.551, 34.594], [58.501, 34.624], [58.454, 34.659], [58.384, 34.722], [58.202, 34.871], [58.007, 35.002], [57.799, 35.113], [57.581, 35.203], [57.356, 35.272], [57.125, 35.318], [56.89, 35.341], [56.655, 35.341], [56.421, 35.318], [56.19, 35.272], [55.964, 35.203], [55.882, 35.174], [55.825, 35.16], [55.767, 35.151], [55.721, 35.149], [55.487, 35.126], [55.256, 35.08], [55.121, 35.046], [55.063, 35.037], [55.004, 35.034], [54.946, 35.037], [54.888, 35.046], [54.831, 35.06], [54.776, 35.08], [54.723, 35.105], [54.673, 35.135], [54.626, 35.17], [54.582, 35.209], [54.543, 35.253], [54.508, 35.3], [54.435, 35.422], [54.403, 35.482], [54.272, 35.678], [54.122, 35.86], [53.956, 36.027], [53.768, 36.18], [53.725, 36.219], [53.686, 36.263], [53.651, 36.31], [53.621, 36.36], [53.595, 36.413], [53.575, 36.47], [53.485, 36.688], [53.462, 36.736], [53.442, 36.792], [53.428, 36.848], [53.419, 36.906], [53.416, 36.965], [53.419, 37.024], [53.428, 37.081], [53.442, 37.138], [53.462, 37.193], [53.516, 37.308], [53.567, 37.403], [53.658, 37.625]]]}, "id": 69}, {"type": "Feature", "properties": {"fill": "#00789c"}, "geometry": {"type": "Polygon", "coordinates": [[[46.116, 20.925], [46.114, 20.983], [46.116, 21.042], [46.125, 21.1], [46.139, 21.157], [46.159, 21.212], [46.184, 21.265], [46.214, 21.315], [46.249, 21.362], [46.288, 21.405], [46.332, 21.445], [46.379, 21.48], [46.442, 21.517], [46.638, 21.648], [46.82, 21.798], [46.986, 21.964], [47.136, 22.146], [47.266, 22.342], [47.377, 22.55], [47.468, 22.767], [47.536, 22.993], [47.577, 23.2], [47.594, 23.269], [47.614, 23.324], [47.639, 23.377], [47.669, 23.427], [47.704, 23.474], [47.744, 23.518], [47.787, 23.557], [47.811, 23.575], [47.993, 23.724], [48.052, 23.778], [48.099, 23.812], [48.149, 23.843], [48.202, 23.868], [48.257, 23.887], [48.314, 23.902], [48.372, 23.91], [48.431, 23.913], [48.489, 23.91], [48.764, 23.87], [49.006, 23.821], [49.24, 23.798], [49.476, 23.798], [49.71, 23.821], [49.941, 23.867], [50.167, 23.936], [50.404, 24.035], [50.525, 24.078], [50.743, 24.169], [50.951, 24.28], [51.147, 24.41], [51.342, 24.572], [51.389, 24.607], [51.439, 24.637], [51.492, 24.662], [51.548, 24.682], [51.604, 24.696], [51.662, 24.705], [51.721, 24.708], [51.86, 24.701], [51.934, 24.693], [52.17, 24.693], [52.404, 24.716], [52.635, 24.762], [52.86, 24.831], [52.938, 24.858], [53.155, 24.949], [53.363, 25.06], [53.559, 25.19], [53.577, 25.204], [53.627, 25.234], [53.68, 25.259], [53.736, 25.279], [53.792, 25.293], [53.85, 25.302], [53.909, 25.305], [53.967, 25.302], [54.025, 25.293], [54.082, 25.279], [54.137, 25.259], [54.19, 25.234], [54.241, 25.204], [54.288, 25.169], [54.331, 25.13], [54.37, 25.086], [54.405, 25.039], [54.435, 24.989], [54.461, 24.936], [54.48, 24.881], [54.495, 24.824], [54.503, 24.766], [54.506, 24.708], [54.503, 24.649], [54.495, 24.591], [54.48, 24.534], [54.461, 24.479], [54.435, 24.426], [54.405, 24.376], [54.37, 24.329], [54.331, 24.285], [54.271, 24.231], [54.123, 24.11], [53.957, 23.943], [53.807, 23.761], [53.676, 23.565], [53.565, 23.357], [53.475, 23.14], [53.407, 22.915], [53.361, 22.684], [53.338, 22.449], [53.329, 22.278], [53.321, 22.22], [53.307, 22.163], [53.287, 22.108], [53.262, 22.055], [53.239, 22.016], [53.128, 21.809], [53.038, 21.591], [52.969, 21.366], [52.923, 21.135], [52.919, 21.103], [52.904, 21.046], [52.885, 20.991], [52.86, 20.938], [52.829, 20.888], [52.794, 20.84], [52.755, 20.797], [52.712, 20.758], [52.665, 20.723], [52.614, 20.693], [52.561, 20.668], [52.506, 20.648], [52.449, 20.634], [52.391, 20.625], [52.333, 20.622], [52.274, 20.625], [52.216, 20.634], [52.16, 20.648], [52.104, 20.668], [52.051, 20.693], [51.836, 20.809], [51.618, 20.899], [51.393, 20.967], [51.162, 21.013], [50.927, 21.036], [50.692, 21.036], [50.457, 21.013], [50.226, 20.967], [50.001, 20.899], [49.783, 20.809], [49.576, 20.698], [49.549, 20.682], [49.496, 20.657], [49.441, 20.637], [49.384, 20.623], [49.29, 20.609], [49.059, 20.563], [48.834, 20.494], [48.616, 20.404], [48.408, 20.293], [48.213, 20.162], [48.03, 20.013], [47.93, 19.912], [47.852, 19.842], [47.805, 19.807], [47.755, 19.777], [47.702, 19.752], [47.646, 19.732], [47.59, 19.718], [47.532, 19.709], [47.473, 19.706], [47.415, 19.709], [47.357, 19.718], [47.3, 19.732], [47.245, 19.752], [47.192, 19.777], [47.141, 19.807], [47.094, 19.842], [47.06, 19.873], [46.878, 20.022], [46.682, 20.153], [46.483, 20.26], [46.428, 20.292], [46.381, 20.327], [46.338, 20.367], [46.298, 20.41], [46.264, 20.457], [46.233, 20.507], [46.208, 20.56], [46.189, 20.615], [46.166, 20.702], [46.125, 20.867], [46.116, 20.925]]]}, "id": 70}, {"type": "Feature", "properties": {"fill": "#37009c"}, "geometry": {"type": "Polygon", "coordinates": [[[95.334, -0.714], [95.099, -0.714], [94.852, -0.739], [94.794, -0.742], [94.735, -0.739], [94.677, -0.73], [94.621, -0.716], [94.565, -0.696], [94.512, -0.671], [94.462, -0.641], [94.415, -0.606], [94.372, -0.567], [94.332, -0.523], [94.297, -0.476], [94.267, -0.426], [94.242, -0.373], [94.222, -0.318], [94.208, -0.261], [94.2, -0.203], [94.197, -0.144], [94.2, -0.086], [94.208, -0.028], [94.222, 0.029], [94.242, 0.084], [94.267, 0.137], [94.297, 0.187], [94.332, 0.234], [94.372, 0.278], [94.415, 0.317], [94.462, 0.352], [94.512, 0.382], [94.565, 0.407], [94.621, 0.427], [94.7, 0.447], [94.926, 0.515], [95.143, 0.605], [95.351, 0.717], [95.438, 0.768], [95.491, 0.793], [95.546, 0.813], [95.603, 0.827], [95.661, 0.836], [95.719, 0.839], [95.779, 0.836], [96.012, 0.813], [96.247, 0.813], [96.481, 0.836], [96.704, 0.88], [96.766, 0.89], [96.825, 0.893], [96.883, 0.89], [97.057, 0.864], [97.292, 0.841], [97.364, 0.837], [97.494, 0.824], [97.73, 0.824], [97.772, 0.826], [97.83, 0.824], [97.888, 0.815], [97.945, 0.801], [98.191, 0.725], [98.259, 0.708], [98.314, 0.688], [98.367, 0.663], [98.417, 0.633], [98.464, 0.598], [98.507, 0.559], [98.547, 0.515], [98.582, 0.468], [98.612, 0.418], [98.637, 0.365], [98.657, 0.31], [98.671, 0.253], [98.679, 0.195], [98.682, 0.137], [98.679, 0.078], [98.671, 0.02], [98.653, -0.051], [98.607, -0.282], [98.588, -0.411], [98.574, -0.468], [98.554, -0.523], [98.529, -0.576], [98.499, -0.626], [98.464, -0.673], [98.425, -0.717], [98.381, -0.756], [98.334, -0.791], [98.284, -0.821], [98.231, -0.846], [98.176, -0.866], [98.119, -0.88], [98.061, -0.889], [98.002, -0.892], [97.944, -0.889], [97.886, -0.88], [97.735, -0.842], [97.694, -0.83], [97.463, -0.784], [97.229, -0.761], [97.062, -0.753], [96.827, -0.753], [96.691, -0.766], [96.583, -0.771], [96.423, -0.764], [96.187, -0.764], [95.956, -0.786], [95.896, -0.789], [95.837, -0.786], [95.759, -0.775], [95.569, -0.737], [95.334, -0.714]]]}, "id": 71}, {"type": "Feature", "properties": {"fill": "#00789c"}, "geometry": {"type": "Polygon", "coordinates": [[[87.956, 9.229], [87.773, 9.238], [87.719, 9.246], [87.662, 9.26], [87.607, 9.28], [87.554, 9.305], [87.504, 9.335], [87.457, 9.37], [87.413, 9.409], [87.374, 9.452], [87.339, 9.499], [87.309, 9.55], [87.284, 9.603], [87.264, 9.658], [87.25, 9.715], [87.241, 9.773], [87.238, 9.831], [87.241, 9.89], [87.25, 9.948], [87.264, 10.005], [87.284, 10.06], [87.309, 10.113], [87.339, 10.163], [87.374, 10.21], [87.413, 10.253], [87.457, 10.293], [87.504, 10.328], [87.554, 10.358], [87.607, 10.383], [87.726, 10.425], [87.943, 10.515], [88.151, 10.626], [88.347, 10.757], [88.487, 10.861], [88.537, 10.891], [88.59, 10.917], [88.645, 10.936], [88.702, 10.95], [88.76, 10.959], [88.819, 10.962], [88.877, 10.959], [88.935, 10.95], [89.055, 10.92], [89.156, 10.89], [89.387, 10.844], [89.621, 10.821], [89.857, 10.821], [90.091, 10.844], [90.211, 10.862], [90.27, 10.865], [90.328, 10.862], [90.386, 10.853], [90.443, 10.839], [90.498, 10.819], [90.551, 10.794], [90.601, 10.764], [90.649, 10.729], [90.692, 10.69], [90.731, 10.646], [90.766, 10.599], [90.796, 10.549], [90.839, 10.458], [90.95, 10.251], [90.973, 10.212], [90.998, 10.159], [91.018, 10.104], [91.032, 10.047], [91.041, 9.989], [91.044, 9.931], [91.041, 9.872], [91.032, 9.814], [91.018, 9.757], [90.998, 9.702], [90.973, 9.649], [90.943, 9.599], [90.908, 9.552], [90.869, 9.509], [90.799, 9.445], [90.672, 9.341], [90.558, 9.227], [90.487, 9.163], [90.44, 9.128], [90.39, 9.098], [90.337, 9.073], [90.282, 9.053], [90.225, 9.039], [90.167, 9.03], [90.108, 9.027], [90.05, 9.03], [89.992, 9.039], [89.838, 9.077], [89.607, 9.123], [89.373, 9.146], [89.138, 9.146], [88.928, 9.126], [88.857, 9.122], [88.798, 9.125], [88.613, 9.154], [88.398, 9.175], [88.225, 9.2], [88.195, 9.206], [87.956, 9.229]]]}, "id": 72}, {"type": "Feature", "properties": {"fill": "#00529c"}, "geometry": {"type": "Polygon", "coordinates": [[[-37.854, 15.549], [-38.089, 15.572], [-38.145, 15.575], [-38.203, 15.583], [-38.26, 15.598], [-38.315, 15.617], [-38.368, 15.643], [-38.419, 15.673], [-38.466, 15.708], [-38.509, 15.747], [-38.548, 15.79], [-38.583, 15.837], [-38.614, 15.888], [-38.639, 15.941], [-38.658, 15.996], [-38.673, 16.053], [-38.681, 16.111], [-38.684, 16.169], [-38.681, 16.228], [-38.673, 16.286], [-38.658, 16.342], [-38.639, 16.398], [-38.614, 16.451], [-38.583, 16.501], [-38.548, 16.548], [-38.509, 16.591], [-38.466, 16.631], [-38.419, 16.666], [-38.368, 16.696], [-38.315, 16.721], [-38.275, 16.735], [-38.057, 16.825], [-37.849, 16.936], [-37.654, 17.067], [-37.57, 17.13], [-37.519, 17.16], [-37.466, 17.185], [-37.411, 17.205], [-37.354, 17.219], [-37.296, 17.227], [-37.168, 17.234], [-36.934, 17.257], [-36.74, 17.295], [-36.663, 17.307], [-36.605, 17.31], [-36.546, 17.307], [-36.488, 17.298], [-36.431, 17.284], [-36.376, 17.264], [-36.323, 17.239], [-36.105, 17.122], [-35.888, 17.032], [-35.662, 16.963], [-35.431, 16.918], [-35.197, 16.894], [-34.971, 16.894], [-34.908, 16.891], [-34.673, 16.868], [-34.437, 16.868], [-34.203, 16.891], [-34.034, 16.925], [-33.876, 16.948], [-33.78, 16.958], [-33.549, 17.004], [-33.5, 17.016], [-33.442, 17.025], [-33.383, 17.027], [-33.325, 17.025], [-33.267, 17.016], [-33.21, 17.002], [-33.155, 16.982], [-33.102, 16.957], [-33.051, 16.927], [-33.004, 16.892], [-32.961, 16.853], [-32.922, 16.809], [-32.887, 16.762], [-32.857, 16.712], [-32.832, 16.659], [-32.812, 16.604], [-32.798, 16.547], [-32.789, 16.489], [-32.786, 16.43], [-32.789, 16.372], [-32.798, 16.314], [-32.812, 16.257], [-32.832, 16.202], [-32.857, 16.149], [-32.887, 16.099], [-32.922, 16.051], [-32.961, 16.008], [-33.004, 15.969], [-33.051, 15.934], [-33.102, 15.904], [-33.155, 15.879], [-33.21, 15.859], [-33.267, 15.845], [-33.393, 15.826], [-33.49, 15.816], [-33.721, 15.77], [-33.805, 15.749], [-33.965, 15.718], [-34.19, 15.649], [-34.408, 15.559], [-34.615, 15.448], [-34.811, 15.317], [-35.004, 15.158], [-35.051, 15.123], [-35.101, 15.093], [-35.154, 15.068], [-35.209, 15.048], [-35.266, 15.034], [-35.324, 15.026], [-35.383, 15.023], [-35.441, 15.026], [-35.499, 15.034], [-35.556, 15.048], [-35.611, 15.068], [-35.664, 15.093], [-35.888, 15.214], [-36.105, 15.304], [-36.331, 15.372], [-36.562, 15.418], [-36.796, 15.441], [-37.032, 15.441], [-37.149, 15.43], [-37.267, 15.424], [-37.325, 15.427], [-37.383, 15.436], [-37.483, 15.461], [-37.623, 15.503], [-37.854, 15.549]]]}, "id": 73}, {"type": "Feature", "properties": {"fill": "#516ebc"}, "geometry": {"type": "Polygon", "coordinates": [[[35.391, 22.169], [35.34, 22.419], [35.332, 22.477], [35.329, 22.535], [35.332, 22.594], [35.34, 22.652], [35.354, 22.708], [35.374, 22.764], [35.399, 22.817], [35.429, 22.867], [35.464, 22.914], [35.504, 22.957], [35.547, 22.997], [35.594, 23.032], [35.666, 23.074], [35.861, 23.205], [36.043, 23.355], [36.21, 23.521], [36.28, 23.606], [36.361, 23.696], [36.405, 23.736], [36.506, 23.811], [36.689, 23.96], [36.855, 24.127], [37.004, 24.309], [37.135, 24.505], [37.208, 24.641], [37.259, 24.726], [37.294, 24.773], [37.333, 24.817], [37.377, 24.856], [37.665, 25.071], [37.709, 25.098], [37.762, 25.123], [37.818, 25.143], [37.874, 25.157], [37.932, 25.166], [37.991, 25.168], [38.049, 25.166], [38.136, 25.153], [38.248, 25.125], [38.303, 25.105], [38.356, 25.08], [38.406, 25.05], [38.453, 25.015], [38.497, 24.976], [38.536, 24.932], [38.571, 24.885], [38.601, 24.835], [38.626, 24.782], [38.646, 24.727], [38.66, 24.67], [38.676, 24.561], [38.679, 24.5], [38.676, 24.442], [38.668, 24.384], [38.653, 24.327], [38.634, 24.272], [38.609, 24.219], [38.579, 24.168], [38.544, 24.121], [38.489, 24.061], [38.34, 23.879], [38.209, 23.683], [38.098, 23.475], [38.008, 23.258], [37.939, 23.032], [37.893, 22.801], [37.878, 22.698], [37.864, 22.641], [37.844, 22.586], [37.819, 22.533], [37.789, 22.483], [37.727, 22.4], [37.635, 22.287], [37.504, 22.091], [37.393, 21.883], [37.364, 21.813], [37.304, 21.688], [37.274, 21.638], [37.239, 21.591], [37.2, 21.547], [37.157, 21.508], [37.087, 21.456], [36.938, 21.357], [36.865, 21.303], [36.815, 21.273], [36.762, 21.248], [36.707, 21.228], [36.65, 21.214], [36.628, 21.21], [36.397, 21.164], [36.194, 21.103], [36.126, 21.086], [36.068, 21.077], [36.009, 21.074], [35.951, 21.077], [35.893, 21.086], [35.836, 21.1], [35.781, 21.12], [35.728, 21.145], [35.678, 21.175], [35.631, 21.21], [35.587, 21.249], [35.548, 21.293], [35.513, 21.34], [35.483, 21.39], [35.458, 21.443], [35.438, 21.498], [35.424, 21.555], [35.415, 21.613], [35.412, 21.672], [35.414, 21.7], [35.414, 21.935], [35.391, 22.169]]]}, "id": 74}, {"type": "Feature", "properties": {"fill": "#00529c"}, "geometry": {"type": "Polygon", "coordinates": [[[81.978, 9.826], [82.035, 9.812], [82.09, 9.792], [82.164, 9.757], [82.381, 9.667], [82.607, 9.599], [82.838, 9.553], [83.072, 9.53], [83.308, 9.53], [83.542, 9.553], [83.773, 9.599], [83.998, 9.667], [84.066, 9.691], [84.123, 9.705], [84.181, 9.714], [84.239, 9.717], [84.298, 9.714], [84.356, 9.705], [84.413, 9.691], [84.468, 9.672], [84.582, 9.618], [84.799, 9.528], [84.931, 9.481], [84.984, 9.455], [85.034, 9.425], [85.081, 9.39], [85.124, 9.351], [85.164, 9.308], [85.199, 9.261], [85.229, 9.21], [85.254, 9.157], [85.273, 9.102], [85.288, 9.045], [85.304, 8.934], [85.317, 8.807], [85.338, 8.666], [85.34, 8.608], [85.338, 8.549], [85.329, 8.491], [85.315, 8.434], [85.295, 8.379], [85.27, 8.326], [85.24, 8.276], [85.205, 8.229], [85.166, 8.186], [85.122, 8.146], [85.075, 8.111], [85.025, 8.081], [84.972, 8.056], [84.917, 8.036], [84.86, 8.022], [84.802, 8.014], [84.743, 8.011], [84.685, 8.014], [84.627, 8.022], [84.491, 8.056], [84.26, 8.102], [84.025, 8.125], [83.79, 8.125], [83.555, 8.102], [83.449, 8.086], [83.391, 8.084], [83.332, 8.086], [83.274, 8.095], [83.217, 8.109], [83.162, 8.129], [83.109, 8.154], [83.045, 8.193], [82.876, 8.305], [82.669, 8.416], [82.451, 8.506], [82.226, 8.575], [81.995, 8.621], [81.76, 8.644], [81.697, 8.647], [81.639, 8.655], [81.582, 8.67], [81.527, 8.689], [81.474, 8.714], [81.423, 8.745], [81.376, 8.78], [81.333, 8.819], [81.294, 8.862], [81.259, 8.909], [81.229, 8.96], [81.204, 9.013], [81.184, 9.068], [81.17, 9.125], [81.161, 9.183], [81.158, 9.241], [81.161, 9.3], [81.17, 9.358], [81.184, 9.414], [81.204, 9.47], [81.229, 9.523], [81.259, 9.573], [81.294, 9.62], [81.333, 9.663], [81.376, 9.703], [81.423, 9.738], [81.474, 9.768], [81.527, 9.793], [81.582, 9.812], [81.639, 9.827], [81.697, 9.835], [81.801, 9.84], [81.92, 9.835], [81.978, 9.826]]]}, "id": 75}, {"type": "Feature", "properties": {"fill": "#00789c"}, "geometry": {"type": "Polygon", "coordinates": [[[14.262, 39.371], [14.248, 39.428], [14.239, 39.486], [14.236, 39.544], [14.239, 39.603], [14.248, 39.661], [14.262, 39.718], [14.274, 39.75], [14.342, 39.975], [14.388, 40.206], [14.399, 40.28], [14.413, 40.336], [14.433, 40.392], [14.458, 40.445], [14.488, 40.495], [14.523, 40.542], [14.562, 40.585], [14.606, 40.625], [14.653, 40.66], [14.703, 40.69], [14.756, 40.715], [14.811, 40.735], [14.868, 40.749], [14.926, 40.757], [14.984, 40.76], [15.043, 40.757], [15.101, 40.749], [15.209, 40.722], [15.346, 40.68], [15.525, 40.636], [15.575, 40.618], [15.628, 40.593], [15.679, 40.563], [15.726, 40.528], [15.769, 40.489], [15.808, 40.445], [15.843, 40.398], [15.873, 40.348], [15.899, 40.295], [15.918, 40.24], [15.933, 40.183], [15.941, 40.125], [15.952, 39.888], [15.949, 39.829], [15.941, 39.771], [15.927, 39.714], [15.907, 39.659], [15.882, 39.606], [15.852, 39.556], [15.817, 39.509], [15.777, 39.465], [15.734, 39.426], [15.611, 39.335], [15.572, 39.309], [15.39, 39.159], [15.361, 39.13], [15.245, 39.025], [15.198, 38.99], [15.148, 38.96], [15.095, 38.935], [15.04, 38.916], [14.983, 38.901], [14.925, 38.893], [14.866, 38.89], [14.808, 38.893], [14.75, 38.901], [14.693, 38.916], [14.638, 38.935], [14.585, 38.96], [14.535, 38.99], [14.488, 39.025], [14.444, 39.065], [14.405, 39.108], [14.37, 39.155], [14.312, 39.251], [14.282, 39.316], [14.262, 39.371]]]}, "id": 76}, {"type": "Feature", "properties": {"fill": "#516ebc"}, "geometry": {"type": "Polygon", "coordinates": [[[74.7, 8.719], [74.686, 8.776], [74.677, 8.834], [74.674, 8.892], [74.677, 8.951], [74.686, 9.009], [74.7, 9.065], [74.72, 9.121], [74.745, 9.174], [74.867, 9.402], [74.945, 9.568], [74.973, 9.614], [75.008, 9.661], [75.047, 9.705], [75.091, 9.744], [75.138, 9.779], [75.188, 9.809], [75.241, 9.834], [75.296, 9.854], [75.353, 9.868], [75.411, 9.877], [75.469, 9.88], [75.637, 9.872], [75.833, 9.872], [75.912, 9.868], [75.97, 9.859], [76.026, 9.845], [76.082, 9.825], [76.135, 9.8], [76.185, 9.77], [76.269, 9.708], [76.399, 9.621], [76.478, 9.562], [76.521, 9.523], [76.56, 9.48], [76.595, 9.433], [76.625, 9.382], [76.65, 9.329], [76.67, 9.274], [76.684, 9.217], [76.693, 9.159], [76.696, 9.101], [76.693, 9.042], [76.684, 8.984], [76.67, 8.927], [76.65, 8.872], [76.625, 8.819], [76.595, 8.769], [76.56, 8.722], [76.521, 8.679], [76.478, 8.639], [76.373, 8.562], [76.296, 8.51], [76.114, 8.361], [76.07, 8.321], [76.023, 8.286], [75.972, 8.256], [75.919, 8.231], [75.864, 8.211], [75.807, 8.197], [75.749, 8.188], [75.691, 8.185], [75.632, 8.188], [75.574, 8.197], [75.495, 8.216], [75.264, 8.262], [75.17, 8.276], [75.113, 8.291], [75.058, 8.31], [75.005, 8.335], [74.954, 8.366], [74.907, 8.4], [74.864, 8.44], [74.824, 8.483], [74.79, 8.53], [74.759, 8.582], [74.719, 8.665], [74.7, 8.719]]]}, "id": 77}, {"type": "Feature", "properties": {"fill": "#516ebc"}, "geometry": {"type": "Polygon", "coordinates": [[[77.988, 7.84], [77.929, 7.843], [77.871, 7.851], [77.814, 7.866], [77.759, 7.885], [77.706, 7.91], [77.656, 7.94], [77.609, 7.975], [77.565, 8.015], [77.526, 8.058], [77.491, 8.105], [77.461, 8.155], [77.436, 8.208], [77.416, 8.264], [77.402, 8.32], [77.393, 8.378], [77.39, 8.437], [77.393, 8.495], [77.402, 8.553], [77.416, 8.61], [77.436, 8.665], [77.461, 8.718], [77.491, 8.769], [77.526, 8.816], [77.565, 8.859], [77.609, 8.899], [77.656, 8.933], [77.706, 8.964], [77.759, 8.989], [77.814, 9.008], [77.871, 9.023], [77.951, 9.034], [78.182, 9.08], [78.408, 9.149], [78.625, 9.239], [78.833, 9.35], [79.029, 9.481], [79.087, 9.524], [79.137, 9.554], [79.19, 9.579], [79.245, 9.599], [79.302, 9.613], [79.36, 9.622], [79.418, 9.624], [79.477, 9.622], [79.535, 9.613], [79.592, 9.599], [79.647, 9.579], [79.7, 9.554], [79.75, 9.524], [79.797, 9.489], [79.841, 9.45], [79.96, 9.317], [80.127, 9.15], [80.23, 9.057], [80.269, 9.014], [80.304, 8.967], [80.334, 8.916], [80.359, 8.863], [80.379, 8.808], [80.393, 8.751], [80.402, 8.693], [80.405, 8.635], [80.402, 8.576], [80.393, 8.518], [80.379, 8.461], [80.359, 8.406], [80.334, 8.353], [80.304, 8.303], [80.269, 8.256], [80.23, 8.213], [80.187, 8.173], [80.139, 8.138], [80.089, 8.108], [80.036, 8.083], [79.981, 8.063], [79.924, 8.049], [79.887, 8.044], [79.656, 7.998], [79.62, 7.989], [79.562, 7.98], [79.44, 7.974], [79.331, 7.974], [79.096, 7.951], [79.046, 7.941], [78.897, 7.919], [78.838, 7.916], [78.795, 7.918], [78.56, 7.918], [78.325, 7.895], [78.114, 7.853], [78.046, 7.843], [77.988, 7.84]]]}, "id": 78}, {"type": "Feature", "properties": {"fill": "#00529c"}, "geometry": {"type": "Polygon", "coordinates": [[[35.79, -8.602], [35.923, -8.4], [36.02, -8.236], [36.049, -8.196], [36.089, -8.152], [36.132, -8.113], [36.179, -8.078], [36.229, -8.048], [36.282, -8.023], [36.338, -8.003], [36.394, -7.989], [36.452, -7.98], [36.511, -7.977], [36.569, -7.98], [36.627, -7.989], [36.684, -8.003], [36.739, -8.023], [36.792, -8.048], [36.843, -8.078], [36.89, -8.113], [36.933, -8.152], [37.035, -8.265], [37.066, -8.303], [37.233, -8.469], [37.415, -8.619], [37.611, -8.749], [37.702, -8.804], [37.749, -8.839], [37.792, -8.878], [37.831, -8.922], [37.866, -8.969], [37.896, -9.019], [37.921, -9.072], [37.945, -9.138], [38.007, -9.341], [38.023, -9.385], [38.037, -9.442], [38.045, -9.5], [38.048, -9.559], [38.045, -9.617], [38.037, -9.675], [38.023, -9.732], [38.003, -9.787], [37.978, -9.84], [37.948, -9.89], [37.916, -9.934], [37.785, -10.129], [37.747, -10.2], [37.677, -10.317], [37.642, -10.364], [37.603, -10.408], [37.559, -10.447], [37.512, -10.482], [37.462, -10.512], [37.409, -10.537], [37.354, -10.557], [37.28, -10.575], [37.083, -10.614], [36.932, -10.66], [36.838, -10.684], [36.78, -10.693], [36.721, -10.695], [36.663, -10.693], [36.605, -10.684], [36.548, -10.67], [36.493, -10.65], [36.44, -10.625], [36.39, -10.595], [36.343, -10.56], [36.299, -10.521], [36.26, -10.477], [36.228, -10.434], [36.078, -10.252], [35.912, -10.085], [35.73, -9.936], [35.656, -9.886], [35.55, -9.808], [35.506, -9.769], [35.467, -9.725], [35.432, -9.678], [35.402, -9.628], [35.377, -9.575], [35.357, -9.52], [35.343, -9.463], [35.334, -9.405], [35.331, -9.346], [35.334, -9.288], [35.343, -9.23], [35.357, -9.173], [35.377, -9.118], [35.402, -9.065], [35.432, -9.015], [35.467, -8.968], [35.544, -8.882], [35.637, -8.789], [35.79, -8.602]]]}, "id": 79}, {"type": "Feature", "properties": {"fill": "#37009c"}, "geometry": {"type": "Polygon", "coordinates": [[[35.482, -13.283], [35.427, -13.263], [35.374, -13.238], [35.324, -13.208], [35.277, -13.173], [35.233, -13.134], [35.194, -13.09], [35.159, -13.043], [35.129, -12.993], [35.104, -12.94], [35.084, -12.885], [35.07, -12.828], [35.061, -12.77], [35.058, -12.711], [35.061, -12.653], [35.07, -12.595], [35.084, -12.538], [35.104, -12.483], [35.129, -12.43], [35.159, -12.38], [35.194, -12.333], [35.233, -12.289], [35.277, -12.25], [35.324, -12.215], [35.374, -12.185], [35.427, -12.16], [35.482, -12.14], [35.539, -12.126], [35.597, -12.117], [35.739, -12.11], [35.807, -12.11], [36.042, -12.087], [36.273, -12.041], [36.437, -12.0], [36.514, -11.989], [36.71, -11.969], [36.811, -11.949], [36.935, -11.931], [36.993, -11.928], [37.052, -11.931], [37.11, -11.939], [37.166, -11.954], [37.222, -11.973], [37.275, -11.999], [37.325, -12.029], [37.372, -12.064], [37.415, -12.103], [37.455, -12.146], [37.536, -12.256], [37.686, -12.438], [37.724, -12.477], [37.824, -12.587], [37.877, -12.658], [37.923, -12.735], [37.948, -12.788], [37.968, -12.844], [37.982, -12.9], [37.991, -12.958], [37.994, -13.017], [37.991, -13.075], [37.982, -13.133], [37.968, -13.19], [37.948, -13.245], [37.923, -13.298], [37.893, -13.349], [37.858, -13.396], [37.819, -13.439], [37.775, -13.478], [37.728, -13.513], [37.678, -13.543], [37.625, -13.569], [37.57, -13.588], [37.513, -13.602], [37.455, -13.611], [37.328, -13.617], [37.229, -13.617], [36.995, -13.64], [36.942, -13.648], [36.883, -13.651], [36.824, -13.648], [36.767, -13.64], [36.71, -13.625], [36.655, -13.606], [36.501, -13.533], [36.283, -13.443], [36.058, -13.374], [35.827, -13.329], [35.601, -13.306], [35.539, -13.297], [35.482, -13.283]]]}, "id": 80}, {"type": "Feature", "properties": {"fill": "#153477"}, "geometry": {"type": "Polygon", "coordinates": [[[68.735, 25.329], [68.782, 25.364], [68.832, 25.394], [68.885, 25.419], [68.94, 25.439], [68.997, 25.453], [69.055, 25.462], [69.224, 25.47], [69.458, 25.493], [69.689, 25.539], [69.915, 25.607], [69.981, 25.631], [70.038, 25.645], [70.096, 25.654], [70.165, 25.657], [70.38, 25.657], [70.615, 25.68], [70.783, 25.714], [70.873, 25.727], [70.931, 25.73], [70.99, 25.727], [71.048, 25.719], [71.104, 25.704], [71.16, 25.685], [71.213, 25.66], [71.263, 25.63], [71.31, 25.595], [71.353, 25.555], [71.393, 25.512], [71.428, 25.465], [71.458, 25.415], [71.483, 25.362], [71.502, 25.306], [71.517, 25.25], [71.525, 25.192], [71.528, 25.133], [71.525, 25.075], [71.517, 25.017], [71.502, 24.96], [71.483, 24.905], [71.458, 24.852], [71.428, 24.801], [71.393, 24.754], [71.353, 24.711], [71.286, 24.65], [71.12, 24.484], [70.97, 24.302], [70.84, 24.106], [70.801, 24.042], [70.766, 23.995], [70.727, 23.951], [70.684, 23.912], [70.637, 23.877], [70.586, 23.847], [70.533, 23.822], [70.478, 23.802], [70.421, 23.788], [70.182, 23.74], [69.95, 23.668], [69.772, 23.603], [69.723, 23.591], [69.665, 23.582], [69.606, 23.579], [69.548, 23.582], [69.49, 23.591], [69.369, 23.621], [69.27, 23.651], [69.233, 23.658], [69.223, 23.703], [69.19, 23.754], [69.008, 23.968], [68.944, 24.207], [68.938, 24.453], [68.936, 24.461], [68.929, 24.565], [68.961, 24.616], [68.658, 25.253], [68.691, 25.29], [68.735, 25.329]]]}, "id": 81}, {"type": "Feature", "properties": {"fill": "#00529c"}, "geometry": {"type": "Polygon", "coordinates": [[[67.221, 24.039], [67.236, 24.139], [67.25, 24.196], [67.27, 24.251], [67.295, 24.304], [67.325, 24.354], [67.36, 24.401], [67.399, 24.445], [67.443, 24.484], [67.49, 24.519], [67.571, 24.568], [67.715, 24.645], [67.91, 24.775], [68.092, 24.925], [68.235, 25.068], [68.291, 25.118], [68.338, 25.153], [68.388, 25.183], [68.441, 25.208], [68.496, 25.228], [68.553, 25.242], [68.611, 25.251], [68.658, 25.253], [68.961, 24.616], [68.929, 24.565], [68.936, 24.461], [68.938, 24.453], [68.944, 24.207], [69.008, 23.968], [69.19, 23.754], [69.215, 23.715], [69.201, 23.686], [69.172, 23.637], [69.137, 23.59], [69.045, 23.488], [69.0, 23.447], [68.953, 23.413], [68.903, 23.382], [68.85, 23.357], [68.795, 23.338], [68.734, 23.32], [68.499, 23.261], [68.274, 23.193], [68.056, 23.103], [67.995, 23.074], [67.94, 23.054], [67.883, 23.04], [67.825, 23.031], [67.767, 23.028], [67.708, 23.031], [67.65, 23.04], [67.593, 23.054], [67.538, 23.074], [67.485, 23.099], [67.435, 23.129], [67.388, 23.164], [67.344, 23.203], [67.305, 23.246], [67.27, 23.293], [67.24, 23.344], [67.215, 23.397], [67.195, 23.452], [67.181, 23.509], [67.172, 23.567], [67.17, 23.625], [67.172, 23.684], [67.194, 23.827], [67.206, 23.889], [67.221, 24.039]]]}, "id": 82}, {"type": "Feature", "properties": {"fill": "#00789c"}, "geometry": {"type": "MultiPolygon", "coordinates": [[[[92.623, 17.382], [92.566, 17.396], [92.511, 17.416], [92.458, 17.441], [92.407, 17.471], [92.36, 17.506], [92.317, 17.546], [92.278, 17.589], [92.243, 17.636], [92.213, 17.686], [92.188, 17.739], [92.168, 17.794], [92.154, 17.851], [92.145, 17.909], [92.142, 17.968], [92.145, 18.026], [92.154, 18.084], [92.23, 18.535], [92.642, 19.017], [93.559, 18.036], [93.201, 17.589], [93.161, 17.546], [93.118, 17.506], [93.071, 17.471], [93.021, 17.441], [92.968, 17.416], [92.913, 17.396], [92.856, 17.382], [92.798, 17.373], [92.739, 17.371], [92.681, 17.373], [92.623, 17.382]]], [[[92.557, 20.235], [92.605, 20.279], [92.651, 21.024], [92.757, 21.388], [92.752, 21.418], [92.951, 21.599], [92.998, 21.634], [93.622, 22.014], [93.675, 22.039], [93.73, 22.059], [93.787, 22.073], [93.845, 22.082], [93.903, 22.084], [94.946, 22.079], [95.004, 22.076], [95.062, 22.068], [95.593, 21.966], [95.647, 21.953], [95.702, 21.933], [95.755, 21.908], [95.805, 21.878], [95.852, 21.843], [95.896, 21.803], [95.935, 21.76], [95.97, 21.713], [96.0, 21.663], [96.025, 21.61], [96.045, 21.555], [96.059, 21.498], [96.068, 21.44], [96.071, 21.381], [96.068, 21.323], [96.059, 21.265], [96.045, 21.208], [96.025, 21.153], [96.0, 21.1], [95.97, 21.05], [95.935, 21.002], [95.68, 20.684], [95.461, 20.66], [95.443, 20.66], [95.282, 20.682], [95.143, 20.613], [95.064, 20.463], [94.745, 20.066], [94.742, 20.057], [94.649, 19.966], [94.481, 19.864], [94.469, 19.854], [94.323, 19.783], [94.016, 19.767], [93.759, 19.414], [93.605, 19.414], [93.309, 19.375], [92.643, 19.045], [92.381, 19.43], [92.493, 20.093], [92.557, 20.235]]]]}, "id": 83}, {"type": "Feature", "properties": {"fill": "#516ebc"}, "geometry": {"type": "Polygon", "coordinates": [[[93.605, 19.414], [93.759, 19.414], [94.016, 19.767], [94.323, 19.783], [94.469, 19.854], [94.481, 19.864], [94.649, 19.966], [94.742, 20.057], [94.745, 20.066], [95.064, 20.463], [95.097, 20.526], [95.167, 20.542], [95.225, 20.55], [95.375, 20.558], [95.428, 20.558], [95.663, 20.581], [95.894, 20.627], [96.119, 20.695], [96.217, 20.73], [96.274, 20.744], [96.332, 20.753], [96.39, 20.756], [96.449, 20.753], [96.507, 20.744], [96.598, 20.721], [96.755, 20.674], [96.808, 20.661], [96.863, 20.641], [96.916, 20.616], [96.966, 20.586], [97.013, 20.551], [97.136, 20.439], [97.318, 20.29], [97.392, 20.235], [97.435, 20.196], [97.475, 20.152], [97.51, 20.105], [97.54, 20.055], [97.565, 20.002], [97.585, 19.947], [97.599, 19.89], [97.607, 19.832], [97.61, 19.773], [97.607, 19.715], [97.599, 19.657], [97.585, 19.6], [97.565, 19.545], [97.54, 19.492], [97.51, 19.442], [97.475, 19.395], [97.435, 19.351], [97.392, 19.312], [97.345, 19.277], [97.295, 19.247], [97.242, 19.222], [97.187, 19.202], [97.03, 19.163], [96.805, 19.095], [96.587, 19.004], [96.412, 18.911], [96.343, 18.878], [96.287, 18.858], [96.055, 18.788], [95.896, 18.731], [95.839, 18.717], [95.781, 18.708], [95.723, 18.705], [95.629, 18.71], [95.465, 18.726], [95.23, 18.726], [94.995, 18.703], [94.94, 18.696], [94.709, 18.65], [94.483, 18.581], [94.266, 18.491], [94.058, 18.38], [93.963, 18.323], [93.91, 18.298], [93.855, 18.279], [93.798, 18.264], [93.741, 18.256], [93.682, 18.253], [93.623, 18.256], [93.566, 18.264], [93.509, 18.279], [93.453, 18.298], [93.401, 18.323], [93.35, 18.354], [93.303, 18.388], [93.26, 18.428], [93.22, 18.471], [93.186, 18.518], [93.155, 18.569], [93.13, 18.622], [93.111, 18.677], [93.096, 18.734], [93.088, 18.792], [93.085, 18.85], [93.088, 18.909], [93.096, 18.967], [93.111, 19.023], [93.13, 19.079], [93.155, 19.132], [93.186, 19.182], [93.22, 19.229], [93.26, 19.272], [93.315, 19.322], [93.393, 19.386], [93.605, 19.414]]]}, "id": 84}, {"type": "Feature", "properties": {"fill": "#00529c"}, "geometry": {"type": "Polygon", "coordinates": [[[90.995, 21.396], [91.042, 21.431], [91.092, 21.461], [91.145, 21.486], [91.201, 21.506], [91.257, 21.52], [91.315, 21.528], [91.477, 21.536], [91.585, 21.547], [91.707, 21.553], [91.869, 21.545], [92.12, 21.546], [92.31, 21.557], [92.361, 21.554], [92.419, 21.546], [92.475, 21.531], [92.531, 21.512], [92.584, 21.486], [92.634, 21.456], [92.681, 21.421], [92.724, 21.382], [92.748, 21.356], [92.651, 21.024], [92.605, 20.279], [92.557, 20.235], [92.32, 19.706], [92.329, 19.626], [92.323, 19.612], [92.255, 19.386], [92.209, 19.155], [92.186, 18.921], [92.184, 18.891], [92.176, 18.833], [92.162, 18.776], [92.142, 18.721], [92.117, 18.668], [92.087, 18.618], [92.052, 18.57], [92.012, 18.527], [91.969, 18.488], [91.922, 18.453], [91.872, 18.423], [91.819, 18.398], [91.764, 18.378], [91.707, 18.364], [91.649, 18.355], [91.59, 18.352], [91.532, 18.355], [91.474, 18.364], [91.417, 18.378], [91.362, 18.398], [91.309, 18.423], [91.258, 18.453], [91.211, 18.488], [91.168, 18.527], [91.129, 18.57], [91.094, 18.618], [91.064, 18.668], [91.039, 18.721], [90.945, 18.948], [90.904, 19.024], [91.028, 19.248], [91.158, 19.327], [91.279, 20.011], [91.103, 20.193], [90.976, 20.189], [90.793, 20.013], [90.516, 20.156], [90.511, 20.311], [90.677, 20.576], [90.641, 20.896], [90.621, 20.993], [90.672, 21.044], [90.814, 21.2], [90.855, 21.249], [90.952, 21.356], [90.995, 21.396]]]}, "id": 85}, {"type": "Feature", "properties": {"fill": "#00789c"}, "geometry": {"type": "Polygon", "coordinates": [[[88.519, 20.762], [88.755, 20.762], [88.989, 20.785], [89.22, 20.831], [89.323, 20.857], [89.381, 20.865], [89.552, 20.874], [89.786, 20.897], [90.017, 20.943], [90.17, 20.989], [90.264, 21.013], [90.322, 21.021], [90.38, 21.024], [90.439, 21.021], [90.497, 21.013], [90.553, 20.998], [90.609, 20.979], [90.626, 20.97], [90.641, 20.896], [90.677, 20.576], [90.511, 20.311], [90.516, 20.156], [90.793, 20.013], [90.976, 20.189], [91.103, 20.193], [91.279, 20.011], [91.158, 19.327], [91.028, 19.248], [91.002, 19.2], [90.809, 19.07], [90.759, 19.04], [90.706, 19.015], [90.588, 18.973], [90.49, 18.943], [90.273, 18.853], [90.065, 18.742], [89.967, 18.683], [89.914, 18.658], [89.858, 18.638], [89.802, 18.624], [89.744, 18.615], [89.685, 18.613], [89.642, 18.615], [89.406, 18.615], [89.172, 18.592], [88.941, 18.546], [88.715, 18.477], [88.522, 18.408], [88.496, 18.4], [88.278, 18.31], [88.135, 18.242], [88.08, 18.223], [88.023, 18.208], [87.965, 18.2], [87.906, 18.197], [87.848, 18.2], [87.79, 18.208], [87.733, 18.223], [87.659, 18.249], [87.434, 18.317], [87.203, 18.363], [86.968, 18.386], [86.877, 18.391], [86.819, 18.399], [86.763, 18.414], [86.707, 18.433], [86.654, 18.458], [86.604, 18.488], [86.557, 18.523], [86.514, 18.563], [86.474, 18.606], [86.439, 18.653], [86.409, 18.703], [86.384, 18.756], [86.365, 18.812], [86.35, 18.868], [86.342, 18.926], [86.339, 18.985], [86.342, 19.043], [86.35, 19.101], [86.365, 19.158], [86.384, 19.213], [86.409, 19.266], [86.439, 19.317], [86.474, 19.364], [86.514, 19.407], [86.557, 19.447], [86.604, 19.481], [86.735, 19.56], [86.931, 19.691], [87.113, 19.84], [87.279, 20.007], [87.429, 20.189], [87.56, 20.385], [87.623, 20.49], [87.658, 20.538], [87.698, 20.581], [87.741, 20.62], [87.788, 20.655], [87.838, 20.685], [87.891, 20.71], [87.946, 20.73], [88.003, 20.744], [88.061, 20.753], [88.136, 20.757], [88.205, 20.764], [88.347, 20.77], [88.519, 20.762]]]}, "id": 86}, {"type": "Feature", "properties": {"fill": "#00529c"}, "geometry": {"type": "Polygon", "coordinates": [[[2.297, -9.645], [2.464, -9.811], [2.646, -9.961], [2.841, -10.091], [3.049, -10.202], [3.267, -10.293], [3.492, -10.361], [3.723, -10.407], [3.958, -10.43], [4.193, -10.43], [4.427, -10.407], [4.484, -10.398], [4.543, -10.396], [4.601, -10.398], [4.659, -10.407], [4.716, -10.421], [4.771, -10.441], [4.824, -10.466], [4.875, -10.496], [4.922, -10.531], [4.965, -10.57], [5.004, -10.614], [5.039, -10.661], [5.07, -10.711], [5.095, -10.764], [5.114, -10.819], [5.129, -10.876], [5.137, -10.934], [5.14, -10.993], [5.137, -11.051], [5.129, -11.109], [5.114, -11.166], [5.095, -11.221], [5.07, -11.274], [5.039, -11.324], [5.004, -11.372], [4.965, -11.415], [4.922, -11.454], [4.875, -11.489], [4.824, -11.519], [4.771, -11.544], [4.63, -11.595], [4.547, -11.616], [4.478, -11.626], [4.247, -11.672], [3.991, -11.736], [3.947, -11.745], [3.756, -11.794], [3.527, -11.864], [3.351, -11.929], [3.301, -11.941], [3.243, -11.95], [3.184, -11.953], [3.126, -11.95], [3.068, -11.941], [3.011, -11.927], [2.956, -11.907], [2.903, -11.882], [2.852, -11.852], [2.805, -11.817], [2.762, -11.778], [2.723, -11.734], [2.688, -11.687], [2.657, -11.637], [2.632, -11.583], [2.543, -11.368], [2.432, -11.16], [2.301, -10.964], [2.152, -10.782], [1.985, -10.616], [1.803, -10.466], [1.607, -10.335], [1.399, -10.224], [1.258, -10.158], [1.208, -10.128], [1.161, -10.093], [0.973, -9.938], [0.778, -9.807], [0.754, -9.793], [0.707, -9.758], [0.663, -9.719], [0.624, -9.675], [0.589, -9.628], [0.559, -9.578], [0.534, -9.525], [0.514, -9.47], [0.5, -9.413], [0.491, -9.355], [0.488, -9.297], [0.491, -9.238], [0.5, -9.18], [0.514, -9.123], [0.534, -9.068], [0.559, -9.015], [0.589, -8.965], [0.624, -8.918], [0.663, -8.874], [0.707, -8.835], [0.754, -8.8], [0.804, -8.77], [0.857, -8.745], [0.912, -8.725], [0.969, -8.711], [1.027, -8.702], [1.085, -8.699], [1.334, -8.711], [1.388, -8.719], [1.445, -8.733], [1.5, -8.753], [1.553, -8.778], [1.603, -8.808], [1.65, -8.843], [1.694, -8.882], [1.733, -8.926], [1.786, -8.997], [1.935, -9.179], [2.001, -9.252], [2.059, -9.33], [2.148, -9.463], [2.297, -9.645]]]}, "id": 87}, {"type": "Feature", "properties": {"fill": "#153477"}, "geometry": {"type": "Polygon", "coordinates": [[[93.362, -4.27], [93.381, -4.215], [93.406, -4.162], [93.436, -4.112], [93.471, -4.065], [93.511, -4.021], [93.554, -3.982], [93.601, -3.947], [93.651, -3.917], [93.704, -3.892], [93.789, -3.861], [93.955, -3.811], [94.084, -3.757], [94.184, -3.722], [94.241, -3.707], [94.299, -3.699], [94.358, -3.696], [94.416, -3.699], [94.474, -3.707], [94.531, -3.722], [94.586, -3.741], [94.639, -3.766], [94.689, -3.797], [94.737, -3.831], [94.78, -3.871], [94.819, -3.914], [94.854, -3.961], [94.899, -4.036], [94.928, -4.097], [94.947, -4.152], [94.962, -4.209], [94.97, -4.267], [94.973, -4.325], [94.969, -4.4], [94.949, -4.602], [94.947, -4.651], [94.938, -4.709], [94.924, -4.766], [94.904, -4.821], [94.879, -4.874], [94.849, -4.924], [94.814, -4.971], [94.75, -5.042], [94.665, -5.12], [94.618, -5.155], [94.567, -5.185], [94.514, -5.21], [94.459, -5.23], [94.402, -5.244], [94.344, -5.253], [94.286, -5.255], [94.134, -5.248], [94.086, -5.243], [93.936, -5.243], [93.835, -5.238], [93.777, -5.23], [93.72, -5.215], [93.665, -5.196], [93.612, -5.171], [93.561, -5.14], [93.514, -5.106], [93.471, -5.066], [93.432, -5.023], [93.397, -4.976], [93.367, -4.925], [93.342, -4.872], [93.322, -4.817], [93.308, -4.76], [93.299, -4.703], [93.296, -4.644], [93.299, -4.585], [93.31, -4.511], [93.344, -4.34], [93.362, -4.27]]]}, "id": 88}, {"type": "Feature", "properties": {"fill": "#00529c"}, "geometry": {"type": "Polygon", "coordinates": [[[90.563, -7.212], [90.549, -7.155], [90.54, -7.097], [90.537, -7.038], [90.54, -6.98], [90.549, -6.922], [90.563, -6.865], [90.583, -6.81], [90.608, -6.757], [90.638, -6.707], [90.725, -6.59], [90.764, -6.542], [90.79, -6.506], [90.829, -6.463], [90.873, -6.424], [90.92, -6.389], [90.97, -6.359], [91.023, -6.334], [91.078, -6.314], [91.135, -6.3], [91.193, -6.291], [91.252, -6.288], [91.491, -6.288], [91.636, -6.281], [91.695, -6.284], [91.753, -6.293], [91.852, -6.318], [91.994, -6.361], [92.225, -6.407], [92.286, -6.416], [92.521, -6.439], [92.585, -6.442], [92.643, -6.451], [92.7, -6.465], [92.755, -6.485], [92.808, -6.51], [92.859, -6.54], [92.906, -6.575], [92.949, -6.614], [92.989, -6.657], [93.023, -6.704], [93.054, -6.755], [93.079, -6.808], [93.098, -6.863], [93.113, -6.92], [93.121, -6.978], [93.124, -7.036], [93.121, -7.095], [93.113, -7.153], [93.098, -7.21], [93.063, -7.309], [92.991, -7.549], [92.971, -7.604], [92.946, -7.657], [92.916, -7.708], [92.881, -7.755], [92.842, -7.798], [92.798, -7.838], [92.751, -7.872], [92.701, -7.903], [92.648, -7.928], [92.593, -7.947], [92.536, -7.962], [92.42, -7.979], [92.189, -8.025], [92.118, -8.046], [91.983, -8.08], [91.925, -8.089], [91.866, -8.092], [91.808, -8.089], [91.75, -8.08], [91.693, -8.066], [91.625, -8.042], [91.4, -7.973], [91.169, -7.927], [91.116, -7.919], [91.059, -7.905], [91.004, -7.885], [90.951, -7.86], [90.901, -7.83], [90.854, -7.795], [90.81, -7.756], [90.771, -7.713], [90.736, -7.666], [90.706, -7.615], [90.681, -7.562], [90.646, -7.466], [90.603, -7.324], [90.563, -7.212]]]}, "id": 89}, {"type": "Feature", "properties": {"fill": "#00529c"}, "geometry": {"type": "Polygon", "coordinates": [[[93.898, -5.545], [93.951, -5.52], [94.006, -5.5], [94.063, -5.486], [94.121, -5.478], [94.179, -5.475], [94.333, -5.482], [94.378, -5.487], [94.48, -5.492], [94.538, -5.5], [94.595, -5.515], [94.65, -5.534], [94.703, -5.559], [94.754, -5.589], [94.801, -5.624], [94.844, -5.664], [94.883, -5.707], [94.918, -5.754], [94.948, -5.804], [94.973, -5.857], [94.993, -5.913], [95.007, -5.969], [95.016, -6.027], [95.019, -6.086], [95.016, -6.144], [95.007, -6.202], [94.993, -6.259], [94.973, -6.314], [94.948, -6.367], [94.918, -6.418], [94.883, -6.465], [94.844, -6.508], [94.676, -6.676], [94.618, -6.747], [94.53, -6.844], [94.487, -6.883], [94.44, -6.918], [94.389, -6.948], [94.336, -6.973], [94.281, -6.993], [94.224, -7.007], [94.166, -7.016], [94.108, -7.019], [94.049, -7.016], [93.967, -7.004], [93.732, -6.98], [93.675, -6.978], [93.617, -6.969], [93.56, -6.955], [93.505, -6.935], [93.452, -6.91], [93.402, -6.88], [93.355, -6.845], [93.311, -6.806], [93.272, -6.762], [93.237, -6.715], [93.207, -6.665], [93.182, -6.612], [93.162, -6.557], [93.148, -6.5], [93.139, -6.442], [93.137, -6.383], [93.139, -6.325], [93.148, -6.267], [93.162, -6.21], [93.182, -6.155], [93.207, -6.102], [93.237, -6.052], [93.272, -6.005], [93.311, -5.961], [93.355, -5.922], [93.402, -5.887], [93.475, -5.843], [93.671, -5.712], [93.744, -5.652], [93.848, -5.575], [93.898, -5.545]]]}, "id": 90}, {"type": "Feature", "properties": {"fill": "#516ebc"}, "geometry": {"type": "Polygon", "coordinates": [[[100.618, -12.839], [100.4, -12.749], [100.175, -12.68], [99.944, -12.634], [99.709, -12.611], [99.474, -12.611], [99.402, -12.615], [99.344, -12.612], [99.286, -12.603], [99.229, -12.589], [99.174, -12.569], [99.121, -12.544], [99.07, -12.514], [99.023, -12.479], [98.98, -12.44], [98.941, -12.397], [98.906, -12.349], [98.875, -12.299], [98.85, -12.246], [98.831, -12.191], [98.816, -12.134], [98.808, -12.076], [98.805, -12.018], [98.808, -11.959], [98.816, -11.901], [98.831, -11.844], [98.85, -11.789], [98.875, -11.736], [98.906, -11.686], [98.941, -11.639], [98.98, -11.596], [99.023, -11.556], [99.07, -11.521], [99.121, -11.491], [99.174, -11.466], [99.229, -11.446], [99.286, -11.432], [99.344, -11.424], [99.402, -11.421], [99.461, -11.424], [99.519, -11.432], [99.575, -11.446], [99.631, -11.466], [99.78, -11.537], [99.998, -11.627], [100.223, -11.695], [100.454, -11.741], [100.689, -11.764], [100.924, -11.764], [101.159, -11.741], [101.39, -11.695], [101.47, -11.675], [101.528, -11.667], [101.587, -11.664], [101.645, -11.667], [101.703, -11.675], [101.827, -11.706], [101.92, -11.735], [102.151, -11.78], [102.385, -11.804], [102.544, -11.811], [102.769, -11.834], [102.859, -11.838], [102.973, -11.855], [103.069, -11.874], [103.137, -11.891], [103.225, -11.922], [103.379, -11.986], [103.604, -12.055], [103.835, -12.101], [103.924, -12.109], [104.055, -12.129], [104.197, -12.164], [104.428, -12.21], [104.663, -12.234], [104.898, -12.234], [104.971, -12.226], [105.111, -12.22], [105.27, -12.227], [105.342, -12.238], [105.437, -12.262], [105.668, -12.308], [105.903, -12.343], [105.947, -12.351], [106.129, -12.369], [106.218, -12.382], [106.452, -12.406], [106.519, -12.406], [106.662, -12.413], [106.736, -12.423], [106.935, -12.463], [107.17, -12.486], [107.405, -12.486], [107.659, -12.46], [107.717, -12.458], [107.776, -12.46], [107.834, -12.469], [107.891, -12.483], [107.946, -12.503], [107.999, -12.528], [108.049, -12.558], [108.096, -12.593], [108.139, -12.632], [108.179, -12.676], [108.214, -12.723], [108.244, -12.773], [108.269, -12.826], [108.289, -12.881], [108.303, -12.938], [108.311, -12.996], [108.314, -13.055], [108.311, -13.113], [108.303, -13.171], [108.289, -13.228], [108.269, -13.283], [108.244, -13.336], [108.17, -13.46], [108.127, -13.539], [108.06, -13.652], [108.025, -13.699], [107.862, -13.896], [107.774, -14.014], [107.735, -14.058], [107.691, -14.097], [107.644, -14.132], [107.594, -14.162], [107.541, -14.187], [107.486, -14.207], [107.429, -14.221], [107.371, -14.23], [107.312, -14.233], [107.254, -14.23], [107.196, -14.221], [107.139, -14.207], [107.084, -14.187], [107.031, -14.162], [106.981, -14.132], [106.862, -14.044], [106.814, -14.005], [106.616, -13.873], [106.406, -13.761], [106.186, -13.671], [105.958, -13.603], [105.724, -13.558], [105.45, -13.519], [105.401, -13.509], [105.166, -13.486], [104.931, -13.486], [104.777, -13.494], [104.718, -13.491], [104.66, -13.482], [104.603, -13.468], [104.538, -13.444], [104.312, -13.376], [104.081, -13.33], [103.912, -13.313], [103.822, -13.3], [103.765, -13.286], [103.677, -13.254], [103.523, -13.191], [103.298, -13.122], [103.067, -13.076], [102.978, -13.067], [102.754, -13.034], [102.708, -13.025], [102.474, -13.002], [102.355, -12.996], [102.119, -12.996], [101.885, -13.019], [101.654, -13.065], [101.522, -13.105], [101.418, -13.131], [101.36, -13.14], [101.301, -13.143], [101.243, -13.14], [101.185, -13.131], [101.128, -13.117], [101.073, -13.098], [101.02, -13.072], [100.914, -13.009], [100.826, -12.95], [100.618, -12.839]]]}, "id": 91}, {"type": "Feature", "properties": {"fill": "#153477"}, "geometry": {"type": "Polygon", "coordinates": [[[95.448, -13.707], [95.537, -13.694], [95.714, -13.677], [95.945, -13.631], [96.17, -13.562], [96.387, -13.472], [96.595, -13.361], [96.791, -13.23], [96.924, -13.132], [96.975, -13.101], [97.028, -13.076], [97.083, -13.057], [97.14, -13.042], [97.198, -13.034], [97.256, -13.031], [97.315, -13.034], [97.373, -13.042], [97.552, -13.088], [97.783, -13.134], [98.017, -13.157], [98.089, -13.161], [98.147, -13.169], [98.204, -13.184], [98.259, -13.203], [98.312, -13.228], [98.363, -13.258], [98.41, -13.293], [98.453, -13.333], [98.493, -13.376], [98.527, -13.423], [98.558, -13.473], [98.583, -13.526], [98.602, -13.582], [98.617, -13.638], [98.625, -13.696], [98.628, -13.755], [98.625, -13.813], [98.617, -13.871], [98.602, -13.928], [98.583, -13.983], [98.558, -14.036], [98.527, -14.087], [98.459, -14.178], [98.329, -14.374], [98.272, -14.469], [98.237, -14.516], [98.198, -14.559], [98.154, -14.598], [98.107, -14.633], [98.057, -14.663], [98.004, -14.688], [97.949, -14.708], [97.892, -14.722], [97.834, -14.731], [97.776, -14.734], [97.589, -14.724], [97.353, -14.724], [97.119, -14.747], [96.888, -14.793], [96.663, -14.861], [96.601, -14.883], [96.544, -14.897], [96.486, -14.906], [96.428, -14.909], [96.369, -14.906], [96.285, -14.893], [96.05, -14.87], [95.815, -14.87], [95.58, -14.893], [95.507, -14.904], [95.279, -14.95], [95.219, -14.958], [95.161, -14.961], [95.102, -14.958], [95.044, -14.95], [94.988, -14.936], [94.932, -14.916], [94.879, -14.891], [94.829, -14.861], [94.782, -14.826], [94.739, -14.786], [94.699, -14.743], [94.664, -14.696], [94.634, -14.646], [94.609, -14.593], [94.59, -14.537], [94.575, -14.481], [94.567, -14.423], [94.564, -14.364], [94.567, -14.306], [94.575, -14.248], [94.59, -14.191], [94.609, -14.136], [94.634, -14.083], [94.664, -14.032], [94.699, -13.985], [94.739, -13.942], [94.782, -13.903], [94.829, -13.868], [94.879, -13.838], [94.932, -13.813], [94.988, -13.793], [95.044, -13.779], [95.221, -13.753], [95.448, -13.707]]]}, "id": 92}, {"type": "Feature", "properties": {"fill": "#00789c"}, "geometry": {"type": "Polygon", "coordinates": [[[89.221, -11.188], [89.09, -10.992], [88.941, -10.81], [88.774, -10.644], [88.592, -10.494], [88.507, -10.431], [88.464, -10.392], [88.424, -10.348], [88.389, -10.301], [88.359, -10.251], [88.334, -10.198], [88.315, -10.143], [88.3, -10.086], [88.292, -10.028], [88.289, -9.97], [88.292, -9.911], [88.3, -9.853], [88.315, -9.796], [88.334, -9.741], [88.359, -9.688], [88.389, -9.638], [88.424, -9.591], [88.464, -9.547], [88.507, -9.508], [88.554, -9.473], [88.604, -9.443], [88.657, -9.418], [88.713, -9.398], [88.769, -9.384], [88.827, -9.375], [88.886, -9.373], [88.944, -9.375], [89.002, -9.384], [89.059, -9.398], [89.114, -9.418], [89.167, -9.443], [89.218, -9.473], [89.29, -9.527], [89.486, -9.658], [89.694, -9.769], [89.911, -9.859], [90.137, -9.927], [90.368, -9.973], [90.602, -9.996], [90.837, -9.996], [91.072, -9.973], [91.303, -9.927], [91.365, -9.912], [91.602, -9.865], [91.827, -9.797], [92.045, -9.706], [92.252, -9.595], [92.379, -9.519], [92.432, -9.494], [92.487, -9.475], [92.544, -9.46], [92.587, -9.454], [92.818, -9.408], [93.044, -9.34], [93.377, -9.202], [93.585, -9.091], [93.781, -8.96], [93.885, -8.882], [93.936, -8.852], [94.153, -8.736], [94.184, -8.718], [94.237, -8.693], [94.292, -8.674], [94.349, -8.659], [94.406, -8.651], [94.465, -8.648], [94.531, -8.651], [94.766, -8.651], [94.802, -8.649], [94.86, -8.652], [94.918, -8.661], [94.975, -8.675], [95.03, -8.695], [95.083, -8.72], [95.133, -8.75], [95.181, -8.785], [95.224, -8.824], [95.263, -8.868], [95.298, -8.915], [95.328, -8.965], [95.353, -9.018], [95.398, -9.142], [95.488, -9.36], [95.599, -9.568], [95.73, -9.763], [95.879, -9.945], [96.046, -10.112], [96.228, -10.261], [96.424, -10.392], [96.631, -10.503], [96.849, -10.593], [97.074, -10.662], [97.237, -10.702], [97.292, -10.722], [97.347, -10.748], [97.551, -10.857], [97.769, -10.947], [97.994, -11.016], [98.237, -11.064], [98.294, -11.078], [98.349, -11.098], [98.402, -11.123], [98.452, -11.153], [98.499, -11.188], [98.543, -11.227], [98.582, -11.27], [98.617, -11.317], [98.647, -11.368], [98.672, -11.421], [98.692, -11.476], [98.706, -11.533], [98.715, -11.591], [98.717, -11.649], [98.715, -11.708], [98.706, -11.766], [98.692, -11.823], [98.672, -11.878], [98.647, -11.931], [98.617, -11.981], [98.582, -12.028], [98.543, -12.071], [98.499, -12.111], [98.452, -12.146], [98.402, -12.176], [98.349, -12.201], [98.294, -12.221], [98.237, -12.235], [98.179, -12.243], [98.12, -12.246], [98.062, -12.243], [98.004, -12.235], [97.947, -12.221], [97.892, -12.201], [97.795, -12.155], [97.673, -12.09], [97.455, -11.999], [97.23, -11.931], [96.999, -11.885], [96.764, -11.862], [96.529, -11.862], [96.399, -11.868], [96.34, -11.866], [96.274, -11.856], [96.04, -11.833], [95.804, -11.833], [95.57, -11.856], [95.527, -11.861], [95.296, -11.907], [95.07, -11.975], [94.853, -12.066], [94.786, -12.097], [94.731, -12.117], [94.674, -12.131], [94.616, -12.14], [94.557, -12.143], [94.398, -12.135], [94.364, -12.131], [94.294, -12.128], [94.236, -12.119], [94.146, -12.097], [93.915, -12.051], [93.681, -12.028], [93.445, -12.028], [93.32, -12.034], [93.262, -12.031], [93.214, -12.024], [92.979, -12.001], [92.869, -12.001], [92.624, -11.988], [92.389, -11.988], [92.154, -12.011], [91.923, -12.057], [91.878, -12.069], [91.82, -12.077], [91.714, -12.083], [91.479, -12.106], [91.411, -12.116], [91.352, -12.119], [91.294, -12.116], [91.177, -12.098], [91.063, -12.076], [90.828, -12.053], [90.593, -12.053], [90.359, -12.076], [90.159, -12.115], [90.085, -12.126], [90.027, -12.129], [89.968, -12.126], [89.91, -12.118], [89.853, -12.104], [89.798, -12.084], [89.745, -12.059], [89.695, -12.029], [89.648, -11.994], [89.604, -11.954], [89.565, -11.911], [89.53, -11.864], [89.5, -11.814], [89.475, -11.761], [89.422, -11.614], [89.332, -11.396], [89.221, -11.188]]]}, "id": 93}, {"type": "Feature", "properties": {"fill": "#37009c"}, "geometry": {"type": "Polygon", "coordinates": [[[34.365, 28.329], [34.43, 28.465], [34.46, 28.515], [34.495, 28.562], [34.534, 28.605], [34.577, 28.645], [34.776, 28.807], [34.943, 28.973], [34.979, 29.017], [35.078, 29.127], [35.122, 29.166], [35.169, 29.201], [35.219, 29.231], [35.272, 29.256], [35.327, 29.276], [35.479, 29.314], [35.518, 29.322], [35.744, 29.39], [35.961, 29.48], [36.014, 29.508], [36.146, 29.571], [36.313, 29.631], [36.544, 29.727], [36.69, 29.779], [36.73, 29.791], [36.803, 29.817], [36.987, 29.893], [37.06, 29.919], [37.116, 29.933], [37.174, 29.942], [37.233, 29.945], [37.291, 29.942], [37.349, 29.933], [37.406, 29.919], [37.461, 29.899], [37.514, 29.874], [37.565, 29.844], [37.612, 29.809], [37.655, 29.77], [37.694, 29.726], [37.729, 29.679], [37.76, 29.629], [37.785, 29.576], [37.804, 29.521], [37.819, 29.464], [37.827, 29.406], [37.83, 29.348], [37.827, 29.289], [37.819, 29.231], [37.804, 29.174], [37.785, 29.119], [37.76, 29.066], [37.729, 29.016], [37.677, 28.945], [37.602, 28.85], [37.557, 28.801], [37.514, 28.761], [37.453, 28.717], [37.271, 28.567], [37.191, 28.495], [37.144, 28.46], [37.094, 28.43], [36.952, 28.363], [36.744, 28.251], [36.548, 28.121], [36.366, 27.971], [36.2, 27.805], [36.05, 27.623], [35.919, 27.427], [35.833, 27.283], [35.798, 27.236], [35.759, 27.192], [35.716, 27.153], [35.668, 27.118], [35.618, 27.088], [35.565, 27.063], [35.51, 27.043], [35.453, 27.029], [35.395, 27.02], [35.337, 27.018], [35.278, 27.02], [35.22, 27.029], [35.163, 27.043], [35.108, 27.063], [35.067, 27.083], [34.849, 27.173], [34.603, 27.246], [34.548, 27.266], [34.495, 27.291], [34.445, 27.321], [34.398, 27.356], [34.355, 27.395], [34.315, 27.439], [34.28, 27.486], [34.25, 27.536], [34.225, 27.589], [34.205, 27.644], [34.191, 27.701], [34.183, 27.759], [34.18, 27.818], [34.183, 27.876], [34.191, 27.934], [34.205, 27.991], [34.225, 28.046], [34.264, 28.128], [34.345, 28.28], [34.365, 28.329]]]}, "id": 94}, {"type": "Feature", "properties": {"fill": "#00529c"}, "geometry": {"type": "Polygon", "coordinates": [[[-4.256, -21.46], [-4.299, -21.421], [-4.339, -21.377], [-4.374, -21.33], [-4.404, -21.28], [-4.429, -21.227], [-4.449, -21.172], [-4.463, -21.115], [-4.471, -21.057], [-4.474, -20.999], [-4.471, -20.94], [-4.463, -20.882], [-4.449, -20.825], [-4.429, -20.77], [-4.404, -20.717], [-4.374, -20.667], [-4.339, -20.62], [-4.299, -20.576], [-4.256, -20.537], [-4.209, -20.502], [-4.159, -20.472], [-4.106, -20.447], [-4.051, -20.427], [-3.994, -20.413], [-3.936, -20.404], [-3.877, -20.401], [-3.819, -20.404], [-3.681, -20.425], [-3.608, -20.439], [-3.374, -20.462], [-3.213, -20.47], [-3.098, -20.482], [-2.856, -20.481], [-2.797, -20.484], [-2.685, -20.501], [-2.451, -20.524], [-2.215, -20.524], [-2.072, -20.51], [-1.967, -20.505], [-1.909, -20.508], [-1.851, -20.516], [-1.794, -20.53], [-1.739, -20.55], [-1.686, -20.575], [-1.636, -20.605], [-1.589, -20.64], [-1.545, -20.68], [-1.506, -20.723], [-1.471, -20.77], [-1.441, -20.82], [-1.372, -20.967], [-1.359, -20.997], [-1.315, -21.12], [-1.317, -21.158], [-1.014, -21.657], [-1.01, -21.685], [-1.007, -21.744], [-1.008, -21.766], [-1.731, -22.327], [-1.777, -22.315], [-1.833, -22.295], [-1.969, -22.231], [-2.014, -22.207], [-2.232, -22.117], [-2.457, -22.048], [-2.688, -22.002], [-2.923, -21.979], [-3.128, -21.979], [-3.202, -21.976], [-3.324, -21.963], [-3.441, -21.946], [-3.498, -21.932], [-3.553, -21.912], [-3.617, -21.882], [-3.785, -21.792], [-3.876, -21.737], [-4.01, -21.648], [-4.049, -21.624], [-4.121, -21.571], [-4.256, -21.46]]]}, "id": 95}, {"type": "Feature", "properties": {"fill": "#37009c"}, "geometry": {"type": "Polygon", "coordinates": [[[25.779, 24.133], [25.975, 24.264], [26.157, 24.413], [26.323, 24.58], [26.473, 24.762], [26.604, 24.958], [26.715, 25.165], [26.805, 25.383], [26.873, 25.608], [26.919, 25.839], [26.942, 26.074], [26.942, 26.309], [26.919, 26.544], [26.873, 26.775], [26.805, 27.0], [26.715, 27.218], [26.604, 27.425], [26.473, 27.621], [26.323, 27.803], [26.157, 27.97], [26.055, 28.062], [26.016, 28.105], [25.981, 28.152], [25.951, 28.203], [25.926, 28.256], [25.906, 28.311], [25.892, 28.368], [25.883, 28.426], [25.88, 28.484], [25.883, 28.543], [25.892, 28.601], [25.906, 28.657], [25.926, 28.713], [25.951, 28.766], [25.981, 28.816], [26.016, 28.863], [26.055, 28.906], [26.099, 28.946], [26.146, 28.981], [26.196, 29.011], [26.249, 29.036], [26.304, 29.055], [26.361, 29.07], [26.419, 29.078], [26.477, 29.081], [26.536, 29.078], [26.594, 29.07], [26.651, 29.055], [26.706, 29.036], [26.759, 29.011], [26.809, 28.981], [26.856, 28.946], [26.9, 28.906], [26.939, 28.863], [26.974, 28.816], [27.004, 28.766], [27.029, 28.713], [27.049, 28.657], [27.063, 28.601], [27.072, 28.543], [27.075, 28.484], [27.068, 28.351], [27.06, 28.264], [27.06, 28.029], [27.083, 27.795], [27.129, 27.564], [27.197, 27.338], [27.287, 27.121], [27.398, 26.913], [27.529, 26.717], [27.678, 26.535], [27.845, 26.368], [28.027, 26.219], [28.223, 26.088], [28.43, 25.977], [28.648, 25.887], [28.873, 25.819], [29.104, 25.773], [29.339, 25.75], [29.574, 25.75], [29.809, 25.773], [30.04, 25.819], [30.265, 25.887], [30.483, 25.977], [30.69, 26.088], [30.807, 26.166], [30.898, 26.221], [30.951, 26.246], [31.006, 26.266], [31.063, 26.28], [31.121, 26.288], [31.18, 26.291], [31.238, 26.288], [31.296, 26.28], [31.384, 26.258], [31.549, 26.208], [31.78, 26.162], [32.015, 26.139], [32.103, 26.134], [32.709, 25.382], [32.704, 25.363], [32.685, 25.307], [32.66, 25.254], [32.63, 25.204], [32.595, 25.157], [32.555, 25.114], [32.512, 25.074], [32.465, 25.039], [32.415, 25.009], [32.362, 24.984], [32.29, 24.959], [32.097, 24.9], [31.88, 24.81], [31.672, 24.699], [31.476, 24.568], [31.294, 24.419], [31.128, 24.252], [30.978, 24.07], [30.847, 23.874], [30.736, 23.667], [30.646, 23.449], [30.578, 23.224], [30.532, 22.993], [30.51, 22.845], [30.496, 22.788], [30.476, 22.733], [30.451, 22.68], [30.421, 22.63], [30.386, 22.583], [30.347, 22.539], [30.303, 22.5], [30.256, 22.465], [30.211, 22.438], [30.015, 22.307], [29.833, 22.158], [29.664, 21.988], [29.549, 21.884], [29.516, 21.857], [29.35, 21.69], [29.325, 21.664], [29.282, 21.624], [29.235, 21.589], [29.185, 21.559], [29.132, 21.534], [29.076, 21.515], [29.02, 21.5], [28.962, 21.492], [28.812, 21.484], [28.759, 21.484], [28.525, 21.461], [28.294, 21.415], [28.068, 21.347], [27.851, 21.257], [27.643, 21.146], [27.599, 21.119], [27.546, 21.094], [27.49, 21.074], [27.434, 21.06], [27.376, 21.052], [27.317, 21.049], [27.286, 21.05], [26.843, 21.283], [26.821, 21.314], [26.79, 21.364], [26.765, 21.417], [26.752, 21.454], [26.662, 21.672], [26.551, 21.879], [26.42, 22.075], [26.271, 22.257], [26.104, 22.424], [25.922, 22.573], [25.726, 22.704], [25.519, 22.815], [25.378, 22.881], [25.328, 22.912], [25.281, 22.946], [25.238, 22.986], [25.198, 23.029], [25.163, 23.076], [25.133, 23.127], [25.108, 23.18], [25.088, 23.235], [25.074, 23.292], [25.066, 23.35], [25.063, 23.408], [25.066, 23.467], [25.074, 23.525], [25.088, 23.581], [25.108, 23.637], [25.133, 23.69], [25.163, 23.74], [25.198, 23.787], [25.238, 23.83], [25.281, 23.87], [25.328, 23.905], [25.378, 23.935], [25.506, 23.995], [25.571, 24.022], [25.779, 24.133]]]}, "id": 96}, {"type": "Feature", "properties": {"fill": "#00789c"}, "geometry": {"type": "Polygon", "coordinates": [[[32.129, 26.206], [32.154, 26.259], [32.185, 26.309], [32.219, 26.356], [32.259, 26.4], [32.302, 26.439], [32.384, 26.5], [32.566, 26.649], [32.732, 26.816], [32.882, 26.998], [33.019, 27.204], [33.054, 27.251], [33.093, 27.294], [33.137, 27.334], [33.184, 27.369], [33.234, 27.399], [33.287, 27.424], [33.342, 27.444], [33.399, 27.458], [33.457, 27.466], [33.515, 27.469], [33.574, 27.466], [33.632, 27.458], [33.689, 27.444], [33.744, 27.424], [33.797, 27.399], [33.847, 27.369], [33.894, 27.334], [33.938, 27.294], [33.977, 27.251], [34.012, 27.204], [34.063, 27.119], [34.135, 26.983], [34.266, 26.787], [34.416, 26.605], [34.458, 26.558], [34.493, 26.511], [34.523, 26.461], [34.549, 26.408], [34.568, 26.353], [34.583, 26.296], [34.591, 26.238], [34.594, 26.179], [34.591, 26.121], [34.583, 26.063], [34.568, 26.006], [34.549, 25.951], [34.523, 25.898], [34.493, 25.847], [34.401, 25.723], [34.27, 25.527], [34.159, 25.319], [34.069, 25.101], [34.038, 25.001], [33.997, 24.884], [33.971, 24.831], [33.941, 24.781], [33.906, 24.734], [33.867, 24.691], [33.824, 24.651], [33.777, 24.616], [33.726, 24.586], [33.673, 24.561], [33.618, 24.542], [33.561, 24.527], [33.503, 24.519], [33.445, 24.516], [33.386, 24.519], [33.328, 24.527], [33.272, 24.542], [33.216, 24.561], [33.163, 24.586], [33.113, 24.616], [33.066, 24.651], [33.023, 24.691], [32.983, 24.734], [32.948, 24.781], [32.918, 24.832], [32.787, 25.028], [32.704, 25.129], [32.716, 25.373], [32.105, 26.132], [32.11, 26.151], [32.129, 26.206]]]}, "id": 97}, {"type": "Feature", "properties": {"fill": "#37009c"}, "geometry": {"type": "Polygon", "coordinates": [[[26.442, -11.32], [26.423, -11.265], [26.409, -11.208], [26.4, -11.15], [26.397, -11.092], [26.4, -11.033], [26.409, -10.975], [26.423, -10.918], [26.442, -10.863], [26.468, -10.81], [26.533, -10.701], [26.644, -10.493], [26.734, -10.276], [26.802, -10.05], [26.848, -9.819], [26.871, -9.585], [26.871, -9.35], [26.848, -9.115], [26.802, -8.884], [26.734, -8.659], [26.644, -8.441], [26.607, -8.363], [26.587, -8.308], [26.573, -8.251], [26.565, -8.194], [26.562, -8.135], [26.566, -8.043], [26.583, -7.875], [26.588, -7.766], [26.597, -7.708], [26.611, -7.651], [26.631, -7.596], [26.656, -7.543], [26.686, -7.493], [26.721, -7.446], [26.76, -7.402], [26.804, -7.363], [26.851, -7.328], [26.901, -7.298], [26.954, -7.273], [27.009, -7.253], [27.066, -7.239], [27.124, -7.23], [27.182, -7.227], [27.241, -7.23], [27.299, -7.239], [27.356, -7.253], [27.411, -7.273], [27.496, -7.313], [27.714, -7.403], [27.939, -7.471], [28.17, -7.517], [28.27, -7.532], [28.327, -7.547], [28.382, -7.566], [28.435, -7.591], [28.485, -7.621], [28.533, -7.656], [28.576, -7.696], [28.615, -7.739], [28.65, -7.786], [28.68, -7.836], [28.705, -7.889], [28.725, -7.945], [28.739, -8.001], [28.748, -8.059], [28.751, -8.118], [28.748, -8.176], [28.739, -8.234], [28.705, -8.371], [28.659, -8.602], [28.636, -8.836], [28.636, -9.072], [28.659, -9.306], [28.705, -9.537], [28.774, -9.763], [28.864, -9.98], [28.975, -10.188], [29.106, -10.384], [29.255, -10.566], [29.421, -10.732], [29.604, -10.882], [29.733, -10.978], [29.776, -11.017], [29.815, -11.06], [29.85, -11.107], [29.88, -11.158], [29.906, -11.211], [29.925, -11.266], [29.94, -11.323], [29.961, -11.471], [29.967, -11.524], [30.013, -11.755], [30.081, -11.98], [30.171, -12.198], [30.282, -12.406], [30.31, -12.452], [30.335, -12.505], [30.355, -12.56], [30.369, -12.617], [30.377, -12.675], [30.38, -12.733], [30.377, -12.792], [30.369, -12.85], [30.355, -12.906], [30.335, -12.962], [30.31, -13.015], [30.251, -13.113], [30.14, -13.321], [30.05, -13.538], [29.981, -13.764], [29.935, -13.995], [29.912, -14.229], [29.912, -14.465], [29.917, -14.558], [29.914, -14.616], [29.905, -14.674], [29.891, -14.731], [29.871, -14.786], [29.846, -14.839], [29.816, -14.889], [29.781, -14.936], [29.742, -14.98], [29.698, -15.019], [29.651, -15.054], [29.601, -15.084], [29.548, -15.109], [29.493, -15.129], [29.436, -15.143], [29.378, -15.152], [29.32, -15.155], [29.261, -15.152], [29.161, -15.137], [29.014, -15.108], [28.779, -15.085], [28.544, -15.085], [28.309, -15.108], [28.078, -15.154], [27.844, -15.225], [27.787, -15.239], [27.729, -15.248], [27.671, -15.251], [27.612, -15.248], [27.554, -15.239], [27.497, -15.225], [27.442, -15.205], [27.389, -15.18], [27.339, -15.15], [27.292, -15.115], [27.248, -15.076], [27.209, -15.033], [27.174, -14.986], [27.144, -14.935], [27.119, -14.882], [27.099, -14.827], [27.078, -14.741], [27.043, -14.569], [26.975, -14.343], [26.961, -14.304], [26.947, -14.248], [26.938, -14.19], [26.935, -14.131], [26.938, -14.073], [26.947, -14.015], [26.978, -13.889], [27.006, -13.798], [27.052, -13.566], [27.075, -13.331], [27.074, -13.095], [27.051, -12.859], [27.004, -12.627], [26.935, -12.401], [26.87, -12.222], [26.807, -12.015], [26.717, -11.797], [26.606, -11.589], [26.517, -11.455], [26.468, -11.373], [26.442, -11.32]]]}, "id": 98}, {"type": "Feature", "properties": {"fill": "#516ebc"}, "geometry": {"type": "Polygon", "coordinates": [[[39.383, -21.395], [39.397, -21.338], [39.417, -21.283], [39.442, -21.23], [39.472, -21.18], [39.507, -21.133], [39.547, -21.089], [39.59, -21.05], [39.637, -21.015], [39.687, -20.985], [39.74, -20.96], [39.795, -20.94], [39.852, -20.926], [39.91, -20.917], [39.969, -20.914], [40.027, -20.917], [40.085, -20.926], [40.267, -20.972], [40.498, -21.018], [40.732, -21.042], [40.968, -21.042], [41.12, -21.034], [41.179, -21.037], [41.236, -21.046], [41.293, -21.06], [41.349, -21.079], [41.401, -21.105], [41.452, -21.135], [41.499, -21.17], [41.542, -21.209], [41.582, -21.252], [41.616, -21.299], [41.647, -21.35], [41.672, -21.403], [41.691, -21.458], [41.706, -21.515], [41.714, -21.573], [41.717, -21.631], [41.714, -21.69], [41.706, -21.748], [41.691, -21.804], [41.672, -21.86], [41.647, -21.913], [41.616, -21.963], [41.582, -22.01], [41.542, -22.053], [41.43, -22.155], [41.262, -22.324], [41.142, -22.456], [41.1, -22.494], [41.053, -22.529], [41.002, -22.559], [40.949, -22.585], [40.894, -22.604], [40.837, -22.619], [40.779, -22.627], [40.721, -22.63], [40.662, -22.627], [40.604, -22.619], [40.547, -22.604], [40.449, -22.569], [40.316, -22.514], [40.093, -22.446], [40.037, -22.426], [39.92, -22.371], [39.837, -22.327], [39.753, -22.287], [39.703, -22.257], [39.656, -22.222], [39.536, -22.113], [39.485, -22.058], [39.45, -22.011], [39.42, -21.96], [39.395, -21.907], [39.375, -21.852], [39.361, -21.795], [39.353, -21.737], [39.35, -21.679], [39.353, -21.62], [39.362, -21.54], [39.383, -21.395]]]}, "id": 99}, {"type": "Feature", "properties": {"fill": "#153477"}, "geometry": {"type": "Polygon", "coordinates": [[[-157.308, 1.863], [-157.25, 1.871], [-157.191, 1.874], [-157.133, 1.871], [-157.075, 1.863], [-157.018, 1.849], [-156.977, 1.834], [-156.752, 1.766], [-156.702, 1.753], [-156.614, 1.126], [-156.66, 1.031], [-156.495, 0.903], [-156.436, 0.78], [-156.362, 0.735], [-156.434, 0.57], [-156.383, 0.491], [-156.27, -0.222], [-156.36, -0.296], [-156.527, -0.463], [-156.676, -0.645], [-156.807, -0.84], [-156.867, -0.953], [-156.925, -1.05], [-156.96, -1.097], [-157.085, -1.248], [-157.144, -1.313], [-157.188, -1.352], [-157.235, -1.387], [-157.285, -1.417], [-157.338, -1.443], [-157.393, -1.462], [-157.45, -1.477], [-157.508, -1.485], [-157.567, -1.488], [-157.625, -1.485], [-157.76, -1.465], [-157.838, -1.45], [-158.073, -1.426], [-158.166, -1.426], [-158.295, -1.42], [-158.353, -1.412], [-158.41, -1.397], [-158.465, -1.378], [-158.518, -1.352], [-158.57, -1.322], [-158.777, -1.211], [-158.979, -1.127], [-159.04, -1.098], [-159.09, -1.068], [-159.209, -0.98], [-159.405, -0.849], [-159.456, -0.822], [-159.569, -0.753], [-159.959, -0.132], [-160.235, -0.035], [-160.262, -0.022], [-160.239, 0.269], [-159.778, 0.678], [-159.76, 0.673], [-159.666, 0.563], [-159.226, 0.634], [-159.133, 0.533], [-158.882, 0.618], [-158.796, 0.751], [-158.55, 0.614], [-158.447, 0.506], [-158.42, 0.454], [-158.319, 0.422], [-158.126, 0.669], [-157.96, 0.699], [-157.947, 0.819], [-157.553, 1.006], [-157.521, 1.173], [-157.612, 1.365], [-157.411, 1.832], [-157.365, 1.849], [-157.308, 1.863]]]}, "id": 100}, {"type": "Feature", "properties": {"fill": "#00529c"}, "geometry": {"type": "Polygon", "coordinates": [[[-162.597, 2.715], [-162.594, 2.774], [-162.586, 2.831], [-162.571, 2.888], [-162.552, 2.943], [-162.527, 2.996], [-162.496, 3.047], [-162.462, 3.094], [-162.422, 3.137], [-162.379, 3.177], [-162.332, 3.211], [-162.281, 3.242], [-162.229, 3.267], [-162.173, 3.286], [-162.116, 3.301], [-162.059, 3.309], [-162.0, 3.312], [-161.941, 3.309], [-161.884, 3.301], [-161.827, 3.286], [-161.743, 3.256], [-161.582, 3.19], [-161.356, 3.121], [-161.125, 3.075], [-160.891, 3.052], [-160.655, 3.052], [-160.55, 3.063], [-160.426, 3.069], [-160.368, 3.066], [-160.31, 3.057], [-160.253, 3.043], [-160.198, 3.023], [-160.075, 2.965], [-159.857, 2.875], [-159.632, 2.806], [-159.401, 2.76], [-159.28, 2.743], [-159.122, 2.703], [-159.096, 2.695], [-158.865, 2.649], [-158.709, 2.634], [-158.612, 2.619], [-158.555, 2.605], [-158.5, 2.585], [-158.447, 2.56], [-158.397, 2.53], [-158.337, 2.486], [-158.141, 2.355], [-157.933, 2.244], [-157.755, 2.17], [-157.683, 2.136], [-157.633, 2.106], [-157.586, 2.071], [-157.542, 2.032], [-157.503, 1.988], [-157.468, 1.941], [-157.438, 1.891], [-157.411, 1.832], [-157.612, 1.365], [-157.521, 1.173], [-157.553, 1.006], [-157.947, 0.819], [-157.96, 0.699], [-158.126, 0.669], [-158.319, 0.422], [-158.42, 0.454], [-158.447, 0.506], [-158.55, 0.614], [-158.796, 0.751], [-158.882, 0.618], [-159.133, 0.533], [-159.226, 0.634], [-159.666, 0.563], [-159.76, 0.673], [-159.778, 0.678], [-160.239, 0.269], [-160.309, 0.404], [-160.727, 0.633], [-160.883, 0.619], [-161.171, 0.379], [-161.377, 0.412], [-161.431, 0.451], [-161.474, 0.49], [-161.527, 0.548], [-161.651, 0.7], [-161.818, 0.867], [-161.868, 0.908], [-161.975, 1.005], [-162.014, 1.048], [-162.049, 1.095], [-162.079, 1.145], [-162.128, 1.249], [-162.176, 1.363], [-162.287, 1.571], [-162.417, 1.767], [-162.438, 1.795], [-162.468, 1.845], [-162.493, 1.898], [-162.513, 1.953], [-162.527, 2.01], [-162.536, 2.068], [-162.544, 2.244], [-162.567, 2.478], [-162.594, 2.656], [-162.597, 2.715]]]}, "id": 101}, {"type": "Feature", "properties": {"fill": "#37009c"}, "geometry": {"type": "Polygon", "coordinates": [[[7.77, -10.886], [7.55, -10.978], [7.386, -11.056], [7.334, -11.074], [7.277, -11.089], [7.219, -11.097], [7.161, -11.1], [7.102, -11.097], [7.044, -11.089], [6.987, -11.074], [6.932, -11.055], [6.879, -11.03], [6.829, -10.999], [6.782, -10.964], [6.738, -10.925], [6.699, -10.882], [6.664, -10.835], [6.634, -10.784], [6.609, -10.731], [6.589, -10.676], [6.575, -10.619], [6.566, -10.561], [6.564, -10.503], [6.566, -10.444], [6.575, -10.386], [6.589, -10.33], [6.609, -10.274], [6.634, -10.221], [6.664, -10.171], [6.699, -10.124], [6.738, -10.081], [6.782, -10.041], [6.829, -10.006], [6.879, -9.976], [7.004, -9.917], [7.212, -9.806], [7.409, -9.674], [7.592, -9.524], [7.759, -9.356], [7.909, -9.172], [8.04, -8.975], [8.151, -8.766], [8.241, -8.547], [8.308, -8.32], [8.353, -8.088], [8.375, -7.852], [8.383, -7.664], [8.391, -7.613], [8.405, -7.556], [8.425, -7.501], [8.45, -7.448], [8.48, -7.398], [8.515, -7.351], [8.554, -7.307], [8.598, -7.268], [8.645, -7.233], [8.695, -7.203], [8.748, -7.178], [8.803, -7.158], [8.86, -7.144], [8.918, -7.135], [8.977, -7.132], [9.035, -7.135], [9.093, -7.144], [9.15, -7.158], [9.205, -7.178], [9.258, -7.203], [9.308, -7.233], [9.355, -7.268], [9.399, -7.307], [9.438, -7.351], [9.473, -7.398], [9.503, -7.448], [9.528, -7.501], [9.548, -7.556], [9.562, -7.613], [9.571, -7.671], [9.574, -7.729], [9.571, -7.788], [9.562, -7.846], [9.526, -7.991], [9.51, -8.043], [9.464, -8.274], [9.441, -8.508], [9.441, -8.743], [9.464, -8.978], [9.51, -9.209], [9.579, -9.434], [9.598, -9.488], [9.612, -9.545], [9.66, -9.786], [9.684, -9.883], [9.692, -9.941], [9.695, -10.0], [9.692, -10.058], [9.684, -10.116], [9.67, -10.173], [9.65, -10.228], [9.625, -10.281], [9.595, -10.331], [9.56, -10.379], [9.52, -10.422], [9.477, -10.461], [9.43, -10.496], [9.38, -10.526], [9.327, -10.551], [9.272, -10.571], [9.184, -10.593], [9.015, -10.627], [8.781, -10.698], [8.724, -10.712], [8.666, -10.721], [8.568, -10.726], [8.333, -10.749], [8.271, -10.758], [8.04, -10.804], [7.77, -10.886]]]}, "id": 102}, {"type": "Feature", "properties": {"fill": "#00789c"}, "geometry": {"type": "Polygon", "coordinates": [[[-1.404, -20.814], [-1.413, -20.756], [-1.416, -20.697], [-1.413, -20.639], [-1.404, -20.581], [-1.39, -20.524], [-1.37, -20.469], [-1.345, -20.416], [-1.315, -20.366], [-1.28, -20.319], [-1.241, -20.275], [-1.197, -20.236], [-1.15, -20.201], [-1.1, -20.171], [-0.937, -20.094], [-0.729, -19.983], [-0.533, -19.852], [-0.351, -19.703], [-0.254, -19.615], [-0.207, -19.58], [-0.157, -19.55], [-0.104, -19.525], [-0.049, -19.505], [0.008, -19.491], [0.066, -19.482], [0.125, -19.479], [0.183, -19.482], [0.241, -19.491], [0.298, -19.505], [0.353, -19.525], [0.406, -19.55], [0.456, -19.58], [0.503, -19.615], [0.547, -19.654], [0.586, -19.698], [0.621, -19.745], [0.7, -19.877], [0.831, -20.073], [0.981, -20.255], [1.147, -20.422], [1.267, -20.846], [1.178, -21.272], [0.853, -21.336], [0.725, -21.468], [0.354, -21.353], [-0.116, -21.538], [-0.2, -21.684], [-0.433, -21.73], [-0.548, -21.759], [-0.606, -21.768], [-0.665, -21.771], [-0.723, -21.768], [-0.781, -21.759], [-0.838, -21.745], [-0.893, -21.725], [-0.946, -21.7], [-0.997, -21.67], [-1.014, -21.657], [-1.263, -21.246], [-1.321, -21.057], [-1.338, -21.016], [-1.39, -20.871], [-1.404, -20.814]]]}, "id": 103}, {"type": "Feature", "properties": {"fill": "#153477"}, "geometry": {"type": "Polygon", "coordinates": [[[-2.575, -23.405], [-2.393, -23.256], [-2.227, -23.089], [-2.077, -22.907], [-1.946, -22.711], [-1.835, -22.503], [-1.777, -22.363], [-1.007, -21.765], [-0.889, -21.784], [-0.829, -21.79], [-0.699, -21.841], [-0.619, -21.854], [-0.497, -21.807], [-0.419, -21.807], [-0.322, -21.797], [-0.194, -21.791], [-0.13, -21.795], [0.074, -21.999], [0.225, -22.493], [0.371, -22.54], [0.481, -22.666], [0.952, -22.559], [1.188, -23.073], [1.186, -23.176], [1.085, -23.3], [0.954, -23.495], [0.843, -23.703], [0.798, -23.798], [0.768, -23.848], [0.733, -23.895], [0.694, -23.938], [0.651, -23.978], [0.604, -24.013], [0.553, -24.043], [0.5, -24.068], [0.445, -24.087], [0.388, -24.102], [0.239, -24.124], [0.188, -24.129], [-0.043, -24.175], [-0.269, -24.243], [-0.329, -24.265], [-0.465, -24.299], [-0.577, -24.322], [-0.733, -24.363], [-0.946, -24.429], [-1.151, -24.515], [-1.192, -24.534], [-1.248, -24.554], [-1.304, -24.568], [-1.362, -24.577], [-1.421, -24.58], [-1.473, -24.577], [-1.708, -24.577], [-1.943, -24.6], [-1.972, -24.606], [-2.065, -24.62], [-2.296, -24.666], [-2.355, -24.684], [-2.496, -24.719], [-2.554, -24.728], [-2.613, -24.731], [-2.671, -24.728], [-2.729, -24.719], [-2.786, -24.705], [-2.841, -24.685], [-2.894, -24.66], [-2.944, -24.63], [-2.991, -24.595], [-3.035, -24.556], [-3.074, -24.512], [-3.109, -24.465], [-3.139, -24.415], [-3.164, -24.362], [-3.184, -24.307], [-3.198, -24.25], [-3.207, -24.192], [-3.21, -24.133], [-3.207, -24.075], [-3.198, -24.017], [-3.184, -23.96], [-3.164, -23.905], [-3.139, -23.852], [-3.109, -23.802], [-3.074, -23.755], [-3.035, -23.711], [-2.991, -23.672], [-2.944, -23.637], [-2.814, -23.559], [-2.771, -23.536], [-2.575, -23.405]]]}, "id": 104}, {"type": "Feature", "properties": {"fill": "#00529c"}, "geometry": {"type": "Polygon", "coordinates": [[[-0.134, -21.73], [-0.131, -21.671], [-0.123, -21.613], [-0.108, -21.556], [-0.1, -21.532], [0.354, -21.353], [0.725, -21.468], [0.853, -21.336], [1.178, -21.272], [1.267, -20.846], [1.169, -20.497], [1.321, -20.312], [1.452, -20.116], [1.516, -20.009], [1.551, -19.962], [1.59, -19.919], [1.634, -19.879], [1.681, -19.845], [1.731, -19.814], [1.784, -19.789], [1.839, -19.77], [1.896, -19.755], [1.954, -19.747], [1.986, -19.745], [2.22, -19.722], [2.451, -19.676], [2.677, -19.608], [2.754, -19.58], [2.811, -19.566], [2.869, -19.557], [2.928, -19.554], [2.986, -19.557], [3.044, -19.566], [3.101, -19.58], [3.156, -19.6], [3.212, -19.626], [3.43, -19.717], [3.655, -19.785], [3.886, -19.831], [4.121, -19.854], [4.232, -19.859], [4.289, -19.868], [4.346, -19.882], [4.401, -19.902], [4.454, -19.927], [4.505, -19.957], [4.552, -19.992], [4.595, -20.031], [4.66, -20.103], [4.827, -20.27], [4.896, -20.333], [4.936, -20.376], [4.971, -20.423], [5.001, -20.473], [5.026, -20.526], [5.045, -20.582], [5.06, -20.638], [5.068, -20.696], [5.092, -20.942], [5.138, -21.173], [5.206, -21.398], [5.296, -21.615], [5.349, -21.727], [5.369, -21.782], [5.383, -21.839], [5.392, -21.897], [5.395, -21.956], [5.392, -22.014], [5.383, -22.072], [5.369, -22.129], [5.349, -22.184], [5.328, -22.228], [5.238, -22.446], [5.17, -22.672], [5.124, -22.903], [5.101, -23.138], [5.101, -23.373], [5.124, -23.608], [5.15, -23.784], [5.153, -23.842], [5.15, -23.9], [5.142, -23.958], [5.127, -24.015], [5.108, -24.07], [5.083, -24.123], [5.052, -24.173], [5.018, -24.22], [4.978, -24.264], [4.935, -24.303], [4.888, -24.338], [4.837, -24.368], [4.785, -24.393], [4.729, -24.413], [4.672, -24.427], [4.615, -24.436], [4.556, -24.439], [4.497, -24.436], [4.44, -24.427], [4.383, -24.413], [4.327, -24.393], [4.275, -24.368], [4.224, -24.338], [4.177, -24.303], [4.134, -24.264], [3.961, -24.091], [3.779, -23.941], [3.583, -23.81], [3.376, -23.699], [3.158, -23.609], [2.933, -23.541], [2.702, -23.495], [2.467, -23.472], [2.232, -23.472], [2.081, -23.487], [1.98, -23.492], [1.922, -23.489], [1.864, -23.48], [1.807, -23.466], [1.671, -23.425], [1.57, -23.389], [1.445, -23.329], [1.379, -23.294], [1.186, -23.214], [1.188, -23.073], [0.952, -22.559], [0.481, -22.666], [0.371, -22.54], [0.225, -22.493], [0.074, -21.999], [-0.13, -21.795], [-0.134, -21.73]]]}, "id": 105}, {"type": "Feature", "properties": {"fill": "#00529c"}, "geometry": {"type": "MultiPolygon", "coordinates": [[[[40.892, -20.366], [40.835, -20.351], [40.78, -20.332], [40.727, -20.307], [40.677, -20.277], [40.63, -20.242], [40.586, -20.202], [40.547, -20.159], [40.512, -20.112], [40.482, -20.062], [40.457, -20.009], [40.437, -19.953], [40.423, -19.897], [40.414, -19.839], [40.411, -19.78], [40.414, -19.722], [40.423, -19.664], [40.437, -19.607], [40.457, -19.552], [40.649, -19.116], [40.723, -19.075], [41.262, -18.221], [42.18, -18.382], [42.352, -18.367], [43.174, -18.015], [43.375, -19.513], [43.378, -19.572], [43.375, -19.63], [43.366, -19.688], [43.352, -19.745], [43.332, -19.8], [43.307, -19.853], [43.277, -19.904], [43.242, -19.951], [43.203, -19.994], [43.159, -20.033], [43.112, -20.068], [43.062, -20.098], [43.009, -20.124], [42.954, -20.143], [42.897, -20.157], [42.839, -20.166], [41.067, -20.374], [41.008, -20.377], [40.95, -20.374], [40.892, -20.366]]], [[[41.863, -16.365], [41.893, -16.315], [41.928, -16.268], [41.967, -16.225], [42.011, -16.185], [42.058, -16.15], [42.108, -16.12], [42.161, -16.095], [42.216, -16.075], [42.273, -16.061], [42.331, -16.053], [42.389, -16.05], [42.448, -16.053], [42.506, -16.061], [42.563, -16.075], [42.618, -16.095], [42.671, -16.12], [42.721, -16.15], [42.768, -16.185], [42.812, -16.225], [42.851, -16.268], [42.886, -16.315], [42.916, -16.365], [42.941, -16.418], [42.961, -16.473], [42.975, -16.53], [43.158, -17.895], [41.72, -16.686], [41.838, -16.418], [41.863, -16.365]]]]}, "id": 106}, {"type": "Feature", "properties": {"fill": "#00529c"}, "geometry": {"type": "Polygon", "coordinates": [[[88.49, -15.287], [88.725, -15.31], [88.96, -15.31], [89.082, -15.298], [89.198, -15.293], [89.332, -15.293], [89.507, -15.301], [89.608, -15.311], [89.642, -15.313], [89.877, -15.313], [90.087, -15.292], [90.158, -15.289], [90.217, -15.292], [90.274, -15.3], [90.331, -15.314], [90.387, -15.334], [90.528, -15.401], [90.746, -15.491], [90.971, -15.56], [91.202, -15.606], [91.437, -15.629], [91.672, -15.629], [91.786, -15.623], [91.845, -15.626], [91.956, -15.643], [92.082, -15.675], [92.137, -15.695], [92.19, -15.72], [92.241, -15.75], [92.288, -15.785], [92.331, -15.824], [92.438, -15.942], [92.605, -16.109], [92.796, -16.265], [92.84, -16.305], [92.879, -16.348], [92.914, -16.395], [92.944, -16.446], [92.969, -16.499], [92.989, -16.554], [93.003, -16.611], [93.012, -16.668], [93.015, -16.727], [93.012, -16.786], [93.003, -16.844], [92.989, -16.9], [92.94, -17.038], [92.901, -17.121], [92.871, -17.171], [92.836, -17.218], [92.796, -17.262], [92.753, -17.301], [92.706, -17.336], [92.656, -17.366], [92.603, -17.391], [92.548, -17.411], [92.491, -17.425], [92.433, -17.434], [92.374, -17.437], [92.316, -17.434], [92.258, -17.425], [92.02, -17.378], [91.926, -17.364], [91.859, -17.35], [91.624, -17.327], [91.55, -17.323], [91.492, -17.315], [91.465, -17.308], [91.234, -17.262], [91.0, -17.239], [90.883, -17.239], [90.765, -17.233], [90.707, -17.225], [90.65, -17.21], [90.595, -17.191], [90.542, -17.166], [90.44, -17.105], [90.23, -16.992], [90.009, -16.901], [89.781, -16.833], [89.547, -16.787], [89.309, -16.765], [89.12, -16.757], [89.019, -16.742], [88.888, -16.716], [88.654, -16.693], [88.418, -16.693], [88.163, -16.719], [88.104, -16.722], [88.046, -16.719], [87.988, -16.711], [87.931, -16.697], [87.876, -16.677], [87.823, -16.652], [87.773, -16.622], [87.725, -16.587], [87.536, -16.431], [87.34, -16.3], [87.132, -16.189], [86.915, -16.099], [86.69, -16.03], [86.569, -16.0], [86.514, -15.98], [86.461, -15.955], [86.411, -15.925], [86.364, -15.89], [86.32, -15.851], [86.281, -15.808], [86.246, -15.76], [86.216, -15.71], [86.191, -15.657], [86.171, -15.602], [86.157, -15.545], [86.148, -15.487], [86.146, -15.443], [86.174, -15.247], [86.191, -15.2], [86.216, -15.147], [86.246, -15.097], [86.281, -15.05], [86.32, -15.007], [86.364, -14.967], [86.411, -14.932], [86.461, -14.902], [86.514, -14.877], [86.569, -14.857], [86.626, -14.843], [86.684, -14.835], [86.742, -14.832], [86.801, -14.835], [86.859, -14.843], [86.916, -14.857], [86.971, -14.877], [87.006, -14.894], [87.224, -14.984], [87.449, -15.052], [87.68, -15.098], [87.831, -15.121], [87.888, -15.135], [87.933, -15.151], [88.158, -15.219], [88.223, -15.232], [88.259, -15.241], [88.49, -15.287]]]}, "id": 107}, {"type": "Feature", "properties": {"fill": "#37009c"}, "geometry": {"type": "Polygon", "coordinates": [[[77.741, 1.611], [77.61, 1.807], [77.461, 1.989], [77.294, 2.155], [77.112, 2.305], [77.031, 2.365], [76.988, 2.404], [76.948, 2.448], [76.913, 2.495], [76.883, 2.545], [76.858, 2.598], [76.839, 2.653], [76.824, 2.71], [76.816, 2.768], [76.813, 2.826], [76.816, 2.885], [76.824, 2.943], [76.839, 3.0], [76.858, 3.055], [76.883, 3.108], [76.913, 3.158], [76.948, 3.205], [76.988, 3.249], [77.031, 3.288], [77.078, 3.323], [77.128, 3.353], [77.181, 3.378], [77.237, 3.398], [77.293, 3.412], [77.351, 3.421], [77.41, 3.424], [77.468, 3.421], [77.526, 3.412], [77.583, 3.398], [77.67, 3.367], [77.896, 3.298], [78.096, 3.258], [78.191, 3.148], [78.296, 3.17], [78.651, 3.235], [78.808, 3.25], [78.878, 3.254], [79.106, 3.253], [79.149, 3.243], [79.182, 3.217], [79.24, 3.184], [79.434, 3.174], [79.635, 3.195], [79.73, 3.184], [80.043, 3.124], [80.099, 3.094], [80.414, 3.032], [80.425, 3.021], [80.465, 2.978], [80.5, 2.931], [80.53, 2.881], [80.555, 2.828], [80.574, 2.773], [80.589, 2.716], [80.597, 2.658], [80.6, 2.599], [80.597, 2.541], [80.589, 2.483], [80.574, 2.426], [80.555, 2.371], [80.53, 2.318], [80.5, 2.267], [80.465, 2.22], [80.425, 2.177], [80.382, 2.138], [80.335, 2.103], [80.285, 2.073], [80.232, 2.048], [80.089, 1.997], [80.041, 1.982], [79.823, 1.892], [79.615, 1.781], [79.42, 1.65], [79.237, 1.5], [79.071, 1.334], [78.916, 1.145], [78.877, 1.101], [78.833, 1.062], [78.786, 1.027], [78.736, 0.997], [78.683, 0.972], [78.628, 0.952], [78.571, 0.938], [78.513, 0.929], [78.455, 0.926], [78.396, 0.929], [78.338, 0.938], [78.281, 0.952], [78.226, 0.972], [78.173, 0.997], [78.123, 1.027], [78.076, 1.062], [78.032, 1.101], [77.993, 1.145], [77.958, 1.192], [77.928, 1.242], [77.852, 1.403], [77.741, 1.611]]]}, "id": 108}, {"type": "Feature", "properties": {"fill": "#153477"}, "geometry": {"type": "Polygon", "coordinates": [[[76.923, 4.56], [76.966, 4.599], [77.013, 4.634], [77.064, 4.664], [77.117, 4.689], [77.172, 4.709], [77.229, 4.723], [77.287, 4.732], [77.345, 4.735], [77.404, 4.732], [77.462, 4.723], [77.518, 4.709], [77.64, 4.666], [77.866, 4.597], [78.097, 4.551], [78.331, 4.528], [78.567, 4.528], [78.719, 4.536], [78.778, 4.533], [78.945, 4.508], [79.18, 4.485], [79.215, 4.483], [79.273, 4.475], [79.33, 4.46], [79.468, 4.411], [79.693, 4.343], [79.924, 4.297], [80.068, 4.282], [80.171, 4.267], [80.228, 4.253], [80.283, 4.233], [80.336, 4.208], [80.426, 4.154], [80.515, 4.095], [80.576, 4.049], [80.62, 4.01], [80.659, 3.966], [80.694, 3.919], [80.724, 3.869], [80.749, 3.816], [80.769, 3.761], [80.783, 3.704], [80.792, 3.646], [80.795, 3.588], [80.792, 3.529], [80.783, 3.471], [80.769, 3.414], [80.749, 3.359], [80.724, 3.306], [80.694, 3.256], [80.659, 3.209], [80.62, 3.165], [80.576, 3.126], [80.529, 3.091], [80.479, 3.061], [80.426, 3.036], [80.414, 3.032], [80.099, 3.094], [80.043, 3.124], [79.73, 3.184], [79.635, 3.195], [79.434, 3.174], [79.24, 3.184], [79.182, 3.217], [79.149, 3.243], [79.096, 3.255], [78.903, 3.279], [78.877, 3.276], [78.744, 3.252], [78.687, 3.257], [78.6, 3.262], [78.542, 3.27], [78.485, 3.284], [78.385, 3.32], [78.158, 3.389], [77.948, 3.431], [77.89, 3.498], [77.535, 3.458], [77.45, 3.457], [77.267, 3.448], [77.213, 3.45], [77.155, 3.459], [77.098, 3.473], [77.043, 3.493], [76.99, 3.518], [76.94, 3.548], [76.893, 3.583], [76.849, 3.622], [76.81, 3.666], [76.775, 3.713], [76.745, 3.763], [76.72, 3.816], [76.7, 3.871], [76.686, 3.928], [76.677, 3.986], [76.674, 4.044], [76.677, 4.103], [76.686, 4.161], [76.7, 4.218], [76.72, 4.273], [76.745, 4.326], [76.775, 4.376], [76.857, 4.487], [76.923, 4.56]]]}, "id": 109}, {"type": "Feature", "properties": {"fill": "#153477"}, "geometry": {"type": "Polygon", "coordinates": [[[83.182, -12.453], [83.293, -12.245], [83.383, -12.028], [83.452, -11.802], [83.498, -11.571], [83.521, -11.337], [83.521, -11.259], [83.528, -11.122], [83.536, -11.064], [83.55, -11.007], [83.57, -10.952], [83.595, -10.899], [83.625, -10.848], [83.66, -10.801], [83.7, -10.758], [83.743, -10.719], [83.79, -10.684], [83.84, -10.654], [83.893, -10.629], [83.949, -10.609], [84.071, -10.578], [84.297, -10.51], [84.514, -10.42], [84.722, -10.309], [84.918, -10.178], [85.1, -10.028], [85.142, -9.99], [85.189, -9.955], [85.239, -9.925], [85.292, -9.9], [85.347, -9.881], [85.404, -9.866], [85.462, -9.858], [85.52, -9.855], [85.579, -9.858], [85.637, -9.866], [85.694, -9.881], [85.749, -9.9], [85.802, -9.925], [85.852, -9.955], [85.899, -9.99], [85.943, -10.03], [85.974, -10.065], [86.141, -10.231], [86.323, -10.381], [86.519, -10.512], [86.727, -10.623], [86.871, -10.691], [86.922, -10.721], [86.969, -10.756], [87.012, -10.796], [87.052, -10.839], [87.086, -10.886], [87.117, -10.936], [87.142, -10.989], [87.161, -11.044], [87.176, -11.101], [87.184, -11.159], [87.187, -11.218], [87.184, -11.276], [87.176, -11.334], [87.161, -11.391], [87.142, -11.446], [87.117, -11.499], [87.086, -11.549], [87.052, -11.597], [87.012, -11.64], [86.908, -11.734], [86.741, -11.901], [86.592, -12.083], [86.461, -12.279], [86.35, -12.487], [86.26, -12.704], [86.192, -12.93], [86.146, -13.161], [86.123, -13.395], [86.116, -13.53], [86.107, -13.588], [86.08, -13.697], [86.034, -13.928], [86.011, -14.162], [86.011, -14.397], [86.034, -14.632], [86.08, -14.863], [86.149, -15.089], [86.163, -15.146], [86.172, -15.204], [86.174, -15.248], [86.146, -15.444], [86.129, -15.491], [86.104, -15.544], [86.074, -15.594], [86.039, -15.641], [86.0, -15.684], [85.956, -15.724], [85.909, -15.759], [85.859, -15.789], [85.806, -15.814], [85.751, -15.834], [85.694, -15.848], [85.636, -15.856], [85.577, -15.859], [85.543, -15.858], [85.308, -15.858], [85.073, -15.881], [84.842, -15.927], [84.814, -15.934], [84.756, -15.943], [84.697, -15.945], [84.639, -15.943], [84.581, -15.934], [84.524, -15.92], [84.469, -15.9], [84.416, -15.875], [84.365, -15.845], [84.318, -15.81], [84.275, -15.771], [84.236, -15.727], [84.201, -15.68], [84.171, -15.63], [84.145, -15.577], [84.126, -15.522], [84.111, -15.465], [84.089, -15.313], [84.043, -15.082], [83.975, -14.856], [83.884, -14.639], [83.773, -14.431], [83.643, -14.235], [83.493, -14.053], [83.327, -13.887], [83.145, -13.737], [83.013, -13.64], [82.97, -13.6], [82.93, -13.557], [82.896, -13.51], [82.865, -13.46], [82.84, -13.407], [82.821, -13.352], [82.806, -13.295], [82.798, -13.237], [82.795, -13.178], [82.798, -13.12], [82.806, -13.062], [82.821, -13.005], [82.84, -12.95], [82.865, -12.897], [82.896, -12.847], [82.956, -12.765], [83.051, -12.649], [83.182, -12.453]]]}, "id": 110}, {"type": "Feature", "properties": {"fill": "#516ebc"}, "geometry": {"type": "Polygon", "coordinates": [[[36.899, -24.913], [36.768, -24.717], [36.618, -24.535], [36.444, -24.362], [36.405, -24.318], [36.37, -24.271], [36.34, -24.221], [36.315, -24.168], [36.295, -24.113], [36.281, -24.056], [36.272, -23.998], [36.269, -23.94], [36.272, -23.881], [36.281, -23.823], [36.295, -23.766], [36.3, -23.752], [37.427, -23.81], [37.539, -23.37], [37.65, -23.359], [37.901, -23.347], [38.417, -23.484], [38.456, -23.528], [38.491, -23.575], [38.51, -23.606], [38.641, -23.802], [38.791, -23.984], [38.957, -24.151], [39.139, -24.3], [39.312, -24.416], [39.37, -24.459], [39.414, -24.498], [39.453, -24.542], [39.488, -24.589], [39.518, -24.639], [39.543, -24.692], [39.563, -24.747], [39.577, -24.804], [39.586, -24.862], [39.589, -24.921], [39.586, -24.979], [39.577, -25.037], [39.563, -25.094], [39.543, -25.149], [39.518, -25.202], [39.488, -25.252], [39.453, -25.299], [39.414, -25.343], [39.37, -25.382], [39.323, -25.417], [39.273, -25.447], [39.22, -25.472], [39.165, -25.492], [39.069, -25.516], [38.843, -25.584], [38.626, -25.675], [38.418, -25.786], [38.272, -25.873], [38.219, -25.898], [38.164, -25.918], [38.107, -25.932], [38.049, -25.941], [37.991, -25.943], [37.932, -25.941], [37.874, -25.932], [37.627, -25.87], [37.572, -25.85], [37.519, -25.825], [37.469, -25.795], [37.422, -25.76], [37.378, -25.721], [37.339, -25.677], [37.145, -25.418], [37.119, -25.375], [37.087, -25.307], [37.01, -25.121], [36.899, -24.913]]]}, "id": 111}, {"type": "Feature", "properties": {"fill": "#153477"}, "geometry": {"type": "Polygon", "coordinates": [[[36.621, -19.527], [36.575, -19.296], [36.507, -19.071], [36.417, -18.853], [36.306, -18.645], [36.175, -18.45], [36.025, -18.268], [35.859, -18.101], [35.677, -17.952], [35.481, -17.821], [35.46, -17.808], [35.413, -17.773], [35.369, -17.734], [35.33, -17.691], [35.295, -17.644], [35.265, -17.593], [35.24, -17.54], [35.22, -17.485], [35.206, -17.428], [35.197, -17.37], [35.195, -17.312], [35.197, -17.253], [35.206, -17.195], [35.22, -17.138], [35.24, -17.083], [35.265, -17.03], [35.295, -16.98], [35.33, -16.933], [35.369, -16.89], [35.413, -16.85], [35.46, -16.815], [35.51, -16.785], [35.563, -16.76], [35.618, -16.74], [35.675, -16.726], [35.733, -16.718], [35.792, -16.715], [35.85, -16.718], [35.908, -16.726], [35.965, -16.74], [36.032, -16.764], [36.257, -16.833], [36.488, -16.878], [36.722, -16.902], [36.958, -16.902], [37.192, -16.878], [37.423, -16.833], [37.649, -16.764], [37.866, -16.674], [38.074, -16.563], [38.209, -16.482], [38.262, -16.457], [38.317, -16.437], [38.374, -16.423], [38.432, -16.415], [38.52, -16.41], [38.625, -16.4], [38.748, -16.394], [38.807, -16.397], [38.865, -16.405], [38.922, -16.42], [38.977, -16.439], [39.03, -16.464], [39.08, -16.495], [39.145, -16.543], [39.341, -16.674], [39.549, -16.785], [39.766, -16.875], [39.992, -16.943], [40.223, -16.989], [40.457, -17.012], [40.693, -17.012], [40.927, -16.989], [41.158, -16.943], [41.383, -16.875], [41.535, -16.812], [41.624, -16.78], [41.68, -16.766], [41.738, -16.758], [41.803, -16.755], [42.384, -17.244], [42.391, -17.293], [42.394, -17.352], [42.391, -17.41], [42.383, -17.468], [42.368, -17.525], [42.349, -17.58], [42.324, -17.633], [42.293, -17.684], [42.259, -17.731], [42.219, -17.774], [42.176, -17.813], [42.129, -17.848], [42.078, -17.878], [42.025, -17.903], [41.896, -17.95], [41.678, -18.04], [41.471, -18.151], [41.344, -18.236], [41.262, -18.221], [41.168, -18.369], [41.093, -18.431], [40.926, -18.598], [40.777, -18.78], [40.731, -18.842], [40.692, -18.885], [40.648, -18.924], [40.601, -18.959], [40.551, -18.989], [40.506, -19.011], [40.341, -19.099], [40.23, -19.151], [40.085, -19.211], [39.998, -19.253], [39.79, -19.364], [39.594, -19.494], [39.412, -19.644], [39.246, -19.81], [39.096, -19.992], [38.992, -20.148], [38.809, -20.099], [38.387, -20.059], [38.343, -20.074], [38.204, -21.417], [38.141, -21.426], [38.105, -21.428], [37.918, -21.258], [37.653, -20.865], [37.391, -20.859], [37.184, -20.769], [36.961, -20.354], [36.748, -20.247], [36.693, -20.132], [36.674, -20.08], [36.66, -20.024], [36.651, -19.966], [36.644, -19.817], [36.644, -19.762], [36.621, -19.527]]]}, "id": 112}, {"type": "Feature", "properties": {"fill": "#37009c"}, "geometry": {"type": "Polygon", "coordinates": [[[72.97, 2.686], [73.119, 2.868], [73.137, 2.892], [73.177, 2.935], [73.22, 2.975], [73.331, 3.057], [73.395, 3.1], [73.577, 3.249], [73.743, 3.415], [73.893, 3.598], [74.024, 3.793], [74.135, 4.001], [74.225, 4.219], [74.293, 4.444], [74.325, 4.57], [74.344, 4.625], [74.369, 4.678], [74.4, 4.729], [74.434, 4.776], [74.474, 4.819], [74.517, 4.858], [74.564, 4.893], [74.615, 4.923], [74.668, 4.948], [74.723, 4.968], [74.78, 4.982], [74.838, 4.991], [74.896, 4.994], [74.955, 4.991], [75.013, 4.982], [75.069, 4.968], [75.125, 4.948], [75.178, 4.923], [75.388, 4.811], [75.605, 4.721], [75.831, 4.652], [76.047, 4.609], [76.111, 4.593], [76.166, 4.574], [76.219, 4.549], [76.269, 4.518], [76.317, 4.483], [76.36, 4.444], [76.399, 4.401], [76.434, 4.354], [76.464, 4.303], [76.489, 4.25], [76.509, 4.195], [76.523, 4.138], [76.532, 4.08], [76.535, 4.022], [76.532, 3.963], [76.523, 3.905], [76.509, 3.849], [76.489, 3.793], [76.464, 3.74], [76.434, 3.69], [76.421, 3.672], [76.29, 3.476], [76.179, 3.268], [76.089, 3.051], [76.02, 2.825], [75.974, 2.594], [75.968, 2.529], [75.947, 2.387], [75.933, 2.33], [75.913, 2.275], [75.888, 2.222], [75.858, 2.171], [75.823, 2.124], [75.783, 2.081], [75.74, 2.042], [75.693, 2.007], [75.643, 1.977], [75.59, 1.951], [75.534, 1.932], [75.478, 1.918], [75.236, 1.87], [75.01, 1.802], [74.793, 1.711], [74.58, 1.597], [74.527, 1.572], [74.472, 1.553], [74.415, 1.538], [74.357, 1.53], [74.298, 1.527], [74.209, 1.531], [73.973, 1.531], [73.739, 1.508], [73.508, 1.462], [73.283, 1.394], [73.22, 1.372], [73.164, 1.357], [73.106, 1.349], [73.047, 1.346], [72.989, 1.349], [72.931, 1.357], [72.874, 1.372], [72.819, 1.391], [72.766, 1.416], [72.715, 1.447], [72.668, 1.481], [72.625, 1.521], [72.585, 1.564], [72.551, 1.611], [72.52, 1.662], [72.495, 1.715], [72.476, 1.77], [72.461, 1.827], [72.453, 1.884], [72.45, 1.943], [72.453, 2.002], [72.461, 2.06], [72.476, 2.116], [72.495, 2.172], [72.52, 2.224], [72.551, 2.275], [72.585, 2.322], [72.625, 2.365], [72.711, 2.444], [72.803, 2.519], [72.97, 2.686]]]}, "id": 113}, {"type": "Feature", "properties": {"fill": "#00529c"}, "geometry": {"type": "Polygon", "coordinates": [[[36.352, -23.184], [36.881, -22.97], [36.905, -22.814], [36.434, -21.969], [36.502, -21.77], [36.557, -21.703], [36.62, -21.608], [37.026, -21.716], [37.274, -21.404], [37.391, -20.859], [37.653, -20.865], [37.918, -21.258], [38.195, -21.51], [38.321, -20.285], [38.384, -20.275], [38.443, -20.272], [38.501, -20.275], [38.559, -20.284], [38.616, -20.298], [38.671, -20.318], [38.724, -20.343], [38.774, -20.373], [38.821, -20.408], [38.865, -20.447], [38.904, -20.49], [38.939, -20.538], [38.969, -20.588], [38.994, -20.641], [39.014, -20.696], [39.028, -20.753], [39.037, -20.811], [39.04, -20.869], [39.037, -20.928], [39.025, -21.009], [39.002, -21.244], [39.002, -21.479], [39.014, -21.609], [38.952, -21.724], [38.991, -21.813], [39.061, -21.895], [39.071, -21.945], [39.139, -22.17], [39.229, -22.388], [39.293, -22.523], [39.313, -22.578], [39.327, -22.635], [39.336, -22.693], [39.338, -22.751], [39.336, -22.81], [39.327, -22.868], [39.313, -22.925], [39.293, -22.98], [39.268, -23.033], [39.238, -23.083], [39.203, -23.13], [39.164, -23.173], [39.12, -23.213], [39.073, -23.248], [39.023, -23.278], [38.969, -23.303], [38.753, -23.393], [38.709, -23.413], [38.654, -23.433], [38.581, -23.452], [38.418, -23.484], [37.901, -23.347], [37.541, -23.365], [37.427, -23.81], [36.3, -23.752], [36.297, -23.74], [36.288, -23.682], [36.286, -23.623], [36.288, -23.565], [36.297, -23.506], [36.343, -23.277], [36.352, -23.184]]]}, "id": 114}, {"type": "Feature", "properties": {"fill": "#516ebc"}, "geometry": {"type": "Polygon", "coordinates": [[[34.837, -19.699], [34.946, -19.618], [34.996, -19.588], [35.087, -19.544], [35.227, -19.486], [35.269, -19.467], [35.325, -19.447], [35.381, -19.433], [35.439, -19.424], [35.498, -19.421], [35.557, -19.424], [35.614, -19.433], [35.671, -19.447], [35.726, -19.467], [35.779, -19.492], [35.83, -19.522], [35.958, -19.617], [35.984, -19.638], [36.18, -19.769], [36.295, -19.831], [36.39, -19.888], [36.452, -19.934], [36.606, -20.06], [36.622, -20.071], [36.679, -20.213], [36.961, -20.354], [37.184, -20.769], [37.391, -20.859], [37.274, -21.404], [37.026, -21.716], [36.562, -21.593], [36.528, -21.532], [36.454, -21.473], [35.408, -21.592], [35.2, -21.417], [35.158, -21.388], [34.736, -21.291], [34.636, -21.391], [33.842, -21.152], [33.589, -20.999], [33.394, -20.959], [33.469, -20.487], [34.567, -20.432], [34.534, -19.887], [34.641, -19.83], [34.837, -19.699]]]}, "id": 115}, {"type": "Feature", "properties": {"fill": "#37009c"}, "geometry": {"type": "Polygon", "coordinates": [[[33.147, -21.19], [33.394, -20.959], [33.589, -20.999], [33.842, -21.152], [34.636, -21.391], [34.736, -21.291], [35.158, -21.388], [35.2, -21.417], [35.408, -21.592], [36.33, -21.487], [36.369, -21.529], [36.476, -21.675], [36.517, -21.725], [36.434, -21.969], [36.905, -22.814], [36.897, -22.87], [36.851, -22.921], [36.808, -22.961], [36.761, -22.996], [36.71, -23.026], [36.657, -23.051], [36.563, -23.085], [36.345, -23.175], [36.138, -23.286], [36.077, -23.327], [35.957, -23.399], [35.904, -23.424], [35.849, -23.443], [35.792, -23.458], [35.734, -23.466], [35.675, -23.469], [35.617, -23.466], [35.559, -23.458], [35.308, -23.407], [35.071, -23.384], [34.89, -23.376], [34.808, -23.363], [34.62, -23.087], [34.136, -22.966], [33.812, -22.757], [33.766, -22.771], [33.584, -22.769], [33.241, -22.383], [33.456, -21.992], [33.264, -21.457], [33.125, -21.309], [33.136, -21.23], [33.147, -21.19]]]}, "id": 116}, {"type": "Feature", "properties": {"fill": "#00529c"}, "geometry": {"type": "Polygon", "coordinates": [[[31.53, -23.651], [31.697, -23.484], [31.846, -23.302], [31.977, -23.106], [32.088, -22.899], [32.178, -22.681], [32.231, -22.534], [32.256, -22.481], [32.375, -22.259], [32.465, -22.042], [32.534, -21.816], [32.554, -21.734], [32.574, -21.679], [32.599, -21.626], [32.629, -21.576], [32.664, -21.528], [32.704, -21.485], [32.747, -21.446], [32.794, -21.411], [32.844, -21.381], [32.897, -21.356], [32.953, -21.336], [33.009, -21.322], [33.067, -21.313], [33.126, -21.31], [33.264, -21.457], [33.456, -21.992], [33.241, -22.383], [33.584, -22.769], [33.766, -22.771], [33.812, -22.757], [34.136, -22.966], [34.62, -23.087], [34.805, -23.36], [34.8, -23.398], [34.786, -23.455], [34.751, -23.553], [34.736, -23.601], [34.685, -23.743], [34.66, -23.796], [34.63, -23.846], [34.595, -23.894], [34.556, -23.937], [34.512, -23.976], [34.465, -24.011], [34.415, -24.041], [34.362, -24.066], [34.307, -24.086], [34.2, -24.113], [34.07, -24.139], [33.845, -24.207], [33.627, -24.297], [33.42, -24.408], [33.319, -24.476], [33.219, -24.535], [33.166, -24.56], [33.111, -24.58], [33.01, -24.605], [32.867, -24.634], [32.64, -24.703], [32.421, -24.794], [32.258, -24.872], [32.205, -24.891], [32.148, -24.905], [32.075, -24.916], [31.87, -24.936], [31.761, -24.958], [31.279, -24.605], [31.312, -23.824], [31.348, -23.8], [31.53, -23.651]]]}, "id": 117}, {"type": "Feature", "properties": {"fill": "#00529c"}, "geometry": {"type": "Polygon", "coordinates": [[[66.251, -18.087], [66.433, -17.938], [66.6, -17.772], [66.69, -17.662], [66.773, -17.62], [66.784, -17.537], [66.88, -17.394], [66.991, -17.186], [67.041, -17.066], [67.088, -16.965], [67.118, -16.915], [67.153, -16.868], [67.193, -16.824], [67.236, -16.785], [67.283, -16.75], [67.307, -16.736], [68.197, -16.821], [68.271, -16.752], [68.292, -16.754], [68.528, -16.754], [68.696, -16.746], [68.753, -16.749], [69.026, -16.846], [69.074, -16.881], [69.118, -16.921], [69.157, -16.964], [69.192, -17.011], [69.222, -17.061], [69.247, -17.114], [69.267, -17.17], [69.281, -17.226], [69.29, -17.284], [69.291, -17.31], [69.314, -17.544], [69.321, -17.592], [69.324, -17.65], [69.321, -17.709], [69.296, -17.955], [69.296, -18.191], [69.319, -18.425], [69.365, -18.656], [69.434, -18.882], [69.524, -19.099], [69.635, -19.307], [69.766, -19.503], [69.883, -19.646], [69.933, -19.713], [69.963, -19.764], [69.988, -19.816], [70.008, -19.872], [70.022, -19.928], [70.031, -19.986], [70.034, -20.045], [70.031, -20.09], [70.031, -20.326], [70.055, -20.56], [70.087, -20.721], [70.093, -20.763], [69.775, -21.187], [69.363, -21.452], [69.17, -21.403], [69.115, -21.383], [69.062, -21.358], [69.016, -21.33], [68.922, -21.28], [68.817, -21.217], [68.769, -21.182], [68.726, -21.142], [68.702, -21.116], [68.536, -20.95], [68.352, -20.799], [68.309, -20.76], [68.252, -20.697], [68.085, -20.531], [67.903, -20.381], [67.708, -20.25], [67.571, -20.177], [67.486, -20.126], [67.439, -20.092], [67.36, -20.019], [67.177, -19.87], [66.982, -19.739], [66.934, -19.711], [66.727, -19.6], [66.509, -19.51], [66.284, -19.441], [66.14, -19.413], [66.04, -19.388], [65.985, -19.368], [65.932, -19.343], [65.881, -19.313], [65.834, -19.278], [65.791, -19.238], [65.751, -19.195], [65.717, -19.148], [65.686, -19.098], [65.661, -19.045], [65.642, -18.989], [65.627, -18.933], [65.619, -18.875], [65.616, -18.816], [65.619, -18.758], [65.627, -18.7], [65.642, -18.643], [65.661, -18.588], [65.686, -18.535], [65.717, -18.484], [65.751, -18.437], [65.791, -18.394], [65.834, -18.355], [65.881, -18.32], [66.011, -18.242], [66.055, -18.218], [66.251, -18.087]]]}, "id": 118}, {"type": "Feature", "properties": {"fill": "#153477"}, "geometry": {"type": "Polygon", "coordinates": [[[70.533, -23.046], [70.351, -22.896], [70.238, -22.813], [70.194, -22.773], [70.155, -22.73], [70.12, -22.683], [70.091, -22.634], [69.96, -22.438], [69.81, -22.256], [69.644, -22.089], [69.527, -21.983], [69.488, -21.94], [69.453, -21.893], [69.423, -21.843], [69.398, -21.79], [69.378, -21.735], [69.364, -21.678], [69.355, -21.62], [69.352, -21.561], [69.355, -21.503], [69.363, -21.452], [69.775, -21.187], [70.093, -20.763], [70.152, -20.76], [70.21, -20.763], [70.268, -20.771], [70.325, -20.786], [70.38, -20.805], [70.433, -20.83], [70.484, -20.86], [70.531, -20.895], [70.574, -20.935], [70.689, -21.062], [70.856, -21.228], [71.038, -21.378], [71.173, -21.468], [71.25, -21.525], [71.293, -21.564], [71.332, -21.608], [71.367, -21.655], [71.397, -21.705], [71.422, -21.758], [71.476, -21.908], [71.486, -21.941], [71.576, -22.159], [71.687, -22.366], [71.818, -22.562], [71.849, -22.604], [71.879, -22.654], [71.906, -22.711], [71.917, -22.739], [71.97, -22.886], [71.984, -22.943], [71.993, -23.001], [71.996, -23.06], [71.993, -23.118], [71.985, -23.174], [71.48, -23.651], [71.457, -23.654], [71.399, -23.657], [71.34, -23.654], [71.282, -23.645], [71.225, -23.631], [71.17, -23.611], [71.117, -23.586], [71.067, -23.556], [71.0, -23.507], [70.894, -23.41], [70.874, -23.388], [70.533, -23.046]]]}, "id": 119}, {"type": "Feature", "properties": {"fill": "#516ebc"}, "geometry": {"type": "Polygon", "coordinates": [[[27.581, -25.335], [27.551, -25.285], [27.526, -25.232], [27.506, -25.177], [27.492, -25.12], [27.483, -25.062], [27.48, -25.004], [27.483, -24.945], [27.492, -24.887], [27.506, -24.83], [27.526, -24.775], [27.551, -24.722], [27.581, -24.672], [27.616, -24.625], [27.655, -24.582], [27.698, -24.542], [27.746, -24.507], [27.796, -24.477], [27.928, -24.415], [28.103, -24.321], [28.173, -24.288], [28.228, -24.268], [28.285, -24.254], [28.343, -24.245], [28.402, -24.242], [28.454, -24.245], [28.689, -24.245], [28.791, -24.24], [29.028, -24.24], [29.262, -24.217], [29.437, -24.191], [29.597, -24.183], [29.629, -24.183], [29.864, -24.16], [30.095, -24.114], [30.32, -24.046], [30.538, -23.956], [30.75, -23.842], [30.802, -23.817], [30.858, -23.797], [30.915, -23.783], [30.972, -23.775], [31.031, -23.772], [31.09, -23.775], [31.147, -23.783], [31.204, -23.797], [31.26, -23.817], [31.311, -23.842], [31.279, -24.605], [31.751, -24.95], [31.75, -24.983], [31.741, -25.041], [31.727, -25.098], [31.707, -25.153], [31.682, -25.206], [31.652, -25.256], [31.617, -25.303], [31.578, -25.347], [31.534, -25.386], [31.487, -25.421], [31.437, -25.451], [31.297, -25.517], [31.255, -25.535], [31.047, -25.646], [30.85, -25.778], [30.668, -25.928], [30.501, -26.095], [30.351, -26.278], [30.221, -26.475], [30.11, -26.683], [30.033, -26.847], [30.004, -26.895], [29.969, -26.942], [29.93, -26.985], [29.886, -27.025], [29.839, -27.06], [29.789, -27.09], [29.736, -27.115], [29.681, -27.134], [29.524, -27.174], [29.299, -27.242], [29.091, -27.328], [28.633, -26.7], [28.593, -26.68], [28.508, -26.326], [28.817, -26.083], [28.674, -25.741], [28.181, -25.721], [27.828, -25.485], [27.678, -25.48], [27.581, -25.335]]]}, "id": 120}, {"type": "Feature", "properties": {"fill": "#00789c"}, "geometry": {"type": "Polygon", "coordinates": [[[25.201, -25.848], [25.21, -25.791], [25.224, -25.734], [25.244, -25.679], [25.269, -25.626], [25.299, -25.575], [25.334, -25.528], [25.373, -25.485], [25.417, -25.445], [25.464, -25.411], [25.514, -25.38], [25.567, -25.355], [25.622, -25.336], [25.679, -25.321], [25.737, -25.313], [25.795, -25.31], [25.854, -25.313], [25.912, -25.321], [25.969, -25.336], [26.045, -25.363], [26.27, -25.431], [26.393, -25.456], [26.481, -25.478], [26.712, -25.524], [26.946, -25.547], [27.182, -25.547], [27.416, -25.524], [27.643, -25.478], [27.828, -25.485], [28.181, -25.721], [28.674, -25.741], [28.817, -26.083], [28.508, -26.326], [28.593, -26.68], [28.633, -26.7], [29.09, -27.328], [29.065, -27.355], [29.022, -27.395], [28.975, -27.43], [28.924, -27.46], [28.871, -27.485], [28.816, -27.505], [28.759, -27.519], [28.701, -27.527], [28.463, -27.551], [28.232, -27.597], [28.007, -27.665], [27.789, -27.755], [27.582, -27.866], [27.486, -27.924], [27.433, -27.949], [27.378, -27.968], [27.321, -27.983], [27.251, -27.993], [27.023, -28.016], [26.836, -28.045], [26.785, -28.048], [26.727, -28.045], [26.669, -28.036], [26.612, -28.022], [26.472, -27.972], [26.42, -27.95], [26.195, -27.882], [25.964, -27.836], [25.729, -27.813], [25.583, -27.806], [25.525, -27.797], [25.468, -27.783], [25.413, -27.763], [25.36, -27.738], [25.31, -27.708], [25.263, -27.673], [25.219, -27.634], [25.21, -27.624], [25.211, -27.591], [25.281, -26.832], [25.215, -26.627], [25.335, -26.375], [25.203, -26.005], [25.198, -25.907], [25.201, -25.848]]]}, "id": 121}, {"type": "Feature", "properties": {"fill": "#153477"}, "geometry": {"type": "Polygon", "coordinates": [[[73.229, -25.544], [73.18, -25.499], [73.723, -24.58], [73.776, -24.51], [73.836, -24.531], [73.889, -24.556], [73.975, -24.607], [74.183, -24.718], [74.34, -24.793], [74.518, -24.898], [74.561, -24.93], [74.604, -24.969], [74.643, -25.013], [74.678, -25.06], [74.708, -25.11], [74.734, -25.163], [74.753, -25.218], [74.768, -25.275], [74.776, -25.333], [74.779, -25.392], [74.776, -25.45], [74.768, -25.508], [74.753, -25.565], [74.734, -25.62], [74.708, -25.673], [74.678, -25.723], [74.643, -25.77], [74.604, -25.814], [74.561, -25.853], [74.514, -25.888], [74.463, -25.918], [74.41, -25.943], [74.355, -25.963], [74.298, -25.977], [74.24, -25.986], [74.104, -25.992], [74.004, -25.988], [73.946, -25.979], [73.889, -25.965], [73.834, -25.945], [73.781, -25.92], [73.693, -25.868], [73.636, -25.837], [73.513, -25.763], [73.43, -25.702], [73.316, -25.609], [73.229, -25.544]]]}, "id": 122}, {"type": "Feature", "properties": {"fill": "#00529c"}, "geometry": {"type": "Polygon", "coordinates": [[[71.479, -23.651], [71.984, -23.174], [72.007, -23.171], [72.065, -23.168], [72.124, -23.171], [72.182, -23.179], [72.239, -23.194], [72.294, -23.213], [72.347, -23.239], [72.397, -23.269], [72.444, -23.304], [72.709, -23.544], [72.731, -23.568], [72.897, -23.735], [73.08, -23.884], [73.275, -24.015], [73.443, -24.104], [73.513, -24.146], [73.56, -24.181], [73.603, -24.22], [73.643, -24.264], [73.677, -24.311], [73.72, -24.382], [73.783, -24.5], [73.723, -24.58], [73.164, -25.526], [73.162, -25.554], [73.02, -25.582], [72.901, -25.612], [72.843, -25.62], [72.784, -25.623], [72.726, -25.62], [72.668, -25.612], [72.611, -25.598], [72.556, -25.578], [72.503, -25.553], [72.453, -25.523], [72.406, -25.488], [72.362, -25.448], [72.323, -25.405], [72.288, -25.358], [72.23, -25.262], [72.17, -25.148], [72.039, -24.952], [71.941, -24.821], [71.865, -24.694], [71.838, -24.643], [71.707, -24.448], [71.607, -24.325], [71.549, -24.247], [71.519, -24.197], [71.494, -24.144], [71.474, -24.089], [71.46, -24.032], [71.451, -23.974], [71.448, -23.915], [71.451, -23.857], [71.457, -23.8], [71.479, -23.651]]]}, "id": 123}, {"type": "Feature", "properties": {"fill": "#00529c"}, "geometry": {"type": "Polygon", "coordinates": [[[22.048, -16.198], [22.101, -16.173], [22.156, -16.153], [22.213, -16.139], [22.459, -16.09], [22.684, -16.022], [22.902, -15.932], [23.109, -15.821], [23.305, -15.69], [23.426, -15.591], [23.505, -15.532], [23.555, -15.502], [23.608, -15.477], [23.663, -15.457], [23.72, -15.443], [23.778, -15.435], [23.837, -15.432], [23.948, -15.437], [24.183, -15.437], [24.418, -15.414], [24.502, -15.397], [24.634, -15.378], [24.692, -15.375], [24.751, -15.378], [24.809, -15.386], [24.866, -15.401], [24.921, -15.42], [24.974, -15.445], [25.082, -15.51], [25.177, -15.573], [25.334, -15.667], [25.378, -15.699], [25.421, -15.739], [25.461, -15.782], [25.495, -15.829], [25.526, -15.879], [25.587, -16.009], [25.698, -16.217], [25.829, -16.413], [25.978, -16.595], [26.145, -16.761], [26.327, -16.911], [26.523, -17.042], [26.73, -17.153], [26.769, -17.171], [26.833, -17.21], [26.92, -17.256], [27.014, -17.487], [26.802, -18.307], [26.503, -18.024], [26.407, -18.003], [26.0, -17.498], [25.714, -17.823], [25.115, -17.95], [25.095, -17.935], [24.959, -17.811], [24.777, -17.661], [24.581, -17.53], [24.374, -17.419], [24.156, -17.329], [23.931, -17.261], [23.7, -17.215], [23.465, -17.192], [23.23, -17.192], [22.995, -17.215], [22.764, -17.261], [22.539, -17.329], [22.478, -17.351], [22.415, -17.37], [22.295, -17.4], [22.237, -17.409], [22.222, -17.41], [22.077, -17.24], [21.692, -16.468], [21.717, -16.436], [21.756, -16.392], [21.799, -16.353], [21.846, -16.318], [22.048, -16.198]]]}, "id": 124}, {"type": "Feature", "properties": {"fill": "#00789c"}, "geometry": {"type": "Polygon", "coordinates": [[[1.545, 23.745], [1.571, 23.798], [1.601, 23.849], [1.636, 23.896], [1.675, 23.939], [1.718, 23.978], [1.765, 24.013], [1.816, 24.043], [1.869, 24.068], [1.924, 24.088], [1.981, 24.102], [2.007, 24.106], [2.19, 24.143], [2.272, 24.155], [2.331, 24.158], [2.39, 24.155], [2.447, 24.146], [2.504, 24.132], [2.56, 24.112], [2.612, 24.087], [2.709, 24.03], [2.916, 23.919], [3.134, 23.829], [3.192, 23.808], [3.245, 23.783], [3.296, 23.752], [3.343, 23.718], [3.386, 23.678], [3.426, 23.635], [3.46, 23.588], [3.491, 23.537], [3.516, 23.484], [3.535, 23.429], [3.55, 23.372], [3.558, 23.314], [3.561, 23.256], [3.558, 23.197], [3.55, 23.139], [3.535, 23.083], [3.516, 23.027], [3.491, 22.974], [3.46, 22.924], [3.426, 22.877], [3.386, 22.834], [3.343, 22.794], [3.296, 22.759], [3.245, 22.729], [3.192, 22.704], [3.137, 22.685], [3.08, 22.67], [3.022, 22.662], [2.964, 22.659], [2.891, 22.662], [2.638, 22.662], [2.448, 22.651], [2.398, 22.653], [2.264, 22.673], [2.03, 22.696], [1.947, 22.7], [1.889, 22.709], [1.832, 22.723], [1.777, 22.743], [1.724, 22.768], [1.673, 22.798], [1.626, 22.833], [1.583, 22.872], [1.543, 22.916], [1.509, 22.963], [1.478, 23.013], [1.453, 23.066], [1.434, 23.121], [1.419, 23.178], [1.411, 23.236], [1.408, 23.294], [1.411, 23.353], [1.419, 23.411], [1.434, 23.468], [1.453, 23.523], [1.545, 23.745]]]}, "id": 125}, {"type": "Feature", "properties": {"fill": "#37009c"}, "geometry": {"type": "Polygon", "coordinates": [[[21.1, -19.209], [21.13, -19.164], [21.201, -19.069], [21.694, -18.831], [21.729, -18.776], [21.883, -18.63], [22.07, -18.556], [22.548, -18.583], [22.559, -18.572], [22.566, -18.544], [22.36, -17.432], [22.42, -17.403], [22.475, -17.383], [22.532, -17.369], [22.59, -17.36], [22.649, -17.357], [22.707, -17.36], [22.765, -17.369], [22.822, -17.383], [22.877, -17.403], [22.93, -17.428], [23.069, -17.511], [23.277, -17.622], [23.494, -17.712], [23.72, -17.781], [23.951, -17.827], [24.185, -17.85], [24.421, -17.85], [24.679, -17.837], [24.874, -17.818], [25.034, -17.967], [25.714, -17.823], [26.0, -17.498], [26.407, -18.003], [26.503, -18.024], [26.802, -18.307], [26.842, -18.377], [26.808, -18.471], [26.606, -18.859], [26.756, -19.121], [26.565, -19.799], [26.548, -19.812], [26.498, -19.842], [26.445, -19.867], [26.39, -19.887], [26.333, -19.901], [26.275, -19.909], [26.216, -19.912], [26.158, -19.909], [26.1, -19.901], [26.043, -19.887], [25.988, -19.867], [25.842, -19.798], [25.815, -19.784], [25.598, -19.693], [25.372, -19.625], [25.141, -19.579], [24.906, -19.556], [24.671, -19.556], [24.436, -19.579], [24.205, -19.625], [23.979, -19.694], [23.762, -19.784], [23.554, -19.896], [23.358, -20.027], [23.212, -20.135], [22.446, -20.182], [22.182, -20.1], [22.024, -20.188], [21.925, -20.329], [21.812, -20.363], [21.594, -20.453], [21.441, -20.526], [21.418, -20.534], [21.154, -20.474], [20.627, -20.091], [20.619, -20.033], [20.616, -19.974], [20.619, -19.916], [20.627, -19.858], [20.641, -19.801], [20.661, -19.746], [20.686, -19.693], [20.716, -19.642], [20.751, -19.595], [20.796, -19.545], [20.951, -19.391], [21.1, -19.209]]]}, "id": 126}, {"type": "Feature", "properties": {"fill": "#153477"}, "geometry": {"type": "Polygon", "coordinates": [[[20.395, -13.857], [20.442, -13.822], [20.492, -13.792], [20.545, -13.767], [20.6, -13.747], [20.657, -13.733], [20.715, -13.725], [20.774, -13.722], [20.832, -13.725], [20.89, -13.733], [20.947, -13.747], [21.002, -13.767], [21.055, -13.792], [21.105, -13.822], [21.152, -13.857], [21.196, -13.897], [21.235, -13.94], [21.27, -13.987], [21.3, -14.037], [21.325, -14.09], [21.345, -14.146], [21.359, -14.202], [21.368, -14.26], [21.371, -14.319], [21.368, -14.377], [21.347, -14.521], [21.323, -14.756], [21.323, -14.991], [21.347, -15.226], [21.393, -15.457], [21.461, -15.682], [21.515, -15.813], [21.477, -15.845], [21.576, -16.235], [22.077, -17.24], [22.23, -17.419], [22.356, -17.408], [22.566, -18.544], [22.565, -18.546], [22.559, -18.55], [22.506, -18.575], [22.493, -18.58], [22.07, -18.556], [21.883, -18.63], [21.729, -18.776], [21.694, -18.831], [21.201, -19.069], [21.165, -19.067], [21.107, -19.058], [21.05, -19.044], [20.995, -19.024], [20.942, -18.999], [20.891, -18.969], [20.762, -18.873], [20.738, -18.854], [20.543, -18.723], [20.481, -18.687], [20.448, -18.662], [20.402, -17.796], [20.424, -17.767], [20.404, -17.519], [20.397, -17.49], [20.432, -17.391], [20.566, -16.939], [20.567, -16.369], [20.807, -16.013], [20.586, -15.87], [20.149, -14.981], [20.337, -14.809], [20.471, -14.347], [20.347, -13.902], [20.395, -13.857]]]}, "id": 127}, {"type": "Feature", "properties": {"fill": "#37009c"}, "geometry": {"type": "Polygon", "coordinates": [[[14.647, -18.516], [14.612, -18.469], [14.582, -18.418], [14.557, -18.366], [14.537, -18.31], [14.523, -18.254], [14.514, -18.196], [14.511, -18.137], [14.514, -18.078], [14.523, -18.021], [14.537, -17.964], [14.557, -17.909], [14.582, -17.856], [14.612, -17.805], [14.647, -17.758], [14.686, -17.715], [14.729, -17.675], [14.776, -17.641], [14.827, -17.61], [14.88, -17.585], [14.935, -17.566], [15.066, -17.533], [15.291, -17.464], [15.509, -17.374], [15.716, -17.263], [15.912, -17.132], [16.094, -16.983], [16.261, -16.817], [16.41, -16.634], [16.541, -16.439], [16.652, -16.231], [16.742, -16.013], [16.79, -15.879], [16.815, -15.826], [16.845, -15.776], [16.88, -15.729], [16.92, -15.686], [16.963, -15.646], [17.01, -15.611], [17.06, -15.581], [17.136, -15.546], [17.343, -15.435], [17.539, -15.304], [17.721, -15.154], [17.888, -14.988], [18.037, -14.806], [18.168, -14.61], [18.279, -14.402], [18.331, -14.292], [18.361, -14.242], [18.396, -14.195], [18.436, -14.151], [18.479, -14.112], [18.526, -14.077], [18.576, -14.047], [18.629, -14.022], [18.684, -14.002], [18.741, -13.988], [18.799, -13.979], [18.858, -13.976], [18.916, -13.979], [18.966, -13.987], [19.202, -14.01], [19.44, -14.009], [19.676, -13.986], [19.909, -13.939], [20.085, -13.894], [20.14, -13.886], [20.198, -13.883], [20.257, -13.886], [20.315, -13.894], [20.347, -13.902], [20.471, -14.347], [20.337, -14.809], [20.149, -14.981], [20.514, -15.723], [20.514, -15.871], [20.537, -16.105], [20.585, -16.343], [20.567, -16.369], [20.566, -16.939], [20.432, -17.391], [20.397, -17.49], [20.404, -17.519], [20.424, -17.767], [20.402, -17.796], [20.448, -18.662], [20.413, -18.693], [20.366, -18.728], [20.316, -18.758], [20.263, -18.783], [20.208, -18.803], [20.073, -18.837], [19.848, -18.905], [19.63, -18.995], [19.525, -19.045], [19.47, -19.065], [19.413, -19.079], [19.355, -19.088], [19.296, -19.09], [19.238, -19.088], [19.221, -19.085], [18.991, -18.869], [18.692, -18.67], [18.252, -18.69], [17.975, -18.945], [17.461, -18.81], [17.382, -18.817], [17.159, -18.758], [17.119, -18.699], [16.193, -18.595], [15.995, -19.025], [15.949, -19.034], [15.401, -18.846], [15.219, -18.646], [14.72, -18.59], [14.686, -18.559], [14.647, -18.516]]]}, "id": 128}, {"type": "Feature", "properties": {"fill": "#516ebc"}, "geometry": {"type": "Polygon", "coordinates": [[[20.159, -20.424], [20.169, -20.403], [20.199, -20.352], [20.234, -20.305], [20.273, -20.262], [20.317, -20.222], [20.364, -20.188], [20.414, -20.157], [20.467, -20.132], [20.522, -20.113], [20.579, -20.098], [20.628, -20.091], [21.154, -20.474], [21.73, -20.605], [21.951, -20.292], [22.155, -20.272], [22.386, -20.226], [22.551, -20.176], [23.211, -20.135], [23.23, -20.143], [23.28, -20.174], [23.328, -20.209], [23.411, -20.284], [23.593, -20.434], [23.789, -20.565], [23.997, -20.676], [24.214, -20.766], [24.44, -20.834], [24.606, -20.876], [24.662, -20.896], [24.715, -20.921], [24.765, -20.951], [24.788, -20.968], [24.984, -21.099], [25.192, -21.21], [25.409, -21.3], [25.635, -21.368], [25.78, -21.405], [25.836, -21.425], [25.889, -21.45], [25.939, -21.48], [25.986, -21.515], [26.029, -21.554], [26.069, -21.598], [26.104, -21.645], [26.134, -21.695], [26.159, -21.748], [26.179, -21.803], [26.193, -21.86], [26.201, -21.918], [26.204, -21.976], [26.201, -22.035], [26.193, -22.093], [26.179, -22.15], [26.159, -22.205], [26.064, -22.431], [26.05, -22.48], [25.999, -22.622], [25.974, -22.675], [25.944, -22.726], [25.909, -22.773], [25.869, -22.816], [25.826, -22.855], [25.775, -22.893], [25.587, -23.019], [25.405, -23.168], [25.359, -23.21], [25.312, -23.244], [25.262, -23.275], [25.209, -23.3], [25.154, -23.319], [25.097, -23.334], [24.979, -23.351], [24.865, -23.362], [24.634, -23.408], [24.409, -23.477], [24.191, -23.567], [23.983, -23.678], [23.788, -23.809], [23.605, -23.958], [23.439, -24.125], [23.32, -24.269], [23.265, -24.33], [23.221, -24.37], [23.174, -24.405], [23.124, -24.435], [23.071, -24.46], [23.016, -24.48], [22.959, -24.494], [22.901, -24.503], [22.842, -24.505], [22.784, -24.503], [22.726, -24.494], [22.669, -24.48], [22.614, -24.46], [22.561, -24.435], [22.511, -24.405], [22.464, -24.37], [22.409, -24.32], [22.273, -24.209], [22.312, -23.754], [22.181, -23.528], [21.231, -23.423], [21.195, -23.481], [20.868, -23.382], [20.376, -23.119], [20.368, -22.902], [20.213, -22.704], [20.237, -22.578], [20.132, -22.382], [19.856, -22.178], [19.861, -21.93], [19.772, -21.772], [19.671, -21.612], [19.723, -21.54], [19.868, -21.406], [20.115, -20.818], [20.039, -20.645], [20.047, -20.632], [20.159, -20.424]]]}, "id": 129}, {"type": "Feature", "properties": {"fill": "#153477"}, "geometry": {"type": "Polygon", "coordinates": [[[31.994, -17.886], [32.049, -17.866], [32.106, -17.852], [32.164, -17.844], [32.222, -17.841], [32.281, -17.844], [32.439, -17.867], [32.472, -17.874], [32.706, -17.897], [32.942, -17.897], [33.176, -17.874], [33.407, -17.828], [33.633, -17.759], [33.697, -17.736], [33.754, -17.722], [33.833, -17.71], [34.025, -17.691], [34.256, -17.645], [34.326, -17.628], [34.384, -17.619], [34.443, -17.616], [34.501, -17.619], [34.559, -17.628], [34.616, -17.642], [34.671, -17.662], [34.724, -17.687], [34.775, -17.717], [34.822, -17.752], [34.865, -17.791], [34.904, -17.835], [34.939, -17.882], [34.969, -17.932], [34.994, -17.985], [35.014, -18.04], [35.028, -18.097], [35.037, -18.155], [35.04, -18.213], [35.037, -18.272], [35.032, -18.305], [35.009, -18.54], [35.009, -18.775], [35.026, -18.948], [35.03, -19.037], [35.027, -19.096], [35.019, -19.154], [35.005, -19.211], [34.985, -19.266], [34.96, -19.319], [34.93, -19.369], [34.855, -19.47], [34.79, -19.549], [34.68, -19.713], [34.531, -19.83], [34.539, -19.974], [34.458, -20.17], [34.402, -20.356], [34.375, -20.431], [34.37, -20.442], [33.469, -20.487], [33.394, -20.959], [33.146, -21.191], [33.088, -21.199], [33.059, -21.201], [32.825, -21.224], [32.756, -21.237], [32.616, -21.258], [32.558, -21.261], [32.499, -21.258], [32.441, -21.249], [32.384, -21.235], [32.329, -21.216], [32.276, -21.19], [32.226, -21.16], [32.179, -21.125], [32.135, -21.086], [32.096, -21.043], [32.061, -20.996], [32.031, -20.945], [32.006, -20.892], [31.986, -20.837], [31.972, -20.78], [31.963, -20.722], [31.961, -20.673], [31.938, -20.438], [31.892, -20.207], [31.823, -19.982], [31.733, -19.764], [31.622, -19.557], [31.491, -19.361], [31.458, -19.315], [31.428, -19.265], [31.403, -19.212], [31.383, -19.157], [31.369, -19.1], [31.36, -19.039], [31.602, -18.804], [31.823, -18.647], [31.88, -18.558], [31.903, -17.934], [31.941, -17.911], [31.994, -17.886]]]}, "id": 130}, {"type": "Feature", "properties": {"fill": "#00529c"}, "geometry": {"type": "Polygon", "coordinates": [[[29.624, -20.07], [29.633, -20.012], [29.647, -19.956], [29.667, -19.9], [29.692, -19.847], [29.722, -19.797], [29.757, -19.75], [29.796, -19.707], [29.84, -19.667], [29.887, -19.632], [29.937, -19.602], [29.99, -19.577], [30.045, -19.558], [30.102, -19.543], [30.136, -19.538], [30.515, -19.598], [30.644, -19.557], [30.764, -19.556], [30.822, -19.558], [30.88, -19.567], [30.937, -19.581], [30.992, -19.601], [31.045, -19.626], [31.095, -19.656], [31.143, -19.691], [31.186, -19.73], [31.225, -19.774], [31.26, -19.821], [31.29, -19.871], [31.315, -19.924], [31.335, -19.979], [31.349, -20.036], [31.358, -20.094], [31.361, -20.153], [31.358, -20.204], [31.358, -20.439], [31.381, -20.673], [31.427, -20.904], [31.496, -21.13], [31.586, -21.347], [31.697, -21.555], [31.785, -21.702], [31.81, -21.755], [31.83, -21.81], [31.844, -21.867], [31.853, -21.925], [31.855, -21.984], [31.853, -22.042], [31.844, -22.1], [31.83, -22.157], [31.81, -22.212], [31.785, -22.265], [31.755, -22.315], [31.72, -22.362], [31.681, -22.406], [31.655, -22.429], [31.489, -22.595], [31.349, -22.765], [31.305, -22.814], [31.261, -22.854], [31.214, -22.889], [31.164, -22.919], [31.111, -22.944], [30.943, -23.004], [30.726, -23.094], [30.518, -23.205], [30.491, -23.221], [30.438, -23.246], [30.383, -23.266], [30.326, -23.28], [30.268, -23.289], [30.21, -23.292], [29.787, -22.447], [29.823, -22.407], [29.755, -22.089], [29.769, -21.84], [29.881, -21.701], [29.875, -21.614], [29.851, -21.547], [29.911, -21.432], [29.782, -20.993], [29.865, -20.634], [29.833, -20.611], [29.616, -20.213], [29.618, -20.188], [29.624, -20.07]]]}, "id": 131}, {"type": "Feature", "properties": {"fill": "#153477"}, "geometry": {"type": "Polygon", "coordinates": [[[26.111, -21.57], [26.081, -21.52], [26.056, -21.467], [26.036, -21.411], [26.022, -21.355], [26.014, -21.297], [26.011, -21.238], [26.014, -21.18], [26.022, -21.122], [26.036, -21.065], [26.056, -21.01], [26.081, -20.957], [26.111, -20.906], [26.146, -20.859], [26.186, -20.816], [26.229, -20.776], [26.276, -20.742], [26.326, -20.711], [26.379, -20.686], [26.435, -20.667], [26.491, -20.652], [26.549, -20.644], [26.608, -20.641], [26.666, -20.644], [26.811, -20.665], [26.87, -20.677], [27.105, -20.7], [27.137, -20.7], [27.399, -20.84], [27.606, -20.671], [27.806, -20.631], [28.031, -20.563], [28.065, -20.551], [28.13, -20.532], [28.598, -20.903], [28.643, -20.954], [28.838, -20.896], [29.018, -20.689], [29.193, -20.078], [29.219, -20.077], [29.278, -20.08], [29.336, -20.088], [29.392, -20.102], [29.448, -20.122], [29.5, -20.147], [29.551, -20.177], [29.598, -20.212], [29.633, -20.244], [29.833, -20.611], [29.865, -20.634], [29.782, -20.993], [29.911, -21.432], [29.851, -21.547], [29.875, -21.614], [29.881, -21.701], [29.769, -21.84], [29.755, -22.089], [29.823, -22.407], [29.787, -22.447], [30.209, -23.291], [30.194, -23.312], [30.154, -23.356], [30.111, -23.395], [30.064, -23.43], [29.948, -23.499], [29.752, -23.63], [29.57, -23.78], [29.404, -23.946], [29.36, -23.985], [29.313, -24.02], [29.263, -24.05], [29.21, -24.075], [29.155, -24.095], [29.098, -24.109], [29.04, -24.118], [28.981, -24.121], [28.923, -24.118], [28.865, -24.109], [28.808, -24.095], [28.753, -24.075], [28.7, -24.05], [28.65, -24.02], [28.602, -23.985], [28.559, -23.946], [28.493, -23.873], [28.326, -23.706], [28.144, -23.557], [27.948, -23.426], [27.741, -23.315], [27.523, -23.225], [27.333, -23.167], [27.26, -23.141], [27.207, -23.116], [27.157, -23.086], [27.11, -23.051], [27.067, -23.012], [27.027, -22.968], [26.944, -22.856], [26.887, -22.773], [26.857, -22.723], [26.832, -22.67], [26.81, -22.608], [26.72, -22.391], [26.609, -22.183], [26.478, -21.987], [26.328, -21.805], [26.207, -21.684], [26.146, -21.617], [26.111, -21.57]]]}, "id": 132}, {"type": "Feature", "properties": {"fill": "#00789c"}, "geometry": {"type": "Polygon", "coordinates": [[[27.059, -17.13], [27.107, -17.095], [27.157, -17.065], [27.21, -17.04], [27.265, -17.02], [27.322, -17.006], [27.38, -16.997], [27.438, -16.994], [27.497, -16.997], [27.555, -17.006], [27.612, -17.02], [27.667, -17.04], [27.713, -17.062], [27.931, -17.152], [28.098, -17.203], [28.504, -17.736], [28.822, -17.695], [29.092, -18.041], [29.086, -18.068], [29.347, -18.283], [29.414, -18.377], [29.403, -18.406], [29.543, -18.779], [29.483, -18.957], [29.79, -19.354], [29.774, -19.399], [29.711, -19.533], [29.683, -19.584], [29.607, -19.767], [29.458, -19.923], [29.309, -19.922], [29.232, -19.939], [29.018, -20.689], [28.838, -20.896], [28.643, -20.954], [28.598, -20.903], [28.033, -20.455], [27.888, -20.44], [27.645, -20.639], [27.578, -20.619], [27.347, -20.573], [27.173, -20.547], [27.116, -20.533], [27.061, -20.513], [27.008, -20.488], [26.958, -20.458], [26.911, -20.423], [26.868, -20.384], [26.828, -20.34], [26.793, -20.293], [26.763, -20.243], [26.738, -20.19], [26.642, -19.959], [26.565, -19.799], [26.756, -19.121], [26.606, -18.859], [26.808, -18.471], [26.842, -18.377], [26.802, -18.307], [27.014, -17.487], [26.919, -17.254], [26.954, -17.225], [27.059, -17.13]]]}, "id": 133}, {"type": "Feature", "properties": {"fill": "#153477"}, "geometry": {"type": "Polygon", "coordinates": [[[28.482, -16.883], [28.658, -16.706], [28.701, -16.667], [28.748, -16.632], [28.799, -16.602], [28.921, -16.544], [28.996, -16.512], [29.204, -16.401], [29.371, -16.29], [29.436, -16.251], [29.489, -16.226], [29.544, -16.206], [29.643, -16.181], [29.789, -16.152], [29.944, -16.113], [30.002, -16.105], [30.061, -16.102], [30.119, -16.105], [30.177, -16.113], [30.234, -16.128], [30.289, -16.147], [30.342, -16.172], [30.393, -16.203], [30.44, -16.237], [30.483, -16.277], [30.522, -16.32], [30.589, -16.409], [30.661, -16.518], [30.757, -16.634], [30.817, -16.716], [30.847, -16.766], [30.872, -16.819], [30.892, -16.874], [30.948, -17.095], [30.956, -17.151], [30.959, -17.21], [30.956, -17.268], [30.947, -17.326], [30.933, -17.383], [30.905, -17.462], [30.896, -17.491], [30.653, -17.556], [30.485, -17.746], [30.286, -17.867], [30.087, -17.816], [29.961, -17.926], [29.814, -17.966], [29.683, -17.728], [29.297, -17.839], [29.287, -17.857], [29.092, -18.041], [28.822, -17.695], [28.504, -17.736], [28.136, -17.253], [28.158, -17.208], [28.188, -17.158], [28.223, -17.111], [28.262, -17.067], [28.311, -17.023], [28.482, -16.883]]]}, "id": 134}, {"type": "Feature", "properties": {"fill": "#37009c"}, "geometry": {"type": "Polygon", "coordinates": [[[31.186, -17.66], [31.404, -17.75], [31.629, -17.818], [31.721, -17.841], [31.776, -17.861], [31.829, -17.886], [31.879, -17.916], [31.903, -17.934], [31.88, -18.558], [31.823, -18.647], [31.602, -18.804], [31.212, -19.183], [31.068, -19.259], [30.872, -19.39], [30.728, -19.498], [30.677, -19.528], [30.624, -19.553], [30.569, -19.573], [30.512, -19.587], [30.479, -19.592], [30.136, -19.538], [30.034, -19.49], [29.829, -19.405], [29.483, -18.957], [29.543, -18.779], [29.403, -18.406], [29.414, -18.377], [29.347, -18.283], [29.086, -18.068], [29.092, -18.041], [29.287, -17.857], [29.297, -17.839], [29.683, -17.728], [29.814, -17.966], [29.961, -17.926], [30.087, -17.816], [30.286, -17.867], [30.485, -17.746], [30.653, -17.556], [30.886, -17.493], [30.979, -17.549], [31.186, -17.66]]]}, "id": 135}, {"type": "Feature", "properties": {"fill": "#37009c"}, "geometry": {"type": "Polygon", "coordinates": [[[3.041, -4.895], [3.266, -4.826], [3.49, -4.733], [4.132, -4.881], [4.317, -4.08], [4.386, -3.996], [4.516, -3.8], [4.53, -3.778], [4.565, -3.73], [4.604, -3.687], [4.648, -3.648], [4.695, -3.613], [4.745, -3.583], [4.798, -3.558], [4.853, -3.538], [4.91, -3.524], [4.968, -3.515], [5.027, -3.512], [5.085, -3.515], [5.143, -3.524], [5.2, -3.538], [5.255, -3.558], [5.308, -3.583], [5.404, -3.64], [5.612, -3.752], [5.83, -3.842], [6.056, -3.91], [6.288, -3.956], [6.523, -3.979], [6.759, -3.979], [6.994, -3.955], [7.225, -3.909], [7.451, -3.84], [7.62, -3.779], [7.675, -3.765], [7.733, -3.757], [7.791, -3.754], [7.823, -3.755], [8.17, -4.431], [8.18, -4.555], [7.797, -5.068], [7.786, -5.346], [7.724, -5.464], [7.633, -5.681], [7.565, -5.907], [7.519, -6.138], [7.496, -6.374], [7.487, -6.432], [7.473, -6.489], [7.453, -6.544], [7.428, -6.597], [7.398, -6.647], [7.331, -6.738], [7.278, -6.802], [7.224, -6.861], [7.181, -6.901], [7.134, -6.936], [7.084, -6.966], [7.031, -6.991], [6.976, -7.011], [6.919, -7.025], [6.861, -7.033], [6.802, -7.036], [6.744, -7.033], [6.686, -7.025], [6.629, -7.011], [6.574, -6.991], [6.437, -6.926], [6.375, -6.894], [6.157, -6.804], [5.931, -6.735], [5.7, -6.689], [5.465, -6.666], [5.229, -6.667], [4.995, -6.69], [4.818, -6.716], [4.761, -6.719], [4.702, -6.716], [4.644, -6.708], [4.588, -6.693], [4.55, -6.68], [4.324, -6.611], [4.093, -6.565], [3.859, -6.542], [3.623, -6.542], [3.373, -6.568], [3.314, -6.571], [3.255, -6.568], [3.198, -6.559], [3.141, -6.545], [3.086, -6.525], [3.033, -6.5], [2.982, -6.47], [2.935, -6.435], [2.739, -6.273], [2.541, -6.141], [2.385, -6.049], [2.34, -6.015], [2.297, -5.976], [2.258, -5.932], [2.223, -5.885], [2.193, -5.835], [2.168, -5.782], [2.148, -5.727], [2.134, -5.67], [2.125, -5.612], [2.122, -5.554], [2.125, -5.495], [2.134, -5.437], [2.148, -5.38], [2.168, -5.325], [2.193, -5.272], [2.223, -5.222], [2.258, -5.175], [2.297, -5.131], [2.34, -5.092], [2.388, -5.057], [2.438, -5.027], [2.491, -5.002], [2.546, -4.982], [2.603, -4.968], [2.745, -4.947], [2.81, -4.941], [3.041, -4.895]]]}, "id": 136}, {"type": "Feature", "properties": {"fill": "#516ebc"}, "geometry": {"type": "Polygon", "coordinates": [[[18.993, -37.687], [18.936, -37.672], [18.881, -37.653], [18.828, -37.627], [18.777, -37.597], [18.73, -37.562], [18.687, -37.523], [18.648, -37.48], [18.613, -37.433], [18.583, -37.382], [18.558, -37.329], [18.538, -37.274], [18.404, -36.789], [18.39, -36.732], [16.784, -26.451], [16.781, -26.393], [16.784, -26.334], [16.859, -25.808], [16.873, -25.751], [16.893, -25.696], [16.918, -25.643], [16.948, -25.593], [16.983, -25.546], [17.022, -25.502], [17.066, -25.463], [17.113, -25.428], [17.163, -25.398], [17.216, -25.373], [17.271, -25.353], [17.328, -25.339], [17.386, -25.33], [17.445, -25.328], [17.729, -25.331], [18.044, -25.44], [18.215, -25.336], [18.634, -25.34], [18.692, -25.343], [18.75, -25.352], [18.807, -25.366], [18.818, -25.37], [19.074, -25.785], [19.597, -25.838], [19.683, -25.926], [20.203, -25.999], [20.481, -26.458], [20.497, -26.593], [21.325, -26.573], [21.353, -26.613], [21.781, -26.883], [21.822, -27.093], [21.723, -27.346], [21.725, -27.363], [21.678, -27.728], [21.557, -27.912], [21.541, -27.996], [21.525, -28.039], [21.525, -28.166], [22.319, -28.641], [22.32, -28.661], [22.317, -28.72], [22.308, -28.778], [22.294, -28.835], [19.886, -37.128], [19.866, -37.183], [19.841, -37.236], [19.811, -37.286], [19.776, -37.334], [19.737, -37.377], [19.694, -37.416], [19.593, -37.491], [19.441, -37.597], [19.391, -37.627], [19.338, -37.653], [19.282, -37.672], [19.226, -37.687], [19.168, -37.695], [19.109, -37.698], [19.051, -37.695], [18.993, -37.687]]]}, "id": 137}, {"type": "Feature", "properties": {"fill": "#00789c"}, "geometry": {"type": "Polygon", "coordinates": [[[23.308, -25.267], [23.364, -25.247], [23.42, -25.233], [23.478, -25.224], [23.537, -25.221], [23.595, -25.224], [23.653, -25.233], [23.71, -25.247], [23.765, -25.267], [23.818, -25.292], [23.924, -25.355], [24.017, -25.417], [24.228, -25.53], [24.45, -25.62], [24.679, -25.689], [24.862, -25.733], [24.91, -25.751], [24.963, -25.776], [25.013, -25.806], [25.06, -25.841], [25.104, -25.88], [25.143, -25.923], [25.178, -25.97], [25.211, -26.026], [25.267, -26.184], [25.276, -26.244], [25.279, -26.302], [25.276, -26.361], [25.267, -26.419], [25.253, -26.476], [25.233, -26.531], [25.208, -26.584], [25.177, -26.635], [24.478, -26.782], [24.308, -26.804], [24.162, -27.025], [24.169, -27.359], [23.971, -27.522], [23.553, -27.627], [23.548, -27.635], [23.455, -27.893], [23.092, -28.005], [22.77, -27.916], [22.584, -28.018], [22.572, -28.06], [22.521, -28.471], [22.456, -28.581], [22.374, -28.615], [22.319, -28.641], [21.525, -28.166], [21.525, -28.039], [21.541, -27.996], [21.557, -27.912], [21.678, -27.728], [21.725, -27.363], [21.723, -27.346], [21.822, -27.093], [21.781, -26.883], [21.353, -26.613], [21.325, -26.573], [21.46, -26.278], [21.667, -26.101], [21.773, -25.9], [22.288, -25.764], [22.394, -25.813], [22.908, -25.718], [23.121, -25.373], [23.257, -25.291], [23.308, -25.267]]]}, "id": 138}, {"type": "Feature", "properties": {"fill": "#00789c"}, "geometry": {"type": "Polygon", "coordinates": [[[4.761, -19.646], [4.71, -19.616], [4.663, -19.581], [4.62, -19.542], [4.58, -19.498], [4.546, -19.451], [4.515, -19.401], [4.49, -19.348], [4.471, -19.293], [4.456, -19.236], [4.448, -19.178], [4.445, -19.119], [4.448, -19.061], [4.456, -19.003], [4.471, -18.946], [4.49, -18.891], [4.515, -18.838], [4.546, -18.788], [4.58, -18.741], [4.62, -18.697], [4.663, -18.658], [4.71, -18.623], [4.761, -18.593], [4.814, -18.568], [4.869, -18.548], [4.926, -18.534], [4.984, -18.525], [5.042, -18.522], [5.101, -18.525], [5.159, -18.534], [5.215, -18.548], [5.271, -18.568], [5.414, -18.635], [5.446, -18.653], [5.663, -18.743], [5.889, -18.811], [6.12, -18.857], [6.354, -18.88], [6.59, -18.88], [6.824, -18.857], [7.055, -18.811], [7.28, -18.743], [7.498, -18.653], [7.664, -18.564], [7.738, -18.529], [7.793, -18.509], [7.85, -18.495], [7.908, -18.486], [7.967, -18.483], [8.025, -18.486], [8.083, -18.495], [8.14, -18.509], [8.174, -18.521], [8.399, -18.589], [8.63, -18.635], [8.864, -18.658], [9.1, -18.658], [9.334, -18.635], [9.464, -18.616], [9.522, -18.613], [9.581, -18.616], [9.639, -18.625], [9.695, -18.639], [9.751, -18.659], [9.804, -18.684], [9.951, -18.772], [10.159, -18.883], [10.321, -18.95], [10.401, -18.988], [10.451, -19.018], [10.498, -19.053], [10.602, -19.147], [10.653, -19.198], [10.835, -19.348], [11.031, -19.478], [11.239, -19.589], [11.456, -19.68], [11.672, -19.745], [11.732, -19.766], [11.785, -19.792], [11.808, -19.805], [11.907, -20.141], [11.919, -20.631], [11.875, -20.659], [11.822, -20.711], [11.654, -20.809], [11.343, -20.911], [11.245, -21.056], [11.222, -21.215], [11.19, -21.27], [11.236, -21.637], [11.437, -21.856], [11.425, -22.213], [10.823, -22.484], [10.659, -22.468], [10.424, -22.468], [10.189, -22.491], [9.958, -22.537], [9.733, -22.605], [9.583, -22.667], [9.402, -22.618], [9.183, -22.644], [9.013, -22.727], [8.752, -22.878], [8.679, -23.356], [8.614, -23.435], [8.483, -23.631], [8.372, -23.839], [8.282, -24.056], [8.257, -24.125], [8.232, -24.178], [8.202, -24.228], [8.167, -24.275], [8.128, -24.318], [8.084, -24.358], [8.037, -24.393], [7.987, -24.423], [7.934, -24.448], [7.879, -24.467], [7.822, -24.482], [7.764, -24.49], [7.706, -24.493], [7.647, -24.49], [7.589, -24.482], [7.532, -24.467], [7.477, -24.448], [7.424, -24.423], [7.374, -24.393], [7.327, -24.358], [7.283, -24.318], [7.244, -24.275], [7.209, -24.228], [7.179, -24.178], [7.154, -24.125], [7.134, -24.069], [7.12, -24.013], [7.111, -23.955], [7.108, -23.896], [7.111, -23.838], [7.125, -23.748], [7.158, -23.58], [7.181, -23.345], [7.181, -23.11], [7.158, -22.876], [7.112, -22.645], [7.044, -22.419], [6.954, -22.202], [6.843, -21.994], [6.712, -21.798], [6.638, -21.699], [6.608, -21.649], [6.583, -21.596], [6.563, -21.541], [6.532, -21.415], [6.464, -21.19], [6.373, -20.972], [6.262, -20.765], [6.132, -20.569], [5.982, -20.387], [5.964, -20.368], [5.966, -20.357], [5.945, -20.349], [5.816, -20.22], [5.634, -20.071], [5.438, -19.94], [5.23, -19.829], [5.012, -19.739], [4.948, -19.719], [4.814, -19.671], [4.761, -19.646]]]}, "id": 139}, {"type": "Feature", "properties": {"fill": "#153477"}, "geometry": {"type": "Polygon", "coordinates": [[[19.825, -19.349], [19.882, -19.376], [19.932, -19.406], [19.979, -19.441], [20.023, -19.48], [20.062, -19.524], [20.097, -19.571], [20.127, -19.621], [20.152, -19.674], [20.172, -19.729], [20.186, -19.786], [20.195, -19.844], [20.198, -19.903], [20.195, -19.961], [20.171, -20.124], [20.155, -20.284], [19.984, -20.523], [20.115, -20.818], [19.868, -21.406], [19.723, -21.54], [19.671, -21.612], [19.452, -21.626], [18.826, -21.018], [18.754, -21.019], [18.737, -21.027], [18.638, -21.019], [18.146, -21.346], [17.639, -21.141], [17.607, -21.653], [17.217, -21.828], [17.175, -21.827], [17.142, -20.976], [16.987, -20.903], [16.938, -20.613], [16.801, -20.437], [17.067, -19.893], [16.962, -19.734], [17.101, -19.606], [17.095, -18.844], [17.159, -18.758], [17.382, -18.817], [17.461, -18.81], [17.975, -18.945], [18.252, -18.69], [18.692, -18.67], [18.991, -18.869], [19.361, -19.217], [19.531, -19.18], [19.618, -19.238], [19.825, -19.349]]]}, "id": 140}, {"type": "Feature", "properties": {"fill": "#153477"}, "geometry": {"type": "Polygon", "coordinates": [[[24.449, -29.325], [24.269, -29.146], [24.229, -29.103], [24.194, -29.055], [24.165, -29.007], [24.533, -28.525], [24.659, -28.516], [24.792, -28.537], [24.962, -28.419], [25.284, -27.976], [25.285, -27.973], [25.322, -27.969], [25.42, -27.95], [25.545, -27.931], [25.604, -27.928], [25.662, -27.931], [25.72, -27.94], [25.777, -27.954], [25.832, -27.974], [25.885, -27.999], [25.936, -28.029], [25.983, -28.064], [26.026, -28.103], [26.067, -28.148], [26.233, -28.315], [26.415, -28.464], [26.436, -28.479], [26.479, -28.519], [26.518, -28.562], [26.553, -28.609], [26.583, -28.659], [26.608, -28.712], [26.628, -28.767], [26.642, -28.824], [26.651, -28.882], [26.654, -28.941], [26.651, -28.999], [26.642, -29.057], [26.628, -29.114], [26.608, -29.169], [26.583, -29.222], [26.553, -29.272], [26.518, -29.32], [26.479, -29.363], [26.436, -29.402], [26.389, -29.437], [26.338, -29.467], [26.285, -29.492], [26.23, -29.512], [26.173, -29.526], [26.101, -29.537], [25.896, -29.557], [25.665, -29.603], [25.439, -29.672], [25.31, -29.718], [25.253, -29.732], [25.195, -29.741], [25.136, -29.744], [25.078, -29.741], [25.02, -29.732], [24.963, -29.718], [24.908, -29.698], [24.855, -29.673], [24.804, -29.643], [24.757, -29.608], [24.731, -29.584], [24.592, -29.47], [24.528, -29.412], [24.449, -29.325]]]}, "id": 141}, {"type": "Feature", "properties": {"fill": "#37009c"}, "geometry": {"type": "Polygon", "coordinates": [[[22.521, -28.471], [22.572, -28.06], [22.584, -28.018], [22.77, -27.916], [23.092, -28.005], [23.455, -27.893], [23.548, -27.635], [23.553, -27.627], [23.971, -27.522], [24.169, -27.359], [24.162, -27.025], [24.229, -26.923], [24.315, -26.838], [24.35, -26.798], [24.478, -26.782], [25.177, -26.635], [25.189, -26.642], [25.23, -26.673], [25.281, -26.832], [25.211, -27.591], [25.207, -27.777], [25.311, -27.86], [25.284, -27.976], [24.962, -28.419], [24.792, -28.537], [24.659, -28.516], [24.533, -28.525], [24.53, -28.527], [24.104, -29.087], [24.085, -29.124], [24.09, -29.164], [23.96, -29.234], [23.764, -29.365], [23.728, -29.392], [23.678, -29.422], [23.625, -29.447], [23.569, -29.467], [23.513, -29.481], [23.455, -29.489], [23.396, -29.492], [23.138, -29.48], [23.081, -29.471], [23.024, -29.457], [22.969, -29.437], [22.916, -29.412], [22.865, -29.382], [22.818, -29.347], [22.775, -29.308], [22.736, -29.265], [22.568, -29.038], [22.538, -28.988], [22.513, -28.935], [22.493, -28.88], [22.479, -28.823], [22.47, -28.765], [22.467, -28.706], [22.472, -28.609], [22.472, -28.553], [22.521, -28.471]]]}, "id": 142}, {"type": "Feature", "properties": {"fill": "#153477"}, "geometry": {"type": "Polygon", "coordinates": [[[-32.416, 13.814], [-32.413, 13.873], [-32.405, 13.931], [-32.39, 13.987], [-32.371, 14.043], [-32.346, 14.096], [-32.315, 14.146], [-32.281, 14.193], [-32.241, 14.236], [-32.198, 14.276], [-32.151, 14.311], [-32.1, 14.341], [-32.047, 14.366], [-31.992, 14.385], [-31.953, 14.395], [-31.728, 14.464], [-31.51, 14.554], [-31.303, 14.665], [-31.173, 14.751], [-31.088, 14.802], [-31.036, 14.827], [-30.98, 14.847], [-30.902, 14.866], [-30.677, 14.935], [-30.459, 15.025], [-30.252, 15.136], [-30.056, 15.267], [-29.874, 15.416], [-29.799, 15.484], [-29.617, 15.633], [-29.448, 15.803], [-29.326, 15.939], [-29.286, 15.976], [-29.239, 16.011], [-29.188, 16.041], [-29.135, 16.066], [-29.08, 16.086], [-28.929, 16.124], [-28.881, 16.133], [-28.651, 16.204], [-28.43, 16.296], [-28.172, 16.42], [-27.967, 16.531], [-27.774, 16.661], [-27.594, 16.809], [-27.43, 16.974], [-27.325, 17.102], [-27.263, 17.17], [-27.175, 17.251], [-27.008, 17.417], [-26.859, 17.599], [-26.827, 17.643], [-26.787, 17.686], [-26.744, 17.725], [-26.697, 17.76], [-26.647, 17.79], [-26.594, 17.815], [-26.36, 17.911], [-26.315, 17.932], [-26.26, 17.952], [-26.17, 17.975], [-26.126, 17.981], [-25.895, 18.027], [-25.728, 18.068], [-25.503, 18.136], [-25.285, 18.226], [-25.077, 18.337], [-24.999, 18.389], [-24.888, 18.456], [-24.835, 18.481], [-24.78, 18.501], [-24.723, 18.515], [-24.665, 18.524], [-24.607, 18.527], [-24.548, 18.524], [-24.49, 18.515], [-24.433, 18.501], [-24.378, 18.481], [-24.325, 18.456], [-24.275, 18.426], [-24.228, 18.391], [-24.185, 18.352], [-24.145, 18.308], [-24.11, 18.261], [-24.08, 18.211], [-24.055, 18.158], [-24.035, 18.103], [-24.021, 18.046], [-24.013, 17.988], [-24.01, 17.946], [-24.435, 17.291], [-24.574, 17.127], [-24.411, 16.512], [-24.296, 16.445], [-24.28, 16.279], [-24.234, 16.048], [-24.166, 15.823], [-24.153, 15.786], [-24.139, 15.73], [-24.13, 15.672], [-24.127, 15.613], [-24.13, 15.555], [-24.139, 15.497], [-24.153, 15.44], [-24.173, 15.385], [-24.198, 15.332], [-24.228, 15.281], [-24.263, 15.234], [-24.336, 15.153], [-24.431, 15.059], [-24.58, 14.877], [-24.711, 14.681], [-24.822, 14.473], [-24.912, 14.256], [-24.98, 14.03], [-24.992, 13.985], [-25.011, 13.93], [-25.036, 13.877], [-25.067, 13.827], [-25.102, 13.779], [-25.141, 13.736], [-25.184, 13.697], [-25.231, 13.662], [-25.282, 13.632], [-25.335, 13.607], [-25.39, 13.587], [-25.447, 13.573], [-25.505, 13.564], [-25.563, 13.561], [-25.622, 13.564], [-25.68, 13.573], [-25.736, 13.587], [-25.792, 13.607], [-25.85, 13.634], [-26.068, 13.724], [-26.191, 13.762], [-26.395, 13.835], [-26.419, 13.845], [-26.645, 13.913], [-26.876, 13.959], [-27.11, 13.982], [-27.346, 13.982], [-27.58, 13.959], [-27.811, 13.913], [-28.036, 13.845], [-28.268, 13.748], [-28.324, 13.728], [-28.38, 13.714], [-28.438, 13.705], [-28.497, 13.703], [-28.616, 13.708], [-28.851, 13.708], [-29.085, 13.685], [-29.316, 13.639], [-29.542, 13.571], [-29.759, 13.481], [-29.967, 13.37], [-30.163, 13.239], [-30.345, 13.09], [-30.437, 12.998], [-30.492, 12.947], [-31.222, 13.116], [-31.451, 13.06], [-31.577, 12.961], [-31.966, 13.118], [-32.158, 13.473], [-32.405, 13.698], [-32.413, 13.756], [-32.416, 13.814]]]}, "id": 143}, {"type": "Feature", "properties": {"fill": "#00529c"}, "geometry": {"type": "Polygon", "coordinates": [[[-36.091, 11.04], [-36.044, 11.074], [-35.994, 11.105], [-35.852, 11.172], [-35.644, 11.283], [-35.448, 11.414], [-35.371, 11.471], [-35.189, 11.621], [-35.022, 11.787], [-34.87, 11.973], [-34.831, 12.017], [-34.787, 12.056], [-34.74, 12.091], [-34.69, 12.121], [-34.637, 12.146], [-34.598, 12.16], [-34.38, 12.25], [-34.173, 12.361], [-33.977, 12.492], [-33.795, 12.641], [-33.523, 12.915], [-33.373, 13.097], [-33.309, 13.184], [-33.269, 13.227], [-33.226, 13.267], [-33.109, 13.353], [-33.057, 13.388], [-32.875, 13.537], [-32.844, 13.565], [-32.797, 13.6], [-32.747, 13.63], [-32.694, 13.656], [-32.639, 13.675], [-32.582, 13.69], [-32.524, 13.698], [-32.465, 13.701], [-32.405, 13.698], [-32.158, 13.473], [-31.966, 13.118], [-31.577, 12.961], [-31.451, 13.06], [-31.222, 13.116], [-30.191, 12.878], [-30.025, 12.95], [-29.983, 12.95], [-29.751, 13.239], [-29.572, 13.275], [-29.345, 13.346], [-29.166, 13.411], [-29.117, 13.423], [-29.059, 13.432], [-29.001, 13.435], [-28.942, 13.432], [-28.884, 13.423], [-28.827, 13.409], [-28.772, 13.389], [-28.719, 13.364], [-28.669, 13.334], [-28.622, 13.299], [-28.54, 13.225], [-28.358, 13.075], [-28.162, 12.944], [-27.954, 12.833], [-27.737, 12.743], [-27.511, 12.675], [-27.28, 12.629], [-27.046, 12.606], [-26.81, 12.606], [-26.576, 12.629], [-26.345, 12.675], [-26.119, 12.743], [-25.902, 12.833], [-25.795, 12.884], [-25.74, 12.904], [-25.683, 12.918], [-25.625, 12.926], [-25.567, 12.929], [-25.508, 12.926], [-25.459, 12.919], [-25.225, 12.896], [-24.989, 12.896], [-24.755, 12.919], [-24.524, 12.965], [-24.415, 12.998], [-23.968, 12.584], [-23.936, 11.799], [-24.034, 11.679], [-24.165, 11.484], [-24.276, 11.276], [-24.366, 11.058], [-24.434, 10.833], [-24.48, 10.602], [-24.503, 10.368], [-24.503, 10.132], [-24.48, 9.898], [-24.463, 9.812], [-24.444, 9.681], [-24.441, 9.622], [-24.444, 9.564], [-24.453, 9.506], [-24.467, 9.449], [-24.486, 9.394], [-24.512, 9.341], [-24.542, 9.291], [-24.577, 9.244], [-24.616, 9.2], [-24.659, 9.161], [-24.706, 9.126], [-24.757, 9.096], [-24.81, 9.071], [-24.883, 9.045], [-25.072, 8.987], [-25.29, 8.897], [-25.339, 8.874], [-25.394, 8.854], [-25.451, 8.84], [-25.509, 8.831], [-25.567, 8.828], [-25.626, 8.831], [-25.684, 8.84], [-25.741, 8.854], [-25.891, 8.908], [-26.117, 8.976], [-26.348, 9.022], [-26.582, 9.045], [-26.725, 9.052], [-26.783, 9.061], [-26.84, 9.075], [-26.895, 9.095], [-27.02, 9.154], [-27.087, 9.19], [-27.305, 9.28], [-27.53, 9.349], [-27.761, 9.394], [-27.996, 9.418], [-28.231, 9.418], [-28.37, 9.411], [-28.429, 9.414], [-28.563, 9.433], [-28.643, 9.449], [-28.878, 9.473], [-29.113, 9.473], [-29.348, 9.449], [-29.462, 9.427], [-29.579, 9.409], [-29.637, 9.407], [-29.696, 9.409], [-29.754, 9.418], [-29.811, 9.432], [-29.903, 9.465], [-29.993, 9.503], [-30.066, 9.537], [-30.284, 9.627], [-30.509, 9.696], [-30.74, 9.742], [-30.974, 9.765], [-31.029, 9.767], [-31.087, 9.776], [-31.336, 9.826], [-31.57, 9.849], [-31.806, 9.849], [-32.04, 9.826], [-32.271, 9.78], [-32.31, 9.771], [-32.368, 9.762], [-32.426, 9.759], [-32.485, 9.762], [-32.543, 9.771], [-32.6, 9.785], [-32.655, 9.805], [-32.679, 9.816], [-32.896, 9.906], [-33.122, 9.975], [-33.353, 10.02], [-33.587, 10.044], [-33.822, 10.044], [-33.925, 10.039], [-34.136, 10.039], [-34.371, 10.015], [-34.602, 9.969], [-34.697, 9.946], [-34.84, 9.924], [-35.089, 9.874], [-35.147, 9.865], [-35.206, 9.862], [-35.264, 9.865], [-35.411, 9.887], [-35.467, 9.898], [-35.701, 9.921], [-35.818, 9.927], [-35.876, 9.936], [-35.933, 9.95], [-35.988, 9.97], [-36.041, 9.995], [-36.092, 10.025], [-36.139, 10.06], [-36.182, 10.099], [-36.221, 10.142], [-36.256, 10.189], [-36.286, 10.24], [-36.311, 10.293], [-36.331, 10.348], [-36.345, 10.405], [-36.354, 10.463], [-36.357, 10.521], [-36.354, 10.58], [-36.345, 10.638], [-36.331, 10.695], [-36.311, 10.75], [-36.286, 10.803], [-36.256, 10.853], [-36.202, 10.927], [-36.135, 11.0], [-36.091, 11.04]]]}, "id": 144}, {"type": "Feature", "properties": {"fill": "#00789c"}, "geometry": {"type": "Polygon", "coordinates": [[[-4.026, 14.065], [-4.029, 14.124], [-4.026, 14.182], [-4.017, 14.24], [-4.003, 14.297], [-3.983, 14.352], [-3.958, 14.405], [-3.928, 14.455], [-3.893, 14.502], [-3.854, 14.546], [-3.684, 14.716], [-3.577, 14.846], [-3.195, 14.991], [-3.238, 15.433], [-3.202, 15.519], [-3.134, 15.744], [-3.122, 15.791], [-3.102, 15.846], [-3.077, 15.899], [-3.047, 15.95], [-3.012, 15.997], [-2.973, 16.04], [-2.929, 16.079], [-2.882, 16.114], [-2.832, 16.144], [-2.779, 16.169], [-2.724, 16.189], [-2.667, 16.203], [-2.598, 16.214], [-2.367, 16.26], [-2.142, 16.328], [-1.924, 16.418], [-1.716, 16.529], [-1.521, 16.66], [-1.339, 16.809], [-1.172, 16.976], [-1.115, 17.045], [-1.027, 17.143], [-0.983, 17.182], [-0.936, 17.217], [-0.886, 17.247], [-0.833, 17.272], [-0.778, 17.292], [-0.721, 17.306], [-0.667, 17.314], [-0.073, 16.372], [-0.105, 16.212], [-0.111, 16.153], [-0.448, 15.924], [-0.213, 15.339], [0.01, 14.517], [0.026, 14.439], [0.015, 14.412], [0.044, 14.378], [0.096, 14.206], [0.186, 13.988], [0.297, 13.781], [0.318, 13.745], [0.343, 13.692], [0.363, 13.637], [0.377, 13.58], [0.386, 13.522], [0.389, 13.463], [0.386, 13.405], [0.377, 13.347], [0.363, 13.29], [0.343, 13.235], [0.318, 13.182], [0.288, 13.131], [0.253, 13.084], [0.214, 13.041], [0.171, 13.002], [0.124, 12.967], [0.073, 12.937], [0.02, 12.912], [-0.035, 12.892], [-0.092, 12.878], [-0.15, 12.869], [-0.269, 12.863], [-0.383, 12.863], [-0.618, 12.84], [-0.849, 12.794], [-1.074, 12.726], [-1.172, 12.691], [-1.228, 12.677], [-1.286, 12.668], [-1.345, 12.665], [-1.403, 12.668], [-1.461, 12.677], [-1.518, 12.691], [-1.634, 12.732], [-1.859, 12.801], [-2.09, 12.847], [-2.325, 12.87], [-2.481, 12.877], [-2.539, 12.886], [-2.596, 12.9], [-2.771, 12.964], [-2.975, 13.026], [-3.026, 13.073], [-3.185, 13.07], [-3.228, 13.078], [-3.445, 13.1], [-3.511, 13.11], [-3.568, 13.124], [-3.623, 13.144], [-3.676, 13.169], [-3.726, 13.199], [-3.774, 13.234], [-3.817, 13.273], [-3.856, 13.317], [-3.891, 13.364], [-3.921, 13.414], [-3.946, 13.467], [-3.966, 13.522], [-3.98, 13.579], [-3.989, 13.637], [-3.997, 13.79], [-4.02, 14.024], [-4.026, 14.065]]]}, "id": 145}, {"type": "Feature", "properties": {"fill": "#153477"}, "geometry": {"type": "Polygon", "coordinates": [[[9.023, -24.585], [8.983, -24.542], [8.949, -24.495], [8.918, -24.444], [8.893, -24.392], [8.874, -24.336], [8.859, -24.28], [8.851, -24.222], [8.848, -24.163], [8.851, -24.104], [8.859, -24.047], [8.874, -23.99], [8.893, -23.935], [8.918, -23.882], [8.949, -23.831], [8.983, -23.784], [9.023, -23.741], [9.066, -23.701], [9.113, -23.667], [9.164, -23.636], [9.216, -23.611], [9.272, -23.592], [9.329, -23.577], [9.37, -23.571], [9.602, -23.525], [9.828, -23.456], [10.046, -23.366], [10.254, -23.254], [10.451, -23.123], [10.633, -22.973], [10.766, -22.851], [10.811, -22.818], [10.837, -22.802], [11.262, -22.984], [11.465, -23.322], [11.455, -23.694], [11.453, -23.697], [11.631, -24.108], [11.56, -24.371], [11.66, -24.495], [11.854, -24.607], [11.99, -24.776], [12.057, -24.822], [12.293, -25.208], [12.289, -25.222], [12.263, -25.275], [12.233, -25.325], [12.198, -25.372], [12.159, -25.415], [12.116, -25.455], [12.069, -25.49], [12.018, -25.52], [11.965, -25.545], [11.91, -25.565], [11.853, -25.579], [11.795, -25.587], [11.668, -25.594], [11.434, -25.617], [11.203, -25.663], [10.958, -25.738], [10.901, -25.752], [10.843, -25.761], [10.785, -25.764], [10.704, -25.76], [10.468, -25.76], [10.439, -25.761], [10.381, -25.758], [10.323, -25.75], [10.266, -25.735], [10.211, -25.716], [10.158, -25.691], [10.107, -25.66], [10.06, -25.625], [10.017, -25.586], [9.978, -25.543], [9.943, -25.496], [9.804, -25.286], [9.654, -25.104], [9.488, -24.938], [9.306, -24.788], [9.116, -24.662], [9.066, -24.625], [9.023, -24.585]]]}, "id": 146}, {"type": "Feature", "properties": {"fill": "#516ebc"}, "geometry": {"type": "Polygon", "coordinates": [[[6.866, 24.858], [6.852, 24.915], [6.843, 24.973], [6.841, 25.032], [6.843, 25.09], [6.852, 25.148], [6.866, 25.205], [6.886, 25.26], [6.911, 25.313], [6.941, 25.363], [6.976, 25.411], [7.015, 25.454], [7.059, 25.493], [7.106, 25.528], [7.2, 25.585], [7.318, 25.647], [7.513, 25.778], [7.695, 25.928], [7.775, 26.0], [7.822, 26.035], [7.872, 26.065], [7.995, 26.123], [8.069, 26.154], [8.277, 26.265], [8.473, 26.396], [8.655, 26.545], [8.767, 26.646], [8.814, 26.681], [8.864, 26.711], [8.917, 26.737], [8.972, 26.756], [9.029, 26.77], [9.087, 26.779], [9.274, 26.787], [9.509, 26.81], [9.74, 26.856], [9.965, 26.925], [10.183, 27.015], [10.39, 27.126], [10.457, 27.17], [10.574, 27.24], [10.627, 27.266], [10.682, 27.285], [10.739, 27.299], [10.797, 27.308], [10.855, 27.311], [10.914, 27.308], [10.972, 27.299], [11.029, 27.285], [11.084, 27.266], [11.137, 27.24], [11.187, 27.21], [11.234, 27.175], [11.278, 27.136], [11.324, 27.085], [11.461, 26.918], [11.627, 26.752], [11.809, 26.603], [12.005, 26.472], [12.213, 26.361], [12.43, 26.271], [12.656, 26.202], [12.887, 26.156], [12.929, 26.15], [12.986, 26.136], [13.041, 26.116], [13.094, 26.091], [13.144, 26.061], [13.191, 26.026], [13.235, 25.987], [13.274, 25.943], [13.309, 25.896], [13.339, 25.846], [13.364, 25.793], [13.384, 25.738], [13.398, 25.681], [13.407, 25.623], [13.409, 25.564], [13.407, 25.506], [13.398, 25.448], [13.384, 25.391], [13.364, 25.336], [13.339, 25.283], [13.309, 25.233], [13.274, 25.186], [13.235, 25.142], [13.061, 24.969], [12.912, 24.787], [12.781, 24.592], [12.709, 24.456], [12.657, 24.371], [12.623, 24.324], [12.583, 24.28], [12.54, 24.241], [12.493, 24.206], [12.442, 24.176], [12.39, 24.151], [12.334, 24.131], [12.245, 24.109], [12.017, 24.039], [11.797, 23.948], [11.587, 23.835], [11.389, 23.701], [11.206, 23.549], [11.038, 23.38], [10.911, 23.237], [10.874, 23.204], [10.827, 23.169], [10.777, 23.139], [10.724, 23.114], [10.669, 23.094], [10.612, 23.08], [10.554, 23.071], [10.371, 23.063], [10.137, 23.04], [9.906, 22.994], [9.811, 22.97], [9.753, 22.961], [9.695, 22.958], [9.636, 22.961], [9.578, 22.97], [9.521, 22.984], [9.466, 23.004], [9.413, 23.029], [9.363, 23.059], [9.316, 23.094], [9.272, 23.133], [9.233, 23.177], [9.166, 23.267], [9.017, 23.449], [8.85, 23.615], [8.668, 23.765], [8.472, 23.895], [8.265, 24.006], [8.047, 24.097], [7.822, 24.165], [7.591, 24.211], [7.426, 24.235], [7.369, 24.25], [7.314, 24.269], [7.261, 24.294], [7.211, 24.325], [7.164, 24.359], [7.12, 24.399], [7.081, 24.442], [7.046, 24.489], [7.016, 24.54], [6.987, 24.601], [6.94, 24.688], [6.886, 24.803], [6.866, 24.858]]]}, "id": 147}, {"type": "Feature", "properties": {"fill": "#00529c"}, "geometry": {"type": "Polygon", "coordinates": [[[22.999, -24.82], [23.034, -24.867], [23.064, -24.918], [23.089, -24.97], [23.108, -25.026], [23.123, -25.082], [23.131, -25.14], [23.134, -25.199], [23.131, -25.258], [23.123, -25.315], [23.108, -25.372], [23.091, -25.422], [22.985, -25.593], [22.959, -25.621], [22.916, -25.661], [22.869, -25.695], [22.819, -25.726], [22.789, -25.74], [22.394, -25.813], [22.288, -25.764], [21.773, -25.9], [21.667, -26.101], [21.46, -26.278], [21.325, -26.573], [20.636, -26.59], [20.587, -26.549], [20.484, -26.48], [20.481, -26.458], [20.203, -25.999], [19.683, -25.926], [19.597, -25.838], [19.074, -25.785], [18.809, -25.356], [18.757, -25.322], [18.727, -25.224], [18.992, -24.797], [19.014, -24.324], [19.015, -24.318], [19.114, -24.223], [19.039, -23.937], [19.244, -23.558], [19.321, -23.562], [19.724, -23.403], [19.62, -23.028], [19.627, -22.871], [19.988, -22.812], [20.213, -22.704], [20.368, -22.902], [20.376, -23.119], [20.868, -23.382], [21.195, -23.481], [21.231, -23.423], [22.181, -23.528], [22.312, -23.754], [22.259, -24.374], [22.364, -24.476], [22.789, -24.577], [22.893, -24.703], [22.999, -24.82]]]}, "id": 148}, {"type": "Feature", "properties": {"fill": "#37009c"}, "geometry": {"type": "Polygon", "coordinates": [[[11.838, -19.502], [11.851, -19.448], [11.871, -19.393], [11.896, -19.34], [11.926, -19.29], [11.999, -19.191], [12.13, -18.996], [12.241, -18.788], [12.331, -18.57], [12.4, -18.345], [12.446, -18.114], [12.469, -17.88], [12.472, -17.81], [12.481, -17.752], [12.495, -17.695], [12.515, -17.64], [12.54, -17.587], [12.57, -17.536], [12.605, -17.489], [12.644, -17.446], [12.687, -17.406], [12.735, -17.372], [12.785, -17.341], [12.838, -17.316], [12.893, -17.297], [12.95, -17.282], [13.008, -17.274], [13.066, -17.271], [13.125, -17.274], [13.183, -17.282], [13.24, -17.297], [13.35, -17.336], [13.459, -17.381], [13.517, -17.402], [13.57, -17.427], [13.62, -17.457], [13.667, -17.492], [13.71, -17.531], [13.75, -17.575], [13.785, -17.622], [13.815, -17.672], [13.84, -17.725], [13.852, -17.76], [13.943, -17.978], [14.054, -18.186], [14.167, -18.355], [14.159, -18.433], [14.287, -18.506], [14.334, -18.564], [14.402, -18.632], [14.764, -19.416], [14.832, -19.459], [14.649, -19.949], [14.71, -20.382], [14.513, -20.458], [14.445, -20.507], [14.136, -20.599], [13.793, -20.375], [13.52, -20.526], [13.25, -20.62], [13.2, -20.95], [12.928, -21.073], [12.678, -21.109], [12.651, -21.123], [12.499, -21.092], [12.264, -20.944], [11.999, -20.657], [11.919, -20.631], [11.907, -20.141], [11.796, -19.764], [11.812, -19.681], [11.838, -19.502]]]}, "id": 149}, {"type": "Feature", "properties": {"fill": "#00529c"}, "geometry": {"type": "Polygon", "coordinates": [[[14.116, -20.63], [14.126, -20.652], [14.058, -21.023], [13.568, -21.325], [13.511, -21.599], [13.545, -21.806], [13.296, -21.982], [13.339, -22.287], [13.266, -22.66], [13.065, -22.735], [12.928, -22.706], [12.815, -22.573], [12.545, -22.529], [12.465, -22.554], [12.382, -23.125], [12.146, -23.212], [11.962, -23.027], [11.465, -23.322], [11.262, -22.984], [10.837, -22.802], [10.833, -22.785], [10.824, -22.728], [10.821, -22.669], [10.824, -22.61], [10.833, -22.553], [10.854, -22.47], [11.425, -22.213], [11.437, -21.856], [11.236, -21.637], [11.19, -21.27], [11.222, -21.215], [11.245, -21.056], [11.343, -20.911], [11.654, -20.809], [11.822, -20.711], [11.875, -20.659], [11.919, -20.631], [11.999, -20.657], [12.264, -20.944], [12.499, -21.092], [12.651, -21.123], [12.678, -21.109], [12.928, -21.073], [13.2, -20.95], [13.25, -20.62], [13.52, -20.526], [13.793, -20.375], [14.067, -20.554], [14.086, -20.58], [14.116, -20.63]]]}, "id": 150}, {"type": "Feature", "properties": {"fill": "#153477"}, "geometry": {"type": "Polygon", "coordinates": [[[43.573, -5.782], [43.565, -5.724], [43.562, -5.666], [43.565, -5.607], [43.573, -5.549], [43.587, -5.493], [43.607, -5.437], [43.632, -5.384], [43.662, -5.334], [43.697, -5.287], [43.737, -5.244], [43.78, -5.204], [43.827, -5.169], [43.877, -5.139], [43.93, -5.114], [43.986, -5.095], [44.042, -5.08], [44.1, -5.072], [44.159, -5.069], [44.217, -5.072], [44.379, -5.096], [44.613, -5.119], [44.849, -5.119], [44.902, -5.116], [44.96, -5.119], [45.018, -5.128], [45.075, -5.142], [45.13, -5.162], [45.244, -5.216], [45.333, -5.263], [45.55, -5.353], [45.79, -5.425], [45.845, -5.445], [45.898, -5.47], [45.948, -5.5], [45.995, -5.535], [46.039, -5.574], [46.11, -5.652], [46.199, -5.762], [46.366, -5.928], [46.548, -6.078], [46.744, -6.209], [46.952, -6.32], [47.169, -6.41], [47.395, -6.478], [47.535, -6.513], [47.59, -6.533], [47.643, -6.558], [47.694, -6.588], [47.792, -6.661], [47.876, -6.73], [48.072, -6.861], [48.174, -6.916], [48.354, -7.26], [48.241, -8.101], [48.182, -8.116], [48.124, -8.125], [47.964, -8.132], [47.73, -8.156], [47.499, -8.201], [47.273, -8.27], [47.056, -8.36], [46.848, -8.471], [46.652, -8.602], [46.47, -8.751], [46.303, -8.918], [46.154, -9.1], [46.023, -9.296], [45.912, -9.503], [45.902, -9.526], [45.871, -9.576], [45.836, -9.623], [45.797, -9.667], [45.754, -9.706], [45.707, -9.741], [45.656, -9.771], [45.603, -9.796], [45.548, -9.816], [45.491, -9.83], [45.433, -9.839], [45.375, -9.841], [45.316, -9.839], [45.258, -9.83], [45.202, -9.816], [45.146, -9.796], [45.093, -9.771], [45.043, -9.741], [44.996, -9.706], [44.953, -9.667], [44.913, -9.623], [44.878, -9.576], [44.848, -9.526], [44.823, -9.473], [44.796, -9.397], [44.741, -9.214], [44.65, -8.996], [44.539, -8.789], [44.409, -8.593], [44.25, -8.401], [44.215, -8.354], [44.185, -8.303], [44.16, -8.25], [44.14, -8.195], [44.126, -8.138], [44.117, -8.08], [44.115, -8.022], [44.123, -7.848], [44.123, -7.613], [44.1, -7.378], [44.054, -7.147], [43.986, -6.922], [43.896, -6.704], [43.785, -6.497], [43.72, -6.39], [43.695, -6.337], [43.676, -6.282], [43.661, -6.225], [43.646, -6.119], [43.6, -5.888], [43.573, -5.782]]]}, "id": 151}, {"type": "Feature", "properties": {"fill": "#153477"}, "geometry": {"type": "Polygon", "coordinates": [[[15.72, -19.883], [15.862, -20.376], [15.868, -20.44], [16.034, -20.522], [16.187, -20.676], [16.254, -21.004], [16.581, -21.162], [16.548, -21.306], [16.72, -21.926], [16.704, -21.927], [16.081, -21.736], [15.981, -21.74], [15.936, -21.874], [15.735, -22.004], [15.559, -22.034], [15.379, -22.05], [14.968, -21.841], [14.904, -22.22], [14.703, -22.336], [14.486, -22.305], [14.388, -22.188], [14.276, -22.103], [14.185, -22.117], [13.855, -22.056], [13.743, -21.903], [13.545, -21.806], [13.511, -21.599], [13.568, -21.325], [14.058, -21.023], [14.136, -20.599], [14.445, -20.507], [14.513, -20.458], [14.71, -20.382], [14.649, -19.949], [14.832, -19.459], [15.056, -19.518], [15.342, -19.862], [15.697, -19.865], [15.72, -19.883]]]}, "id": 152}, {"type": "Feature", "properties": {"fill": "#516ebc"}, "geometry": {"type": "Polygon", "coordinates": [[[14.537, -18.74], [14.576, -18.696], [14.62, -18.657], [14.667, -18.622], [14.72, -18.59], [15.219, -18.646], [15.401, -18.846], [15.98, -19.044], [15.992, -19.03], [16.193, -18.595], [17.119, -18.699], [17.159, -18.758], [17.095, -18.844], [17.101, -19.606], [16.962, -19.734], [17.067, -19.893], [16.801, -20.437], [16.938, -20.613], [16.987, -20.903], [17.142, -20.976], [17.175, -21.827], [17.039, -21.906], [16.726, -21.929], [16.72, -21.926], [16.548, -21.306], [16.581, -21.162], [16.254, -21.004], [16.187, -20.676], [16.034, -20.522], [15.868, -20.44], [15.862, -20.376], [15.715, -19.865], [15.342, -19.862], [15.056, -19.518], [14.832, -19.459], [14.764, -19.416], [14.486, -18.814], [14.502, -18.787], [14.537, -18.74]]]}, "id": 153}, {"type": "Feature", "properties": {"fill": "#00789c"}, "geometry": {"type": "Polygon", "coordinates": [[[4.357, 21.22], [4.267, 21.438], [4.156, 21.646], [4.025, 21.842], [3.876, 22.024], [3.86, 22.041], [3.825, 22.089], [3.795, 22.139], [3.77, 22.192], [3.75, 22.247], [3.736, 22.304], [3.727, 22.362], [3.724, 22.42], [3.727, 22.479], [3.736, 22.537], [3.75, 22.594], [3.77, 22.649], [3.795, 22.702], [3.825, 22.752], [3.86, 22.799], [3.899, 22.842], [3.943, 22.882], [3.99, 22.917], [4.04, 22.947], [4.093, 22.972], [4.129, 22.985], [4.291, 22.939], [4.818, 22.761], [4.99, 22.607], [5.085, 22.608], [5.258, 22.515], [5.396, 22.451], [5.446, 22.42], [5.493, 22.385], [5.613, 22.276], [5.633, 22.256], [5.815, 22.107], [6.011, 21.976], [6.219, 21.865], [6.274, 21.839], [6.491, 21.749], [6.717, 21.681], [6.948, 21.635], [7.182, 21.612], [7.418, 21.612], [7.652, 21.635], [7.883, 21.681], [8.108, 21.749], [8.326, 21.839], [8.534, 21.95], [8.597, 21.988], [8.65, 22.013], [8.705, 22.033], [8.762, 22.047], [8.82, 22.056], [8.879, 22.059], [8.937, 22.056], [8.995, 22.047], [9.052, 22.033], [9.107, 22.013], [9.16, 21.988], [9.21, 21.958], [9.258, 21.923], [9.301, 21.884], [9.347, 21.832], [9.253, 20.996], [9.206, 20.953], [9.039, 20.787], [8.974, 20.708], [8.166, 20.511], [8.493, 19.77], [8.489, 19.758], [8.443, 19.527], [8.424, 19.334], [8.413, 19.255], [8.398, 19.199], [8.379, 19.143], [8.354, 19.09], [8.323, 19.04], [8.289, 18.993], [8.249, 18.95], [8.135, 18.846], [8.101, 18.818], [8.076, 18.793], [7.907, 18.754], [7.515, 18.247], [7.459, 18.227], [7.402, 18.212], [7.345, 18.204], [7.286, 18.201], [7.227, 18.204], [7.169, 18.212], [7.113, 18.227], [7.057, 18.246], [7.014, 18.267], [6.959, 19.011], [6.474, 19.532], [6.23, 19.45], [6.134, 19.514], [6.074, 19.574], [5.892, 19.723], [5.778, 19.808], [5.636, 19.925], [5.407, 20.232], [5.158, 20.214], [4.973, 20.291], [4.827, 20.343], [4.774, 20.368], [4.724, 20.398], [4.676, 20.433], [4.633, 20.472], [4.594, 20.516], [4.559, 20.563], [4.529, 20.613], [4.504, 20.666], [4.484, 20.721], [4.466, 20.792], [4.426, 20.995], [4.357, 21.22]]]}, "id": 154}, {"type": "Feature", "properties": {"fill": "#516ebc"}, "geometry": {"type": "Polygon", "coordinates": [[[4.09, 23.035], [4.06, 23.085], [4.035, 23.138], [4.015, 23.193], [4.001, 23.25], [3.993, 23.308], [3.99, 23.367], [3.993, 23.425], [4.001, 23.483], [4.015, 23.54], [4.035, 23.595], [4.06, 23.648], [4.09, 23.699], [4.125, 23.746], [4.196, 23.824], [4.296, 23.924], [4.446, 24.106], [4.509, 24.201], [4.58, 24.297], [4.62, 24.34], [4.663, 24.38], [4.71, 24.415], [4.76, 24.445], [4.813, 24.47], [4.869, 24.49], [4.925, 24.504], [4.983, 24.512], [5.042, 24.515], [5.1, 24.512], [5.158, 24.504], [5.215, 24.49], [5.27, 24.47], [5.323, 24.445], [5.343, 24.433], [5.551, 24.322], [5.768, 24.232], [5.923, 24.176], [5.976, 24.151], [6.026, 24.121], [6.073, 24.086], [6.117, 24.047], [6.156, 24.004], [6.191, 23.957], [6.221, 23.906], [6.246, 23.853], [6.266, 23.798], [6.28, 23.741], [6.289, 23.683], [6.292, 23.625], [6.289, 23.566], [6.28, 23.508], [6.266, 23.452], [6.246, 23.396], [6.219, 23.339], [6.171, 23.249], [6.109, 23.145], [6.074, 23.098], [6.035, 23.055], [5.991, 23.015], [5.944, 22.981], [5.894, 22.95], [5.841, 22.925], [5.78, 22.904], [5.566, 22.839], [5.331, 22.741], [5.276, 22.721], [5.219, 22.707], [5.162, 22.698], [5.103, 22.695], [5.044, 22.698], [4.978, 22.708], [4.865, 22.719], [4.818, 22.761], [4.291, 22.939], [4.128, 22.985], [4.09, 23.035]]]}, "id": 155}, {"type": "Feature", "properties": {"fill": "#516ebc"}, "geometry": {"type": "Polygon", "coordinates": [[[13.2, -23.611], [13.193, -23.616], [12.953, -23.629], [12.723, -23.694], [12.714, -23.692], [12.622, -23.629], [12.641, -23.174], [12.382, -23.125], [12.465, -22.554], [12.545, -22.529], [12.815, -22.573], [12.928, -22.706], [13.065, -22.735], [13.266, -22.66], [13.339, -22.287], [13.296, -21.982], [13.545, -21.806], [13.743, -21.903], [13.855, -22.056], [14.185, -22.117], [14.276, -22.103], [14.388, -22.188], [14.486, -22.305], [14.438, -22.392], [14.478, -22.663], [14.205, -22.766], [14.467, -23.147], [14.203, -23.425], [14.173, -23.43], [14.011, -23.695], [13.992, -23.72], [13.925, -23.742], [13.894, -23.75], [13.722, -23.734], [13.689, -23.743], [13.246, -23.557], [13.2, -23.611]]]}, "id": 156}, {"type": "Feature", "properties": {"fill": "#37009c"}, "geometry": {"type": "Polygon", "coordinates": [[[13.391, -25.077], [13.338, -25.102], [13.283, -25.121], [13.258, -25.128], [13.032, -25.196], [12.954, -25.224], [12.897, -25.238], [12.839, -25.247], [12.781, -25.25], [12.722, -25.247], [12.662, -25.238], [12.428, -25.215], [12.294, -25.208], [12.057, -24.822], [11.99, -24.776], [11.854, -24.607], [11.66, -24.495], [11.56, -24.371], [11.631, -24.108], [11.453, -23.697], [11.455, -23.694], [11.465, -23.322], [11.962, -23.027], [12.146, -23.212], [12.382, -23.125], [12.641, -23.174], [12.622, -23.629], [12.714, -23.692], [12.723, -23.694], [12.953, -23.629], [13.193, -23.616], [13.035, -24.077], [13.039, -24.085], [13.207, -24.221], [13.219, -24.245], [13.355, -24.251], [13.609, -24.512], [13.477, -24.926], [13.476, -25.031], [13.391, -25.077]]]}, "id": 157}, {"type": "Feature", "properties": {"fill": "#00529c"}, "geometry": {"type": "Polygon", "coordinates": [[[14.555, -24.827], [14.413, -24.903], [14.217, -25.034], [14.187, -25.057], [14.136, -25.087], [14.083, -25.112], [14.028, -25.131], [13.971, -25.146], [13.914, -25.154], [13.855, -25.157], [13.796, -25.154], [13.739, -25.146], [13.682, -25.131], [13.626, -25.112], [13.574, -25.087], [13.523, -25.057], [13.476, -25.022], [13.477, -24.926], [13.609, -24.512], [13.355, -24.251], [13.219, -24.245], [13.207, -24.221], [13.039, -24.085], [13.035, -24.077], [13.193, -23.616], [13.2, -23.611], [13.246, -23.557], [13.689, -23.743], [13.722, -23.734], [13.894, -23.75], [13.925, -23.742], [13.992, -23.72], [14.011, -23.695], [14.173, -23.43], [14.203, -23.425], [14.428, -23.629], [14.511, -23.741], [14.527, -23.892], [14.664, -23.992], [14.625, -24.515], [14.668, -24.755], [14.637, -24.778], [14.555, -24.827]]]}, "id": 158}, {"type": "Feature", "properties": {"fill": "#00789c"}, "geometry": {"type": "Polygon", "coordinates": [[[15.904, -24.633], [15.668, -24.633], [15.434, -24.656], [15.203, -24.702], [15.057, -24.746], [14.96, -24.771], [14.902, -24.779], [14.843, -24.782], [14.785, -24.779], [14.727, -24.771], [14.668, -24.756], [14.625, -24.515], [14.664, -23.992], [14.527, -23.892], [14.511, -23.741], [14.428, -23.629], [14.203, -23.425], [14.467, -23.147], [14.205, -22.766], [14.478, -22.663], [14.438, -22.392], [14.486, -22.305], [14.703, -22.336], [14.904, -22.22], [14.968, -21.841], [15.379, -22.05], [15.559, -22.034], [15.735, -22.004], [15.936, -21.874], [15.981, -21.74], [16.081, -21.736], [16.704, -21.927], [16.72, -21.926], [16.726, -21.929], [16.669, -22.333], [16.299, -22.514], [16.378, -22.853], [16.382, -22.856], [16.681, -22.839], [16.737, -23.058], [16.46, -23.265], [16.589, -23.484], [16.63, -23.507], [16.809, -23.748], [16.814, -23.846], [16.849, -23.899], [16.852, -24.407], [16.16, -24.661], [16.138, -24.656], [15.904, -24.633]]]}, "id": 159}, {"type": "Feature", "properties": {"fill": "#00789c"}, "geometry": {"type": "Polygon", "coordinates": [[[18.879, -21.069], [19.452, -21.626], [19.671, -21.612], [19.772, -21.772], [19.861, -21.93], [19.856, -22.178], [20.132, -22.382], [20.237, -22.578], [20.213, -22.704], [19.988, -22.812], [19.627, -22.871], [19.62, -23.028], [19.724, -23.403], [19.321, -23.562], [19.244, -23.558], [19.138, -23.391], [18.885, -23.491], [18.691, -23.386], [18.537, -23.574], [18.472, -23.549], [18.402, -23.425], [18.155, -23.264], [18.13, -23.267], [18.03, -23.346], [17.88, -23.356], [17.706, -23.126], [17.813, -22.923], [17.727, -22.595], [17.717, -22.583], [17.708, -22.563], [17.762, -22.381], [17.76, -22.312], [17.68, -22.182], [17.388, -21.985], [17.217, -21.828], [17.607, -21.653], [17.639, -21.141], [18.146, -21.346], [18.611, -21.037], [18.674, -21.049], [18.879, -21.069]]]}, "id": 160}, {"type": "Feature", "properties": {"fill": "#37009c"}, "geometry": {"type": "Polygon", "coordinates": [[[18.646, -25.215], [18.41, -25.215], [18.176, -25.238], [18.032, -25.267], [17.93, -25.282], [17.766, -25.29], [17.742, -25.29], [17.64, -25.3], [17.38, -25.21], [17.087, -25.417], [17.051, -25.428], [16.901, -25.481], [16.844, -25.495], [16.786, -25.504], [16.728, -25.507], [16.669, -25.504], [16.611, -25.495], [16.555, -25.481], [16.499, -25.461], [16.446, -25.436], [16.396, -25.406], [16.349, -25.371], [16.306, -25.332], [16.266, -25.289], [16.231, -25.241], [16.201, -25.191], [16.176, -25.138], [16.157, -25.083], [16.142, -25.026], [16.134, -24.968], [16.131, -24.91], [16.134, -24.851], [16.142, -24.793], [16.157, -24.736], [16.176, -24.681], [16.192, -24.649], [16.852, -24.407], [16.849, -23.899], [16.814, -23.846], [16.809, -23.748], [16.966, -23.516], [17.39, -23.413], [17.387, -23.348], [17.422, -23.25], [17.688, -23.128], [17.706, -23.126], [17.88, -23.356], [18.03, -23.346], [18.13, -23.267], [18.155, -23.264], [18.402, -23.425], [18.472, -23.549], [18.537, -23.574], [18.691, -23.386], [18.885, -23.491], [19.138, -23.391], [19.244, -23.558], [19.039, -23.937], [19.114, -24.223], [19.015, -24.318], [19.014, -24.324], [18.992, -24.797], [18.73, -25.219], [18.646, -25.215]]]}, "id": 161}, {"type": "Feature", "properties": {"fill": "#00529c"}, "geometry": {"type": "Polygon", "coordinates": [[[16.382, -22.856], [16.378, -22.853], [16.299, -22.514], [16.669, -22.333], [16.726, -21.929], [17.039, -21.906], [17.175, -21.827], [17.217, -21.828], [17.388, -21.985], [17.68, -22.182], [17.76, -22.312], [17.762, -22.381], [17.708, -22.563], [17.717, -22.583], [17.727, -22.595], [17.813, -22.923], [17.706, -23.126], [17.688, -23.128], [17.422, -23.25], [17.387, -23.348], [17.39, -23.413], [16.966, -23.516], [16.809, -23.748], [16.63, -23.507], [16.589, -23.484], [16.46, -23.265], [16.737, -23.058], [16.681, -22.839], [16.382, -22.856]]]}, "id": 162}, {"type": "Feature", "properties": {"fill": "#37009c"}, "geometry": {"type": "Polygon", "coordinates": [[[61.587, 12.132], [62.117, 13.11], [62.158, 13.138], [62.212, 13.182], [62.591, 13.035], [63.152, 13.143], [63.223, 13.189], [63.288, 13.464], [63.32, 13.937], [63.312, 14.091], [63.46, 14.326], [63.152, 15.126], [63.172, 15.181], [63.197, 15.234], [63.227, 15.284], [63.262, 15.332], [63.301, 15.375], [63.344, 15.414], [63.391, 15.449], [63.442, 15.479], [63.465, 15.49], [63.673, 15.601], [63.869, 15.732], [64.051, 15.882], [64.217, 16.048], [64.367, 16.23], [64.498, 16.426], [64.609, 16.634], [64.699, 16.851], [64.733, 16.947], [64.758, 17.0], [64.788, 17.05], [64.823, 17.097], [64.862, 17.141], [64.906, 17.18], [64.953, 17.215], [65.003, 17.245], [65.056, 17.27], [65.111, 17.29], [65.168, 17.304], [65.226, 17.313], [65.285, 17.316], [65.343, 17.313], [65.413, 17.302], [65.647, 17.279], [65.883, 17.279], [66.117, 17.302], [66.252, 17.329], [66.359, 17.345], [66.49, 17.351], [66.58, 17.351], [66.989, 17.392], [67.22, 17.438], [67.445, 17.506], [67.663, 17.596], [67.87, 17.707], [67.919, 17.737], [67.972, 17.762], [68.027, 17.781], [68.084, 17.796], [68.142, 17.804], [68.201, 17.807], [68.259, 17.804], [68.317, 17.796], [68.374, 17.781], [68.429, 17.762], [68.482, 17.737], [68.532, 17.706], [68.608, 17.651], [68.653, 17.613], [68.736, 17.538], [68.775, 17.495], [68.81, 17.448], [68.84, 17.397], [68.865, 17.345], [68.885, 17.289], [68.899, 17.232], [68.91, 17.162], [68.93, 16.953], [68.976, 16.722], [69.045, 16.497], [69.135, 16.279], [69.246, 16.071], [69.272, 16.028], [69.297, 15.975], [69.317, 15.92], [69.331, 15.863], [69.34, 15.805], [69.342, 15.746], [69.34, 15.688], [69.331, 15.63], [69.317, 15.573], [69.297, 15.518], [69.272, 15.465], [69.242, 15.415], [69.207, 15.368], [69.191, 15.35], [69.041, 15.168], [68.911, 14.972], [68.8, 14.764], [68.709, 14.547], [68.641, 14.321], [68.595, 14.09], [68.572, 13.856], [68.572, 13.621], [68.595, 13.386], [68.641, 13.155], [68.709, 12.93], [68.8, 12.712], [68.911, 12.504], [69.041, 12.309], [69.191, 12.127], [69.357, 11.96], [69.54, 11.811], [69.562, 11.794], [69.605, 11.755], [69.644, 11.712], [69.679, 11.664], [69.709, 11.614], [69.723, 11.585], [69.112, 11.187], [69.098, 11.191], [69.044, 11.123], [68.76, 10.547], [68.701, 10.357], [68.682, 10.346], [68.644, 10.321], [68.069, 10.293], [68.067, 10.257], [66.923, 9.25], [66.634, 9.258], [66.578, 9.284], [66.553, 9.315], [65.468, 9.442], [65.452, 9.414], [64.048, 9.241], [64.013, 9.288], [63.983, 9.338], [63.958, 9.391], [63.938, 9.446], [63.918, 9.526], [63.85, 9.752], [63.76, 9.969], [63.649, 10.177], [63.518, 10.373], [63.368, 10.555], [63.202, 10.722], [63.02, 10.871], [62.824, 11.002], [62.698, 11.077], [62.651, 11.112], [62.556, 11.198], [62.488, 11.266], [62.306, 11.416], [62.11, 11.547], [61.883, 11.667], [61.833, 11.697], [61.786, 11.732], [61.742, 11.771], [61.703, 11.815], [61.668, 11.862], [61.638, 11.912], [61.613, 11.965], [61.59, 12.028], [61.567, 12.106], [61.587, 12.132]]]}, "id": 163}, {"type": "Feature", "properties": {"fill": "#37009c"}, "geometry": {"type": "Polygon", "coordinates": [[[7.924, 38.34], [7.904, 38.395], [7.89, 38.452], [7.881, 38.51], [7.879, 38.569], [7.881, 38.627], [7.89, 38.685], [7.904, 38.742], [7.924, 38.797], [7.949, 38.85], [7.979, 38.9], [8.014, 38.948], [8.053, 38.991], [8.097, 39.03], [8.144, 39.065], [8.194, 39.095], [8.247, 39.12], [8.302, 39.14], [8.359, 39.154], [8.417, 39.163], [8.476, 39.166], [8.534, 39.163], [8.592, 39.154], [8.649, 39.14], [8.704, 39.12], [8.902, 39.028], [8.987, 38.994], [9.083, 38.948], [9.134, 38.918], [9.181, 38.883], [9.224, 38.843], [9.273, 38.789], [9.404, 38.63], [9.571, 38.463], [9.753, 38.314], [9.87, 38.227], [9.986, 38.121], [10.169, 37.972], [10.307, 37.879], [10.382, 37.824], [10.443, 37.768], [10.576, 37.635], [10.758, 37.486], [10.82, 37.44], [10.941, 37.33], [10.96, 37.311], [11.142, 37.162], [11.432, 36.948], [11.471, 36.913], [11.51, 36.87], [11.551, 36.812], [11.267, 36.352], [10.816, 36.329], [10.465, 36.187], [10.398, 36.248], [10.379, 36.268], [10.197, 36.417], [10.063, 36.517], [10.002, 36.572], [9.869, 36.705], [9.687, 36.854], [9.624, 36.901], [9.429, 37.062], [9.233, 37.193], [9.026, 37.304], [8.808, 37.394], [8.706, 37.425], [8.59, 37.466], [8.537, 37.491], [8.487, 37.521], [8.44, 37.556], [8.396, 37.596], [8.357, 37.639], [8.322, 37.686], [8.186, 37.89], [8.136, 37.951], [8.055, 38.061], [8.024, 38.111], [7.98, 38.206], [7.924, 38.34]]]}, "id": 164}, {"type": "Feature", "properties": {"fill": "#37009c"}, "geometry": {"type": "Polygon", "coordinates": [[[-19.31, 5.339], [-19.024, 5.456], [-18.948, 5.492], [-18.893, 5.512], [-18.836, 5.526], [-18.778, 5.535], [-18.72, 5.538], [-18.661, 5.535], [-18.422, 5.511], [-18.186, 5.511], [-17.952, 5.534], [-17.721, 5.58], [-17.495, 5.648], [-17.278, 5.738], [-17.198, 5.776], [-16.99, 5.887], [-16.926, 5.926], [-16.873, 5.951], [-16.818, 5.97], [-16.761, 5.985], [-16.703, 5.993], [-16.645, 5.996], [-16.601, 5.994], [-16.365, 5.994], [-16.324, 5.998], [-16.225, 5.936], [-15.935, 5.895], [-15.443, 6.205], [-15.401, 6.211], [-15.343, 6.214], [-15.284, 6.211], [-15.226, 6.202], [-15.169, 6.188], [-15.114, 6.168], [-15.002, 6.115], [-14.784, 6.025], [-14.55, 5.955], [-14.495, 5.935], [-14.442, 5.91], [-14.391, 5.88], [-14.344, 5.845], [-14.301, 5.805], [-14.262, 5.762], [-14.227, 5.715], [-14.196, 5.665], [-14.171, 5.612], [-14.152, 5.556], [-14.144, 5.525], [-14.138, 5.265], [-14.183, 5.08], [-14.201, 5.03], [-14.226, 4.977], [-14.257, 4.927], [-14.291, 4.88], [-14.331, 4.836], [-14.389, 4.783], [-14.54, 4.66], [-14.706, 4.493], [-14.736, 4.46], [-14.849, 4.358], [-14.901, 4.315], [-15.038, 4.19], [-15.08, 4.158], [-15.131, 4.128], [-15.184, 4.103], [-15.239, 4.083], [-15.342, 4.058], [-15.408, 4.038], [-15.546, 4.003], [-15.604, 3.994], [-15.662, 3.992], [-15.721, 3.994], [-15.78, 4.003], [-16.009, 4.049], [-16.243, 4.072], [-16.479, 4.072], [-16.713, 4.049], [-16.944, 4.003], [-17.169, 3.934], [-17.213, 3.919], [-17.27, 3.905], [-17.328, 3.896], [-17.386, 3.893], [-17.428, 3.895], [-17.664, 3.895], [-17.776, 3.89], [-17.835, 3.893], [-18.105, 3.934], [-18.187, 3.955], [-18.362, 4.008], [-18.593, 4.054], [-18.972, 4.09], [-19.208, 4.09], [-19.442, 4.067], [-19.526, 4.054], [-19.585, 4.052], [-19.632, 4.054], [-19.764, 4.414], [-19.75, 4.641], [-19.333, 4.97], [-19.351, 5.326], [-19.31, 5.339]]]}, "id": 165}, {"type": "Feature", "properties": {"fill": "#153477"}, "geometry": {"type": "Polygon", "coordinates": [[[-24.166, 4.889], [-24.12, 5.12], [-24.097, 5.354], [-24.097, 5.59], [-24.12, 5.824], [-24.148, 6.007], [-24.151, 6.066], [-24.148, 6.124], [-24.14, 6.182], [-24.125, 6.239], [-24.106, 6.294], [-24.081, 6.347], [-24.05, 6.397], [-24.015, 6.444], [-23.976, 6.488], [-23.933, 6.527], [-23.886, 6.562], [-23.835, 6.592], [-23.782, 6.617], [-23.605, 6.679], [-23.454, 6.742], [-23.365, 6.774], [-23.308, 6.788], [-23.25, 6.797], [-23.191, 6.8], [-23.129, 6.797], [-22.901, 6.797], [-22.839, 6.794], [-22.788, 6.786], [-22.742, 6.067], [-22.52, 5.378], [-22.509, 5.377], [-21.787, 5.592], [-21.643, 5.52], [-21.08, 5.594], [-21.012, 5.574], [-20.781, 5.528], [-20.547, 5.505], [-20.312, 5.505], [-20.181, 5.511], [-20.122, 5.508], [-20.064, 5.5], [-19.963, 5.474], [-19.825, 5.432], [-19.588, 5.386], [-19.531, 5.371], [-19.476, 5.352], [-19.423, 5.327], [-19.373, 5.296], [-19.349, 5.279], [-19.333, 4.97], [-19.75, 4.641], [-19.764, 4.414], [-19.632, 4.054], [-19.674, 4.016], [-19.721, 3.981], [-19.771, 3.951], [-19.824, 3.926], [-19.879, 3.906], [-19.936, 3.892], [-20.043, 3.876], [-20.179, 3.863], [-20.41, 3.817], [-20.837, 3.688], [-20.876, 3.674], [-20.933, 3.66], [-21.177, 3.612], [-21.402, 3.544], [-21.62, 3.454], [-21.83, 3.341], [-21.883, 3.316], [-21.938, 3.296], [-21.995, 3.282], [-22.053, 3.273], [-22.111, 3.271], [-22.17, 3.273], [-22.228, 3.282], [-22.383, 3.321], [-22.414, 3.33], [-22.645, 3.376], [-22.879, 3.399], [-23.115, 3.399], [-23.349, 3.376], [-23.408, 3.374], [-23.466, 3.376], [-23.524, 3.385], [-23.581, 3.399], [-23.636, 3.419], [-23.76, 3.478], [-23.829, 3.515], [-24.019, 3.593], [-24.086, 3.625], [-24.136, 3.655], [-24.183, 3.69], [-24.226, 3.729], [-24.266, 3.772], [-24.301, 3.82], [-24.331, 3.87], [-24.356, 3.923], [-24.376, 3.978], [-24.39, 4.035], [-24.398, 4.093], [-24.401, 4.151], [-24.398, 4.21], [-24.39, 4.268], [-24.376, 4.325], [-24.356, 4.38], [-24.325, 4.446], [-24.234, 4.663], [-24.166, 4.889]]]}, "id": 166}, {"type": "Feature", "properties": {"fill": "#00529c"}, "geometry": {"type": "Polygon", "coordinates": [[[55.424, -19.361], [55.573, -19.261], [55.647, -19.217], [55.868, -19.099], [56.064, -18.969], [56.256, -18.81], [56.303, -18.775], [56.354, -18.745], [56.406, -18.72], [56.48, -18.697], [56.49, -18.695], [57.026, -19.13], [57.208, -19.437], [57.187, -19.5], [57.157, -19.563], [57.066, -19.781], [57.027, -19.912], [56.99, -20.014], [56.976, -20.043], [56.886, -20.261], [56.87, -20.313], [56.82, -20.454], [56.795, -20.507], [56.765, -20.557], [56.73, -20.604], [56.691, -20.647], [56.647, -20.687], [56.6, -20.722], [56.386, -20.85], [56.333, -20.875], [56.278, -20.895], [56.221, -20.909], [56.163, -20.918], [56.105, -20.92], [56.046, -20.918], [55.988, -20.909], [55.931, -20.895], [55.876, -20.875], [55.833, -20.855], [55.616, -20.765], [55.39, -20.696], [55.282, -20.675], [55.165, -20.645], [55.109, -20.625], [55.056, -20.6], [55.006, -20.57], [54.959, -20.535], [54.916, -20.496], [54.876, -20.453], [54.841, -20.406], [54.811, -20.355], [54.786, -20.302], [54.767, -20.247], [54.752, -20.19], [54.744, -20.132], [54.741, -20.074], [54.744, -20.015], [54.752, -19.957], [54.767, -19.901], [54.786, -19.845], [54.811, -19.792], [54.841, -19.742], [54.876, -19.695], [54.916, -19.652], [54.959, -19.612], [55.006, -19.577], [55.056, -19.547], [55.216, -19.472], [55.424, -19.361]]]}, "id": 167}, {"type": "Feature", "properties": {"fill": "#37009c"}, "geometry": {"type": "Polygon", "coordinates": [[[51.732, -16.565], [51.863, -16.369], [51.974, -16.162], [52.064, -15.944], [52.077, -15.907], [52.13, -15.796], [52.22, -15.579], [52.288, -15.353], [52.322, -15.217], [52.342, -15.162], [52.367, -15.109], [52.397, -15.059], [52.432, -15.011], [52.471, -14.968], [52.515, -14.929], [52.562, -14.894], [52.612, -14.864], [52.665, -14.839], [52.72, -14.819], [52.777, -14.805], [52.835, -14.796], [52.894, -14.793], [52.952, -14.796], [53.01, -14.805], [53.241, -14.851], [53.443, -14.87], [53.575, -15.01], [54.62, -14.754], [54.729, -14.732], [54.959, -14.661], [55.041, -14.631], [56.054, -15.48], [56.064, -15.547], [56.62, -15.604], [56.741, -15.668], [57.31, -16.596], [57.729, -16.414], [57.792, -16.447], [58.009, -16.538], [58.168, -16.594], [58.221, -16.619], [58.271, -16.649], [58.318, -16.684], [58.361, -16.724], [58.401, -16.767], [58.436, -16.814], [58.466, -16.864], [58.491, -16.917], [58.51, -16.973], [58.525, -17.029], [58.533, -17.087], [58.536, -17.146], [58.533, -17.204], [58.525, -17.262], [58.51, -17.319], [58.491, -17.374], [58.45, -17.461], [58.359, -17.679], [58.291, -17.904], [58.245, -18.135], [58.222, -18.37], [58.222, -18.605], [58.229, -18.678], [58.236, -18.818], [58.233, -18.876], [58.225, -18.934], [58.21, -18.991], [58.191, -19.046], [58.166, -19.099], [58.135, -19.15], [58.101, -19.197], [58.061, -19.24], [58.018, -19.279], [57.971, -19.314], [57.92, -19.344], [57.868, -19.369], [57.812, -19.389], [57.756, -19.403], [57.666, -19.417], [57.495, -19.434], [57.396, -19.448], [57.337, -19.451], [57.279, -19.448], [57.221, -19.44], [57.208, -19.437], [57.026, -19.13], [56.49, -18.695], [56.48, -18.697], [56.093, -18.814], [55.975, -18.765], [55.75, -18.696], [55.519, -18.65], [55.382, -18.63], [55.177, -18.589], [54.943, -18.566], [54.707, -18.566], [54.473, -18.589], [54.426, -18.599], [54.275, -18.621], [54.216, -18.624], [54.158, -18.621], [54.1, -18.612], [54.034, -18.596], [53.733, -18.535], [53.619, -18.524], [53.501, -18.507], [53.444, -18.492], [53.389, -18.473], [53.336, -18.448], [53.286, -18.418], [53.252, -18.393], [53.057, -18.262], [52.849, -18.151], [52.631, -18.061], [52.406, -17.992], [52.175, -17.946], [51.94, -17.923], [51.795, -17.916], [51.737, -17.907], [51.681, -17.893], [51.625, -17.873], [51.572, -17.848], [51.522, -17.818], [51.475, -17.783], [51.432, -17.744], [51.392, -17.701], [51.357, -17.654], [51.327, -17.603], [51.302, -17.55], [51.283, -17.495], [51.268, -17.438], [51.262, -17.397], [51.35, -17.003], [51.357, -16.99], [51.392, -16.943], [51.446, -16.884], [51.583, -16.747], [51.732, -16.565]]]}, "id": 168}, {"type": "Feature", "properties": {"fill": "#153477"}, "geometry": {"type": "Polygon", "coordinates": [[[45.238, -3.947], [45.208, -3.896], [45.183, -3.843], [45.163, -3.788], [45.149, -3.731], [45.141, -3.674], [45.138, -3.615], [45.141, -3.556], [45.149, -3.498], [45.163, -3.442], [45.183, -3.386], [45.208, -3.334], [45.238, -3.283], [45.273, -3.236], [45.313, -3.193], [45.356, -3.153], [45.403, -3.119], [45.453, -3.088], [45.619, -3.011], [45.66, -2.989], [45.868, -2.941], [45.955, -2.814], [46.022, -2.769], [46.089, -2.715], [46.196, -2.635], [46.246, -2.605], [46.299, -2.58], [46.354, -2.56], [46.411, -2.546], [46.469, -2.537], [46.528, -2.534], [46.586, -2.537], [46.913, -2.587], [46.97, -2.601], [47.025, -2.621], [47.078, -2.646], [47.129, -2.676], [47.176, -2.711], [47.219, -2.75], [47.258, -2.794], [47.293, -2.841], [47.323, -2.891], [47.349, -2.944], [47.368, -2.999], [47.382, -3.056], [47.399, -3.17], [47.047, -3.721], [47.056, -3.794], [47.227, -4.09], [47.832, -4.289], [47.86, -4.336], [47.934, -4.756], [47.919, -4.814], [47.9, -4.87], [47.874, -4.923], [47.844, -4.973], [47.809, -5.02], [47.767, -5.067], [47.607, -5.226], [47.53, -5.32], [47.453, -5.406], [47.409, -5.445], [47.362, -5.48], [47.312, -5.51], [47.259, -5.535], [47.204, -5.555], [47.147, -5.569], [47.089, -5.578], [47.031, -5.581], [46.972, -5.578], [46.914, -5.569], [46.857, -5.555], [46.802, -5.535], [46.749, -5.51], [46.699, -5.48], [46.652, -5.445], [46.608, -5.406], [46.569, -5.362], [46.534, -5.315], [46.487, -5.236], [46.356, -5.04], [46.206, -4.858], [46.04, -4.692], [45.858, -4.542], [45.71, -4.443], [45.639, -4.391], [45.596, -4.352], [45.526, -4.274], [45.435, -4.163], [45.353, -4.082], [45.273, -3.994], [45.238, -3.947]]]}, "id": 169}, {"type": "Feature", "properties": {"fill": "#00789c"}, "geometry": {"type": "Polygon", "coordinates": [[[47.297, -2.409], [47.294, -2.357], [47.297, -2.298], [47.306, -2.24], [47.32, -2.183], [47.34, -2.128], [47.365, -2.075], [47.395, -2.025], [47.43, -1.978], [47.469, -1.935], [47.512, -1.895], [47.559, -1.86], [47.61, -1.83], [47.663, -1.805], [47.718, -1.785], [47.775, -1.771], [48.027, -1.722], [48.252, -1.654], [48.403, -1.591], [48.697, -1.495], [48.78, -1.384], [48.873, -1.322], [48.885, -1.313], [49.236, -1.155], [49.698, -1.126], [49.746, -1.155], [49.793, -1.19], [49.837, -1.229], [49.876, -1.273], [49.911, -1.32], [49.941, -1.37], [49.966, -1.423], [49.986, -1.478], [50.0, -1.535], [50.009, -1.593], [50.012, -1.652], [50.009, -1.71], [49.996, -1.798], [49.962, -1.97], [49.938, -2.204], [49.938, -2.44], [49.962, -2.674], [49.967, -2.709], [49.97, -2.767], [49.966, -2.848], [49.947, -3.04], [49.947, -3.277], [49.971, -3.513], [50.017, -3.745], [50.087, -3.972], [50.178, -4.19], [50.29, -4.399], [50.386, -4.557], [50.409, -4.605], [50.429, -4.66], [50.443, -4.717], [50.451, -4.775], [50.454, -4.833], [50.451, -4.892], [50.443, -4.95], [50.429, -5.007], [50.409, -5.062], [50.361, -5.163], [50.346, -5.184], [49.765, -5.356], [49.758, -5.872], [49.894, -6.093], [49.961, -6.275], [49.661, -6.711], [49.595, -6.729], [49.537, -6.738], [49.478, -6.741], [49.42, -6.738], [49.362, -6.729], [49.305, -6.715], [49.25, -6.695], [49.197, -6.67], [49.146, -6.64], [49.099, -6.605], [49.056, -6.566], [49.017, -6.522], [48.982, -6.475], [48.952, -6.425], [48.926, -6.372], [48.907, -6.317], [48.874, -6.187], [48.806, -5.961], [48.715, -5.743], [48.604, -5.535], [48.473, -5.339], [48.323, -5.157], [48.155, -4.99], [48.023, -4.87], [47.984, -4.828], [47.936, -4.769], [47.853, -4.296], [47.227, -4.09], [47.06, -3.8], [47.056, -3.777], [47.054, -3.711], [47.514, -2.992], [47.292, -2.694], [47.297, -2.644], [47.297, -2.409]]]}, "id": 170}, {"type": "Feature", "properties": {"fill": "#37009c"}, "geometry": {"type": "Polygon", "coordinates": [[[36.71, 16.493], [36.719, 16.522], [36.732, 16.528], [36.934, 16.878], [36.984, 17.188], [37.571, 17.553], [37.647, 17.74], [37.709, 17.823], [37.743, 17.838], [37.798, 17.858], [37.883, 17.879], [38.057, 17.914], [38.112, 17.928], [38.169, 17.936], [38.228, 17.939], [38.287, 17.936], [38.345, 17.928], [38.401, 17.914], [38.457, 17.894], [38.509, 17.869], [38.56, 17.839], [38.607, 17.804], [38.65, 17.764], [38.667, 17.746], [38.833, 17.58], [39.015, 17.43], [39.211, 17.299], [39.439, 17.179], [39.489, 17.149], [39.536, 17.114], [39.58, 17.074], [39.619, 17.031], [39.771, 16.846], [39.938, 16.679], [40.12, 16.53], [40.205, 16.473], [40.62, 15.725], [40.612, 15.695], [40.593, 15.639], [40.568, 15.586], [40.538, 15.536], [40.503, 15.489], [40.43, 15.409], [40.333, 15.312], [40.184, 15.13], [40.053, 14.934], [39.942, 14.727], [39.918, 14.676], [39.888, 14.625], [39.853, 14.578], [39.813, 14.535], [39.77, 14.495], [39.723, 14.461], [39.673, 14.43], [39.62, 14.405], [39.564, 14.386], [39.508, 14.371], [39.45, 14.363], [39.391, 14.36], [39.333, 14.363], [39.275, 14.371], [39.168, 14.398], [38.937, 14.444], [38.767, 14.461], [38.762, 14.481], [37.471, 15.146], [37.432, 15.169], [37.291, 15.08], [37.138, 15.183], [36.93, 15.294], [36.809, 15.351], [36.758, 15.381], [36.711, 15.416], [36.668, 15.456], [36.629, 15.499], [36.594, 15.546], [36.564, 15.596], [36.538, 15.649], [36.519, 15.704], [36.504, 15.761], [36.496, 15.819], [36.493, 15.878], [36.496, 15.936], [36.504, 15.994], [36.519, 16.051], [36.538, 16.106], [36.62, 16.276], [36.71, 16.493]]]}, "id": 171}, {"type": "Feature", "properties": {"fill": "#516ebc"}, "geometry": {"type": "Polygon", "coordinates": [[[35.176, 18.898], [35.272, 19.027], [35.311, 19.071], [35.355, 19.11], [35.402, 19.145], [35.452, 19.175], [35.505, 19.2], [35.56, 19.22], [35.617, 19.234], [35.675, 19.243], [35.805, 19.249], [35.898, 19.249], [36.133, 19.272], [36.233, 19.287], [36.291, 19.29], [36.35, 19.287], [36.408, 19.278], [36.464, 19.264], [36.52, 19.244], [36.587, 19.213], [36.767, 19.116], [36.979, 19.028], [37.035, 19.002], [37.085, 18.972], [37.132, 18.937], [37.175, 18.898], [37.215, 18.854], [37.25, 18.807], [37.322, 18.687], [37.356, 18.624], [37.487, 18.428], [37.537, 18.367], [37.618, 18.257], [37.648, 18.206], [37.673, 18.153], [37.693, 18.098], [37.707, 18.041], [37.716, 17.984], [37.719, 17.925], [37.714, 17.829], [37.647, 17.74], [37.571, 17.553], [36.984, 17.188], [36.934, 16.878], [36.859, 16.747], [36.802, 16.713], [36.749, 16.687], [36.694, 16.668], [36.637, 16.653], [36.579, 16.645], [36.521, 16.642], [36.462, 16.645], [36.404, 16.653], [36.347, 16.668], [36.292, 16.687], [36.239, 16.713], [36.189, 16.743], [36.142, 16.778], [36.098, 16.817], [36.059, 16.86], [36.046, 16.878], [35.896, 17.06], [35.73, 17.227], [35.548, 17.376], [35.448, 17.45], [35.252, 17.581], [35.118, 17.653], [35.032, 17.704], [34.985, 17.739], [34.942, 17.779], [34.902, 17.822], [34.867, 17.869], [34.837, 17.919], [34.812, 17.972], [34.792, 18.028], [34.778, 18.084], [34.77, 18.142], [34.767, 18.201], [34.77, 18.259], [34.778, 18.317], [34.792, 18.374], [34.812, 18.429], [34.837, 18.482], [34.867, 18.533], [34.902, 18.58], [35.027, 18.716], [35.176, 18.898]]]}, "id": 172}, {"type": "Feature", "properties": {"fill": "#00529c"}, "geometry": {"type": "Polygon", "coordinates": [[[43.722, 17.736], [43.781, 17.733], [43.838, 17.724], [43.895, 17.71], [43.95, 17.69], [44.003, 17.665], [44.054, 17.635], [44.128, 17.58], [44.258, 17.473], [44.454, 17.343], [44.661, 17.232], [44.813, 17.16], [44.863, 17.13], [44.91, 17.095], [44.953, 17.056], [45.04, 16.96], [45.1, 16.887], [45.266, 16.721], [45.448, 16.571], [45.644, 16.44], [45.846, 16.332], [45.814, 15.341], [45.856, 15.258], [45.856, 15.257], [45.753, 15.2], [45.296, 15.044], [44.958, 14.951], [44.865, 14.989], [44.721, 15.033], [44.605, 15.238], [44.114, 15.397], [43.607, 15.087], [43.503, 15.071], [43.453, 15.069], [42.976, 15.308], [42.957, 15.334], [42.946, 15.351], [42.879, 15.97], [42.715, 16.11], [42.66, 16.24], [42.599, 16.356], [42.59, 16.508], [42.52, 16.604], [42.387, 16.906], [43.035, 17.672], [43.205, 17.672], [43.44, 17.695], [43.539, 17.714], [43.663, 17.733], [43.722, 17.736]]]}, "id": 173}, {"type": "Feature", "properties": {"fill": "#00789c"}, "geometry": {"type": "Polygon", "coordinates": [[[41.05, 17.341], [41.098, 17.376], [41.148, 17.406], [41.164, 17.414], [41.386, 17.359], [41.582, 17.242], [41.921, 17.126], [42.03, 17.142], [42.109, 17.121], [42.387, 16.906], [42.52, 16.604], [42.59, 16.508], [42.608, 16.201], [42.79, 16.046], [42.856, 15.922], [42.891, 15.864], [42.946, 15.352], [42.935, 15.322], [42.928, 15.307], [42.516, 15.017], [42.226, 14.975], [42.21, 14.979], [42.155, 14.998], [42.102, 15.023], [42.052, 15.054], [42.005, 15.088], [41.986, 15.105], [41.804, 15.255], [41.609, 15.385], [41.401, 15.497], [41.183, 15.587], [40.958, 15.655], [40.727, 15.701], [40.688, 15.707], [40.62, 15.725], [40.226, 16.435], [40.233, 16.466], [40.253, 16.521], [40.278, 16.574], [40.308, 16.624], [40.343, 16.671], [40.382, 16.715], [40.426, 16.754], [40.513, 16.818], [40.695, 16.968], [40.861, 17.134], [40.919, 17.205], [41.007, 17.302], [41.05, 17.341]]]}, "id": 174}, {"type": "Feature", "properties": {"fill": "#516ebc"}, "geometry": {"type": "Polygon", "coordinates": [[[40.444, 17.04], [40.385, 17.037], [40.327, 17.04], [40.269, 17.049], [40.212, 17.063], [40.157, 17.083], [40.104, 17.108], [40.054, 17.138], [40.006, 17.173], [39.963, 17.212], [39.924, 17.256], [39.889, 17.303], [39.859, 17.353], [39.834, 17.406], [39.814, 17.461], [39.8, 17.518], [39.791, 17.576], [39.788, 17.634], [39.791, 17.693], [39.8, 17.751], [39.814, 17.808], [39.834, 17.863], [39.859, 17.916], [39.889, 17.966], [39.924, 18.013], [39.963, 18.057], [40.006, 18.096], [40.054, 18.131], [40.104, 18.161], [40.157, 18.186], [40.212, 18.206], [40.269, 18.22], [40.327, 18.229], [40.385, 18.232], [40.626, 18.231], [40.86, 18.254], [41.091, 18.3], [41.316, 18.369], [41.536, 18.46], [41.591, 18.48], [41.648, 18.494], [41.706, 18.502], [41.765, 18.505], [41.823, 18.502], [41.881, 18.494], [41.938, 18.48], [42.019, 18.451], [42.186, 18.381], [42.412, 18.313], [42.455, 18.302], [42.511, 18.282], [42.563, 18.257], [42.614, 18.227], [42.661, 18.192], [42.704, 18.153], [42.744, 18.109], [42.778, 18.062], [42.823, 17.988], [42.908, 17.829], [42.932, 17.793], [43.012, 17.66], [43.016, 17.65], [42.387, 16.906], [42.109, 17.121], [42.03, 17.142], [41.921, 17.126], [41.582, 17.242], [41.386, 17.359], [41.043, 17.444], [40.779, 17.08], [40.583, 17.061], [40.444, 17.04]]]}, "id": 175}, {"type": "Feature", "properties": {"fill": "#37009c"}, "geometry": {"type": "Polygon", "coordinates": [[[13.872, 34.971], [13.872, 35.207], [13.857, 35.354], [13.852, 35.456], [13.855, 35.515], [13.864, 35.573], [13.878, 35.63], [13.898, 35.685], [13.923, 35.738], [13.941, 35.768], [14.052, 35.976], [14.146, 36.204], [14.171, 36.257], [14.201, 36.307], [14.236, 36.355], [14.275, 36.398], [14.319, 36.437], [14.366, 36.472], [14.416, 36.502], [14.469, 36.527], [14.524, 36.547], [14.581, 36.561], [14.639, 36.57], [14.698, 36.573], [14.756, 36.57], [14.814, 36.561], [14.871, 36.547], [14.926, 36.527], [14.979, 36.502], [15.029, 36.472], [15.076, 36.437], [15.12, 36.398], [15.159, 36.355], [15.194, 36.307], [15.224, 36.257], [15.249, 36.204], [15.299, 36.064], [15.315, 36.011], [15.351, 35.911], [15.365, 35.854], [15.41, 35.561], [15.413, 35.51], [15.41, 35.451], [15.401, 35.393], [15.387, 35.337], [15.367, 35.281], [15.342, 35.229], [15.289, 35.139], [15.178, 34.932], [15.1, 34.743], [14.922, 34.714], [14.393, 33.937], [13.952, 34.001], [13.931, 34.025], [13.896, 34.072], [13.866, 34.123], [13.84, 34.176], [13.821, 34.231], [13.807, 34.288], [13.798, 34.345], [13.795, 34.404], [13.798, 34.463], [13.809, 34.536], [13.849, 34.737], [13.872, 34.971]]]}, "id": 176}, {"type": "Feature", "properties": {"fill": "#00789c"}, "geometry": {"type": "Polygon", "coordinates": [[[7.864, -3.698], [7.903, -3.655], [7.946, -3.615], [7.993, -3.58], [8.044, -3.55], [8.097, -3.525], [8.152, -3.505], [8.209, -3.491], [8.267, -3.483], [8.325, -3.48], [8.384, -3.483], [8.442, -3.491], [8.498, -3.505], [8.554, -3.525], [8.607, -3.55], [8.663, -3.584], [8.755, -3.633], [8.867, -3.76], [9.245, -4.022], [9.505, -3.96], [9.765, -4.036], [10.272, -3.902], [10.368, -3.897], [10.602, -3.874], [10.833, -3.828], [11.059, -3.759], [11.276, -3.669], [11.484, -3.558], [11.613, -3.472], [12.296, -3.221], [12.424, -3.204], [12.661, -3.22], [12.673, -3.229], [12.717, -3.269], [12.756, -3.312], [12.791, -3.359], [12.821, -3.409], [12.846, -3.462], [12.866, -3.517], [12.88, -3.574], [12.889, -3.632], [12.892, -3.691], [12.889, -3.749], [12.88, -3.807], [12.866, -3.864], [12.846, -3.919], [12.808, -4.0], [12.726, -4.199], [12.635, -4.225], [12.166, -4.788], [12.163, -4.811], [12.345, -5.112], [12.235, -5.397], [11.638, -5.458], [11.489, -5.244], [10.748, -5.296], [10.697, -5.401], [10.348, -5.691], [10.292, -5.702], [10.053, -5.775], [9.996, -5.789], [9.938, -5.798], [9.88, -5.801], [9.821, -5.798], [9.763, -5.789], [9.706, -5.775], [9.651, -5.755], [9.533, -5.7], [9.312, -5.608], [9.083, -5.539], [8.848, -5.493], [8.609, -5.471], [8.42, -5.463], [8.37, -5.456], [8.313, -5.442], [8.258, -5.422], [8.205, -5.397], [8.155, -5.367], [8.108, -5.332], [8.064, -5.292], [8.025, -5.249], [7.99, -5.202], [7.96, -5.152], [7.935, -5.099], [7.915, -5.043], [7.901, -4.987], [7.894, -4.939], [8.18, -4.555], [8.17, -4.431], [7.822, -3.755], [7.864, -3.698]]]}, "id": 177}, {"type": "Feature", "properties": {"fill": "#00789c"}, "geometry": {"type": "Polygon", "coordinates": [[[79.773, -15.061], [79.773, -14.826], [79.757, -14.658], [80.187, -14.064], [80.171, -13.71], [80.186, -13.686], [80.221, -13.639], [80.26, -13.595], [80.304, -13.556], [80.351, -13.521], [80.401, -13.491], [80.454, -13.466], [80.509, -13.446], [80.566, -13.432], [80.624, -13.423], [80.682, -13.421], [80.741, -13.423], [80.799, -13.432], [80.856, -13.446], [80.911, -13.466], [80.964, -13.491], [81.014, -13.521], [81.061, -13.556], [81.105, -13.595], [81.167, -13.664], [81.273, -13.794], [81.44, -13.96], [81.622, -14.11], [81.818, -14.241], [82.025, -14.352], [82.243, -14.442], [82.413, -14.493], [82.496, -14.523], [82.544, -14.546], [82.762, -14.636], [82.987, -14.704], [83.234, -14.753], [83.291, -14.767], [83.346, -14.787], [83.399, -14.812], [83.449, -14.842], [83.496, -14.877], [83.539, -14.916], [83.579, -14.959], [83.614, -15.007], [83.644, -15.057], [83.669, -15.11], [83.689, -15.165], [83.703, -15.222], [83.711, -15.28], [83.735, -15.523], [83.781, -15.754], [83.849, -15.98], [83.878, -16.059], [83.892, -16.116], [83.901, -16.174], [83.904, -16.233], [83.901, -16.291], [83.892, -16.349], [83.878, -16.406], [83.858, -16.461], [83.833, -16.514], [83.803, -16.565], [83.768, -16.612], [83.729, -16.655], [83.685, -16.694], [83.638, -16.729], [83.588, -16.759], [83.535, -16.784], [83.48, -16.804], [83.423, -16.818], [83.365, -16.827], [83.306, -16.83], [83.248, -16.827], [83.19, -16.818], [83.035, -16.78], [83.003, -16.77], [82.772, -16.724], [82.537, -16.701], [82.302, -16.701], [82.067, -16.724], [81.978, -16.737], [81.919, -16.74], [81.861, -16.737], [81.803, -16.729], [81.746, -16.714], [81.691, -16.695], [81.638, -16.67], [81.586, -16.639], [81.393, -16.509], [81.185, -16.398], [80.967, -16.308], [80.742, -16.24], [80.511, -16.194], [80.276, -16.171], [80.248, -16.169], [80.19, -16.161], [80.134, -16.147], [80.078, -16.127], [80.025, -16.102], [79.975, -16.072], [79.928, -16.037], [79.916, -16.026], [79.728, -15.412], [79.75, -15.296], [79.773, -15.061]]]}, "id": 178}, {"type": "Feature", "properties": {"fill": "#516ebc"}, "geometry": {"type": "Polygon", "coordinates": [[[51.181, -11.655], [51.211, -11.644], [51.598, -11.734], [51.802, -11.73], [52.21, -11.392], [52.265, -11.39], [52.323, -11.393], [52.381, -11.401], [52.512, -11.434], [52.591, -11.458], [52.822, -11.504], [53.057, -11.527], [53.292, -11.527], [53.527, -11.504], [53.685, -11.472], [53.78, -11.458], [53.838, -11.456], [53.897, -11.458], [53.955, -11.467], [54.012, -11.481], [54.067, -11.501], [54.12, -11.526], [54.17, -11.556], [54.217, -11.591], [54.262, -11.631], [54.426, -11.796], [54.483, -11.846], [54.627, -12.132], [54.691, -12.416], [54.741, -12.517], [55.535, -12.481], [55.796, -12.78], [55.805, -12.815], [55.814, -12.873], [55.817, -12.932], [55.814, -12.978], [54.841, -13.844], [54.941, -14.075], [55.559, -14.163], [56.088, -14.409], [56.144, -14.513], [56.169, -14.566], [56.191, -14.63], [56.11, -15.13], [56.079, -15.173], [56.039, -15.216], [55.996, -15.256], [55.949, -15.291], [55.899, -15.321], [55.877, -15.331], [54.836, -14.459], [54.658, -14.745], [53.875, -14.937], [53.82, -14.923], [53.765, -14.903], [53.712, -14.878], [53.662, -14.848], [53.614, -14.813], [53.487, -14.697], [53.305, -14.548], [53.109, -14.417], [52.901, -14.306], [52.683, -14.216], [52.458, -14.147], [52.227, -14.101], [52.089, -14.081], [52.032, -14.067], [51.977, -14.047], [51.924, -14.022], [51.874, -13.992], [51.827, -13.957], [51.783, -13.918], [51.744, -13.874], [51.709, -13.827], [51.679, -13.777], [51.654, -13.724], [51.596, -13.563], [51.542, -13.432], [51.767, -13.094], [51.814, -12.806], [51.488, -12.574], [51.208, -12.494], [50.991, -12.359], [51.09, -11.703], [51.128, -11.68], [51.181, -11.655]]]}, "id": 179}, {"type": "Feature", "properties": {"fill": "#153477"}, "geometry": {"type": "Polygon", "coordinates": [[[49.022, -17.632], [48.796, -17.7], [48.579, -17.79], [48.371, -17.901], [48.175, -18.032], [48.061, -18.117], [48.011, -18.147], [47.958, -18.172], [47.903, -18.192], [47.846, -18.206], [47.788, -18.214], [47.729, -18.217], [47.671, -18.214], [47.613, -18.206], [47.556, -18.192], [47.501, -18.172], [47.448, -18.147], [47.398, -18.117], [47.351, -18.082], [47.316, -18.05], [47.132, -17.619], [47.135, -17.562], [47.144, -17.504], [47.158, -17.447], [47.178, -17.392], [47.203, -17.339], [47.233, -17.288], [47.268, -17.241], [47.307, -17.198], [47.351, -17.159], [47.398, -17.124], [47.448, -17.094], [47.501, -17.068], [47.564, -17.046], [47.782, -16.956], [47.989, -16.845], [48.185, -16.714], [48.367, -16.564], [48.534, -16.398], [48.651, -16.255], [48.732, -16.188], [49.195, -16.136], [49.37, -16.179], [49.592, -15.903], [50.04, -15.561], [50.274, -15.687], [50.492, -15.777], [50.717, -15.846], [50.86, -15.882], [50.915, -15.901], [50.968, -15.926], [51.018, -15.957], [51.065, -15.991], [51.109, -16.031], [51.148, -16.074], [51.183, -16.121], [51.213, -16.172], [51.238, -16.224], [51.258, -16.28], [51.272, -16.337], [51.281, -16.394], [51.289, -16.553], [51.312, -16.787], [51.335, -16.904], [51.35, -17.003], [51.262, -17.397], [51.254, -17.41], [51.219, -17.457], [51.18, -17.5], [51.137, -17.54], [51.09, -17.575], [51.039, -17.605], [50.986, -17.63], [50.931, -17.65], [50.874, -17.664], [50.816, -17.672], [50.758, -17.675], [50.699, -17.672], [50.641, -17.664], [50.513, -17.632], [50.428, -17.606], [50.197, -17.56], [49.963, -17.537], [49.727, -17.537], [49.493, -17.56], [49.449, -17.567], [49.253, -17.586], [49.022, -17.632]]]}, "id": 180}, {"type": "Feature", "properties": {"fill": "#516ebc"}, "geometry": {"type": "Polygon", "coordinates": [[[44.6, -16.61], [44.615, -16.508], [44.629, -16.451], [44.649, -16.396], [44.674, -16.343], [44.704, -16.292], [44.739, -16.245], [44.779, -16.202], [44.822, -16.162], [44.869, -16.128], [44.919, -16.097], [44.972, -16.072], [45.028, -16.053], [45.084, -16.038], [45.267, -16.012], [45.498, -15.966], [45.723, -15.898], [45.94, -15.808], [46.148, -15.697], [46.344, -15.566], [46.526, -15.416], [46.693, -15.25], [46.842, -15.068], [46.973, -14.872], [47.084, -14.664], [47.102, -14.626], [47.132, -14.576], [47.167, -14.528], [47.215, -14.475], [47.348, -14.342], [47.624, -14.308], [48.015, -13.67], [48.052, -13.655], [48.403, -13.637], [48.494, -13.7], [48.576, -13.735], [49.006, -13.627], [49.4, -13.979], [49.384, -14.127], [49.317, -14.353], [49.562, -14.957], [49.782, -15.0], [49.849, -15.161], [49.96, -15.369], [49.983, -15.408], [50.009, -15.461], [50.028, -15.516], [50.04, -15.561], [49.592, -15.903], [49.37, -16.179], [49.195, -16.136], [48.732, -16.188], [48.449, -16.424], [48.303, -16.486], [48.075, -16.742], [47.912, -16.737], [46.979, -17.257], [47.33, -18.084], [47.301, -18.18], [47.29, -18.223], [47.271, -18.278], [47.246, -18.331], [47.216, -18.381], [47.181, -18.428], [47.141, -18.472], [47.098, -18.511], [47.051, -18.546], [47.001, -18.576], [46.948, -18.601], [46.892, -18.621], [46.836, -18.635], [46.778, -18.644], [46.719, -18.647], [46.661, -18.644], [46.603, -18.635], [46.531, -18.617], [46.3, -18.571], [46.066, -18.548], [46.0, -18.545], [45.942, -18.537], [45.885, -18.522], [45.83, -18.503], [45.777, -18.478], [45.727, -18.447], [45.68, -18.412], [45.636, -18.373], [45.56, -18.289], [45.48, -18.192], [45.314, -18.025], [45.131, -17.876], [44.936, -17.745], [44.887, -17.719], [44.759, -17.642], [44.712, -17.607], [44.669, -17.568], [44.629, -17.524], [44.594, -17.477], [44.564, -17.427], [44.539, -17.374], [44.519, -17.319], [44.505, -17.262], [44.497, -17.204], [44.494, -17.146], [44.497, -17.087], [44.505, -17.029], [44.544, -16.875], [44.554, -16.841], [44.6, -16.61]]]}, "id": 181}, {"type": "Feature", "properties": {"fill": "#00789c"}, "geometry": {"type": "Polygon", "coordinates": [[[44.767, -13.051], [44.747, -12.995], [44.733, -12.939], [44.724, -12.881], [44.721, -12.822], [44.724, -12.764], [44.733, -12.706], [44.747, -12.649], [44.767, -12.594], [44.792, -12.541], [44.822, -12.49], [44.857, -12.443], [44.896, -12.4], [44.94, -12.361], [44.987, -12.326], [45.037, -12.295], [45.143, -12.245], [45.252, -12.2], [45.46, -12.089], [45.656, -11.958], [45.838, -11.809], [46.004, -11.642], [46.154, -11.46], [46.285, -11.264], [46.396, -11.056], [46.486, -10.839], [46.554, -10.613], [46.6, -10.382], [46.623, -10.148], [46.632, -9.971], [46.64, -9.913], [46.655, -9.856], [46.674, -9.801], [46.699, -9.748], [46.729, -9.698], [46.764, -9.651], [46.804, -9.607], [46.847, -9.568], [46.894, -9.533], [46.944, -9.503], [46.997, -9.478], [47.053, -9.458], [47.109, -9.444], [47.167, -9.435], [47.226, -9.433], [47.284, -9.435], [47.342, -9.444], [47.399, -9.458], [47.454, -9.478], [47.507, -9.503], [47.558, -9.533], [47.605, -9.568], [47.705, -9.659], [47.763, -9.717], [47.945, -9.867], [48.141, -9.998], [48.356, -10.113], [48.519, -10.18], [48.664, -10.249], [48.744, -10.292], [48.962, -10.382], [49.05, -10.409], [49.217, -10.468], [49.349, -10.523], [49.574, -10.591], [49.701, -10.617], [49.809, -10.644], [49.927, -10.686], [50.022, -10.725], [50.248, -10.794], [50.446, -10.833], [50.519, -10.852], [50.574, -10.871], [50.627, -10.896], [50.678, -10.926], [50.725, -10.961], [50.768, -11.001], [50.807, -11.044], [50.842, -11.091], [50.872, -11.141], [50.898, -11.194], [50.947, -11.333], [50.964, -11.389], [51.054, -11.606], [51.093, -11.679], [50.991, -12.359], [51.208, -12.494], [51.488, -12.574], [51.814, -12.806], [51.767, -13.094], [51.511, -13.479], [51.525, -13.569], [51.554, -13.671], [51.514, -13.876], [51.497, -13.99], [51.483, -14.047], [51.463, -14.102], [51.438, -14.155], [51.408, -14.205], [51.373, -14.252], [51.279, -14.356], [51.227, -14.407], [51.078, -14.589], [51.044, -14.636], [51.004, -14.679], [50.961, -14.718], [50.914, -14.753], [50.864, -14.783], [50.811, -14.809], [50.755, -14.828], [50.699, -14.842], [50.641, -14.851], [50.582, -14.854], [50.524, -14.851], [50.454, -14.841], [50.22, -14.818], [49.984, -14.818], [49.846, -14.831], [49.739, -14.837], [49.681, -14.834], [49.623, -14.825], [49.566, -14.811], [49.511, -14.791], [49.49, -14.782], [49.317, -14.353], [49.384, -14.127], [49.4, -13.979], [49.006, -13.627], [48.576, -13.735], [48.494, -13.7], [48.403, -13.637], [48.052, -13.655], [48.015, -13.67], [47.624, -14.308], [47.517, -14.321], [47.482, -14.323], [47.423, -14.32], [47.365, -14.312], [47.308, -14.298], [47.253, -14.278], [47.199, -14.252], [46.98, -14.162], [46.754, -14.093], [46.521, -14.047], [46.286, -14.024], [46.106, -14.016], [46.05, -14.008], [45.993, -13.993], [45.954, -13.979], [45.728, -13.911], [45.497, -13.865], [45.466, -13.86], [45.409, -13.846], [45.354, -13.826], [45.301, -13.801], [45.251, -13.771], [45.204, -13.736], [45.16, -13.697], [45.121, -13.653], [45.086, -13.606], [45.056, -13.556], [45.044, -13.53], [44.933, -13.322], [44.84, -13.183], [44.792, -13.104], [44.767, -13.051]]]}, "id": 182}, {"type": "Feature", "properties": {"fill": "#00529c"}, "geometry": {"type": "Polygon", "coordinates": [[[48.245, -6.844], [48.28, -6.797], [48.32, -6.754], [48.363, -6.715], [48.41, -6.68], [48.46, -6.65], [48.513, -6.624], [48.568, -6.605], [48.625, -6.591], [48.683, -6.582], [48.709, -6.581], [48.944, -6.558], [48.962, -6.554], [49.46, -6.909], [49.639, -6.744], [49.961, -6.275], [50.575, -6.264], [50.8, -6.467], [51.005, -6.579], [51.115, -6.669], [51.311, -6.8], [51.519, -6.911], [51.592, -6.946], [51.642, -6.976], [51.689, -7.011], [51.733, -7.05], [51.772, -7.094], [51.807, -7.141], [51.837, -7.191], [51.862, -7.244], [51.881, -7.298], [51.229, -8.013], [51.972, -8.444], [51.971, -8.71], [52.084, -8.822], [52.302, -9.263], [52.273, -9.617], [52.469, -9.919], [52.475, -9.948], [52.543, -10.173], [52.573, -10.246], [52.62, -10.375], [52.634, -10.432], [52.642, -10.49], [52.645, -10.548], [52.642, -10.607], [52.634, -10.665], [52.62, -10.722], [52.6, -10.777], [52.575, -10.83], [52.545, -10.88], [52.454, -11.003], [52.323, -11.199], [52.226, -11.38], [51.802, -11.73], [51.598, -11.734], [51.211, -11.644], [51.175, -11.605], [51.141, -11.558], [51.11, -11.508], [51.085, -11.455], [51.066, -11.4], [51.036, -11.282], [50.968, -11.056], [50.941, -10.991], [50.926, -10.892], [50.89, -10.869], [50.877, -10.839], [50.766, -10.631], [50.688, -10.513], [50.633, -10.422], [50.608, -10.369], [50.589, -10.314], [50.549, -10.158], [50.515, -9.988], [50.446, -9.763], [50.356, -9.545], [50.245, -9.337], [50.114, -9.141], [49.965, -8.959], [49.798, -8.793], [49.616, -8.643], [49.42, -8.512], [49.213, -8.401], [48.995, -8.311], [48.77, -8.243], [48.539, -8.197], [48.445, -8.183], [48.388, -8.169], [48.333, -8.149], [48.28, -8.124], [48.241, -8.101], [48.354, -7.26], [48.191, -6.947], [48.215, -6.895], [48.245, -6.844]]]}, "id": 183}, {"type": "Feature", "properties": {"fill": "#153477"}, "geometry": {"type": "Polygon", "coordinates": [[[51.515, -6.366], [51.519, -6.295], [51.527, -6.238], [51.542, -6.181], [51.561, -6.126], [51.586, -6.073], [51.617, -6.022], [51.651, -5.975], [51.691, -5.932], [51.734, -5.892], [51.781, -5.858], [51.832, -5.827], [51.885, -5.802], [51.94, -5.783], [51.997, -5.768], [52.055, -5.76], [52.113, -5.757], [52.172, -5.76], [52.23, -5.768], [52.286, -5.783], [52.517, -5.853], [52.748, -5.899], [52.901, -5.914], [53.0, -5.929], [53.057, -5.943], [53.112, -5.963], [53.165, -5.988], [53.215, -6.018], [53.262, -6.053], [53.305, -6.092], [53.345, -6.135], [53.38, -6.182], [53.41, -6.233], [53.435, -6.286], [53.455, -6.341], [53.483, -6.455], [53.506, -6.571], [53.427, -6.949], [53.717, -7.206], [53.764, -7.615], [53.84, -7.933], [53.987, -8.014], [54.287, -8.374], [54.292, -8.406], [54.314, -8.52], [54.265, -8.722], [54.513, -9.192], [54.517, -9.257], [54.514, -9.315], [54.506, -9.373], [54.491, -9.43], [54.472, -9.485], [54.447, -9.538], [54.417, -9.588], [54.382, -9.635], [54.342, -9.679], [54.299, -9.718], [54.252, -9.753], [54.202, -9.783], [54.149, -9.808], [54.093, -9.828], [54.037, -9.842], [53.979, -9.851], [53.92, -9.854], [53.801, -9.848], [53.566, -9.848], [53.331, -9.871], [53.1, -9.917], [53.042, -9.935], [52.901, -9.97], [52.843, -9.979], [52.784, -9.982], [52.726, -9.979], [52.668, -9.97], [52.611, -9.956], [52.556, -9.936], [52.503, -9.911], [52.452, -9.881], [52.437, -9.869], [52.273, -9.617], [52.302, -9.263], [52.084, -8.822], [51.971, -8.71], [51.972, -8.444], [51.229, -8.013], [52.026, -7.139], [51.497, -6.759], [51.515, -6.577], [51.515, -6.366]]]}, "id": 184}, {"type": "Feature", "properties": {"fill": "#516ebc"}, "geometry": {"type": "Polygon", "coordinates": [[[53.514, -6.886], [53.506, -6.828], [53.503, -6.77], [53.506, -6.711], [53.514, -6.653], [53.528, -6.596], [53.548, -6.541], [53.573, -6.488], [53.603, -6.438], [53.638, -6.391], [53.678, -6.347], [53.721, -6.308], [53.768, -6.273], [53.818, -6.243], [53.849, -6.229], [54.057, -6.117], [54.254, -5.985], [54.397, -5.879], [54.446, -5.85], [54.499, -5.825], [54.554, -5.805], [54.611, -5.791], [54.676, -5.781], [54.689, -5.782], [54.928, -5.937], [55.271, -6.462], [55.344, -6.498], [55.487, -6.492], [55.778, -6.174], [56.052, -6.081], [56.174, -5.955], [56.214, -5.89], [56.221, -5.672], [56.358, -5.433], [56.295, -4.871], [56.398, -4.743], [56.529, -4.548], [56.64, -4.34], [56.727, -4.131], [57.435, -3.915], [57.903, -4.987], [58.003, -5.005], [58.235, -4.985], [58.3, -5.083], [58.45, -5.265], [58.616, -5.432], [58.672, -5.477], [58.906, -6.479], [59.377, -6.276], [59.587, -6.71], [59.431, -6.905], [59.611, -7.146], [59.617, -7.733], [59.342, -7.916], [59.305, -7.921], [58.771, -7.611], [58.7, -7.667], [58.52, -8.57], [58.015, -8.672], [57.848, -8.535], [57.529, -8.594], [57.267, -9.633], [57.26, -9.637], [57.198, -9.641], [57.14, -9.638], [57.082, -9.629], [57.025, -9.615], [56.97, -9.595], [56.914, -9.569], [56.712, -9.461], [56.494, -9.371], [56.269, -9.302], [56.038, -9.256], [55.804, -9.233], [55.568, -9.233], [55.334, -9.256], [55.103, -9.302], [55.017, -9.324], [54.959, -9.332], [54.901, -9.335], [54.842, -9.332], [54.784, -9.324], [54.727, -9.31], [54.672, -9.29], [54.619, -9.265], [54.569, -9.235], [54.513, -9.192], [54.265, -8.722], [54.336, -8.433], [53.987, -8.014], [53.84, -7.933], [53.764, -7.615], [53.717, -7.206], [53.55, -7.058], [53.522, -6.917], [53.514, -6.886]]]}, "id": 185}, {"type": "Feature", "properties": {"fill": "#00789c"}, "geometry": {"type": "Polygon", "coordinates": [[[53.523, -3.703], [53.594, -3.713], [53.782, -3.732], [53.874, -3.82], [54.878, -3.917], [54.893, -3.905], [54.938, -3.911], [55.071, -3.937], [55.305, -3.96], [55.45, -3.96], [55.554, -3.965], [55.612, -3.974], [55.668, -3.988], [55.724, -4.008], [55.777, -4.033], [55.827, -4.063], [55.874, -4.098], [55.917, -4.137], [55.957, -4.181], [55.992, -4.228], [56.022, -4.278], [56.047, -4.331], [56.137, -4.548], [56.248, -4.756], [56.288, -4.817], [56.358, -5.433], [56.221, -5.672], [56.214, -5.89], [56.174, -5.955], [56.052, -6.081], [55.778, -6.174], [55.487, -6.492], [55.344, -6.498], [55.271, -6.462], [54.928, -5.937], [54.689, -5.782], [54.629, -5.776], [54.226, -5.855], [54.117, -5.81], [53.891, -5.742], [53.659, -5.696], [53.424, -5.673], [53.187, -5.674], [52.952, -5.698], [52.772, -5.725], [52.717, -5.728], [52.658, -5.725], [52.6, -5.717], [52.544, -5.702], [52.488, -5.683], [52.435, -5.658], [52.383, -5.626], [52.752, -4.529], [52.861, -4.508], [52.926, -4.308], [53.432, -3.701], [53.464, -3.7], [53.523, -3.703]]]}, "id": 186}, {"type": "Feature", "properties": {"fill": "#00529c"}, "geometry": {"type": "Polygon", "coordinates": [[[54.484, -11.746], [54.493, -11.688], [54.507, -11.632], [54.527, -11.576], [54.552, -11.523], [54.582, -11.473], [54.617, -11.426], [54.656, -11.383], [54.7, -11.343], [54.747, -11.308], [54.797, -11.278], [54.85, -11.253], [54.945, -11.219], [55.163, -11.129], [55.371, -11.018], [55.566, -10.887], [55.727, -10.755], [55.785, -10.712], [55.894, -10.647], [56.09, -10.516], [56.272, -10.367], [56.439, -10.2], [56.588, -10.018], [56.719, -9.822], [56.739, -9.785], [57.113, -9.721], [57.267, -9.633], [57.529, -8.594], [57.848, -8.535], [58.015, -8.672], [58.52, -8.57], [58.7, -7.667], [58.771, -7.611], [59.305, -7.921], [59.342, -7.916], [59.615, -7.735], [59.617, -7.733], [59.611, -7.146], [60.237, -7.061], [60.463, -7.292], [60.353, -7.485], [60.495, -8.219], [61.21, -8.102], [61.449, -8.394], [61.459, -8.43], [61.467, -8.488], [61.47, -8.547], [61.467, -8.605], [61.459, -8.663], [61.437, -8.748], [61.386, -8.918], [61.367, -9.012], [61.36, -9.018], [61.288, -9.312], [61.168, -9.424], [60.902, -9.589], [60.694, -10.291], [60.395, -10.559], [60.37, -10.634], [60.328, -10.677], [60.302, -10.708], [60.031, -10.882], [59.922, -10.917], [59.836, -10.952], [59.596, -11.153], [59.591, -11.162], [59.31, -11.514], [59.709, -12.352], [59.709, -12.414], [59.707, -12.472], [59.698, -12.53], [59.684, -12.587], [59.663, -12.644], [59.586, -12.739], [59.288, -12.872], [59.187, -13.089], [58.815, -13.129], [58.173, -13.619], [58.171, -13.633], [58.107, -13.634], [57.864, -13.66], [57.667, -13.691], [57.441, -13.739], [57.221, -13.808], [57.152, -13.837], [57.04, -13.85], [57.025, -13.89], [57.008, -13.898], [56.805, -14.007], [56.613, -14.136], [56.48, -14.246], [56.41, -14.298], [56.36, -14.328], [56.307, -14.353], [56.252, -14.373], [56.195, -14.387], [56.137, -14.396], [56.078, -14.398], [56.063, -14.398], [55.604, -14.184], [55.519, -14.115], [55.413, -14.036], [55.369, -13.997], [55.33, -13.953], [55.295, -13.906], [55.265, -13.856], [55.24, -13.803], [55.22, -13.748], [55.206, -13.691], [55.183, -13.54], [55.877, -12.923], [55.801, -12.786], [55.535, -12.481], [54.771, -12.516], [54.738, -12.466], [54.686, -12.396], [54.627, -12.132], [54.484, -11.848], [54.481, -11.805], [54.484, -11.746]]]}, "id": 187}, {"type": "Feature", "properties": {"fill": "#00529c"}, "geometry": {"type": "Polygon", "coordinates": [[[73.079, -9.132], [73.221, -8.919], [73.256, -8.872], [73.295, -8.828], [73.338, -8.789], [73.385, -8.754], [73.436, -8.724], [73.489, -8.699], [73.544, -8.679], [73.601, -8.665], [73.659, -8.656], [73.717, -8.654], [73.776, -8.656], [73.897, -8.674], [74.003, -8.696], [74.237, -8.719], [74.473, -8.719], [74.606, -8.712], [74.665, -8.715], [74.723, -8.724], [74.78, -8.738], [74.835, -8.758], [74.938, -8.806], [75.048, -8.865], [75.265, -8.955], [75.491, -9.023], [75.722, -9.069], [75.752, -9.074], [75.809, -9.088], [75.864, -9.108], [75.917, -9.133], [75.967, -9.163], [76.014, -9.198], [76.114, -9.289], [76.297, -9.438], [76.492, -9.569], [76.7, -9.68], [76.918, -9.77], [77.143, -9.838], [77.374, -9.884], [77.608, -9.908], [77.844, -9.908], [78.078, -9.884], [78.194, -9.867], [78.252, -9.864], [78.311, -9.867], [78.369, -9.876], [78.425, -9.89], [78.481, -9.91], [78.534, -9.935], [78.584, -9.965], [78.631, -10.0], [78.714, -10.075], [78.898, -10.226], [79.097, -10.359], [79.307, -10.47], [79.473, -10.548], [79.52, -10.576], [79.567, -10.611], [79.61, -10.65], [79.65, -10.694], [79.685, -10.741], [79.715, -10.791], [79.74, -10.844], [79.759, -10.899], [79.774, -10.956], [79.782, -11.014], [79.785, -11.072], [79.782, -11.131], [79.755, -11.312], [79.732, -11.546], [79.732, -11.782], [79.776, -12.247], [79.823, -12.481], [79.894, -12.71], [79.986, -12.93], [80.067, -13.099], [80.085, -13.148], [80.099, -13.205], [80.107, -13.263], [80.11, -13.321], [80.107, -13.38], [80.099, -13.438], [80.085, -13.494], [80.065, -13.55], [80.048, -13.585], [79.81, -13.642], [78.935, -13.223], [78.824, -13.295], [78.769, -13.315], [78.172, -13.122], [78.006, -12.938], [77.881, -12.871], [77.671, -12.967], [77.005, -12.877], [76.508, -13.518], [76.464, -13.507], [76.409, -13.487], [76.356, -13.462], [76.305, -13.432], [76.258, -13.397], [76.206, -13.35], [76.139, -13.282], [76.112, -12.77], [75.287, -12.524], [75.226, -12.252], [75.45, -11.885], [74.904, -11.196], [74.688, -11.196], [74.324, -11.437], [74.198, -11.404], [73.865, -11.224], [73.834, -11.195], [73.794, -11.152], [73.706, -11.033], [73.675, -10.986], [73.525, -10.804], [73.512, -10.791], [73.541, -10.704], [73.659, -10.409], [72.776, -9.814], [72.688, -9.68], [72.693, -9.658], [72.713, -9.603], [72.738, -9.55], [72.768, -9.5], [72.803, -9.453], [72.913, -9.331], [72.93, -9.314], [73.079, -9.132]]]}, "id": 188}, {"type": "Feature", "properties": {"fill": "#37009c"}, "geometry": {"type": "Polygon", "coordinates": [[[69.697, 2.882], [69.646, 2.912], [69.599, 2.947], [69.556, 2.986], [69.517, 3.029], [69.482, 3.077], [69.452, 3.127], [69.427, 3.18], [69.407, 3.235], [69.393, 3.292], [69.384, 3.35], [69.381, 3.408], [69.384, 3.467], [69.393, 3.525], [69.407, 3.582], [69.427, 3.637], [69.452, 3.69], [69.482, 3.74], [69.517, 3.787], [69.556, 3.83], [69.588, 3.86], [70.338, 3.816], [70.499, 3.946], [70.538, 4.097], [70.572, 4.526], [70.618, 4.572], [70.646, 4.603], [70.69, 4.642], [70.737, 4.677], [70.787, 4.707], [70.84, 4.732], [70.895, 4.752], [71.023, 4.784], [71.11, 4.801], [71.321, 4.865], [71.42, 4.861], [71.489, 4.933], [71.553, 4.96], [71.761, 5.071], [71.859, 5.13], [71.912, 5.155], [71.967, 5.175], [72.024, 5.189], [72.082, 5.197], [72.141, 5.2], [72.199, 5.197], [72.257, 5.189], [72.314, 5.175], [72.369, 5.155], [72.422, 5.13], [72.472, 5.1], [72.519, 5.065], [72.563, 5.025], [72.602, 4.982], [72.644, 4.926], [72.793, 4.744], [72.96, 4.577], [73.029, 4.515], [73.101, 4.442], [73.176, 4.359], [73.211, 4.312], [73.241, 4.262], [73.266, 4.209], [73.286, 4.154], [73.3, 4.097], [73.309, 4.039], [73.312, 3.981], [73.309, 3.922], [73.3, 3.864], [73.286, 3.807], [73.266, 3.752], [73.241, 3.699], [73.211, 3.649], [73.176, 3.602], [73.137, 3.558], [73.093, 3.519], [73.046, 3.484], [72.996, 3.454], [72.943, 3.429], [72.888, 3.409], [72.763, 3.378], [72.67, 3.359], [72.444, 3.291], [72.227, 3.201], [72.019, 3.09], [71.823, 2.959], [71.641, 2.81], [71.46, 2.627], [71.416, 2.587], [71.369, 2.552], [71.319, 2.522], [71.266, 2.497], [71.211, 2.477], [71.154, 2.463], [71.096, 2.455], [71.037, 2.452], [70.979, 2.455], [70.921, 2.463], [70.864, 2.477], [70.761, 2.514], [70.531, 2.584], [70.356, 2.627], [70.303, 2.646], [70.222, 2.685], [70.004, 2.775], [69.83, 2.828], [69.75, 2.857], [69.697, 2.882]]]}, "id": 189}, {"type": "Feature", "properties": {"fill": "#37009c"}, "geometry": {"type": "Polygon", "coordinates": [[[-18.716, 16.65], [-18.679, 16.668], [-18.174, 16.561], [-17.604, 16.661], [-17.546, 16.76], [-16.925, 16.954], [-16.81, 17.019], [-16.801, 17.041], [-16.254, 17.403], [-16.085, 17.605], [-16.007, 17.643], [-15.499, 17.124], [-14.915, 17.218], [-14.856, 17.174], [-14.66, 17.043], [-14.609, 17.012], [-14.562, 16.977], [-14.519, 16.938], [-14.479, 16.895], [-14.445, 16.848], [-14.414, 16.797], [-14.389, 16.744], [-14.266, 16.401], [-14.252, 16.348], [-14.244, 16.29], [-14.241, 16.227], [-14.241, 16.045], [-14.265, 15.921], [-14.222, 15.811], [-14.217, 15.764], [-14.795, 14.879], [-14.824, 14.738], [-14.696, 14.558], [-14.766, 14.388], [-14.813, 14.235], [-15.38, 14.085], [-15.883, 14.224], [-15.926, 13.914], [-16.217, 13.396], [-16.198, 13.319], [-15.969, 13.001], [-15.989, 12.934], [-16.002, 12.915], [-16.113, 12.707], [-16.166, 12.595], [-16.196, 12.545], [-16.219, 12.513], [-16.795, 12.451], [-17.361, 12.885], [-17.447, 12.91], [-17.56, 12.874], [-17.749, 12.999], [-17.843, 13.05], [-17.948, 13.113], [-18.009, 13.158], [-18.165, 13.286], [-18.188, 13.301], [-18.219, 13.401], [-18.529, 13.755], [-18.845, 13.749], [-19.181, 13.84], [-19.58, 14.393], [-19.607, 14.398], [-19.679, 14.506], [-19.829, 14.688], [-19.872, 14.737], [-19.916, 15.401], [-19.668, 15.587], [-19.613, 15.977], [-18.919, 16.381], [-18.877, 16.575], [-18.786, 16.613], [-18.716, 16.65]]]}, "id": 190}, {"type": "Feature", "properties": {"fill": "#00789c"}, "geometry": {"type": "Polygon", "coordinates": [[[-21.26, 16.744], [-21.022, 17.162], [-21.081, 17.508], [-20.857, 17.687], [-20.841, 18.281], [-20.331, 18.121], [-20.486, 18.731], [-19.88, 18.938], [-20.418, 19.648], [-20.408, 19.687], [-20.389, 19.743], [-20.364, 19.796], [-20.34, 19.835], [-19.797, 19.831], [-19.347, 20.136], [-19.312, 20.132], [-19.143, 20.204], [-18.804, 20.125], [-18.453, 21.048], [-18.414, 21.046], [-18.356, 21.037], [-18.182, 20.993], [-17.951, 20.947], [-17.717, 20.924], [-17.481, 20.924], [-17.385, 20.934], [-17.257, 20.94], [-17.198, 20.937], [-17.14, 20.929], [-17.084, 20.914], [-17.028, 20.895], [-16.975, 20.87], [-16.925, 20.839], [-16.878, 20.805], [-16.835, 20.765], [-16.795, 20.722], [-16.717, 20.616], [-16.667, 20.542], [-16.518, 20.36], [-16.351, 20.193], [-16.169, 20.044], [-15.973, 19.913], [-15.766, 19.802], [-15.548, 19.712], [-15.323, 19.643], [-15.092, 19.597], [-14.857, 19.574], [-14.622, 19.574], [-14.387, 19.597], [-14.263, 19.616], [-14.205, 19.619], [-14.146, 19.616], [-14.088, 19.607], [-14.031, 19.593], [-13.598, 19.437], [-13.552, 19.418], [-13.321, 19.349], [-13.141, 19.305], [-13.091, 19.287], [-13.038, 19.262], [-12.988, 19.232], [-12.941, 19.197], [-12.898, 19.157], [-12.858, 19.114], [-12.823, 19.067], [-12.793, 19.017], [-12.777, 18.983], [-12.789, 18.834], [-13.019, 18.298], [-13.308, 18.228], [-13.367, 18.147], [-14.43, 17.51], [-14.428, 17.493], [-14.609, 17.396], [-14.805, 17.265], [-14.85, 17.228], [-15.499, 17.124], [-16.007, 17.643], [-16.085, 17.605], [-16.254, 17.403], [-16.801, 17.041], [-16.81, 17.019], [-16.925, 16.954], [-17.546, 16.76], [-17.6, 16.668], [-17.619, 16.658], [-18.174, 16.561], [-18.778, 16.689], [-18.866, 16.629], [-18.919, 16.381], [-19.613, 15.977], [-19.668, 15.587], [-19.916, 15.401], [-19.872, 14.738], [-19.885, 14.716], [-19.92, 14.669], [-19.96, 14.625], [-20.003, 14.586], [-20.05, 14.551], [-20.1, 14.521], [-20.153, 14.496], [-20.209, 14.476], [-20.265, 14.462], [-20.323, 14.453], [-20.382, 14.45], [-20.44, 14.453], [-20.498, 14.462], [-20.555, 14.476], [-20.61, 14.496], [-20.663, 14.521], [-20.714, 14.551], [-20.761, 14.586], [-20.804, 14.625], [-20.844, 14.669], [-20.878, 14.716], [-20.909, 14.766], [-20.934, 14.819], [-20.953, 14.874], [-20.968, 14.931], [-20.973, 14.971], [-21.019, 15.202], [-21.088, 15.427], [-21.178, 15.645], [-21.289, 15.853], [-21.326, 15.914], [-21.351, 15.967], [-21.37, 16.022], [-21.385, 16.079], [-21.393, 16.137], [-21.396, 16.195], [-21.393, 16.254], [-21.385, 16.312], [-21.37, 16.368], [-21.343, 16.445], [-21.275, 16.67], [-21.26, 16.744]]]}, "id": 191}, {"type": "Feature", "properties": {"fill": "#00529c"}, "geometry": {"type": "Polygon", "coordinates": [[[-6.835, 11.951], [-6.85, 12.008], [-6.858, 12.066], [-6.861, 12.124], [-6.858, 12.183], [-6.85, 12.241], [-6.835, 12.298], [-6.816, 12.353], [-6.791, 12.406], [-6.76, 12.456], [-6.725, 12.503], [-6.686, 12.547], [-6.643, 12.586], [-6.596, 12.621], [-6.545, 12.651], [-6.492, 12.676], [-6.437, 12.696], [-6.354, 12.717], [-6.17, 12.753], [-6.006, 12.795], [-5.635, 12.765], [-5.55, 12.739], [-5.319, 12.693], [-5.084, 12.67], [-4.849, 12.67], [-4.614, 12.693], [-4.383, 12.739], [-4.321, 12.755], [-4.121, 12.795], [-3.895, 12.863], [-3.678, 12.953], [-3.601, 12.989], [-3.546, 13.009], [-3.489, 13.023], [-3.431, 13.032], [-3.372, 13.035], [-3.314, 13.032], [-3.256, 13.023], [-3.199, 13.009], [-3.144, 12.989], [-3.091, 12.964], [-3.04, 12.934], [-2.993, 12.899], [-2.95, 12.86], [-2.911, 12.817], [-2.876, 12.769], [-2.846, 12.719], [-2.821, 12.666], [-2.801, 12.611], [-2.787, 12.554], [-2.778, 12.496], [-2.775, 12.438], [-2.775, 12.202], [-2.752, 11.968], [-2.706, 11.737], [-2.638, 11.511], [-2.548, 11.294], [-2.437, 11.086], [-2.306, 10.89], [-2.184, 10.742], [-2.488, 9.484], [-3.007, 9.729], [-3.329, 9.696], [-3.399, 9.469], [-2.989, 8.707], [-3.46, 8.429], [-3.495, 8.446], [-3.537, 8.471], [-3.735, 8.742], [-4.073, 8.817], [-4.185, 9.431], [-4.758, 9.147], [-4.872, 9.206], [-5.238, 9.216], [-5.319, 9.299], [-5.292, 9.823], [-5.946, 10.044], [-6.019, 10.861], [-6.373, 10.934], [-6.429, 11.069], [-6.54, 11.277], [-6.557, 11.305], [-6.582, 11.358], [-6.624, 11.475], [-6.714, 11.692], [-6.762, 11.783], [-6.816, 11.896], [-6.835, 11.951]]]}, "id": 192}, {"type": "Feature", "properties": {"fill": "#00529c"}, "geometry": {"type": "Polygon", "coordinates": [[[-24.378, 17.379], [-24.001, 17.96], [-23.832, 18.073], [-23.65, 18.223], [-23.483, 18.389], [-23.334, 18.572], [-23.276, 18.65], [-23.237, 18.693], [-23.193, 18.732], [-23.146, 18.767], [-23.096, 18.797], [-23.043, 18.822], [-23.018, 18.831], [-22.775, 18.842], [-22.682, 18.893], [-22.158, 18.738], [-22.024, 18.767], [-21.992, 18.763], [-21.695, 18.246], [-21.745, 18.065], [-21.728, 17.851], [-21.395, 17.761], [-21.081, 17.508], [-21.022, 17.162], [-21.209, 16.834], [-21.234, 16.815], [-21.285, 16.785], [-21.338, 16.76], [-21.393, 16.74], [-21.45, 16.726], [-21.508, 16.717], [-21.674, 16.709], [-21.908, 16.686], [-22.139, 16.64], [-22.365, 16.572], [-22.582, 16.481], [-22.79, 16.37], [-22.894, 16.301], [-22.992, 16.242], [-23.045, 16.217], [-23.1, 16.197], [-23.157, 16.183], [-23.215, 16.175], [-23.273, 16.172], [-23.332, 16.175], [-23.39, 16.183], [-23.447, 16.197], [-23.502, 16.217], [-23.555, 16.242], [-23.605, 16.272], [-23.652, 16.307], [-23.695, 16.347], [-23.739, 16.395], [-23.906, 16.561], [-24.088, 16.711], [-24.155, 16.761], [-24.199, 16.8], [-24.238, 16.844], [-24.273, 16.891], [-24.303, 16.941], [-24.328, 16.994], [-24.348, 17.049], [-24.362, 17.106], [-24.371, 17.164], [-24.378, 17.302], [-24.378, 17.379]]]}, "id": 193}, {"type": "Feature", "properties": {"fill": "#516ebc"}, "geometry": {"type": "Polygon", "coordinates": [[[-26.907, 20.891], [-26.95, 20.93], [-26.99, 20.973], [-27.025, 21.02], [-27.055, 21.071], [-27.08, 21.124], [-27.1, 21.179], [-27.114, 21.236], [-27.122, 21.294], [-27.125, 21.352], [-27.122, 21.411], [-27.114, 21.469], [-27.1, 21.525], [-27.08, 21.581], [-27.055, 21.634], [-27.025, 21.684], [-26.99, 21.731], [-26.95, 21.774], [-26.907, 21.814], [-26.86, 21.849], [-26.81, 21.879], [-26.757, 21.904], [-26.701, 21.923], [-26.615, 21.945], [-26.444, 21.979], [-26.315, 22.011], [-26.257, 22.02], [-26.199, 22.023], [-26.14, 22.02], [-26.001, 21.999], [-25.931, 21.985], [-25.697, 21.962], [-25.461, 21.962], [-25.365, 21.967], [-25.307, 21.964], [-25.208, 21.95], [-24.974, 21.927], [-24.829, 21.919], [-24.771, 21.911], [-24.742, 21.904], [-24.511, 21.858], [-24.277, 21.835], [-24.042, 21.835], [-23.807, 21.858], [-23.684, 21.882], [-23.572, 21.899], [-23.513, 21.902], [-23.39, 21.896], [-23.284, 21.885], [-23.048, 21.885], [-22.871, 21.894], [-22.813, 21.891], [-22.742, 21.881], [-22.507, 21.858], [-22.272, 21.858], [-22.118, 21.873], [-21.947, 21.881], [-21.853, 21.881], [-21.616, 21.905], [-21.438, 21.932], [-21.382, 21.934], [-21.323, 21.931], [-21.23, 21.918], [-21.069, 21.885], [-20.837, 21.863], [-20.75, 21.85], [-20.573, 21.815], [-20.419, 21.792], [-20.362, 21.777], [-20.307, 21.758], [-20.254, 21.733], [-20.203, 21.703], [-20.14, 21.655], [-19.944, 21.524], [-19.736, 21.413], [-19.518, 21.323], [-19.293, 21.255], [-19.062, 21.209], [-18.828, 21.186], [-18.776, 21.183], [-18.718, 21.175], [-18.661, 21.16], [-18.606, 21.141], [-18.553, 21.116], [-18.503, 21.086], [-18.453, 21.048], [-18.804, 20.125], [-19.143, 20.204], [-19.312, 20.132], [-19.347, 20.136], [-19.797, 19.831], [-20.562, 19.837], [-19.88, 18.938], [-20.486, 18.731], [-20.331, 18.121], [-20.841, 18.281], [-20.857, 17.687], [-21.081, 17.508], [-21.395, 17.761], [-21.728, 17.851], [-21.745, 18.065], [-21.695, 18.246], [-21.992, 18.763], [-22.024, 18.767], [-22.158, 18.738], [-22.682, 18.893], [-22.775, 18.842], [-23.031, 18.831], [-23.094, 18.856], [-23.22, 18.916], [-23.285, 18.95], [-23.502, 19.04], [-23.734, 19.11], [-23.789, 19.13], [-23.842, 19.155], [-23.867, 19.17], [-24.075, 19.281], [-24.292, 19.371], [-24.518, 19.44], [-24.749, 19.486], [-24.816, 19.496], [-24.873, 19.51], [-24.928, 19.53], [-24.981, 19.555], [-25.031, 19.585], [-25.078, 19.62], [-25.176, 19.709], [-25.238, 19.771], [-25.42, 19.92], [-25.448, 19.941], [-25.492, 19.98], [-25.56, 20.056], [-25.727, 20.222], [-25.909, 20.372], [-26.105, 20.503], [-26.312, 20.614], [-26.53, 20.704], [-26.649, 20.746], [-26.787, 20.812], [-26.86, 20.856], [-26.907, 20.891]]]}, "id": 194}, {"type": "Feature", "properties": {"fill": "#153477"}, "geometry": {"type": "Polygon", "coordinates": [[[80.253, -5.7], [80.01, -5.625], [79.779, -5.579], [79.544, -5.556], [79.299, -5.557], [79.241, -5.554], [79.183, -5.545], [79.126, -5.531], [79.071, -5.511], [79.018, -5.486], [78.967, -5.456], [78.92, -5.421], [78.877, -5.382], [78.855, -5.358], [79.043, -4.591], [79.102, -4.563], [79.242, -4.522], [79.417, -4.505], [79.593, -4.573], [79.649, -4.559], [80.021, -4.376], [80.227, -4.177], [80.235, -4.175], [80.294, -4.173], [80.352, -4.175], [80.41, -4.184], [80.528, -4.213], [80.759, -4.259], [80.969, -4.28], [81.039, -4.29], [81.096, -4.305], [81.151, -4.324], [81.204, -4.349], [81.254, -4.38], [81.301, -4.414], [81.344, -4.454], [81.384, -4.497], [81.419, -4.544], [81.449, -4.595], [81.474, -4.648], [81.494, -4.703], [81.508, -4.76], [81.53, -4.91], [81.535, -4.958], [81.581, -5.189], [81.608, -5.296], [81.616, -5.354], [81.619, -5.412], [81.616, -5.471], [81.608, -5.529], [81.593, -5.585], [81.574, -5.641], [81.548, -5.694], [81.518, -5.744], [81.483, -5.791], [81.444, -5.834], [81.401, -5.874], [81.354, -5.909], [81.303, -5.939], [81.25, -5.964], [81.195, -5.983], [81.138, -5.998], [81.08, -6.006], [81.022, -6.009], [80.963, -6.006], [80.905, -5.998], [80.849, -5.983], [80.793, -5.964], [80.74, -5.939], [80.678, -5.901], [80.471, -5.79], [80.253, -5.7]]]}, "id": 195}, {"type": "Feature", "properties": {"fill": "#00529c"}, "geometry": {"type": "Polygon", "coordinates": [[[53.216, 13.712], [53.368, 13.559], [53.922, 13.447], [54.461, 14.384], [54.518, 14.386], [54.577, 14.384], [54.635, 14.375], [54.692, 14.361], [54.747, 14.341], [54.8, 14.316], [54.85, 14.286], [54.897, 14.251], [54.941, 14.212], [54.98, 14.168], [55.045, 14.08], [55.195, 13.898], [55.361, 13.731], [55.543, 13.582], [55.739, 13.451], [55.947, 13.34], [56.165, 13.25], [56.39, 13.182], [56.488, 13.157], [56.543, 13.137], [56.596, 13.112], [56.646, 13.082], [56.693, 13.047], [56.737, 13.008], [56.776, 12.965], [56.811, 12.917], [56.841, 12.867], [56.866, 12.814], [56.886, 12.759], [56.9, 12.702], [56.909, 12.644], [56.911, 12.589], [56.502, 12.062], [56.265, 12.02], [56.291, 11.391], [55.381, 11.211], [55.381, 11.201], [55.179, 10.902], [55.08, 10.817], [55.067, 10.342], [54.966, 9.832], [54.933, 9.813], [54.88, 9.787], [54.825, 9.768], [54.768, 9.754], [54.71, 9.745], [54.651, 9.742], [54.632, 9.743], [54.144, 10.232], [53.984, 10.255], [53.779, 10.365], [53.304, 10.21], [53.18, 10.262], [52.558, 10.207], [52.519, 10.236], [52.465, 10.827], [51.597, 11.132], [51.377, 10.887], [51.147, 10.933], [51.058, 10.941], [50.928, 10.961], [50.871, 10.975], [50.816, 10.995], [50.763, 11.02], [50.713, 11.05], [50.666, 11.085], [50.622, 11.124], [50.583, 11.167], [50.548, 11.215], [50.518, 11.265], [50.493, 11.318], [50.473, 11.373], [50.461, 11.42], [50.754, 11.999], [50.994, 12.013], [51.284, 12.28], [52.351, 12.132], [52.4, 12.161], [52.108, 12.915], [52.964, 13.648], [53.076, 13.67], [53.216, 13.712]]]}, "id": 196}, {"type": "Feature", "properties": {"fill": "#00789c"}, "geometry": {"type": "Polygon", "coordinates": [[[56.262, -15.387], [56.223, -15.344], [56.188, -15.297], [56.158, -15.247], [56.132, -15.194], [56.111, -15.13], [56.191, -14.629], [56.223, -14.586], [56.262, -14.543], [56.305, -14.504], [56.352, -14.469], [56.403, -14.439], [56.456, -14.414], [56.511, -14.394], [56.585, -14.375], [56.811, -14.307], [57.028, -14.217], [57.236, -14.106], [57.432, -13.975], [57.53, -13.902], [57.59, -13.862], [57.699, -13.772], [58.158, -13.718], [58.173, -13.619], [58.815, -13.129], [59.187, -13.089], [59.288, -12.872], [59.586, -12.739], [59.698, -12.602], [59.765, -12.581], [59.883, -12.552], [59.941, -12.543], [60.0, -12.54], [60.058, -12.543], [60.116, -12.552], [60.173, -12.566], [60.228, -12.586], [60.281, -12.611], [60.383, -12.672], [60.479, -12.736], [60.687, -12.847], [60.727, -12.864], [60.728, -12.866], [61.0, -13.028], [61.585, -13.161], [61.746, -13.246], [61.963, -13.336], [62.189, -13.405], [62.42, -13.451], [62.46, -13.457], [62.688, -13.479], [62.839, -13.546], [63.026, -13.768], [63.376, -13.74], [63.852, -13.531], [63.882, -13.47], [63.975, -13.345], [64.098, -13.346], [64.844, -13.203], [64.949, -13.295], [65.05, -13.286], [65.696, -12.557], [65.783, -12.555], [65.823, -12.574], [65.874, -12.604], [65.916, -12.635], [66.027, -13.206], [66.051, -13.233], [65.934, -13.644], [65.93, -13.988], [65.625, -14.022], [65.269, -14.628], [65.337, -14.656], [65.783, -15.565], [65.771, -15.584], [66.519, -16.047], [66.04, -16.394], [66.109, -16.628], [66.65, -17.021], [66.651, -17.046], [66.648, -17.104], [66.64, -17.162], [66.625, -17.219], [66.606, -17.274], [66.58, -17.327], [66.55, -17.378], [66.515, -17.425], [66.476, -17.468], [66.433, -17.507], [66.386, -17.542], [66.335, -17.572], [66.282, -17.598], [66.227, -17.617], [66.151, -17.636], [65.925, -17.705], [65.708, -17.795], [65.5, -17.906], [65.304, -18.037], [65.122, -18.186], [64.941, -18.369], [64.897, -18.409], [64.85, -18.443], [64.8, -18.474], [64.747, -18.499], [64.692, -18.518], [64.635, -18.533], [64.577, -18.541], [64.518, -18.544], [64.46, -18.541], [64.402, -18.533], [64.345, -18.518], [64.29, -18.499], [64.156, -18.435], [64.106, -18.409], [63.889, -18.319], [63.663, -18.25], [63.432, -18.204], [63.198, -18.181], [62.963, -18.181], [62.728, -18.204], [62.497, -18.25], [62.272, -18.319], [62.11, -18.376], [62.053, -18.391], [61.995, -18.399], [61.899, -18.404], [61.739, -18.404], [61.505, -18.427], [61.447, -18.436], [61.388, -18.438], [61.33, -18.436], [61.272, -18.427], [61.215, -18.413], [61.16, -18.393], [60.933, -18.298], [60.707, -18.23], [60.476, -18.184], [60.242, -18.161], [60.007, -18.161], [59.772, -18.184], [59.646, -18.203], [59.588, -18.206], [59.529, -18.203], [59.471, -18.194], [59.414, -18.18], [59.359, -18.16], [59.306, -18.135], [59.256, -18.105], [59.209, -18.07], [59.165, -18.031], [59.126, -17.987], [59.091, -17.94], [59.061, -17.89], [59.006, -17.774], [58.969, -17.685], [58.858, -17.478], [58.772, -17.348], [58.858, -17.04], [58.762, -16.652], [58.412, -16.294], [58.2, -16.21], [57.626, -16.459], [57.608, -16.452], [57.383, -16.383], [57.288, -16.364], [57.164, -16.333], [57.145, -16.327], [56.707, -15.613], [56.47, -15.589], [56.338, -15.457], [56.262, -15.387]]]}, "id": 197}, {"type": "Feature", "properties": {"fill": "#37009c"}, "geometry": {"type": "Polygon", "coordinates": [[[67.766, -12.836], [67.976, -13.428], [68.344, -13.332], [68.57, -13.188], [68.8, -13.428], [69.139, -13.398], [69.17, -13.415], [69.204, -13.972], [69.912, -14.08], [69.931, -14.121], [69.938, -14.14], [69.925, -14.261], [69.882, -14.364], [69.458, -14.66], [69.422, -15.186], [69.33, -15.228], [69.227, -15.654], [69.331, -15.847], [69.335, -15.992], [69.258, -16.045], [68.435, -16.191], [68.394, -16.236], [68.405, -16.625], [68.394, -16.636], [68.372, -16.643], [68.154, -16.733], [68.02, -16.804], [67.143, -16.72], [66.993, -16.93], [66.881, -16.952], [66.65, -17.021], [66.109, -16.628], [66.04, -16.394], [66.519, -16.047], [65.771, -15.584], [65.783, -15.565], [65.337, -14.656], [65.269, -14.628], [65.625, -14.022], [65.93, -13.988], [65.934, -13.644], [66.051, -13.233], [66.569, -13.419], [66.682, -13.391], [67.165, -13.76], [67.589, -12.806], [67.694, -12.822], [67.766, -12.836]]]}, "id": 198}, {"type": "Feature", "properties": {"fill": "#37009c"}, "geometry": {"type": "Polygon", "coordinates": [[[77.452, -4.136], [77.506, -4.037], [77.567, -3.934], [77.602, -3.887], [77.642, -3.843], [77.685, -3.804], [77.732, -3.769], [77.782, -3.739], [77.835, -3.714], [77.87, -3.701], [78.088, -3.611], [78.154, -3.58], [78.258, -3.543], [78.476, -3.452], [78.533, -3.422], [78.663, -3.36], [78.718, -3.34], [78.775, -3.326], [78.833, -3.318], [78.892, -3.315], [78.95, -3.318], [78.984, -3.323], [79.218, -3.346], [79.372, -3.353], [79.43, -3.362], [79.765, -3.446], [79.819, -3.465], [79.872, -3.49], [79.922, -3.52], [79.969, -3.555], [80.013, -3.594], [80.052, -3.638], [80.088, -3.687], [80.165, -3.814], [80.188, -3.861], [80.208, -3.916], [80.222, -3.973], [80.23, -4.031], [80.233, -4.09], [80.23, -4.148], [80.226, -4.177], [80.021, -4.376], [79.649, -4.559], [79.593, -4.573], [79.417, -4.505], [79.242, -4.522], [79.102, -4.563], [79.043, -4.591], [78.855, -5.358], [78.614, -5.445], [78.526, -5.467], [78.301, -5.535], [78.083, -5.625], [77.876, -5.736], [77.68, -5.867], [77.6, -5.926], [77.55, -5.956], [77.497, -5.981], [77.442, -6.001], [77.385, -6.015], [77.327, -6.023], [77.269, -6.026], [77.21, -6.023], [77.152, -6.015], [77.095, -6.001], [77.04, -5.981], [76.987, -5.956], [76.937, -5.926], [76.89, -5.891], [76.846, -5.851], [76.807, -5.808], [76.772, -5.761], [76.742, -5.711], [76.717, -5.658], [76.697, -5.603], [76.69, -5.575], [76.852, -5.344], [77.099, -5.064], [77.187, -4.992], [77.24, -4.432], [77.322, -4.332], [77.452, -4.136]]]}, "id": 199}, {"type": "Feature", "properties": {"fill": "#516ebc"}, "geometry": {"type": "Polygon", "coordinates": [[[76.109, -16.748], [76.145, -16.666], [76.254, -16.167], [76.579, -16.118], [77.006, -15.864], [77.151, -15.6], [77.177, -15.584], [77.258, -15.328], [77.965, -15.309], [78.076, -15.235], [78.058, -14.65], [78.068, -14.638], [78.119, -14.608], [78.781, -14.626], [78.787, -14.627], [78.881, -14.603], [78.982, -14.613], [79.083, -14.617], [79.141, -14.626], [79.197, -14.64], [79.253, -14.66], [79.306, -14.685], [79.356, -14.715], [79.403, -14.75], [79.446, -14.789], [79.486, -14.833], [79.521, -14.88], [79.551, -14.93], [79.576, -14.983], [79.603, -15.06], [79.697, -15.284], [79.693, -15.296], [79.925, -16.055], [80.084, -16.226], [80.104, -16.274], [80.215, -16.482], [80.345, -16.678], [80.495, -16.86], [80.545, -16.915], [80.58, -16.963], [80.61, -17.013], [80.635, -17.066], [80.655, -17.121], [80.669, -17.178], [80.671, -17.192], [80.285, -17.499], [79.88, -17.318], [79.793, -17.494], [79.803, -17.589], [79.726, -17.715], [79.731, -18.299], [79.669, -18.322], [79.434, -18.393], [79.216, -18.483], [79.178, -18.501], [79.123, -18.521], [79.066, -18.535], [79.008, -18.544], [78.949, -18.546], [78.891, -18.544], [78.833, -18.535], [78.776, -18.521], [78.721, -18.501], [78.668, -18.476], [78.618, -18.446], [78.543, -18.39], [78.347, -18.26], [78.139, -18.149], [77.922, -18.058], [77.696, -17.99], [77.465, -17.944], [77.231, -17.921], [76.995, -17.921], [76.761, -17.944], [76.675, -17.957], [76.617, -17.96], [76.558, -17.957], [76.5, -17.948], [76.443, -17.934], [76.388, -17.914], [76.335, -17.889], [76.285, -17.859], [76.238, -17.824], [76.195, -17.785], [76.155, -17.741], [76.12, -17.694], [76.09, -17.644], [76.065, -17.591], [76.045, -17.536], [76.031, -17.479], [76.023, -17.421], [76.02, -17.363], [76.023, -17.304], [76.031, -17.246], [76.041, -17.206], [76.087, -16.975], [76.109, -16.748]]]}, "id": 200}, {"type": "Feature", "properties": {"fill": "#516ebc"}, "geometry": {"type": "Polygon", "coordinates": [[[70.079, -7.363], [70.076, -7.421], [70.068, -7.479], [70.006, -7.72], [69.55, -8.027], [69.227, -8.307], [69.11, -8.342], [68.891, -8.433], [68.851, -8.455], [68.8, -8.447], [68.705, -8.509], [68.678, -8.548], [68.485, -8.678], [68.302, -8.83], [68.149, -8.969], [68.003, -9.089], [67.836, -9.256], [67.682, -9.444], [67.643, -9.487], [67.6, -9.526], [67.553, -9.561], [67.502, -9.591], [67.449, -9.616], [67.394, -9.636], [67.337, -9.65], [67.279, -9.659], [67.221, -9.662], [67.162, -9.659], [67.104, -9.65], [67.047, -9.636], [66.992, -9.616], [66.939, -9.591], [66.889, -9.561], [66.842, -9.526], [66.799, -9.487], [66.759, -9.444], [66.724, -9.397], [66.694, -9.346], [66.669, -9.293], [66.654, -9.251], [66.563, -9.033], [66.555, -9.017], [66.555, -8.95], [66.435, -8.734], [66.326, -8.637], [66.226, -8.501], [66.166, -8.331], [66.165, -8.313], [65.928, -7.723], [65.937, -7.687], [66.249, -7.543], [66.736, -7.336], [66.774, -7.236], [66.823, -7.184], [66.874, -6.679], [67.13, -6.392], [67.191, -6.321], [67.393, -6.333], [67.825, -5.914], [68.404, -6.075], [68.495, -6.017], [68.636, -5.986], [69.055, -6.242], [69.665, -5.831], [69.736, -5.816], [69.812, -5.809], [69.897, -6.223], [69.51, -6.827], [70.066, -7.233], [70.076, -7.304], [70.079, -7.363]]]}, "id": 201}, {"type": "Feature", "properties": {"fill": "#00529c"}, "geometry": {"type": "Polygon", "coordinates": [[[63.301, -9.719], [63.679, -9.592], [63.875, -9.601], [64.35, -10.099], [64.521, -10.132], [64.664, -10.068], [64.935, -10.063], [65.214, -10.478], [65.507, -10.583], [65.091, -11.5], [64.876, -11.56], [64.667, -11.777], [64.764, -12.141], [65.696, -12.557], [65.05, -13.286], [64.949, -13.295], [64.844, -13.203], [64.098, -13.346], [63.975, -13.345], [63.882, -13.47], [63.852, -13.531], [63.376, -13.74], [63.103, -13.762], [63.08, -13.748], [63.033, -13.713], [62.858, -13.569], [62.839, -13.546], [62.809, -13.532], [62.622, -13.409], [62.575, -13.374], [62.532, -13.335], [62.493, -13.291], [62.458, -13.244], [62.428, -13.194], [62.412, -13.161], [62.714, -12.486], [62.237, -12.242], [62.201, -12.103], [62.052, -11.906], [62.133, -11.52], [62.321, -11.327], [62.63, -11.315], [62.818, -11.142], [62.798, -10.612], [62.459, -10.429], [62.229, -9.939], [62.264, -9.822], [62.366, -9.666], [63.064, -9.573], [63.094, -9.576], [63.301, -9.719]]]}, "id": 202}, {"type": "Feature", "properties": {"fill": "#37009c"}, "geometry": {"type": "Polygon", "coordinates": [[[61.53, -8.998], [61.583, -8.973], [61.697, -8.932], [61.915, -8.842], [62.122, -8.731], [62.196, -8.682], [62.313, -8.612], [62.982, -8.703], [63.079, -9.52], [63.057, -9.574], [62.366, -9.666], [62.264, -9.822], [62.229, -9.939], [62.459, -10.429], [62.798, -10.612], [62.818, -11.142], [62.63, -11.315], [62.321, -11.327], [62.133, -11.52], [62.052, -11.906], [62.201, -12.103], [62.237, -12.242], [62.714, -12.486], [62.412, -13.162], [62.353, -13.177], [62.295, -13.186], [62.236, -13.188], [62.178, -13.186], [62.129, -13.178], [61.894, -13.155], [61.659, -13.155], [61.591, -13.162], [61.086, -13.047], [60.99, -12.975], [60.958, -12.95], [60.762, -12.819], [60.695, -12.783], [60.689, -12.768], [60.603, -12.733], [60.554, -12.708], [60.337, -12.618], [60.226, -12.578], [60.189, -12.567], [60.119, -12.538], [60.083, -12.534], [60.001, -12.51], [59.959, -12.499], [59.904, -12.479], [59.851, -12.454], [59.801, -12.424], [59.754, -12.389], [59.705, -12.344], [59.54, -11.998], [59.536, -11.928], [59.538, -11.869], [59.547, -11.811], [59.561, -11.754], [59.581, -11.699], [59.606, -11.646], [59.636, -11.596], [59.671, -11.549], [59.71, -11.506], [59.742, -11.477], [59.908, -11.311], [60.058, -11.129], [60.188, -10.933], [60.299, -10.725], [60.308, -10.704], [60.358, -10.673], [60.395, -10.559], [60.694, -10.291], [60.902, -9.589], [61.168, -9.424], [61.288, -9.312], [61.334, -9.124], [61.465, -9.037], [61.53, -8.998]]]}, "id": 203}, {"type": "Feature", "properties": {"fill": "#153477"}, "geometry": {"type": "Polygon", "coordinates": [[[67.637, -3.742], [67.693, -3.722], [67.749, -3.708], [67.807, -3.699], [67.866, -3.696], [67.924, -3.699], [67.982, -3.708], [68.039, -3.722], [68.17, -3.769], [68.396, -3.837], [68.627, -3.883], [68.861, -3.906], [68.911, -3.906], [69.041, -3.913], [69.281, -3.912], [69.519, -3.888], [69.701, -3.861], [69.755, -3.858], [69.814, -3.861], [69.872, -3.869], [69.928, -3.884], [69.984, -3.903], [70.037, -3.928], [70.087, -3.959], [70.215, -4.054], [70.411, -4.184], [70.544, -4.256], [70.63, -4.307], [70.669, -4.336], [70.643, -5.029], [70.712, -5.112], [70.723, -5.135], [70.778, -5.387], [70.706, -5.569], [70.618, -5.626], [70.241, -5.724], [69.964, -5.699], [69.877, -5.724], [69.812, -5.809], [69.736, -5.816], [69.665, -5.831], [69.055, -6.242], [68.636, -5.986], [68.495, -6.017], [68.404, -6.075], [67.825, -5.914], [67.746, -5.652], [67.58, -5.467], [67.458, -5.096], [67.356, -5.084], [66.979, -4.44], [67.41, -4.117], [67.473, -3.833], [67.584, -3.767], [67.637, -3.742]]]}, "id": 204}, {"type": "Feature", "properties": {"fill": "#00789c"}, "geometry": {"type": "Polygon", "coordinates": [[[70.67, -4.313], [70.838, -4.108], [70.878, -4.064], [70.921, -4.025], [70.968, -3.99], [71.018, -3.96], [71.071, -3.935], [71.151, -3.907], [71.368, -3.817], [71.576, -3.705], [71.772, -3.575], [71.881, -3.494], [71.931, -3.464], [71.984, -3.439], [72.039, -3.419], [72.096, -3.405], [72.154, -3.396], [72.212, -3.393], [72.271, -3.396], [72.329, -3.405], [72.386, -3.419], [72.445, -3.44], [72.671, -3.509], [72.902, -3.554], [73.136, -3.578], [73.371, -3.578], [73.606, -3.554], [73.856, -3.504], [73.914, -3.495], [73.972, -3.492], [74.031, -3.495], [74.089, -3.504], [74.146, -3.518], [74.201, -3.538], [74.254, -3.563], [74.479, -3.684], [74.697, -3.775], [74.922, -3.843], [75.153, -3.889], [75.388, -3.912], [75.623, -3.912], [75.858, -3.889], [75.982, -3.864], [76.094, -3.848], [76.153, -3.845], [76.211, -3.848], [76.331, -3.86], [76.453, -3.878], [76.51, -3.892], [76.565, -3.912], [76.618, -3.937], [76.668, -3.967], [76.715, -4.002], [76.844, -4.119], [77.026, -4.268], [77.154, -4.363], [77.197, -4.403], [77.238, -4.448], [77.187, -4.992], [77.099, -5.064], [76.852, -5.344], [76.648, -5.635], [76.527, -5.7], [76.331, -5.831], [76.149, -5.981], [76.1, -6.025], [76.053, -6.06], [76.002, -6.09], [75.949, -6.115], [75.894, -6.135], [75.837, -6.149], [75.779, -6.158], [75.721, -6.161], [75.662, -6.158], [75.604, -6.149], [75.547, -6.135], [75.319, -6.066], [75.088, -6.02], [74.853, -5.997], [74.617, -5.997], [74.382, -6.02], [74.15, -6.066], [73.925, -6.135], [73.707, -6.226], [73.545, -6.303], [73.423, -6.346], [73.205, -6.437], [72.997, -6.548], [72.802, -6.678], [72.667, -6.779], [72.616, -6.809], [72.563, -6.834], [72.508, -6.853], [72.451, -6.868], [72.364, -6.881], [72.189, -6.898], [71.958, -6.944], [71.732, -7.012], [71.515, -7.102], [71.307, -7.213], [71.111, -7.344], [71.082, -7.365], [71.032, -7.396], [70.979, -7.421], [70.924, -7.44], [70.867, -7.455], [70.809, -7.463], [70.751, -7.466], [70.692, -7.463], [70.634, -7.455], [70.577, -7.44], [70.522, -7.421], [70.302, -7.33], [70.124, -7.276], [69.51, -6.827], [69.897, -6.223], [69.812, -5.809], [69.877, -5.724], [69.964, -5.699], [70.241, -5.724], [70.618, -5.626], [70.706, -5.569], [70.778, -5.387], [70.723, -5.135], [70.712, -5.112], [70.643, -5.029], [70.67, -4.313]]]}, "id": 205}, {"type": "Feature", "properties": {"fill": "#37009c"}, "geometry": {"type": "Polygon", "coordinates": [[[81.252, -16.999], [81.412, -16.976], [81.471, -16.973], [81.529, -16.976], [81.587, -16.984], [81.644, -16.998], [81.699, -17.018], [81.752, -17.043], [81.802, -17.073], [81.849, -17.108], [81.893, -17.148], [81.932, -17.191], [81.967, -17.238], [81.997, -17.288], [82.022, -17.341], [82.042, -17.397], [82.056, -17.453], [82.065, -17.511], [82.068, -17.573], [82.091, -17.807], [82.137, -18.038], [82.205, -18.263], [82.217, -18.296], [82.286, -18.464], [81.956, -18.669], [81.898, -18.853], [81.855, -19.071], [82.06, -19.153], [82.049, -19.27], [82.081, -19.389], [81.884, -19.827], [81.851, -19.822], [81.794, -19.808], [81.739, -19.788], [81.573, -19.709], [81.347, -19.616], [81.294, -19.591], [81.061, -19.45], [81.014, -19.415], [80.971, -19.376], [80.931, -19.332], [80.881, -19.264], [80.732, -19.082], [80.565, -18.916], [80.383, -18.766], [80.36, -18.75], [80.343, -18.734], [80.161, -18.585], [80.047, -18.5], [79.851, -18.369], [79.731, -18.305], [79.726, -17.715], [79.803, -17.589], [79.793, -17.494], [79.88, -17.318], [80.285, -17.499], [80.854, -17.047], [80.859, -17.023], [81.017, -17.023], [81.252, -16.999]]]}, "id": 206}, {"type": "Feature", "properties": {"fill": "#516ebc"}, "geometry": {"type": "Polygon", "coordinates": [[[82.278, -18.538], [82.331, -18.563], [82.397, -18.602], [82.563, -18.714], [82.771, -18.825], [82.989, -18.915], [83.035, -18.931], [83.087, -18.956], [83.199, -19.023], [83.276, -19.075], [83.484, -19.186], [83.702, -19.276], [83.927, -19.345], [84.026, -19.369], [84.081, -19.389], [84.134, -19.414], [84.184, -19.444], [84.231, -19.479], [84.275, -19.519], [84.314, -19.562], [84.349, -19.609], [84.379, -19.659], [84.404, -19.712], [84.424, -19.767], [84.438, -19.824], [84.465, -20.01], [84.505, -20.211], [84.515, -20.284], [84.518, -20.343], [84.515, -20.401], [84.507, -20.459], [84.493, -20.516], [84.473, -20.571], [84.448, -20.624], [84.418, -20.674], [84.383, -20.721], [84.343, -20.765], [84.3, -20.804], [84.253, -20.839], [84.203, -20.869], [84.15, -20.894], [84.095, -20.914], [84.038, -20.928], [83.98, -20.937], [83.921, -20.94], [83.863, -20.937], [83.805, -20.928], [83.748, -20.914], [83.693, -20.894], [83.549, -20.826], [83.331, -20.736], [83.262, -20.715], [83.13, -20.668], [83.063, -20.636], [82.991, -20.607], [82.867, -20.548], [82.817, -20.518], [82.698, -20.429], [82.502, -20.299], [82.466, -20.277], [82.34, -20.184], [82.309, -20.158], [82.151, -20.053], [82.086, -20.004], [82.015, -19.941], [81.945, -19.883], [81.884, -19.827], [82.081, -19.389], [82.049, -19.27], [82.06, -19.153], [81.855, -19.071], [81.898, -18.853], [81.956, -18.669], [82.205, -18.514], [82.223, -18.519], [82.278, -18.538]]]}, "id": 207}, {"type": "Feature", "properties": {"fill": "#00789c"}, "geometry": {"type": "Polygon", "coordinates": [[[42.558, 0.618], [43.182, 0.581], [43.445, 1.301], [43.674, 1.374], [43.83, 1.624], [43.927, 1.697], [43.977, 1.727], [43.997, 1.736], [44.487, 1.808], [44.651, 1.824], [44.749, 1.838], [44.793, 1.841], [45.227, 1.579], [45.398, 1.483], [45.466, 1.519], [45.789, 1.624], [46.06, 1.637], [46.1, 1.622], [46.152, 1.597], [46.203, 1.567], [46.25, 1.532], [46.293, 1.493], [46.333, 1.45], [46.367, 1.403], [46.398, 1.352], [46.423, 1.299], [46.449, 1.224], [46.54, 1.007], [46.575, 0.941], [46.522, 0.564], [47.047, 0.305], [47.097, 0.255], [47.226, 0.138], [47.25, 0.114], [47.219, -0.295], [47.327, -0.435], [47.63, -0.562], [47.863, -0.667], [47.86, -1.263], [47.826, -1.288], [47.732, -1.345], [47.615, -1.408], [47.419, -1.539], [47.237, -1.688], [47.07, -1.854], [46.994, -1.939], [46.844, -2.121], [46.784, -2.203], [46.744, -2.246], [46.701, -2.286], [46.654, -2.32], [46.603, -2.351], [46.477, -2.411], [46.298, -2.506], [46.112, -2.586], [46.058, -2.665], [45.891, -2.802], [45.833, -2.854], [45.786, -2.889], [45.736, -2.92], [45.683, -2.945], [45.627, -2.964], [45.571, -2.979], [45.513, -2.987], [45.454, -2.99], [45.386, -2.987], [44.905, -2.938], [44.817, -2.938], [44.723, -2.836], [43.82, -2.855], [43.777, -2.816], [43.738, -2.773], [43.703, -2.726], [43.673, -2.675], [43.648, -2.622], [43.628, -2.567], [43.604, -2.47], [43.608, -2.341], [43.497, -1.958], [43.482, -1.879], [43.456, -1.794], [43.455, -1.725], [43.807, -1.373], [43.384, -0.626], [43.179, -0.63], [43.043, -0.295], [42.973, -0.06], [42.506, -0.138], [42.382, 0.468], [42.401, 0.493], [42.506, 0.608], [42.558, 0.618]]]}, "id": 208}, {"type": "Feature", "properties": {"fill": "#37009c"}, "geometry": {"type": "Polygon", "coordinates": [[[78.049, -13.037], [78.105, -13.048], [78.172, -13.122], [78.769, -13.315], [78.824, -13.295], [78.935, -13.223], [79.81, -13.642], [80.07, -13.579], [80.112, -13.631], [80.171, -13.71], [80.187, -14.064], [79.76, -14.654], [79.721, -14.659], [79.481, -14.708], [79.381, -14.651], [79.01, -14.569], [78.787, -14.627], [78.781, -14.626], [78.094, -14.607], [78.058, -14.65], [78.076, -15.235], [77.965, -15.309], [77.258, -15.328], [77.177, -15.584], [77.151, -15.6], [76.35, -15.326], [76.305, -15.216], [76.644, -14.979], [77.177, -14.81], [77.064, -14.53], [76.825, -14.355], [76.77, -14.108], [76.718, -13.702], [76.491, -13.54], [77.005, -12.877], [77.671, -12.967], [77.742, -12.934], [77.823, -12.968], [78.049, -13.037]]]}, "id": 209}, {"type": "Feature", "properties": {"fill": "#516ebc"}, "geometry": {"type": "Polygon", "coordinates": [[[39.242, 13.322], [39.272, 13.373], [39.307, 13.42], [39.346, 13.463], [39.389, 13.502], [39.436, 13.537], [39.487, 13.567], [39.714, 13.688], [39.91, 13.819], [40.092, 13.968], [40.198, 14.073], [40.304, 14.17], [40.418, 14.255], [40.468, 14.285], [40.521, 14.31], [40.574, 14.329], [40.792, 14.42], [40.999, 14.531], [41.195, 14.661], [41.264, 14.712], [41.314, 14.742], [41.367, 14.768], [41.422, 14.787], [41.479, 14.801], [41.652, 14.827], [41.885, 14.874], [42.112, 14.943], [42.17, 14.967], [42.516, 15.017], [42.929, 15.307], [42.974, 15.309], [43.451, 15.069], [43.47, 15.044], [43.501, 14.993], [43.519, 14.955], [43.517, 14.876], [43.384, 14.579], [43.65, 13.941], [43.555, 13.83], [42.811, 13.832], [42.722, 13.863], [42.466, 13.77], [42.057, 13.056], [42.05, 13.039], [42.046, 13.037], [41.996, 12.875], [41.446, 12.491], [41.337, 12.27], [41.685, 11.663], [41.389, 11.559], [40.978, 11.643], [40.965, 11.652], [40.514, 11.605], [40.279, 11.426], [39.953, 11.543], [39.937, 11.635], [39.627, 12.343], [39.658, 12.399], [39.651, 12.619], [39.445, 12.84], [39.204, 13.235], [39.217, 13.269], [39.242, 13.322]]]}, "id": 210}, {"type": "Feature", "properties": {"fill": "#153477"}, "geometry": {"type": "Polygon", "coordinates": [[[66.442, -8.845], [66.462, -8.901], [66.476, -8.957], [66.485, -9.015], [66.488, -9.074], [66.485, -9.132], [66.476, -9.19], [66.452, -9.289], [66.408, -9.432], [66.381, -9.567], [66.355, -9.671], [66.336, -9.726], [66.311, -9.779], [66.279, -9.832], [66.151, -10.023], [66.04, -10.231], [65.982, -10.372], [65.939, -10.462], [65.909, -10.513], [65.9, -10.524], [65.507, -10.583], [65.214, -10.478], [64.935, -10.063], [64.664, -10.068], [64.521, -10.132], [64.35, -10.099], [63.875, -9.601], [63.679, -9.592], [63.445, -9.671], [63.287, -9.606], [63.237, -9.588], [63.184, -9.563], [63.133, -9.533], [63.086, -9.498], [63.075, -9.488], [62.982, -8.703], [62.314, -8.612], [62.3, -8.6], [62.261, -8.556], [62.226, -8.509], [62.192, -8.452], [62.348, -8.134], [62.825, -7.748], [62.794, -7.631], [63.641, -7.112], [63.651, -7.114], [63.718, -7.183], [64.447, -7.052], [64.551, -7.049], [64.576, -7.03], [64.687, -7.007], [65.176, -6.62], [65.346, -6.648], [65.393, -6.689], [65.477, -6.815], [65.482, -7.395], [65.736, -7.651], [65.805, -7.684], [65.919, -7.7], [66.165, -8.313], [66.166, -8.331], [66.25, -8.569], [66.362, -8.668], [66.384, -8.722], [66.442, -8.845]]]}, "id": 211}, {"type": "Feature", "properties": {"fill": "#00789c"}, "geometry": {"type": "Polygon", "coordinates": [[[60.406, -3.389], [60.477, -3.173], [60.534, -3.099], [60.679, -2.568], [60.724, -2.516], [60.767, -2.477], [60.814, -2.442], [60.865, -2.412], [60.915, -2.388], [61.231, -2.373], [61.585, -2.092], [61.677, -1.939], [61.727, -1.902], [61.777, -1.872], [61.83, -1.847], [61.885, -1.827], [61.942, -1.813], [62.0, -1.804], [62.091, -1.8], [62.325, -1.777], [62.556, -1.731], [62.782, -1.663], [62.912, -1.609], [63.012, -1.573], [63.068, -1.559], [63.126, -1.55], [63.185, -1.547], [63.243, -1.55], [63.301, -1.559], [63.358, -1.573], [63.473, -1.614], [63.699, -1.683], [63.93, -1.729], [63.996, -1.735], [64.144, -2.272], [65.4, -1.807], [65.451, -1.744], [65.925, -1.726], [66.288, -1.898], [66.454, -1.806], [66.669, -1.806], [66.85, -1.796], [66.906, -1.799], [66.964, -1.808], [67.02, -1.822], [67.076, -1.842], [67.129, -1.867], [67.179, -1.897], [67.226, -1.932], [67.269, -1.971], [67.309, -2.014], [67.344, -2.062], [67.374, -2.112], [67.399, -2.165], [67.418, -2.22], [67.433, -2.277], [67.441, -2.335], [67.444, -2.393], [67.441, -2.452], [67.433, -2.51], [67.383, -2.757], [67.359, -2.992], [67.359, -3.227], [67.383, -3.462], [67.429, -3.693], [67.472, -3.838], [67.41, -4.117], [66.979, -4.44], [67.356, -5.084], [67.458, -5.096], [67.58, -5.467], [67.746, -5.652], [67.825, -5.914], [67.393, -6.333], [67.191, -6.321], [67.13, -6.392], [66.874, -6.679], [66.823, -7.184], [66.774, -7.236], [66.736, -7.336], [66.249, -7.543], [65.927, -7.692], [65.919, -7.7], [65.805, -7.684], [65.736, -7.651], [65.482, -7.395], [65.477, -6.815], [65.393, -6.689], [65.346, -6.648], [65.176, -6.62], [64.687, -7.007], [64.576, -7.03], [64.551, -7.049], [64.447, -7.052], [63.718, -7.183], [63.651, -7.114], [63.641, -7.112], [62.794, -7.631], [62.825, -7.748], [62.348, -8.134], [62.192, -8.452], [62.141, -8.459], [62.083, -8.462], [61.934, -8.455], [61.723, -8.455], [61.652, -8.452], [61.582, -8.441], [61.47, -8.419], [61.21, -8.102], [60.495, -8.219], [60.353, -7.485], [60.463, -7.292], [60.237, -7.061], [59.611, -7.146], [59.431, -6.905], [59.587, -6.71], [59.767, -6.629], [59.786, -6.535], [60.097, -5.991], [60.068, -5.943], [60.544, -5.348], [60.543, -5.347], [61.19, -4.78], [61.188, -4.55], [60.99, -4.56], [60.531, -4.267], [60.559, -4.096], [60.319, -3.576], [60.314, -3.489], [60.331, -3.456], [60.406, -3.389]]]}, "id": 212}, {"type": "Feature", "properties": {"fill": "#153477"}, "geometry": {"type": "Polygon", "coordinates": [[[57.115, -1.749], [57.13, -1.692], [57.149, -1.637], [57.174, -1.584], [57.204, -1.534], [57.225, -1.505], [57.482, -1.311], [57.528, -1.294], [57.561, -1.286], [58.331, -1.77], [58.626, -1.604], [58.857, -1.65], [59.092, -1.673], [59.125, -1.673], [59.414, -1.788], [59.564, -1.761], [59.67, -1.811], [59.988, -1.922], [60.213, -1.935], [60.619, -1.373], [61.134, -1.465], [61.54, -1.424], [61.554, -1.439], [61.589, -1.486], [61.619, -1.536], [61.644, -1.589], [61.664, -1.645], [61.678, -1.701], [61.686, -1.759], [61.689, -1.818], [61.686, -1.876], [61.676, -1.94], [61.585, -2.092], [61.231, -2.373], [60.747, -2.396], [60.724, -2.401], [60.534, -3.099], [60.477, -3.173], [60.406, -3.389], [60.312, -3.473], [60.319, -3.576], [60.16, -4.153], [59.764, -4.234], [59.635, -4.171], [59.231, -4.349], [59.14, -4.348], [58.963, -4.464], [58.863, -4.464], [58.796, -4.467], [58.562, -4.49], [58.331, -4.536], [58.105, -4.604], [57.982, -4.649], [57.925, -4.663], [57.867, -4.672], [57.808, -4.674], [57.766, -4.672], [57.435, -3.915], [57.697, -3.465], [57.477, -3.073], [57.733, -2.765], [58.066, -2.438], [58.08, -2.398], [57.106, -1.813], [57.115, -1.749]]]}, "id": 213}, {"type": "Feature", "properties": {"fill": "#37009c"}, "geometry": {"type": "Polygon", "coordinates": [[[58.82, -5.254], [58.843, -5.019], [58.843, -4.911], [58.849, -4.789], [58.858, -4.731], [58.872, -4.674], [58.892, -4.619], [58.917, -4.566], [58.947, -4.516], [58.982, -4.469], [59.02, -4.427], [59.14, -4.348], [59.231, -4.349], [59.635, -4.171], [59.764, -4.234], [60.16, -4.153], [60.319, -3.576], [60.559, -4.096], [60.531, -4.267], [60.99, -4.56], [61.188, -4.55], [61.19, -4.78], [60.543, -5.347], [60.544, -5.348], [60.068, -5.943], [60.097, -5.991], [59.786, -6.535], [59.767, -6.629], [59.587, -6.71], [59.377, -6.276], [58.906, -6.479], [58.717, -5.672], [58.774, -5.485], [58.82, -5.254]]]}, "id": 214}, {"type": "Feature", "properties": {"fill": "#516ebc"}, "geometry": {"type": "Polygon", "coordinates": [[[70.197, -13.506], [70.898, -13.497], [71.062, -13.389], [71.311, -13.931], [71.699, -14.013], [71.898, -13.687], [72.115, -13.574], [72.2, -13.591], [72.296, -13.615], [72.351, -13.635], [72.404, -13.66], [72.454, -13.69], [72.501, -13.725], [72.544, -13.764], [72.584, -13.808], [72.619, -13.855], [72.649, -13.905], [72.674, -13.958], [72.691, -14.006], [72.481, -14.574], [72.521, -14.646], [72.27, -15.12], [72.038, -15.347], [72.151, -15.55], [72.246, -15.954], [72.222, -15.986], [72.183, -16.029], [72.139, -16.069], [72.049, -16.136], [71.943, -16.207], [71.761, -16.356], [71.621, -16.496], [71.563, -16.548], [71.516, -16.583], [71.466, -16.613], [71.413, -16.638], [71.358, -16.658], [71.301, -16.672], [71.243, -16.681], [71.185, -16.683], [71.126, -16.681], [70.976, -16.658], [70.927, -16.649], [70.693, -16.625], [70.457, -16.625], [70.223, -16.649], [69.992, -16.694], [69.766, -16.763], [69.549, -16.853], [69.526, -16.864], [69.471, -16.884], [69.414, -16.898], [69.356, -16.906], [69.297, -16.909], [69.239, -16.906], [69.181, -16.898], [69.078, -16.872], [69.067, -16.869], [69.03, -16.847], [68.752, -16.749], [68.705, -16.713], [68.661, -16.674], [68.622, -16.63], [68.587, -16.583], [68.557, -16.533], [68.532, -16.48], [68.512, -16.425], [68.498, -16.368], [68.489, -16.31], [68.486, -16.252], [68.489, -16.193], [68.491, -16.181], [69.258, -16.045], [69.335, -15.992], [69.331, -15.847], [69.227, -15.654], [69.33, -15.228], [69.422, -15.186], [69.458, -14.66], [69.882, -14.364], [69.925, -14.261], [69.944, -14.085], [70.041, -13.971], [70.076, -13.85], [70.104, -13.649], [70.174, -13.544], [70.197, -13.506]]]}, "id": 215}, {"type": "Feature", "properties": {"fill": "#37009c"}, "geometry": {"type": "Polygon", "coordinates": [[[68.454, -9.321], [68.466, -9.239], [68.48, -9.182], [68.5, -9.127], [68.525, -9.074], [68.555, -9.024], [68.59, -8.977], [68.629, -8.934], [68.738, -8.835], [68.784, -8.797], [68.95, -8.631], [69.1, -8.449], [69.151, -8.373], [69.55, -8.027], [70.004, -7.721], [70.052, -7.733], [70.107, -7.753], [70.16, -7.778], [70.21, -7.808], [70.258, -7.843], [70.301, -7.882], [70.34, -7.925], [70.375, -7.973], [70.405, -8.023], [70.43, -8.076], [70.45, -8.131], [70.464, -8.188], [70.478, -8.278], [70.494, -8.447], [70.54, -8.678], [70.609, -8.904], [70.699, -9.121], [70.81, -9.329], [70.86, -9.413], [70.886, -9.466], [70.905, -9.521], [70.917, -9.569], [70.742, -9.703], [70.162, -10.028], [70.145, -10.125], [70.254, -10.404], [70.193, -10.652], [69.843, -10.938], [69.79, -10.946], [69.712, -10.954], [69.572, -10.982], [69.488, -10.994], [69.303, -10.966], [69.267, -10.932], [69.181, -10.836], [69.02, -10.269], [68.934, -10.248], [68.351, -9.783], [68.356, -9.748], [68.392, -9.603], [68.408, -9.552], [68.454, -9.321]]]}, "id": 216}, {"type": "Feature", "properties": {"fill": "#516ebc"}, "geometry": {"type": "Polygon", "coordinates": [[[64.967, -11.548], [64.967, -11.534], [65.091, -11.5], [65.507, -10.583], [65.948, -10.517], [66.076, -10.331], [66.109, -10.324], [66.334, -10.256], [66.552, -10.166], [66.76, -10.055], [66.808, -10.026], [66.861, -10.001], [66.916, -9.981], [66.973, -9.967], [67.046, -9.956], [67.25, -9.936], [67.481, -9.89], [67.606, -9.859], [67.664, -9.85], [67.782, -9.844], [67.899, -9.844], [68.133, -9.821], [68.346, -9.779], [68.934, -10.248], [69.02, -10.269], [69.181, -10.836], [69.267, -10.932], [69.303, -10.966], [69.602, -11.012], [69.636, -11.062], [69.37, -11.742], [69.504, -12.237], [68.852, -12.08], [68.633, -12.066], [68.836, -12.781], [68.58, -12.916], [68.57, -13.188], [68.344, -13.332], [67.976, -13.428], [67.681, -12.599], [67.165, -13.76], [66.682, -13.391], [66.569, -13.419], [66.051, -13.233], [66.027, -13.206], [65.899, -12.551], [65.696, -12.557], [64.948, -12.223], [64.939, -12.197], [64.925, -12.141], [64.916, -12.083], [64.913, -12.024], [64.916, -11.966], [64.944, -11.782], [64.967, -11.548]]]}, "id": 217}, {"type": "Feature", "properties": {"fill": "#153477"}, "geometry": {"type": "Polygon", "coordinates": [[[71.364, -9.673], [71.623, -9.712], [71.858, -9.735], [72.093, -9.735], [72.328, -9.712], [72.411, -9.696], [72.544, -9.676], [72.641, -9.671], [72.682, -9.671], [72.776, -9.814], [73.659, -10.409], [73.541, -10.704], [73.454, -10.971], [73.502, -11.028], [74.198, -11.404], [74.324, -11.437], [74.688, -11.196], [74.904, -11.196], [75.45, -11.885], [75.226, -12.252], [75.287, -12.524], [75.011, -13.078], [74.96, -13.116], [74.922, -13.148], [74.595, -13.093], [74.574, -13.095], [74.453, -13.053], [74.355, -13.041], [73.835, -13.574], [73.563, -13.394], [73.076, -13.791], [72.994, -13.883], [72.782, -13.883], [72.725, -13.889], [72.399, -13.562], [72.306, -13.506], [72.233, -13.513], [71.898, -13.687], [71.699, -14.013], [71.311, -13.931], [71.062, -13.389], [70.898, -13.497], [70.124, -13.507], [70.076, -13.85], [70.041, -13.971], [69.944, -14.085], [69.204, -13.972], [69.17, -13.415], [69.139, -13.398], [68.8, -13.428], [68.57, -13.188], [68.58, -12.916], [68.836, -12.781], [68.633, -12.066], [68.852, -12.08], [69.504, -12.237], [69.37, -11.742], [69.652, -11.019], [69.709, -11.01], [69.748, -11.016], [70.193, -10.652], [70.254, -10.404], [70.145, -10.125], [70.162, -10.028], [70.742, -9.703], [70.925, -9.564], [71.133, -9.627], [71.364, -9.673]]]}, "id": 218}, {"type": "Feature", "properties": {"fill": "#00789c"}, "geometry": {"type": "Polygon", "coordinates": [[[72.776, -13.896], [72.979, -13.899], [73.076, -13.791], [73.563, -13.394], [73.835, -13.574], [74.355, -13.041], [74.453, -13.053], [74.574, -13.095], [74.595, -13.093], [74.973, -13.156], [75.287, -12.524], [76.112, -12.77], [76.149, -13.471], [76.491, -13.54], [76.718, -13.702], [76.77, -14.108], [76.825, -14.355], [77.064, -14.53], [77.177, -14.81], [76.644, -14.979], [76.305, -15.216], [76.35, -15.326], [77.151, -15.6], [77.006, -15.864], [76.579, -16.118], [76.254, -16.167], [76.145, -16.666], [76.128, -16.705], [76.079, -16.75], [76.032, -16.784], [75.982, -16.815], [75.929, -16.84], [75.874, -16.859], [75.817, -16.874], [75.759, -16.882], [75.664, -16.887], [75.43, -16.91], [75.199, -16.956], [74.973, -17.024], [74.756, -17.114], [74.548, -17.225], [74.352, -17.356], [74.17, -17.506], [74.004, -17.672], [73.854, -17.854], [73.773, -17.963], [73.734, -18.007], [73.691, -18.046], [73.644, -18.081], [73.593, -18.111], [73.54, -18.136], [73.485, -18.156], [73.428, -18.17], [73.37, -18.179], [73.312, -18.181], [73.253, -18.179], [73.195, -18.17], [73.139, -18.156], [73.083, -18.136], [73.03, -18.111], [72.98, -18.081], [72.933, -18.046], [72.89, -18.007], [72.85, -17.963], [72.815, -17.916], [72.785, -17.866], [72.76, -17.813], [72.74, -17.758], [72.726, -17.701], [72.718, -17.643], [72.715, -17.584], [72.715, -17.335], [72.692, -17.101], [72.646, -16.87], [72.578, -16.644], [72.488, -16.427], [72.377, -16.219], [72.271, -16.061], [72.151, -15.55], [72.038, -15.347], [72.27, -15.12], [72.521, -14.646], [72.481, -14.574], [72.704, -13.972], [72.76, -13.915], [72.776, -13.896]]]}, "id": 219}, {"type": "Feature", "properties": {"fill": "#516ebc"}, "geometry": {"type": "Polygon", "coordinates": [[[14.77, 28.797], [14.881, 29.005], [14.971, 29.222], [15.017, 29.351], [15.043, 29.404], [15.073, 29.455], [15.108, 29.502], [15.147, 29.545], [15.19, 29.585], [15.237, 29.619], [15.288, 29.65], [15.341, 29.675], [15.396, 29.694], [15.453, 29.709], [15.511, 29.717], [15.569, 29.72], [15.628, 29.717], [15.686, 29.709], [15.742, 29.694], [15.798, 29.675], [15.851, 29.65], [15.901, 29.619], [15.948, 29.585], [15.991, 29.545], [16.01, 29.524], [16.177, 29.358], [16.359, 29.208], [16.555, 29.078], [16.762, 28.966], [16.98, 28.876], [17.205, 28.808], [17.255, 28.796], [17.391, 28.747], [17.617, 28.678], [17.848, 28.632], [18.082, 28.609], [18.327, 28.61], [18.386, 28.607], [18.444, 28.598], [18.501, 28.584], [18.556, 28.564], [18.623, 28.533], [18.754, 28.462], [18.783, 28.358], [19.186, 27.931], [19.675, 27.986], [19.822, 27.85], [20.001, 27.582], [19.963, 27.522], [19.767, 26.759], [19.706, 26.729], [19.651, 26.709], [19.594, 26.695], [19.536, 26.686], [19.477, 26.684], [19.374, 26.689], [19.229, 26.703], [18.993, 26.703], [18.759, 26.68], [18.584, 26.654], [18.353, 26.608], [18.127, 26.54], [18.072, 26.517], [17.983, 26.485], [17.765, 26.395], [17.557, 26.284], [17.456, 26.223], [17.403, 26.198], [17.348, 26.178], [17.291, 26.164], [17.234, 26.156], [17.175, 26.153], [17.116, 26.156], [17.088, 26.16], [16.668, 26.284], [16.449, 26.409], [16.437, 26.432], [15.474, 26.401], [15.198, 26.495], [15.191, 26.507], [15.165, 26.56], [15.146, 26.615], [15.121, 26.714], [15.053, 26.939], [14.962, 27.157], [14.851, 27.365], [14.721, 27.561], [14.567, 27.747], [14.532, 27.794], [14.502, 27.844], [14.477, 27.897], [14.457, 27.952], [14.443, 28.009], [14.435, 28.067], [14.432, 28.126], [14.435, 28.184], [14.443, 28.242], [14.457, 28.299], [14.477, 28.354], [14.502, 28.407], [14.532, 28.457], [14.639, 28.601], [14.77, 28.797]]]}, "id": 220}, {"type": "Feature", "properties": {"fill": "#00529c"}, "geometry": {"type": "Polygon", "coordinates": [[[22.138, 18.041], [22.669, 18.719], [22.767, 18.743], [22.993, 18.811], [23.21, 18.901], [23.418, 19.012], [23.614, 19.143], [23.796, 19.293], [23.962, 19.459], [24.112, 19.641], [24.243, 19.837], [24.354, 20.045], [24.444, 20.262], [24.48, 20.382], [24.519, 20.489], [24.544, 20.542], [24.574, 20.592], [24.638, 20.679], [24.725, 20.785], [24.743, 20.81], [24.782, 20.853], [24.826, 20.892], [24.873, 20.927], [24.923, 20.957], [24.976, 20.982], [25.031, 21.002], [25.088, 21.016], [25.146, 21.025], [25.205, 21.028], [25.324, 21.022], [25.438, 21.011], [25.673, 21.011], [25.908, 21.034], [26.139, 21.08], [26.364, 21.148], [26.584, 21.239], [26.639, 21.259], [26.696, 21.273], [26.754, 21.282], [26.813, 21.285], [26.843, 21.283], [27.286, 21.05], [27.309, 21.019], [27.339, 20.969], [27.364, 20.916], [27.384, 20.861], [27.398, 20.804], [27.407, 20.746], [27.41, 20.688], [27.407, 20.629], [27.398, 20.571], [27.384, 20.514], [27.364, 20.459], [27.339, 20.406], [27.257, 20.268], [27.239, 20.242], [27.128, 20.035], [27.038, 19.817], [26.97, 19.592], [26.924, 19.361], [26.901, 19.126], [26.901, 18.891], [26.924, 18.656], [26.929, 18.627], [26.823, 18.444], [26.788, 18.335], [26.831, 17.851], [27.197, 17.166], [27.297, 16.752], [26.874, 16.497], [26.809, 16.342], [26.732, 16.31], [26.624, 16.259], [26.568, 16.239], [26.508, 16.224], [26.358, 16.2], [26.308, 16.198], [26.072, 16.198], [25.831, 16.174], [25.751, 16.258], [24.979, 16.126], [24.456, 16.365], [24.338, 16.596], [23.746, 16.573], [23.732, 16.577], [23.275, 17.298], [23.283, 17.433], [22.985, 17.638], [22.662, 17.684], [22.313, 17.072], [21.889, 17.368], [21.768, 17.727], [21.789, 17.762], [21.824, 17.809], [21.849, 17.837], [21.996, 18.016], [22.138, 18.041]]]}, "id": 221}, {"type": "Feature", "properties": {"fill": "#00789c"}, "geometry": {"type": "Polygon", "coordinates": [[[10.857, 30.7], [10.865, 30.76], [10.879, 30.817], [10.899, 30.872], [10.924, 30.925], [10.954, 30.975], [10.989, 31.022], [11.029, 31.066], [11.072, 31.105], [11.119, 31.14], [11.169, 31.17], [11.31, 31.237], [11.517, 31.348], [11.713, 31.478], [11.895, 31.628], [12.062, 31.794], [12.211, 31.976], [12.305, 32.117], [12.915, 32.3], [12.992, 32.227], [13.224, 32.036], [13.392, 31.975], [13.631, 31.628], [13.648, 31.607], [13.649, 31.538], [14.604, 31.203], [14.609, 31.172], [14.611, 31.113], [14.609, 31.054], [14.598, 30.984], [14.557, 30.778], [14.536, 30.565], [14.526, 30.496], [14.512, 30.44], [14.455, 30.28], [14.386, 30.055], [14.34, 29.824], [14.317, 29.589], [14.317, 29.354], [14.342, 29.112], [14.345, 29.053], [14.342, 28.994], [14.333, 28.936], [14.319, 28.88], [14.299, 28.824], [14.274, 28.772], [14.244, 28.721], [14.209, 28.674], [14.17, 28.631], [14.126, 28.591], [14.079, 28.557], [14.029, 28.526], [13.976, 28.501], [13.921, 28.482], [13.864, 28.467], [13.806, 28.459], [13.747, 28.456], [13.689, 28.459], [13.631, 28.467], [13.574, 28.482], [13.519, 28.501], [13.466, 28.526], [13.416, 28.557], [13.331, 28.619], [13.221, 28.709], [13.038, 28.832], [12.909, 28.927], [12.713, 29.058], [12.506, 29.169], [12.288, 29.259], [12.063, 29.328], [11.832, 29.374], [11.597, 29.397], [11.342, 29.396], [11.283, 29.399], [11.225, 29.407], [11.168, 29.421], [11.113, 29.441], [11.06, 29.466], [11.01, 29.496], [10.963, 29.531], [10.919, 29.571], [10.88, 29.614], [10.845, 29.661], [10.815, 29.711], [10.79, 29.764], [10.77, 29.819], [10.756, 29.876], [10.747, 29.934], [10.745, 29.993], [10.747, 30.051], [10.756, 30.109], [10.787, 30.235], [10.833, 30.466], [10.857, 30.7]]]}, "id": 222}, {"type": "Feature", "properties": {"fill": "#516ebc"}, "geometry": {"type": "Polygon", "coordinates": [[[11.899, 32.593], [11.83, 32.669], [11.795, 32.716], [11.765, 32.767], [11.74, 32.82], [11.72, 32.875], [11.706, 32.932], [11.697, 32.99], [11.695, 33.048], [11.697, 33.107], [11.706, 33.165], [11.72, 33.221], [11.74, 33.277], [11.765, 33.33], [11.958, 33.421], [12.431, 33.396], [12.581, 33.534], [12.765, 33.8], [12.742, 33.871], [12.74, 34.006], [13.145, 34.272], [13.738, 34.312], [13.829, 34.019], [14.393, 33.937], [14.911, 34.698], [14.944, 34.693], [15.001, 34.678], [15.056, 34.659], [15.109, 34.634], [15.16, 34.604], [15.207, 34.569], [15.327, 34.459], [15.512, 34.308], [15.711, 34.175], [15.923, 34.064], [16.144, 33.973], [16.322, 33.911], [16.368, 33.889], [16.499, 33.81], [16.539, 33.784], [16.747, 33.673], [16.964, 33.583], [17.19, 33.514], [17.245, 33.503], [17.709, 32.979], [17.692, 32.589], [17.597, 32.565], [17.214, 32.272], [16.811, 32.169], [16.8, 32.161], [16.812, 31.919], [16.879, 31.57], [16.807, 31.347], [16.787, 31.323], [16.845, 30.772], [16.825, 30.729], [16.795, 30.679], [16.76, 30.632], [16.72, 30.589], [16.677, 30.549], [16.63, 30.514], [16.58, 30.484], [16.487, 30.441], [16.35, 30.384], [16.142, 30.273], [16.01, 30.193], [15.957, 30.168], [15.901, 30.148], [15.845, 30.134], [15.787, 30.126], [15.728, 30.123], [15.67, 30.126], [15.612, 30.134], [15.555, 30.148], [15.5, 30.168], [15.447, 30.193], [15.396, 30.223], [15.349, 30.258], [15.306, 30.298], [15.265, 30.343], [15.098, 30.509], [14.916, 30.659], [14.72, 30.79], [14.697, 30.802], [14.693, 31.172], [13.649, 31.538], [13.648, 31.607], [13.631, 31.628], [13.392, 31.975], [13.224, 32.036], [12.992, 32.227], [12.915, 32.3], [12.315, 32.12], [12.296, 32.131], [12.249, 32.166], [12.205, 32.205], [12.166, 32.249], [12.075, 32.371], [12.048, 32.411], [11.899, 32.593]]]}, "id": 223}, {"type": "Feature", "properties": {"fill": "#153477"}, "geometry": {"type": "Polygon", "coordinates": [[[13.76, 25.437], [13.73, 25.487], [13.705, 25.54], [13.685, 25.595], [13.671, 25.652], [13.662, 25.71], [13.659, 25.768], [13.662, 25.827], [13.671, 25.885], [13.685, 25.942], [13.705, 25.997], [13.73, 26.05], [13.76, 26.1], [13.795, 26.147], [13.834, 26.191], [13.878, 26.23], [13.925, 26.265], [13.975, 26.295], [14.028, 26.32], [14.083, 26.34], [14.14, 26.354], [14.198, 26.363], [14.257, 26.365], [14.288, 26.364], [14.524, 26.364], [14.758, 26.387], [14.989, 26.433], [15.195, 26.495], [15.474, 26.401], [16.258, 26.426], [16.297, 26.406], [16.514, 26.316], [16.74, 26.247], [16.903, 26.215], [17.088, 26.16], [17.313, 26.066], [17.538, 25.998], [17.769, 25.952], [18.003, 25.929], [18.095, 25.929], [18.219, 25.923], [18.587, 25.386], [18.383, 24.984], [18.414, 24.878], [18.365, 24.568], [18.372, 24.527], [18.411, 24.426], [18.678, 24.408], [18.978, 24.291], [19.082, 24.12], [19.092, 24.086], [19.022, 23.843], [18.956, 23.737], [18.92, 23.45], [18.706, 23.404], [18.088, 23.105], [18.121, 22.741], [17.24, 22.461], [16.936, 22.482], [16.894, 22.454], [16.762, 22.407], [16.632, 22.419], [16.397, 22.419], [16.162, 22.396], [16.002, 22.365], [15.909, 22.351], [15.85, 22.348], [15.792, 22.351], [15.734, 22.359], [15.677, 22.373], [15.622, 22.393], [15.569, 22.418], [15.518, 22.448], [15.471, 22.483], [15.416, 22.533], [15.239, 22.845], [14.828, 22.967], [14.785, 22.998], [14.742, 23.037], [14.702, 23.081], [14.667, 23.128], [14.637, 23.178], [14.612, 23.231], [14.592, 23.286], [14.578, 23.343], [14.561, 23.46], [14.547, 23.589], [14.539, 23.759], [14.516, 23.993], [14.47, 24.224], [14.402, 24.45], [14.312, 24.667], [14.2, 24.875], [14.07, 25.071], [13.92, 25.253], [13.795, 25.39], [13.76, 25.437]]]}, "id": 224}, {"type": "Feature", "properties": {"fill": "#00529c"}, "geometry": {"type": "Polygon", "coordinates": [[[10.29, 35.7], [10.332, 35.816], [10.373, 35.914], [10.441, 36.139], [10.449, 36.181], [10.816, 36.329], [11.267, 36.352], [11.551, 36.813], [11.605, 36.805], [11.662, 36.791], [11.717, 36.771], [11.77, 36.746], [11.82, 36.716], [11.867, 36.681], [11.911, 36.641], [11.95, 36.598], [11.985, 36.551], [12.015, 36.501], [12.04, 36.448], [12.06, 36.392], [12.074, 36.336], [12.083, 36.278], [12.086, 36.219], [12.083, 36.161], [12.074, 36.103], [11.78, 35.794], [11.41, 35.748], [11.345, 35.527], [11.307, 35.423], [11.286, 35.302], [11.134, 35.128], [11.16, 34.812], [11.064, 34.423], [11.004, 34.408], [10.946, 34.399], [10.888, 34.396], [10.829, 34.399], [10.771, 34.408], [10.714, 34.422], [10.659, 34.442], [10.606, 34.467], [10.556, 34.497], [10.509, 34.532], [10.466, 34.571], [10.426, 34.615], [10.391, 34.662], [10.361, 34.712], [10.336, 34.765], [10.283, 34.913], [10.272, 34.95], [10.219, 35.098], [10.205, 35.155], [10.196, 35.213], [10.193, 35.271], [10.196, 35.33], [10.205, 35.388], [10.23, 35.487], [10.273, 35.629], [10.29, 35.7]]]}, "id": 225}, {"type": "Feature", "properties": {"fill": "#37009c"}, "geometry": {"type": "Polygon", "coordinates": [[[12.31, 36.901], [12.343, 36.98], [12.4, 37.101], [12.43, 37.151], [12.465, 37.198], [12.504, 37.242], [12.548, 37.281], [12.595, 37.316], [12.645, 37.346], [12.698, 37.371], [12.753, 37.391], [12.81, 37.405], [12.868, 37.414], [12.926, 37.417], [12.985, 37.414], [13.043, 37.405], [13.1, 37.391], [13.155, 37.371], [13.208, 37.346], [13.258, 37.316], [13.305, 37.281], [13.349, 37.242], [13.388, 37.198], [13.423, 37.151], [13.453, 37.101], [13.478, 37.048], [13.498, 36.993], [13.512, 36.936], [13.521, 36.878], [13.524, 36.819], [13.521, 36.761], [13.512, 36.703], [13.469, 36.532], [13.423, 36.301], [13.4, 36.067], [13.4, 35.832], [13.423, 35.597], [13.469, 35.366], [13.538, 35.141], [13.628, 34.923], [13.667, 34.841], [13.687, 34.785], [13.701, 34.729], [13.71, 34.671], [13.712, 34.61], [13.706, 34.462], [13.698, 34.41], [13.684, 34.353], [13.667, 34.307], [13.145, 34.272], [12.74, 34.006], [12.742, 33.871], [12.765, 33.8], [12.581, 33.534], [12.431, 33.396], [11.958, 33.421], [11.76, 33.327], [11.655, 33.364], [11.603, 33.389], [11.552, 33.419], [11.505, 33.454], [11.462, 33.493], [11.422, 33.536], [11.387, 33.584], [11.357, 33.634], [11.332, 33.687], [11.313, 33.742], [11.299, 33.797], [11.23, 34.023], [11.14, 34.24], [11.057, 34.395], [11.16, 34.812], [11.134, 35.128], [11.286, 35.302], [11.307, 35.423], [11.345, 35.527], [11.41, 35.748], [11.78, 35.794], [12.288, 36.328], [12.16, 36.634], [12.199, 36.693], [12.31, 36.901]]]}, "id": 226}, {"type": "Feature", "properties": {"fill": "#00789c"}, "geometry": {"type": "Polygon", "coordinates": [[[17.303, 33.537], [17.328, 33.59], [17.359, 33.64], [17.393, 33.687], [17.433, 33.731], [17.549, 33.836], [17.584, 33.865], [17.717, 33.985], [17.762, 34.019], [17.813, 34.049], [17.866, 34.075], [17.921, 34.094], [17.978, 34.109], [18.036, 34.117], [18.094, 34.12], [18.153, 34.117], [18.211, 34.109], [18.267, 34.094], [18.431, 34.036], [18.656, 33.967], [18.887, 33.922], [19.029, 33.9], [19.086, 33.886], [19.141, 33.866], [19.194, 33.841], [19.245, 33.811], [19.292, 33.776], [19.335, 33.737], [19.374, 33.694], [19.409, 33.647], [19.439, 33.596], [19.465, 33.543], [19.495, 33.459], [19.585, 33.241], [19.696, 33.034], [19.827, 32.838], [19.976, 32.656], [20.143, 32.489], [20.219, 32.42], [20.258, 32.377], [20.293, 32.33], [20.323, 32.28], [20.348, 32.227], [20.357, 32.202], [19.37, 31.563], [19.177, 31.927], [19.098, 31.953], [18.652, 31.987], [18.449, 31.843], [18.431, 31.824], [18.426, 31.808], [18.107, 31.46], [18.082, 31.246], [17.984, 31.11], [17.857, 31.054], [17.688, 31.034], [17.531, 30.814], [17.204, 30.536], [17.157, 30.547], [17.102, 30.567], [17.049, 30.592], [16.999, 30.622], [16.952, 30.657], [16.908, 30.696], [16.869, 30.74], [16.845, 30.772], [16.787, 31.323], [16.807, 31.347], [16.879, 31.57], [16.812, 31.919], [16.8, 32.161], [16.811, 32.169], [17.214, 32.272], [17.597, 32.565], [17.692, 32.589], [17.709, 32.979], [17.279, 33.464], [17.284, 33.482], [17.303, 33.537]]]}, "id": 227}, {"type": "Feature", "properties": {"fill": "#516ebc"}, "geometry": {"type": "Polygon", "coordinates": [[[18.24, 25.985], [18.265, 26.038], [18.295, 26.089], [18.33, 26.136], [18.37, 26.179], [18.413, 26.218], [18.46, 26.253], [18.51, 26.283], [18.563, 26.309], [18.619, 26.328], [18.675, 26.343], [18.733, 26.351], [18.921, 26.359], [19.155, 26.382], [19.234, 26.398], [19.369, 26.418], [19.427, 26.421], [19.494, 26.417], [19.902, 25.611], [19.997, 25.643], [20.431, 25.574], [20.574, 25.419], [20.584, 25.353], [20.502, 25.118], [20.881, 24.837], [21.026, 24.761], [21.044, 24.768], [21.381, 24.74], [21.765, 24.762], [21.93, 25.388], [22.045, 25.388], [22.279, 25.411], [22.447, 25.436], [22.506, 25.439], [22.564, 25.436], [22.622, 25.427], [22.679, 25.413], [22.734, 25.393], [22.787, 25.368], [22.838, 25.338], [22.885, 25.303], [22.928, 25.264], [22.967, 25.22], [23.002, 25.173], [23.032, 25.123], [23.057, 25.07], [23.077, 25.015], [23.091, 24.958], [23.108, 24.844], [23.12, 24.723], [23.166, 24.492], [23.235, 24.266], [23.325, 24.049], [23.436, 23.841], [23.478, 23.77], [23.504, 23.717], [23.523, 23.661], [23.538, 23.605], [23.546, 23.547], [23.548, 23.502], [23.571, 23.268], [23.617, 23.037], [23.686, 22.812], [23.776, 22.594], [23.887, 22.386], [23.991, 22.231], [24.033, 22.16], [24.058, 22.107], [24.078, 22.051], [24.092, 21.995], [24.101, 21.937], [24.104, 21.878], [24.101, 21.82], [24.092, 21.762], [24.078, 21.705], [24.058, 21.65], [24.033, 21.597], [24.003, 21.546], [23.968, 21.499], [23.929, 21.456], [23.886, 21.417], [23.839, 21.382], [23.783, 21.349], [23.0, 21.891], [22.664, 21.142], [22.639, 21.135], [22.502, 21.115], [22.271, 21.069], [22.046, 21.001], [21.935, 20.955], [21.762, 20.989], [21.249, 20.923], [21.093, 20.448], [20.075, 20.085], [20.06, 20.088], [19.823, 20.022], [19.78, 20.031], [19.448, 20.25], [19.427, 20.278], [19.397, 20.329], [19.372, 20.382], [19.352, 20.437], [19.338, 20.494], [19.329, 20.551], [19.325, 20.642], [19.308, 20.817], [19.379, 20.934], [19.36, 21.424], [19.384, 21.497], [19.544, 21.802], [19.499, 21.91], [19.098, 22.44], [18.527, 22.313], [18.357, 22.452], [18.31, 22.487], [18.267, 22.527], [18.236, 22.56], [18.146, 22.701], [18.137, 22.72], [18.118, 22.775], [18.096, 23.016], [18.103, 23.065], [18.116, 23.119], [18.706, 23.404], [18.92, 23.45], [18.956, 23.737], [19.022, 23.843], [19.092, 24.086], [19.082, 24.12], [18.978, 24.291], [18.678, 24.408], [18.411, 24.426], [18.372, 24.527], [18.365, 24.568], [18.414, 24.878], [18.383, 24.984], [18.587, 25.386], [18.219, 25.923], [18.24, 25.985]]]}, "id": 228}, {"type": "Feature", "properties": {"fill": "#153477"}, "geometry": {"type": "Polygon", "coordinates": [[[19.564, 26.617], [19.752, 26.704], [19.963, 27.522], [20.001, 27.582], [20.673, 27.634], [20.817, 27.966], [20.907, 28.026], [21.707, 28.103], [21.739, 28.079], [21.783, 28.04], [21.822, 27.996], [21.857, 27.949], [21.91, 27.86], [21.979, 27.732], [22.11, 27.536], [22.259, 27.354], [22.426, 27.188], [22.608, 27.038], [22.632, 27.02], [22.676, 26.981], [22.715, 26.937], [22.75, 26.89], [22.78, 26.84], [22.805, 26.787], [22.825, 26.732], [22.839, 26.675], [22.848, 26.617], [22.851, 26.558], [22.848, 26.5], [22.839, 26.442], [22.825, 26.385], [22.805, 26.33], [22.78, 26.277], [22.75, 26.227], [22.715, 26.18], [22.676, 26.136], [22.632, 26.097], [22.513, 26.008], [22.331, 25.859], [22.164, 25.692], [22.142, 25.665], [22.098, 25.659], [21.978, 25.569], [21.928, 25.381], [21.884, 25.314], [21.773, 25.106], [21.747, 25.046], [21.686, 24.916], [21.656, 24.866], [21.621, 24.818], [21.582, 24.775], [21.554, 24.75], [21.381, 24.74], [21.044, 24.768], [21.026, 24.761], [20.881, 24.837], [20.502, 25.118], [20.584, 25.353], [20.574, 25.419], [20.431, 25.574], [19.997, 25.643], [19.902, 25.611], [19.491, 26.423], [19.546, 26.557], [19.564, 26.617]]]}, "id": 229}, {"type": "Feature", "properties": {"fill": "#00529c"}, "geometry": {"type": "Polygon", "coordinates": [[[19.37, 31.563], [19.403, 31.445], [19.619, 31.14], [19.639, 31.145], [20.173, 31.478], [20.387, 31.359], [20.491, 30.88], [20.638, 30.869], [20.64, 30.865], [21.01, 30.564], [21.276, 30.611], [21.425, 30.446], [21.534, 30.291], [20.9, 29.858], [20.894, 29.541], [20.948, 29.346], [21.008, 29.278], [21.549, 29.171], [21.743, 28.773], [21.863, 28.601], [21.868, 28.572], [21.871, 28.514], [21.868, 28.455], [21.859, 28.397], [21.845, 28.34], [21.825, 28.285], [21.8, 28.232], [21.77, 28.182], [21.735, 28.135], [21.707, 28.103], [20.84, 28.019], [20.713, 27.726], [20.517, 27.622], [20.001, 27.582], [19.822, 27.85], [19.675, 27.986], [19.186, 27.931], [18.783, 28.358], [18.749, 28.483], [18.59, 28.587], [18.528, 28.703], [18.471, 28.798], [18.34, 28.994], [18.191, 29.176], [18.113, 29.254], [18.031, 29.344], [17.996, 29.391], [17.847, 29.613], [17.732, 29.765], [17.589, 29.937], [17.43, 30.096], [17.377, 30.143], [17.338, 30.187], [17.303, 30.234], [17.273, 30.284], [17.248, 30.337], [17.228, 30.392], [17.214, 30.449], [17.205, 30.507], [17.204, 30.536], [17.531, 30.814], [17.688, 31.034], [17.857, 31.054], [17.984, 31.11], [18.082, 31.246], [18.107, 31.46], [18.426, 31.808], [18.431, 31.824], [18.449, 31.843], [18.652, 31.987], [19.098, 31.953], [19.177, 31.927], [19.37, 31.563]]]}, "id": 230}, {"type": "Feature", "properties": {"fill": "#00529c"}, "geometry": {"type": "Polygon", "coordinates": [[[22.03, 32.325], [22.065, 32.372], [22.104, 32.415], [22.147, 32.455], [22.194, 32.49], [22.245, 32.52], [22.298, 32.545], [22.353, 32.565], [22.41, 32.579], [22.468, 32.587], [22.526, 32.59], [22.585, 32.587], [22.643, 32.579], [22.7, 32.565], [22.741, 32.55], [22.966, 32.482], [23.066, 32.462], [23.188, 32.431], [23.243, 32.411], [23.296, 32.386], [23.346, 32.356], [23.393, 32.321], [23.437, 32.282], [23.476, 32.239], [23.511, 32.192], [23.541, 32.141], [23.566, 32.088], [23.586, 32.033], [23.6, 31.976], [23.609, 31.918], [23.633, 31.67], [23.679, 31.439], [23.691, 31.387], [23.7, 31.329], [23.703, 31.271], [23.7, 31.212], [23.691, 31.154], [23.677, 31.097], [23.658, 31.042], [23.632, 30.989], [23.602, 30.939], [23.567, 30.892], [23.528, 30.848], [23.485, 30.809], [23.438, 30.774], [23.387, 30.744], [23.334, 30.719], [23.279, 30.699], [23.222, 30.685], [23.164, 30.676], [23.106, 30.673], [23.047, 30.676], [22.989, 30.685], [22.933, 30.699], [22.877, 30.719], [22.822, 30.744], [22.702, 30.968], [22.344, 31.169], [22.371, 31.673], [22.366, 31.687], [22.363, 31.719], [22.1, 32.049], [21.99, 32.253], [22.0, 32.275], [22.03, 32.325]]]}, "id": 231}, {"type": "Feature", "properties": {"fill": "#00789c"}, "geometry": {"type": "Polygon", "coordinates": [[[21.277, 32.154], [21.33, 32.179], [21.385, 32.199], [21.442, 32.213], [21.5, 32.222], [21.559, 32.225], [21.793, 32.248], [21.852, 32.256], [21.911, 32.259], [21.969, 32.256], [21.989, 32.253], [22.1, 32.049], [22.363, 31.719], [22.366, 31.687], [22.371, 31.673], [22.344, 31.169], [22.081, 31.06], [21.824, 31.213], [21.782, 31.281], [21.701, 31.349], [21.642, 31.344], [21.472, 31.392], [21.396, 31.399], [21.377, 31.412], [21.197, 31.97], [21.203, 32.007], [21.212, 32.113], [21.227, 32.124], [21.277, 32.154]]]}, "id": 232}, {"type": "Feature", "properties": {"fill": "#153477"}, "geometry": {"type": "Polygon", "coordinates": [[[19.48, 31.395], [19.445, 31.442], [19.415, 31.493], [19.39, 31.546], [19.381, 31.57], [20.408, 32.236], [20.428, 32.302], [20.513, 32.293], [20.748, 32.293], [20.784, 32.295], [20.842, 32.292], [20.9, 32.284], [20.957, 32.269], [21.012, 32.25], [21.065, 32.225], [21.163, 32.166], [21.214, 32.132], [21.203, 32.007], [21.197, 31.97], [21.377, 31.412], [21.396, 31.399], [21.472, 31.392], [21.642, 31.344], [21.701, 31.349], [21.782, 31.281], [21.824, 31.213], [22.081, 31.06], [22.344, 31.169], [22.702, 30.968], [22.838, 30.714], [22.841, 30.681], [22.887, 30.45], [22.956, 30.225], [23.003, 30.112], [23.041, 30.003], [23.056, 29.946], [23.064, 29.888], [23.067, 29.83], [23.064, 29.771], [23.056, 29.713], [23.041, 29.656], [23.022, 29.601], [22.997, 29.548], [22.955, 29.479], [22.844, 29.272], [22.754, 29.054], [22.698, 28.898], [22.673, 28.845], [22.643, 28.794], [22.608, 28.747], [22.569, 28.704], [22.525, 28.665], [22.478, 28.63], [22.428, 28.6], [22.375, 28.575], [22.32, 28.555], [22.263, 28.541], [22.205, 28.532], [22.146, 28.529], [22.088, 28.532], [22.03, 28.541], [21.973, 28.555], [21.918, 28.575], [21.864, 28.6], [21.743, 28.773], [21.549, 29.171], [21.1, 29.259], [21.051, 29.296], [21.007, 29.335], [20.968, 29.379], [20.933, 29.426], [20.92, 29.448], [20.894, 29.541], [20.9, 29.858], [21.534, 30.291], [21.425, 30.446], [21.276, 30.611], [21.01, 30.564], [20.64, 30.865], [20.638, 30.869], [20.491, 30.88], [20.387, 31.359], [20.173, 31.478], [19.711, 31.19], [19.58, 31.297], [19.519, 31.352], [19.48, 31.395]]]}, "id": 233}, {"type": "Feature", "properties": {"fill": "#153477"}, "geometry": {"type": "Polygon", "coordinates": [[[-14.667, 14.771], [-14.702, 14.818], [-14.732, 14.868], [-14.761, 14.932], [-14.209, 15.778], [-14.265, 15.921], [-14.207, 16.213], [-14.135, 16.387], [-14.067, 16.613], [-14.021, 16.844], [-13.998, 17.078], [-13.998, 17.314], [-14.021, 17.548], [-14.032, 17.626], [-14.035, 17.684], [-14.031, 17.749], [-13.367, 18.147], [-13.308, 18.228], [-13.019, 18.298], [-12.771, 18.056], [-12.794, 17.559], [-12.678, 17.38], [-12.837, 16.82], [-12.575, 16.867], [-11.789, 16.606], [-11.754, 16.415], [-11.616, 16.287], [-11.596, 16.189], [-11.579, 16.12], [-11.57, 16.062], [-11.568, 16.004], [-11.57, 15.945], [-11.579, 15.887], [-11.593, 15.831], [-11.613, 15.775], [-11.638, 15.722], [-11.668, 15.672], [-11.703, 15.625], [-11.742, 15.582], [-11.786, 15.542], [-11.833, 15.507], [-11.883, 15.477], [-11.936, 15.452], [-11.991, 15.432], [-12.091, 15.408], [-12.316, 15.339], [-12.534, 15.249], [-12.742, 15.138], [-12.937, 15.007], [-13.119, 14.858], [-13.219, 14.768], [-13.385, 14.601], [-13.503, 14.472], [-13.546, 14.432], [-13.593, 14.397], [-13.643, 14.367], [-13.696, 14.342], [-13.752, 14.322], [-13.808, 14.308], [-13.866, 14.3], [-13.925, 14.297], [-13.983, 14.3], [-14.041, 14.308], [-14.098, 14.322], [-14.153, 14.342], [-14.206, 14.367], [-14.257, 14.397], [-14.304, 14.432], [-14.398, 14.517], [-14.468, 14.588], [-14.524, 14.633], [-14.628, 14.728], [-14.667, 14.771]]]}, "id": 234}, {"type": "Feature", "properties": {"fill": "#00529c"}, "geometry": {"type": "Polygon", "coordinates": [[[50.816, -1.079], [50.964, -0.846], [51.785, -0.744], [51.908, -0.63], [52.063, -0.63], [52.089, -0.628], [52.148, -0.631], [52.206, -0.64], [52.263, -0.654], [52.318, -0.674], [52.371, -0.699], [52.421, -0.729], [52.468, -0.764], [52.512, -0.803], [52.551, -0.847], [52.586, -0.894], [52.651, -1.003], [52.698, -1.089], [52.829, -1.285], [52.978, -1.467], [53.003, -1.495], [53.169, -1.661], [53.281, -1.753], [53.358, -1.823], [53.378, -1.844], [53.384, -1.853], [53.47, -2.083], [53.63, -2.288], [53.644, -2.816], [53.622, -2.854], [53.587, -2.901], [53.548, -2.944], [53.504, -2.984], [53.457, -3.018], [53.407, -3.049], [53.354, -3.074], [53.287, -3.097], [53.085, -3.159], [53.064, -3.168], [53.0, -3.153], [52.878, -3.078], [52.344, -3.226], [52.054, -3.121], [52.033, -3.136], [51.775, -3.353], [51.742, -3.363], [51.174, -3.273], [51.164, -3.252], [51.144, -3.197], [51.13, -3.14], [51.108, -2.99], [51.103, -2.94], [51.057, -2.709], [50.988, -2.484], [50.821, -2.081], [50.71, -1.873], [50.686, -1.833], [50.661, -1.78], [50.641, -1.725], [50.627, -1.668], [50.618, -1.61], [50.615, -1.552], [50.618, -1.493], [50.627, -1.435], [50.641, -1.378], [50.661, -1.323], [50.686, -1.27], [50.762, -1.144], [50.793, -1.097], [50.816, -1.079]]]}, "id": 235}, {"type": "Feature", "properties": {"fill": "#516ebc"}, "geometry": {"type": "Polygon", "coordinates": [[[50.598, -4.15], [50.631, -4.057], [50.656, -4.004], [50.686, -3.954], [50.721, -3.907], [50.739, -3.887], [50.891, -3.701], [51.024, -3.501], [51.118, -3.343], [51.15, -3.3], [51.174, -3.273], [51.742, -3.363], [51.775, -3.353], [52.033, -3.136], [52.054, -3.121], [52.344, -3.226], [52.865, -3.081], [53.069, -3.218], [53.172, -3.28], [53.219, -3.315], [53.262, -3.354], [53.302, -3.397], [53.337, -3.444], [53.367, -3.495], [53.392, -3.548], [53.411, -3.603], [53.426, -3.66], [53.432, -3.701], [52.926, -4.308], [52.861, -4.508], [52.752, -4.529], [52.369, -5.667], [52.35, -5.673], [52.29, -5.698], [51.932, -5.616], [51.696, -5.708], [51.508, -6.193], [51.375, -6.326], [51.332, -6.366], [51.284, -6.401], [51.234, -6.431], [51.181, -6.456], [51.126, -6.476], [51.069, -6.49], [51.011, -6.498], [50.953, -6.501], [50.894, -6.498], [50.844, -6.491], [50.8, -6.467], [50.575, -6.264], [49.961, -6.275], [49.894, -6.093], [49.758, -5.872], [49.765, -5.356], [50.346, -5.184], [50.619, -4.798], [50.47, -4.438], [50.507, -4.367], [50.598, -4.15]]]}, "id": 236}, {"type": "Feature", "properties": {"fill": "#00789c"}, "geometry": {"type": "Polygon", "coordinates": [[[-10.144, 14.469], [-10.152, 14.527], [-10.155, 14.585], [-10.152, 14.644], [-10.143, 14.703], [-9.848, 15.099], [-9.443, 15.862], [-9.475, 15.895], [-9.432, 16.034], [-9.386, 16.265], [-9.363, 16.499], [-9.363, 16.735], [-9.366, 16.797], [-8.981, 17.172], [-8.912, 17.209], [-8.5, 17.242], [-8.274, 17.418], [-8.214, 17.421], [-8.155, 17.418], [-8.046, 17.402], [-7.804, 17.131], [-7.457, 16.981], [-7.048, 17.118], [-6.999, 17.214], [-6.553, 17.352], [-6.277, 17.308], [-6.183, 17.149], [-5.742, 17.057], [-5.475, 17.438], [-5.438, 17.43], [-5.321, 17.415], [-5.059, 16.578], [-4.496, 16.827], [-4.456, 16.767], [-4.307, 16.585], [-4.166, 16.43], [-4.0, 16.263], [-3.818, 16.114], [-3.615, 15.979], [-3.568, 15.944], [-3.525, 15.905], [-3.486, 15.861], [-3.451, 15.814], [-3.421, 15.764], [-3.396, 15.711], [-3.376, 15.656], [-3.362, 15.599], [-3.353, 15.541], [-3.35, 15.483], [-3.353, 15.424], [-3.362, 15.366], [-3.376, 15.309], [-3.396, 15.254], [-3.421, 15.201], [-3.451, 15.151], [-3.486, 15.104], [-3.55, 15.033], [-3.699, 14.851], [-3.745, 14.782], [-3.981, 14.692], [-4.039, 14.205], [-4.046, 14.182], [-4.097, 14.039], [-4.122, 13.986], [-4.152, 13.936], [-4.187, 13.889], [-4.226, 13.846], [-4.27, 13.806], [-4.317, 13.771], [-4.41, 13.716], [-4.53, 13.651], [-4.726, 13.521], [-4.908, 13.371], [-4.945, 13.334], [-5.151, 13.148], [-5.318, 12.982], [-5.367, 12.928], [-5.41, 12.889], [-5.457, 12.854], [-5.507, 12.824], [-5.56, 12.799], [-5.615, 12.779], [-5.662, 12.767], [-6.219, 12.812], [-6.735, 13.012], [-6.937, 12.916], [-7.01, 12.319], [-7.005, 12.082], [-7.82, 11.699], [-7.951, 12.061], [-7.929, 12.175], [-8.069, 12.506], [-8.226, 12.496], [-8.372, 12.411], [-8.585, 12.321], [-8.891, 12.984], [-9.056, 12.955], [-9.319, 13.15], [-9.437, 13.293], [-9.916, 13.531], [-9.939, 13.753], [-9.984, 13.984], [-10.053, 14.209], [-10.084, 14.284], [-10.13, 14.412], [-10.144, 14.469]]]}, "id": 237}, {"type": "Feature", "properties": {"fill": "#00529c"}, "geometry": {"type": "Polygon", "coordinates": [[[-6.277, 18.75], [-6.22, 18.747], [-6.162, 18.739], [-6.105, 18.725], [-6.05, 18.705], [-5.997, 18.68], [-5.911, 18.628], [-5.784, 18.544], [-5.577, 18.433], [-5.359, 18.343], [-5.134, 18.274], [-5.083, 18.262], [-5.028, 18.242], [-4.975, 18.217], [-4.925, 18.187], [-4.878, 18.152], [-4.834, 18.112], [-4.795, 18.069], [-4.76, 18.022], [-4.73, 17.972], [-4.705, 17.919], [-4.685, 17.863], [-4.671, 17.807], [-4.656, 17.706], [-4.61, 17.475], [-4.567, 17.304], [-4.558, 17.246], [-4.556, 17.187], [-4.558, 17.129], [-4.567, 17.071], [-4.581, 17.014], [-4.601, 16.959], [-4.626, 16.906], [-4.656, 16.855], [-4.691, 16.808], [-4.73, 16.765], [-4.774, 16.726], [-4.821, 16.691], [-4.866, 16.663], [-4.952, 16.625], [-4.979, 16.616], [-5.036, 16.602], [-5.065, 16.597], [-5.321, 17.415], [-5.438, 17.43], [-5.475, 17.438], [-5.742, 17.057], [-6.183, 17.149], [-6.277, 17.308], [-6.553, 17.352], [-6.999, 17.214], [-7.048, 17.118], [-7.457, 16.981], [-7.804, 17.131], [-8.045, 17.402], [-8.043, 17.441], [-8.034, 17.499], [-8.012, 17.588], [-7.686, 17.801], [-7.683, 17.818], [-7.634, 18.271], [-7.507, 18.352], [-7.328, 18.436], [-7.317, 18.446], [-6.748, 18.451], [-6.631, 18.539], [-6.499, 18.741], [-6.455, 18.741], [-6.277, 18.75]]]}, "id": 238}, {"type": "Feature", "properties": {"fill": "#00789c"}, "geometry": {"type": "Polygon", "coordinates": [[[-8.563, 19.191], [-8.334, 19.274], [-8.28, 19.287], [-8.051, 19.333], [-7.825, 19.401], [-7.778, 19.421], [-7.636, 19.472], [-7.579, 19.486], [-7.521, 19.495], [-7.463, 19.497], [-7.404, 19.495], [-7.346, 19.486], [-7.29, 19.472], [-7.234, 19.452], [-7.181, 19.427], [-7.046, 19.346], [-7.015, 19.325], [-6.881, 19.253], [-6.795, 19.202], [-6.748, 19.167], [-6.704, 19.127], [-6.665, 19.084], [-6.63, 19.037], [-6.6, 18.987], [-6.575, 18.934], [-6.555, 18.879], [-6.541, 18.822], [-6.532, 18.764], [-6.53, 18.694], [-6.631, 18.539], [-6.748, 18.451], [-7.317, 18.446], [-7.328, 18.436], [-7.507, 18.352], [-7.634, 18.271], [-7.683, 17.818], [-7.686, 17.801], [-8.008, 17.591], [-8.032, 17.592], [-8.09, 17.601], [-8.146, 17.615], [-8.202, 17.635], [-8.239, 17.653], [-8.356, 17.832], [-8.303, 18.256], [-8.488, 18.455], [-8.737, 18.661], [-8.745, 18.674], [-8.65, 19.146], [-8.616, 19.166], [-8.563, 19.191]]]}, "id": 239}, {"type": "Feature", "properties": {"fill": "#37009c"}, "geometry": {"type": "Polygon", "coordinates": [[[-1.717, -1.797], [-1.764, -1.208], [-1.038, -1.013], [-0.999, -0.851], [-0.773, -0.573], [-0.704, -0.115], [-0.668, -0.088], [-0.617, -0.058], [-0.554, -0.029], [-0.317, 0.04], [-0.159, 0.046], [0.101, 0.316], [0.131, 0.339], [0.138, 0.343], [0.335, 0.425], [0.373, 0.432], [0.653, 0.303], [0.909, -0.034], [1.323, -0.193], [1.359, -0.234], [1.608, -0.339], [1.628, -0.352], [1.719, -0.401], [1.848, -0.497], [1.91, -0.494], [2.053, -0.553], [2.137, -0.579], [2.262, -0.624], [2.305, -0.644], [2.56, -0.894], [2.585, -0.947], [2.632, -1.078], [2.722, -1.296], [2.833, -1.503], [2.857, -1.543], [2.882, -1.596], [2.902, -1.651], [2.916, -1.708], [2.925, -1.766], [2.927, -1.824], [2.925, -1.883], [2.916, -1.941], [2.902, -1.997], [2.882, -2.053], [2.857, -2.106], [2.827, -2.156], [2.792, -2.203], [2.688, -2.317], [2.539, -2.499], [2.408, -2.695], [2.297, -2.903], [2.207, -3.12], [2.174, -3.213], [2.149, -3.266], [2.119, -3.316], [2.084, -3.363], [2.044, -3.406], [2.001, -3.446], [1.954, -3.481], [1.904, -3.511], [1.851, -3.536], [1.795, -3.556], [1.739, -3.57], [1.681, -3.578], [1.622, -3.581], [1.564, -3.578], [1.506, -3.57], [1.27, -3.523], [1.036, -3.5], [0.8, -3.5], [0.566, -3.523], [0.335, -3.569], [0.25, -3.59], [0.192, -3.599], [0.134, -3.602], [0.075, -3.599], [0.017, -3.59], [-0.04, -3.576], [-0.095, -3.556], [-0.148, -3.531], [-0.194, -3.504], [-0.401, -3.393], [-0.619, -3.303], [-0.644, -3.294], [-0.697, -3.269], [-0.747, -3.238], [-0.794, -3.204], [-0.838, -3.164], [-0.877, -3.121], [-0.912, -3.074], [-0.942, -3.023], [-0.967, -2.97], [-1.02, -2.824], [-1.11, -2.606], [-1.221, -2.398], [-1.352, -2.203], [-1.501, -2.021], [-1.667, -1.854], [-1.707, -1.811], [-1.717, -1.797]]]}, "id": 240}, {"type": "Feature", "properties": {"fill": "#00529c"}, "geometry": {"type": "Polygon", "coordinates": [[[-11.728, 19.32], [-11.708, 19.375], [-11.683, 19.428], [-11.653, 19.479], [-11.618, 19.526], [-11.579, 19.569], [-11.535, 19.608], [-11.488, 19.643], [-11.438, 19.673], [-11.385, 19.698], [-11.33, 19.718], [-11.273, 19.732], [-11.215, 19.741], [-11.156, 19.744], [-11.098, 19.741], [-11.04, 19.732], [-10.971, 19.715], [-10.77, 19.654], [-10.539, 19.608], [-10.304, 19.585], [-10.069, 19.585], [-9.834, 19.608], [-9.734, 19.623], [-9.676, 19.626], [-9.617, 19.623], [-9.559, 19.615], [-9.502, 19.6], [-9.447, 19.581], [-9.306, 19.514], [-9.27, 19.494], [-9.052, 19.404], [-8.908, 19.353], [-8.855, 19.328], [-8.805, 19.298], [-8.758, 19.263], [-8.715, 19.223], [-8.675, 19.18], [-8.65, 19.146], [-8.745, 18.674], [-8.737, 18.661], [-8.488, 18.455], [-8.303, 18.256], [-8.356, 17.832], [-8.222, 17.626], [-8.233, 17.57], [-8.264, 17.449], [-8.275, 17.417], [-8.5, 17.242], [-8.912, 17.209], [-8.981, 17.172], [-9.366, 16.797], [-9.392, 16.799], [-9.447, 16.807], [-9.575, 17.496], [-9.534, 17.619], [-9.542, 17.648], [-9.654, 17.91], [-9.714, 17.971], [-9.8, 18.001], [-9.844, 18.045], [-10.188, 18.18], [-10.44, 18.084], [-10.772, 18.371], [-10.772, 18.385], [-11.208, 18.815], [-11.291, 18.807], [-11.748, 19.226], [-11.742, 19.263], [-11.728, 19.32]]]}, "id": 241}, {"type": "Feature", "properties": {"fill": "#37009c"}, "geometry": {"type": "Polygon", "coordinates": [[[-12.7, 19.08], [-12.657, 19.119], [-12.61, 19.154], [-12.559, 19.184], [-12.506, 19.209], [-12.451, 19.229], [-12.394, 19.243], [-12.336, 19.252], [-12.278, 19.254], [-12.188, 19.25], [-12.016, 19.233], [-11.78, 19.233], [-11.756, 19.234], [-11.291, 18.807], [-11.208, 18.815], [-10.772, 18.385], [-10.772, 18.371], [-10.44, 18.084], [-10.188, 18.18], [-9.844, 18.045], [-9.8, 18.001], [-9.714, 17.971], [-9.654, 17.91], [-9.542, 17.648], [-9.534, 17.619], [-9.575, 17.496], [-9.435, 16.744], [-9.492, 16.66], [-9.603, 16.452], [-9.693, 16.235], [-9.761, 16.009], [-9.807, 15.778], [-9.83, 15.544], [-9.83, 15.308], [-9.826, 15.231], [-9.829, 15.172], [-9.837, 15.121], [-9.848, 15.099], [-10.143, 14.703], [-10.195, 14.679], [-10.25, 14.659], [-10.307, 14.645], [-10.365, 14.636], [-10.423, 14.634], [-10.482, 14.636], [-10.54, 14.645], [-10.597, 14.659], [-10.652, 14.679], [-10.705, 14.704], [-10.755, 14.734], [-10.802, 14.769], [-10.846, 14.808], [-10.885, 14.852], [-10.92, 14.899], [-10.95, 14.949], [-10.97, 14.991], [-11.081, 15.199], [-11.212, 15.395], [-11.329, 15.538], [-11.178, 15.879], [-11.179, 15.882], [-11.754, 16.415], [-11.789, 16.606], [-12.575, 16.867], [-12.837, 16.82], [-12.678, 17.38], [-12.794, 17.559], [-12.771, 18.056], [-13.019, 18.298], [-12.789, 18.834], [-12.777, 18.985], [-12.739, 19.036], [-12.7, 19.08]]]}, "id": 242}, {"type": "Feature", "properties": {"fill": "#00789c"}, "geometry": {"type": "Polygon", "coordinates": [[[49.427, 15.352], [49.484, 15.366], [49.537, 15.374], [49.869, 15.106], [49.949, 15.075], [50.163, 15.01], [50.191, 15.024], [50.592, 15.172], [50.71, 15.175], [50.841, 15.129], [50.889, 15.144], [51.193, 15.214], [51.464, 15.159], [51.55, 15.104], [51.577, 15.074], [51.612, 15.027], [51.626, 15.003], [51.757, 14.807], [51.907, 14.625], [52.073, 14.459], [52.255, 14.309], [52.451, 14.178], [52.528, 14.138], [52.642, 14.069], [52.689, 14.034], [52.732, 13.995], [52.772, 13.951], [52.806, 13.904], [52.837, 13.854], [52.862, 13.801], [52.881, 13.746], [52.896, 13.689], [52.904, 13.631], [52.906, 13.597], [52.108, 12.915], [52.239, 12.576], [52.219, 12.546], [52.108, 12.338], [52.065, 12.247], [52.035, 12.197], [52.021, 12.178], [51.284, 12.28], [50.994, 12.013], [50.754, 11.999], [50.461, 11.42], [50.445, 11.412], [50.39, 11.393], [50.305, 11.371], [50.08, 11.303], [50.021, 11.279], [49.885, 11.23], [49.828, 11.216], [49.77, 11.207], [49.711, 11.204], [49.648, 11.208], [49.151, 11.649], [48.563, 11.397], [48.504, 11.412], [48.452, 11.43], [48.27, 11.719], [48.464, 12.15], [48.394, 12.398], [48.724, 12.882], [48.708, 12.928], [48.686, 12.969], [48.452, 13.142], [48.505, 13.554], [48.101, 13.98], [48.1, 14.0], [48.553, 14.213], [48.584, 14.214], [48.654, 14.26], [48.606, 14.565], [48.72, 14.709], [48.781, 14.87], [49.114, 15.132], [49.141, 15.259], [49.3, 15.307], [49.427, 15.352]]]}, "id": 243}, {"type": "Feature", "properties": {"fill": "#37009c"}, "geometry": {"type": "Polygon", "coordinates": [[[62.003, 2.626], [62.197, 2.842], [62.626, 2.96], [63.004, 2.618], [63.028, 2.521], [63.472, 2.619], [63.594, 3.073], [63.631, 3.088], [63.822, 3.123], [64.263, 2.619], [64.371, 2.637], [64.834, 2.46], [65.021, 2.308], [65.508, 2.715], [65.525, 2.719], [66.144, 2.564], [66.265, 2.447], [66.408, 2.413], [66.847, 1.974], [66.856, 1.949], [67.246, 1.766], [67.269, 1.752], [67.294, 1.734], [67.49, 1.603], [67.632, 1.527], [67.714, 1.478], [67.761, 1.443], [67.804, 1.403], [67.979, 1.228], [68.161, 1.078], [68.357, 0.947], [68.565, 0.836], [68.782, 0.746], [69.008, 0.678], [69.239, 0.632], [69.331, 0.618], [69.388, 0.604], [69.443, 0.584], [69.496, 0.559], [69.573, 0.513], [69.781, 0.402], [69.998, 0.312], [70.044, 0.296], [70.097, 0.27], [70.147, 0.24], [70.194, 0.205], [70.238, 0.166], [70.277, 0.123], [70.312, 0.076], [70.342, 0.025], [70.367, -0.028], [70.387, -0.083], [70.401, -0.14], [70.41, -0.198], [70.412, -0.256], [70.41, -0.315], [70.401, -0.373], [70.387, -0.429], [70.367, -0.485], [70.342, -0.538], [70.312, -0.588], [70.277, -0.635], [70.238, -0.678], [70.194, -0.718], [70.147, -0.753], [70.097, -0.783], [70.044, -0.808], [69.989, -0.828], [69.932, -0.842], [69.874, -0.85], [69.815, -0.853], [69.757, -0.85], [69.693, -0.841], [69.473, -0.797], [69.239, -0.774], [69.003, -0.774], [68.769, -0.797], [68.538, -0.843], [68.313, -0.912], [68.095, -1.002], [67.887, -1.113], [67.691, -1.244], [67.495, -1.406], [67.448, -1.441], [67.398, -1.471], [67.345, -1.496], [67.29, -1.516], [67.233, -1.53], [67.162, -1.54], [66.954, -1.561], [66.723, -1.607], [66.498, -1.675], [66.336, -1.733], [66.279, -1.747], [66.061, -1.79], [65.925, -1.726], [65.451, -1.744], [65.4, -1.807], [64.524, -2.132], [64.48, -2.092], [64.441, -2.049], [64.406, -2.002], [64.376, -1.951], [64.35, -1.897], [64.261, -1.682], [64.15, -1.474], [64.019, -1.278], [63.87, -1.096], [63.703, -0.93], [63.521, -0.78], [63.325, -0.65], [63.268, -0.615], [63.221, -0.58], [63.113, -0.483], [63.069, -0.439], [62.887, -0.289], [62.691, -0.158], [62.484, -0.047], [62.28, 0.037], [62.22, 0.065], [62.17, 0.095], [62.123, 0.13], [62.079, 0.17], [62.04, 0.213], [62.005, 0.26], [61.975, 0.31], [61.95, 0.363], [61.93, 0.418], [61.916, 0.475], [61.907, 0.533], [61.902, 0.639], [61.884, 0.819], [61.968, 1.163], [62.275, 1.389], [62.127, 2.291], [62.033, 2.351], [61.997, 2.432], [62.003, 2.486], [62.003, 2.626]]]}, "id": 244}, {"type": "Feature", "properties": {"fill": "#00789c"}, "geometry": {"type": "Polygon", "coordinates": [[[-8.273, 1.004], [-8.259, 1.061], [-8.239, 1.116], [-8.214, 1.169], [-8.184, 1.219], [-8.149, 1.266], [-7.996, 1.453], [-7.865, 1.649], [-7.754, 1.856], [-7.658, 2.089], [-7.633, 2.142], [-7.603, 2.193], [-7.568, 2.24], [-7.529, 2.283], [-7.486, 2.322], [-7.439, 2.357], [-7.388, 2.388], [-7.335, 2.413], [-7.28, 2.432], [-7.223, 2.447], [-7.195, 2.451], [-6.964, 2.497], [-6.738, 2.565], [-6.529, 2.652], [-6.47, 2.673], [-6.413, 2.687], [-6.355, 2.696], [-6.296, 2.699], [-6.238, 2.696], [-6.18, 2.687], [-6.123, 2.673], [-6.068, 2.653], [-5.943, 2.594], [-5.726, 2.504], [-5.5, 2.436], [-5.341, 2.404], [-5.249, 2.381], [-5.193, 2.361], [-5.14, 2.336], [-5.09, 2.306], [-5.043, 2.271], [-5.0, 2.232], [-4.96, 2.188], [-4.925, 2.141], [-4.895, 2.091], [-4.87, 2.038], [-4.827, 1.918], [-4.799, 1.825], [-4.708, 1.606], [-4.723, 1.582], [-4.55, 0.715], [-4.517, 0.62], [-4.816, 0.375], [-5.161, 0.358], [-5.386, 0.125], [-5.457, -0.118], [-5.658, -0.145], [-5.721, -0.149], [-6.276, 0.438], [-6.439, 0.392], [-6.818, 0.524], [-7.229, 0.128], [-7.551, 0.105], [-7.804, 0.183], [-7.854, 0.219], [-7.858, 0.233], [-8.012, 0.533], [-8.284, 0.904], [-8.282, 0.946], [-8.273, 1.004]]]}, "id": 245}, {"type": "Feature", "properties": {"fill": "#00789c"}, "geometry": {"type": "Polygon", "coordinates": [[[52.029, 16.649], [52.085, 16.669], [52.141, 16.683], [52.199, 16.692], [52.258, 16.695], [52.316, 16.692], [52.457, 16.671], [52.526, 16.657], [52.762, 16.634], [53.03, 16.621], [53.264, 16.621], [53.415, 16.629], [53.474, 16.626], [53.655, 16.598], [53.889, 16.575], [54.125, 16.575], [54.288, 16.583], [54.437, 16.583], [54.671, 16.606], [54.83, 16.638], [54.924, 16.652], [54.983, 16.655], [55.041, 16.652], [55.099, 16.643], [55.156, 16.629], [55.211, 16.609], [55.264, 16.584], [55.315, 16.554], [55.362, 16.519], [55.405, 16.48], [55.444, 16.436], [55.479, 16.389], [55.51, 16.339], [55.537, 16.281], [55.623, 16.074], [55.734, 15.866], [55.865, 15.67], [55.897, 15.627], [55.927, 15.576], [55.952, 15.523], [55.972, 15.468], [55.986, 15.411], [55.995, 15.353], [55.998, 15.295], [55.995, 15.236], [55.986, 15.178], [55.972, 15.121], [55.952, 15.066], [55.927, 15.013], [55.897, 14.963], [55.862, 14.916], [55.823, 14.873], [55.779, 14.833], [55.732, 14.798], [55.682, 14.768], [55.629, 14.743], [55.393, 14.646], [55.185, 14.535], [55.085, 14.469], [54.655, 14.721], [53.976, 13.54], [53.919, 13.537], [53.86, 13.54], [53.802, 13.549], [53.746, 13.563], [53.69, 13.583], [53.637, 13.608], [53.587, 13.638], [53.54, 13.673], [53.497, 13.712], [53.457, 13.755], [53.422, 13.802], [53.392, 13.853], [53.367, 13.906], [53.339, 13.984], [53.249, 14.202], [53.138, 14.409], [53.007, 14.605], [52.858, 14.787], [52.691, 14.954], [52.509, 15.103], [52.313, 15.234], [52.248, 15.269], [52.207, 15.294], [52.142, 15.572], [52.084, 15.701], [52.016, 15.778], [51.653, 16.364], [51.693, 16.419], [51.732, 16.462], [51.775, 16.502], [51.823, 16.537], [51.938, 16.606], [52.029, 16.649]]]}, "id": 246}, {"type": "Feature", "properties": {"fill": "#00529c"}, "geometry": {"type": "Polygon", "coordinates": [[[49.657, 15.847], [49.687, 15.897], [49.722, 15.945], [49.761, 15.988], [49.805, 16.027], [49.852, 16.062], [49.902, 16.092], [49.955, 16.117], [50.01, 16.137], [50.168, 16.177], [50.4, 16.247], [50.624, 16.341], [50.793, 16.423], [50.842, 16.44], [50.899, 16.454], [50.957, 16.463], [51.015, 16.466], [51.074, 16.463], [51.154, 16.451], [51.341, 16.414], [51.495, 16.391], [51.646, 16.376], [52.016, 15.778], [52.084, 15.701], [52.142, 15.572], [52.206, 15.297], [52.162, 15.248], [52.119, 15.208], [52.072, 15.173], [52.022, 15.143], [51.969, 15.118], [51.913, 15.098], [51.857, 15.084], [51.799, 15.076], [51.74, 15.073], [51.588, 15.08], [51.464, 15.159], [51.193, 15.214], [50.889, 15.144], [50.841, 15.129], [50.71, 15.175], [50.592, 15.172], [50.191, 15.024], [50.163, 15.01], [49.949, 15.075], [49.869, 15.106], [49.537, 15.374], [49.534, 15.435], [49.537, 15.494], [49.545, 15.552], [49.559, 15.609], [49.6, 15.721], [49.617, 15.763], [49.657, 15.847]]]}, "id": 247}, {"type": "Feature", "properties": {"fill": "#00529c"}, "geometry": {"type": "Polygon", "coordinates": [[[-7.486, -5.318], [-7.539, -5.343], [-7.595, -5.363], [-7.651, -5.377], [-7.709, -5.385], [-7.768, -5.388], [-7.826, -5.385], [-7.884, -5.377], [-7.941, -5.363], [-7.996, -5.343], [-8.049, -5.318], [-8.159, -5.252], [-8.367, -5.141], [-8.585, -5.051], [-8.646, -5.029], [-8.699, -5.004], [-8.749, -4.973], [-8.796, -4.939], [-8.84, -4.899], [-8.879, -4.856], [-8.914, -4.809], [-8.926, -4.789], [-9.056, -4.594], [-9.206, -4.412], [-9.372, -4.245], [-9.476, -4.151], [-9.515, -4.108], [-9.55, -4.061], [-9.58, -4.011], [-9.605, -3.958], [-9.625, -3.903], [-9.639, -3.846], [-9.648, -3.788], [-9.651, -3.729], [-9.648, -3.671], [-9.638, -3.61], [-8.576, -3.455], [-8.562, -3.459], [-8.538, -3.47], [-8.324, -3.414], [-8.295, -3.425], [-7.801, -3.927], [-7.779, -3.976], [-7.509, -3.962], [-6.941, -3.978], [-6.838, -4.012], [-6.742, -4.558], [-6.797, -4.738], [-6.821, -4.806], [-6.846, -4.859], [-6.876, -4.909], [-6.911, -4.956], [-6.951, -5.0], [-6.994, -5.039], [-7.041, -5.074], [-7.091, -5.104], [-7.168, -5.14], [-7.375, -5.251], [-7.486, -5.318]]]}, "id": 248}, {"type": "Feature", "properties": {"fill": "#37009c"}, "geometry": {"type": "Polygon", "coordinates": [[[-18.571, -0.757], [-18.617, -0.526], [-18.686, -0.301], [-18.74, -0.148], [-18.754, -0.092], [-18.763, -0.034], [-18.766, 0.025], [-18.763, 0.083], [-18.754, 0.141], [-18.74, 0.198], [-18.72, 0.253], [-18.695, 0.306], [-18.665, 0.357], [-18.63, 0.404], [-18.591, 0.447], [-18.548, 0.487], [-18.501, 0.521], [-18.45, 0.552], [-18.397, 0.577], [-18.342, 0.596], [-18.285, 0.611], [-18.135, 0.633], [-18.087, 0.638], [-17.856, 0.684], [-17.63, 0.752], [-17.413, 0.842], [-17.205, 0.953], [-17.097, 1.018], [-17.044, 1.043], [-16.989, 1.062], [-16.875, 1.091], [-16.823, 1.101], [-16.733, 1.115], [-16.674, 1.118], [-16.616, 1.115], [-16.558, 1.106], [-16.501, 1.092], [-16.446, 1.072], [-16.393, 1.047], [-16.372, 1.035], [-16.165, 0.924], [-15.947, 0.834], [-15.881, 0.81], [-15.828, 0.785], [-15.778, 0.755], [-15.731, 0.72], [-15.688, 0.681], [-15.648, 0.637], [-15.609, 0.584], [-15.459, 0.402], [-15.293, 0.236], [-15.198, 0.158], [-15.2, 0.068], [-14.659, -0.219], [-14.404, -0.722], [-14.362, -1.087], [-14.074, -1.192], [-13.745, -1.132], [-13.666, -1.149], [-13.224, -1.617], [-13.228, -1.64], [-13.241, -1.667], [-12.965, -2.56], [-12.995, -2.578], [-13.6, -2.544], [-13.722, -2.672], [-13.969, -2.885], [-14.16, -2.935], [-14.202, -2.943], [-14.247, -2.931], [-14.346, -2.884], [-14.508, -2.798], [-14.726, -2.708], [-14.874, -2.655], [-14.962, -2.618], [-15.188, -2.55], [-15.419, -2.504], [-15.512, -2.49], [-15.569, -2.476], [-15.624, -2.456], [-15.677, -2.431], [-15.762, -2.38], [-15.89, -2.294], [-16.098, -2.183], [-16.315, -2.093], [-16.541, -2.025], [-16.772, -1.979], [-17.006, -1.956], [-17.242, -1.956], [-17.476, -1.979], [-17.53, -1.99], [-17.677, -2.012], [-17.736, -2.014], [-17.794, -2.012], [-17.852, -2.003], [-17.909, -1.989], [-17.964, -1.969], [-18.017, -1.944], [-18.067, -1.914], [-18.114, -1.879], [-18.158, -1.84], [-18.197, -1.796], [-18.285, -1.677], [-18.317, -1.63], [-18.387, -1.535], [-18.414, -1.495], [-18.443, -1.457], [-18.473, -1.406], [-18.498, -1.353], [-18.518, -1.298], [-18.532, -1.241], [-18.54, -1.183], [-18.548, -1.023], [-18.548, -0.991], [-18.571, -0.757]]]}, "id": 249}, {"type": "Feature", "properties": {"fill": "#153477"}, "geometry": {"type": "Polygon", "coordinates": [[[-2.928, 0.548], [-3.042, 1.719], [-3.015, 1.775], [-2.98, 1.784], [-2.922, 1.792], [-2.864, 1.795], [-2.805, 1.792], [-2.747, 1.784], [-2.728, 1.779], [-2.305, 1.381], [-2.207, 1.376], [-1.766, 1.243], [-1.575, 1.365], [-1.01, 1.41], [-0.982, 1.397], [-0.853, 1.32], [-0.809, 1.291], [-0.711, 1.238], [-0.707, 1.098], [-0.317, 0.04], [-0.698, -0.07], [-0.773, -0.573], [-0.999, -0.851], [-1.038, -1.013], [-1.764, -1.208], [-1.879, -1.085], [-1.935, -0.965], [-2.723, -0.877], [-2.813, -0.703], [-3.038, -0.606], [-3.121, -0.177], [-3.372, 0.392], [-3.372, 0.445], [-2.928, 0.548]]]}, "id": 250}, {"type": "Feature", "properties": {"fill": "#516ebc"}, "geometry": {"type": "Polygon", "coordinates": [[[-10.43, 0.966], [-10.41, 1.021], [-10.385, 1.074], [-10.355, 1.125], [-10.32, 1.172], [-10.281, 1.215], [-10.237, 1.254], [-10.19, 1.289], [-10.14, 1.319], [-10.087, 1.345], [-10.032, 1.364], [-9.975, 1.378], [-9.917, 1.387], [-9.859, 1.39], [-9.613, 1.389], [-9.359, 1.416], [-9.3, 1.418], [-9.17, 1.412], [-8.934, 1.412], [-8.906, 1.413], [-8.848, 1.411], [-8.79, 1.402], [-8.733, 1.388], [-8.678, 1.368], [-8.625, 1.343], [-8.575, 1.313], [-8.528, 1.278], [-8.484, 1.239], [-8.445, 1.195], [-8.307, 1.028], [-8.301, 0.927], [-8.012, 0.533], [-7.858, 0.233], [-7.861, 0.213], [-7.871, 0.173], [-8.236, -0.17], [-8.233, -0.242], [-8.32, -0.56], [-8.341, -0.901], [-8.406, -0.97], [-8.431, -1.048], [-8.435, -1.322], [-8.865, -1.669], [-9.147, -1.554], [-9.206, -1.493], [-9.87, -1.399], [-9.949, -1.31], [-10.209, -1.285], [-10.307, -1.14], [-10.616, -0.585], [-10.168, -0.286], [-10.081, -0.282], [-10.016, -0.144], [-10.302, 0.602], [-10.506, 0.703], [-10.449, 0.891], [-10.43, 0.966]]]}, "id": 251}, {"type": "Feature", "properties": {"fill": "#153477"}, "geometry": {"type": "Polygon", "coordinates": [[[-3.345, -2.63], [-3.288, -2.644], [-3.233, -2.664], [-3.18, -2.689], [-3.13, -2.719], [-3.083, -2.754], [-3.039, -2.794], [-3.0, -2.837], [-2.845, -3.026], [-2.678, -3.193], [-2.496, -3.342], [-2.364, -3.44], [-2.321, -3.48], [-2.281, -3.523], [-2.246, -3.57], [-2.216, -3.62], [-2.191, -3.673], [-2.171, -3.729], [-2.157, -3.785], [-2.149, -3.843], [-2.146, -3.902], [-2.149, -3.96], [-2.157, -4.018], [-2.171, -4.075], [-2.191, -4.13], [-2.216, -4.183], [-2.246, -4.234], [-2.281, -4.281], [-2.321, -4.324], [-2.364, -4.363], [-2.411, -4.398], [-2.461, -4.429], [-2.514, -4.454], [-2.57, -4.473], [-2.626, -4.488], [-2.684, -4.496], [-2.743, -4.499], [-2.801, -4.496], [-2.961, -4.473], [-2.991, -4.466], [-3.225, -4.443], [-3.461, -4.443], [-3.695, -4.466], [-3.926, -4.512], [-4.152, -4.581], [-4.369, -4.671], [-4.577, -4.782], [-4.617, -4.806], [-4.67, -4.831], [-4.725, -4.851], [-4.782, -4.865], [-4.84, -4.874], [-4.898, -4.876], [-4.957, -4.874], [-5.046, -4.86], [-5.216, -4.826], [-5.45, -4.803], [-5.686, -4.803], [-5.941, -4.83], [-5.999, -4.832], [-6.058, -4.83], [-6.116, -4.821], [-6.172, -4.807], [-6.228, -4.787], [-6.271, -4.767], [-6.135, -4.165], [-6.2, -3.784], [-6.279, -3.741], [-6.096, -3.247], [-5.728, -3.255], [-5.616, -3.132], [-5.751, -2.836], [-5.343, -2.58], [-5.268, -2.424], [-4.971, -2.644], [-4.76, -2.673], [-4.701, -2.703], [-4.674, -2.709], [-4.508, -2.801], [-3.94, -2.819], [-3.921, -2.794], [-3.409, -2.621], [-3.345, -2.63]]]}, "id": 252}, {"type": "Feature", "properties": {"fill": "#00789c"}, "geometry": {"type": "Polygon", "coordinates": [[[-8.353, -3.422], [-8.538, -3.47], [-8.562, -3.459], [-8.576, -3.455], [-9.798, -3.633], [-9.83, -3.815], [-10.846, -3.43], [-11.006, -3.547], [-11.224, -3.222], [-11.251, -3.151], [-11.251, -2.957], [-11.234, -2.931], [-10.97, -2.806], [-11.142, -2.46], [-10.954, -2.191], [-10.78, -2.06], [-10.777, -1.948], [-10.798, -1.879], [-10.69, -1.617], [-10.209, -1.285], [-9.949, -1.31], [-9.87, -1.399], [-9.206, -1.493], [-9.147, -1.554], [-8.865, -1.669], [-8.81, -1.816], [-8.829, -2.177], [-8.641, -2.459], [-8.502, -2.487], [-8.363, -2.57], [-8.202, -2.834], [-8.122, -2.994], [-8.289, -3.367], [-8.319, -3.395], [-8.353, -3.422]]]}, "id": 253}, {"type": "Feature", "properties": {"fill": "#00529c"}, "geometry": {"type": "Polygon", "coordinates": [[[-3.382, 0.271], [-3.311, 0.254], [-3.121, -0.177], [-3.038, -0.606], [-2.813, -0.703], [-2.723, -0.877], [-1.935, -0.965], [-1.879, -1.085], [-1.764, -1.208], [-1.717, -1.798], [-1.744, -1.843], [-1.779, -1.89], [-1.818, -1.934], [-1.862, -1.973], [-1.909, -2.008], [-1.959, -2.038], [-2.012, -2.063], [-2.067, -2.083], [-2.12, -2.096], [-2.21, -2.124], [-2.379, -2.166], [-2.522, -2.194], [-2.748, -2.263], [-2.965, -2.353], [-3.173, -2.464], [-3.369, -2.595], [-3.401, -2.619], [-3.921, -2.794], [-3.94, -2.819], [-4.508, -2.801], [-4.674, -2.709], [-4.701, -2.703], [-4.76, -2.673], [-4.971, -2.644], [-5.268, -2.424], [-5.315, -2.287], [-5.285, -2.229], [-4.906, -1.904], [-4.894, -1.781], [-4.964, -1.614], [-4.969, -1.478], [-5.181, -1.23], [-5.207, -1.153], [-5.2, -1.092], [-5.092, -0.571], [-5.185, -0.518], [-5.457, -0.118], [-5.386, 0.125], [-5.161, 0.358], [-4.816, 0.375], [-4.517, 0.62], [-4.271, 0.554], [-4.029, 0.411], [-3.674, 0.338], [-3.637, 0.35], [-3.611, 0.34], [-3.382, 0.271]]]}, "id": 254}, {"type": "Feature", "properties": {"fill": "#00529c"}, "geometry": {"type": "Polygon", "coordinates": [[[-14.853, 0.031], [-14.867, 0.088], [-14.876, 0.146], [-14.879, 0.205], [-14.876, 0.263], [-14.867, 0.321], [-14.853, 0.378], [-14.833, 0.433], [-14.808, 0.486], [-14.778, 0.536], [-14.743, 0.583], [-14.704, 0.627], [-14.66, 0.666], [-14.613, 0.701], [-14.563, 0.731], [-14.51, 0.756], [-14.455, 0.776], [-14.398, 0.79], [-14.34, 0.799], [-14.282, 0.802], [-14.223, 0.799], [-14.165, 0.79], [-14.108, 0.776], [-13.943, 0.717], [-13.718, 0.649], [-13.487, 0.603], [-13.252, 0.58], [-13.017, 0.58], [-12.782, 0.603], [-12.551, 0.649], [-12.465, 0.67], [-12.407, 0.679], [-12.348, 0.682], [-12.29, 0.679], [-12.233, 0.67], [-11.999, 0.647], [-11.763, 0.647], [-11.529, 0.67], [-11.436, 0.684], [-11.377, 0.687], [-11.319, 0.684], [-11.24, 0.673], [-11.006, 0.649], [-10.77, 0.649], [-10.536, 0.673], [-10.471, 0.685], [-10.302, 0.602], [-10.016, -0.144], [-10.081, -0.282], [-10.168, -0.286], [-10.616, -0.585], [-10.307, -1.14], [-10.209, -1.285], [-10.69, -1.617], [-10.798, -1.879], [-11.34, -1.813], [-11.647, -1.742], [-11.866, -2.03], [-12.061, -2.025], [-12.067, -2.019], [-12.475, -1.918], [-12.569, -2.049], [-12.643, -2.365], [-12.824, -2.554], [-12.965, -2.56], [-13.241, -1.667], [-13.228, -1.64], [-13.224, -1.617], [-13.666, -1.149], [-13.745, -1.132], [-14.074, -1.192], [-14.362, -1.087], [-14.404, -0.722], [-14.659, -0.219], [-14.799, -0.145], [-14.853, 0.031]]]}, "id": 255}, {"type": "Feature", "properties": {"fill": "#516ebc"}, "geometry": {"type": "Polygon", "coordinates": [[[-8.289, -3.367], [-8.122, -2.994], [-7.652, -2.9], [-7.49, -2.781], [-7.468, -2.695], [-7.052, -2.374], [-6.864, -2.328], [-6.782, -2.274], [-6.592, -2.46], [-6.006, -2.38], [-5.946, -2.394], [-5.938, -2.394], [-5.839, -2.294], [-5.315, -2.287], [-5.268, -2.424], [-5.343, -2.58], [-5.751, -2.836], [-5.616, -3.132], [-5.728, -3.255], [-6.096, -3.247], [-6.279, -3.741], [-6.2, -3.784], [-6.135, -4.165], [-6.27, -4.766], [-6.288, -4.767], [-6.346, -4.764], [-6.404, -4.756], [-6.461, -4.742], [-6.516, -4.722], [-6.569, -4.697], [-6.62, -4.667], [-6.674, -4.626], [-6.74, -4.572], [-6.838, -4.012], [-6.941, -3.978], [-7.509, -3.962], [-7.779, -3.976], [-7.801, -3.927], [-8.282, -3.437], [-8.287, -3.406], [-8.289, -3.367]]]}, "id": 256}, {"type": "Feature", "properties": {"fill": "#37009c"}, "geometry": {"type": "Polygon", "coordinates": [[[-7.805, 0.183], [-7.551, 0.105], [-7.229, 0.128], [-6.852, 0.492], [-6.835, 0.496], [-6.777, 0.504], [-6.764, 0.505], [-6.439, 0.392], [-6.276, 0.438], [-5.721, -0.149], [-5.658, -0.145], [-5.457, -0.118], [-5.185, -0.518], [-5.092, -0.571], [-5.2, -1.092], [-5.207, -1.153], [-5.181, -1.23], [-4.969, -1.478], [-4.964, -1.614], [-4.894, -1.781], [-4.906, -1.904], [-5.285, -2.229], [-5.315, -2.287], [-5.839, -2.294], [-5.938, -2.394], [-5.946, -2.394], [-6.006, -2.38], [-6.592, -2.46], [-6.782, -2.274], [-6.864, -2.328], [-7.052, -2.374], [-7.468, -2.695], [-7.49, -2.781], [-7.652, -2.9], [-8.122, -2.994], [-8.202, -2.834], [-8.363, -2.57], [-8.502, -2.487], [-8.641, -2.459], [-8.829, -2.177], [-8.81, -1.816], [-8.865, -1.669], [-8.435, -1.322], [-8.431, -1.048], [-8.406, -0.97], [-8.341, -0.901], [-8.32, -0.56], [-8.233, -0.242], [-8.236, -0.17], [-7.87, 0.173], [-7.805, 0.183]]]}, "id": 257}, {"type": "Feature", "properties": {"fill": "#516ebc"}, "geometry": {"type": "Polygon", "coordinates": [[[-10.033, -3.838], [-10.058, -3.891], [-10.088, -3.941], [-10.123, -3.988], [-10.162, -4.032], [-10.205, -4.071], [-10.252, -4.106], [-10.303, -4.136], [-10.356, -4.161], [-10.411, -4.181], [-10.468, -4.195], [-10.526, -4.204], [-10.584, -4.207], [-10.643, -4.204], [-10.773, -4.184], [-11.008, -4.161], [-11.243, -4.161], [-11.477, -4.184], [-11.506, -4.189], [-11.565, -4.191], [-11.623, -4.189], [-11.681, -4.18], [-11.738, -4.166], [-11.793, -4.146], [-11.926, -4.106], [-11.946, -4.006], [-11.951, -3.956], [-12.321, -3.465], [-12.373, -3.125], [-12.383, -3.115], [-12.403, -2.966], [-12.824, -2.554], [-12.643, -2.365], [-12.569, -2.049], [-12.475, -1.918], [-12.067, -2.019], [-12.061, -2.025], [-11.866, -2.03], [-11.647, -1.742], [-11.34, -1.813], [-10.798, -1.879], [-10.777, -1.948], [-10.78, -2.06], [-10.954, -2.191], [-11.142, -2.46], [-10.97, -2.806], [-11.234, -2.931], [-11.251, -2.957], [-11.251, -3.151], [-11.224, -3.222], [-11.006, -3.547], [-10.846, -3.43], [-10.004, -3.749], [-10.013, -3.783], [-10.033, -3.838]]]}, "id": 258}, {"type": "Feature", "properties": {"fill": "#153477"}, "geometry": {"type": "Polygon", "coordinates": [[[-15.852, -3.514], [-15.855, -3.455], [-15.852, -3.397], [-15.843, -3.339], [-15.829, -3.282], [-15.809, -3.227], [-15.784, -3.174], [-15.754, -3.123], [-15.719, -3.076], [-15.68, -3.033], [-15.636, -2.994], [-15.589, -2.959], [-15.539, -2.929], [-15.486, -2.904], [-15.431, -2.884], [-15.374, -2.87], [-15.316, -2.861], [-15.258, -2.858], [-15.217, -2.86], [-14.979, -2.86], [-14.761, -2.838], [-14.65, -2.868], [-14.603, -2.858], [-14.341, -2.907], [-14.202, -2.943], [-14.16, -2.935], [-13.969, -2.885], [-13.722, -2.672], [-13.6, -2.544], [-12.995, -2.578], [-12.965, -2.56], [-12.824, -2.554], [-12.403, -2.966], [-12.383, -3.115], [-12.373, -3.125], [-12.321, -3.465], [-11.951, -3.956], [-11.946, -4.006], [-11.935, -4.062], [-11.968, -4.118], [-12.0, -4.161], [-12.039, -4.204], [-12.082, -4.243], [-12.13, -4.278], [-12.18, -4.308], [-12.233, -4.333], [-12.288, -4.353], [-12.463, -4.397], [-12.688, -4.465], [-12.834, -4.517], [-12.891, -4.531], [-13.025, -4.551], [-13.112, -4.56], [-13.346, -4.607], [-13.574, -4.677], [-13.794, -4.769], [-13.962, -4.85], [-14.012, -4.868], [-14.069, -4.882], [-14.127, -4.89], [-14.185, -4.893], [-14.244, -4.89], [-14.494, -4.865], [-14.546, -4.862], [-14.604, -4.854], [-14.661, -4.839], [-14.716, -4.82], [-14.769, -4.795], [-14.923, -4.702], [-15.131, -4.591], [-15.349, -4.501], [-15.374, -4.492], [-15.427, -4.467], [-15.477, -4.437], [-15.524, -4.402], [-15.568, -4.362], [-15.607, -4.319], [-15.642, -4.272], [-15.672, -4.222], [-15.697, -4.169], [-15.717, -4.113], [-15.731, -4.057], [-15.735, -4.027], [-15.781, -3.796], [-15.814, -3.688], [-15.843, -3.572], [-15.852, -3.514]]]}, "id": 259}, {"type": "Feature", "properties": {"fill": "#00529c"}, "geometry": {"type": "Polygon", "coordinates": [[[15.632, 22.199], [15.867, 22.199], [16.007, 22.213], [16.127, 22.188], [16.415, 22.234], [16.47, 22.302], [16.894, 22.454], [16.936, 22.482], [17.24, 22.461], [18.121, 22.741], [18.41, 22.287], [18.965, 22.411], [19.054, 22.393], [19.117, 22.377], [19.156, 22.363], [19.499, 21.91], [19.54, 21.811], [19.54, 21.794], [19.384, 21.497], [19.36, 21.424], [19.377, 20.995], [19.362, 20.954], [19.333, 20.859], [19.259, 20.738], [19.213, 20.465], [19.239, 20.406], [19.233, 20.349], [18.81, 19.565], [18.606, 19.482], [18.456, 19.403], [18.297, 18.954], [18.012, 18.87], [17.883, 18.005], [17.59, 18.072], [17.33, 17.931], [17.137, 18.076], [17.085, 18.089], [16.881, 18.019], [16.855, 18.045], [16.342, 18.142], [16.311, 18.386], [16.458, 18.64], [15.892, 18.797], [15.954, 18.947], [16.187, 19.359], [15.994, 19.419], [15.815, 19.694], [15.459, 20.018], [15.444, 20.126], [15.559, 20.229], [15.944, 20.761], [15.812, 20.911], [15.043, 21.22], [15.033, 21.25], [15.019, 21.306], [15.12, 21.425], [15.557, 22.201], [15.57, 22.202], [15.632, 22.199]]]}, "id": 260}, {"type": "Feature", "properties": {"fill": "#00529c"}, "geometry": {"type": "Polygon", "coordinates": [[[-14.533, 8.304], [-14.498, 8.36], [-13.562, 8.35], [-13.546, 8.366], [-13.339, 8.363], [-12.855, 8.284], [-12.83, 8.263], [-12.578, 8.133], [-12.556, 7.964], [-12.342, 7.644], [-12.069, 7.512], [-12.105, 6.979], [-12.668, 6.757], [-12.847, 6.419], [-12.875, 6.305], [-12.88, 6.198], [-12.687, 5.983], [-12.689, 5.749], [-12.759, 5.516], [-12.803, 5.336], [-12.821, 5.286], [-12.846, 5.233], [-12.876, 5.183], [-12.911, 5.136], [-12.95, 5.092], [-12.994, 5.053], [-13.041, 5.018], [-13.139, 4.959], [-13.248, 4.901], [-13.277, 4.883], [-13.33, 4.858], [-13.385, 4.839], [-13.442, 4.824], [-13.5, 4.816], [-13.559, 4.813], [-13.617, 4.816], [-13.675, 4.824], [-13.732, 4.839], [-13.787, 4.858], [-13.84, 4.883], [-13.89, 4.913], [-13.938, 4.948], [-13.981, 4.988], [-14.02, 5.031], [-14.055, 5.078], [-14.085, 5.128], [-14.11, 5.181], [-14.13, 5.237], [-14.138, 5.267], [-14.151, 5.848], [-14.473, 6.016], [-14.538, 6.113], [-14.687, 6.295], [-14.854, 6.462], [-14.917, 6.519], [-14.956, 6.562], [-14.991, 6.609], [-15.021, 6.659], [-15.046, 6.712], [-15.057, 6.743], [-14.524, 7.288], [-14.513, 7.334], [-14.381, 7.461], [-14.472, 8.064], [-14.565, 8.235], [-14.533, 8.304]]]}, "id": 261}, {"type": "Feature", "properties": {"fill": "#00789c"}, "geometry": {"type": "Polygon", "coordinates": [[[-17.603, 9.128], [-17.52, 9.172], [-17.403, 9.227], [-17.348, 9.247], [-17.291, 9.261], [-17.199, 9.275], [-17.034, 9.291], [-16.96, 9.302], [-16.902, 9.305], [-16.843, 9.302], [-16.785, 9.294], [-16.728, 9.279], [-16.673, 9.26], [-16.62, 9.235], [-16.57, 9.204], [-16.512, 9.162], [-16.351, 9.029], [-16.155, 8.898], [-15.947, 8.787], [-15.73, 8.697], [-15.633, 8.663], [-15.58, 8.638], [-15.523, 8.603], [-15.159, 8.173], [-14.751, 8.272], [-14.59, 8.24], [-14.565, 8.234], [-14.472, 8.064], [-14.381, 7.461], [-14.513, 7.334], [-14.524, 7.288], [-15.141, 6.658], [-15.172, 6.6], [-15.137, 6.47], [-15.309, 6.329], [-15.417, 6.221], [-15.829, 5.962], [-15.87, 5.956], [-15.929, 5.953], [-15.987, 5.956], [-16.045, 5.965], [-16.102, 5.979], [-16.157, 5.999], [-16.21, 6.024], [-16.261, 6.054], [-16.319, 6.097], [-16.479, 6.228], [-16.675, 6.359], [-16.883, 6.47], [-17.1, 6.56], [-17.326, 6.629], [-17.557, 6.675], [-17.791, 6.698], [-18.026, 6.698], [-18.261, 6.675], [-18.299, 6.669], [-18.358, 6.666], [-18.416, 6.669], [-18.474, 6.677], [-18.531, 6.692], [-18.586, 6.711], [-18.639, 6.737], [-18.675, 6.758], [-18.674, 6.788], [-18.484, 7.588], [-18.54, 7.63], [-18.544, 7.973], [-18.754, 8.18], [-18.465, 8.437], [-18.374, 8.765], [-17.968, 8.974], [-17.864, 8.984], [-17.826, 9.036], [-17.603, 9.128]]]}, "id": 262}, {"type": "Feature", "properties": {"fill": "#153477"}, "geometry": {"type": "Polygon", "coordinates": [[[-17.936, 9.97], [-17.901, 9.931], [-17.866, 9.884], [-17.836, 9.834], [-17.811, 9.781], [-17.791, 9.726], [-17.777, 9.669], [-17.768, 9.611], [-17.765, 9.552], [-17.768, 9.494], [-17.777, 9.436], [-17.791, 9.379], [-17.811, 9.324], [-17.836, 9.271], [-17.866, 9.22], [-17.978, 9.071], [-18.083, 8.914], [-18.374, 8.765], [-18.814, 8.81], [-18.922, 8.805], [-19.011, 8.884], [-19.824, 8.853], [-19.92, 8.95], [-20.102, 9.099], [-20.298, 9.23], [-20.359, 9.267], [-20.406, 9.302], [-20.45, 9.341], [-20.489, 9.385], [-20.524, 9.432], [-20.554, 9.482], [-20.579, 9.535], [-20.599, 9.59], [-20.613, 9.647], [-20.622, 9.705], [-20.625, 9.763], [-20.617, 9.922], [-20.614, 9.957], [-20.614, 10.193], [-20.637, 10.427], [-20.647, 10.477], [-20.19, 11.023], [-20.206, 11.267], [-20.132, 11.356], [-19.75, 11.39], [-19.599, 11.231], [-19.534, 11.208], [-19.249, 11.276], [-19.158, 10.681], [-19.044, 10.611], [-19.039, 10.61], [-19.02, 10.611], [-18.899, 10.504], [-18.652, 10.314], [-18.577, 10.292], [-18.183, 10.202], [-18.075, 10.094], [-17.936, 9.97]]]}, "id": 263}, {"type": "Feature", "properties": {"fill": "#516ebc"}, "geometry": {"type": "Polygon", "coordinates": [[[-24.43, 13.271], [-24.444, 13.418], [-24.449, 13.52], [-24.447, 13.579], [-24.438, 13.637], [-24.424, 13.694], [-24.404, 13.749], [-24.379, 13.802], [-24.349, 13.852], [-24.314, 13.899], [-24.274, 13.943], [-24.231, 13.982], [-24.184, 14.017], [-24.134, 14.047], [-24.081, 14.072], [-24.026, 14.092], [-23.969, 14.106], [-23.911, 14.115], [-23.852, 14.117], [-23.791, 14.114], [-23.555, 14.114], [-23.321, 14.137], [-23.09, 14.183], [-22.864, 14.252], [-22.647, 14.342], [-22.439, 14.453], [-22.243, 14.584], [-22.061, 14.733], [-22.038, 14.754], [-21.991, 14.789], [-21.94, 14.819], [-21.887, 14.845], [-21.832, 14.864], [-21.775, 14.878], [-21.717, 14.887], [-21.659, 14.89], [-21.6, 14.887], [-21.542, 14.878], [-21.486, 14.864], [-21.43, 14.845], [-21.377, 14.819], [-21.327, 14.789], [-21.244, 14.727], [-21.048, 14.596], [-20.944, 14.541], [-20.65, 14.044], [-20.175, 14.283], [-19.932, 14.258], [-19.684, 14.258], [-19.626, 14.256], [-19.568, 14.247], [-19.511, 14.233], [-19.447, 14.209], [-19.181, 13.84], [-18.845, 13.749], [-18.538, 13.754], [-18.517, 13.742], [-18.219, 13.401], [-18.171, 13.246], [-17.798, 12.798], [-17.447, 12.91], [-17.361, 12.885], [-16.795, 12.451], [-16.885, 12.172], [-16.91, 12.026], [-16.796, 11.493], [-16.824, 11.467], [-16.871, 11.432], [-16.921, 11.402], [-17.063, 11.335], [-17.271, 11.224], [-17.467, 11.093], [-17.649, 10.944], [-17.815, 10.777], [-17.965, 10.595], [-18.096, 10.399], [-18.132, 10.338], [-18.167, 10.291], [-18.207, 10.248], [-18.242, 10.215], [-18.577, 10.292], [-18.652, 10.314], [-18.899, 10.504], [-19.02, 10.611], [-19.039, 10.61], [-19.044, 10.611], [-19.158, 10.681], [-19.249, 11.276], [-19.534, 11.208], [-19.599, 11.231], [-19.75, 11.39], [-20.132, 11.356], [-20.206, 11.267], [-20.19, 11.023], [-20.633, 10.493], [-20.672, 10.502], [-20.728, 10.522], [-20.781, 10.547], [-20.831, 10.577], [-20.861, 10.6], [-21.057, 10.731], [-21.265, 10.842], [-21.314, 10.862], [-21.449, 10.926], [-21.5, 10.956], [-21.547, 10.991], [-21.59, 11.03], [-21.662, 11.11], [-21.828, 11.276], [-22.011, 11.426], [-22.206, 11.556], [-22.414, 11.667], [-22.632, 11.758], [-22.857, 11.826], [-23.088, 11.872], [-23.322, 11.895], [-23.558, 11.895], [-23.685, 11.882], [-23.797, 11.877], [-23.856, 11.88], [-23.914, 11.888], [-23.94, 11.895], [-23.968, 12.584], [-24.432, 13.014], [-24.43, 13.035], [-24.43, 13.271]]]}, "id": 264}, {"type": "Feature", "properties": {"fill": "#00529c"}, "geometry": {"type": "Polygon", "coordinates": [[[-20.714, 8.418], [-20.689, 8.471], [-20.672, 8.5], [-20.555, 8.639], [-20.541, 8.651], [-20.494, 8.686], [-20.444, 8.716], [-20.391, 8.741], [-20.319, 8.767], [-20.126, 8.825], [-19.965, 8.892], [-19.919, 8.85], [-19.011, 8.884], [-18.922, 8.805], [-18.814, 8.81], [-18.374, 8.765], [-18.465, 8.437], [-18.754, 8.18], [-18.544, 7.973], [-18.54, 7.63], [-18.484, 7.588], [-18.674, 6.788], [-18.676, 6.749], [-18.766, 6.721], [-18.891, 6.69], [-18.984, 6.672], [-19.209, 6.603], [-19.305, 6.569], [-19.362, 6.555], [-19.42, 6.546], [-19.529, 6.541], [-19.764, 6.518], [-19.829, 6.505], [-19.971, 6.484], [-20.029, 6.481], [-20.088, 6.484], [-20.146, 6.492], [-20.203, 6.507], [-20.258, 6.526], [-20.311, 6.551], [-20.357, 6.579], [-20.271, 7.137], [-20.25, 7.214], [-20.316, 7.346], [-20.368, 7.781], [-20.396, 7.795], [-20.741, 8.336], [-20.734, 8.363], [-20.714, 8.418]]]}, "id": 265}, {"type": "Feature", "properties": {"fill": "#153477"}, "geometry": {"type": "Polygon", "coordinates": [[[-21.123, 9.543], [-21.064, 9.546], [-21.006, 9.543], [-20.948, 9.535], [-20.891, 9.52], [-20.836, 9.501], [-20.783, 9.476], [-20.732, 9.446], [-20.685, 9.411], [-20.642, 9.371], [-20.603, 9.328], [-20.568, 9.281], [-20.538, 9.231], [-20.513, 9.178], [-20.493, 9.122], [-20.479, 9.066], [-20.47, 9.008], [-20.466, 8.928], [-20.45, 8.763], [-20.77, 8.383], [-20.396, 7.795], [-20.368, 7.781], [-20.316, 7.346], [-20.25, 7.214], [-20.271, 7.137], [-20.357, 6.579], [-20.403, 6.568], [-20.56, 6.544], [-20.626, 6.539], [-20.912, 6.77], [-20.886, 7.2], [-20.94, 7.277], [-21.033, 7.355], [-21.034, 7.359], [-21.296, 7.43], [-21.39, 7.511], [-21.43, 7.624], [-21.453, 8.218], [-21.465, 8.258], [-21.459, 8.261], [-21.319, 9.25], [-21.208, 9.528], [-21.181, 9.535], [-21.123, 9.543]]]}, "id": 266}, {"type": "Feature", "properties": {"fill": "#00529c"}, "geometry": {"type": "Polygon", "coordinates": [[[-23.97, 8.787], [-24.0, 8.837], [-24.025, 8.89], [-24.045, 8.945], [-24.059, 9.002], [-24.067, 9.06], [-24.07, 9.119], [-24.067, 9.177], [-24.059, 9.235], [-24.045, 9.292], [-24.025, 9.347], [-24.0, 9.4], [-23.97, 9.451], [-23.935, 9.498], [-23.895, 9.541], [-23.852, 9.58], [-23.805, 9.615], [-23.755, 9.645], [-23.702, 9.67], [-23.647, 9.69], [-23.59, 9.704], [-23.532, 9.713], [-23.473, 9.716], [-23.376, 9.711], [-23.141, 9.711], [-22.906, 9.734], [-22.675, 9.78], [-22.45, 9.849], [-22.232, 9.939], [-22.206, 9.951], [-22.151, 9.971], [-22.094, 9.985], [-22.036, 9.994], [-21.978, 9.996], [-21.919, 9.994], [-21.861, 9.985], [-21.805, 9.971], [-21.749, 9.951], [-21.696, 9.926], [-21.646, 9.896], [-21.516, 9.8], [-21.433, 9.744], [-21.332, 9.669], [-21.288, 9.629], [-21.249, 9.586], [-21.214, 9.539], [-21.208, 9.528], [-21.319, 9.25], [-21.459, 8.261], [-21.465, 8.258], [-21.453, 8.218], [-21.43, 7.624], [-21.39, 7.511], [-21.296, 7.43], [-21.034, 7.359], [-21.033, 7.355], [-20.94, 7.277], [-20.886, 7.2], [-20.912, 6.77], [-20.614, 6.529], [-20.621, 6.39], [-20.629, 6.332], [-20.644, 6.275], [-20.663, 6.22], [-20.689, 6.167], [-20.719, 6.117], [-20.754, 6.07], [-20.793, 6.027], [-20.836, 5.987], [-20.883, 5.952], [-20.934, 5.922], [-20.987, 5.897], [-21.042, 5.877], [-21.099, 5.863], [-21.157, 5.855], [-21.215, 5.852], [-21.312, 5.856], [-21.548, 5.856], [-21.782, 5.833], [-22.013, 5.787], [-22.239, 5.719], [-22.292, 5.697], [-22.431, 5.647], [-22.488, 5.633], [-22.546, 5.624], [-22.598, 5.622], [-22.742, 6.067], [-22.816, 7.213], [-23.031, 7.405], [-23.223, 7.625], [-23.256, 7.735], [-23.347, 7.953], [-23.458, 8.16], [-23.588, 8.356], [-23.738, 8.538], [-23.887, 8.688], [-23.935, 8.74], [-23.97, 8.787]]]}, "id": 267}, {"type": "Feature", "properties": {"fill": "#516ebc"}, "geometry": {"type": "Polygon", "coordinates": [[[26.817, 16.226], [26.834, 16.403], [26.874, 16.497], [27.297, 16.752], [27.197, 17.166], [26.945, 17.637], [26.966, 17.66], [27.009, 17.699], [27.056, 17.734], [27.107, 17.764], [27.16, 17.79], [27.215, 17.809], [27.272, 17.824], [27.33, 17.832], [27.388, 17.835], [27.447, 17.832], [27.505, 17.824], [27.562, 17.809], [27.617, 17.79], [27.67, 17.764], [27.72, 17.734], [27.767, 17.699], [27.838, 17.635], [27.952, 17.521], [28.134, 17.372], [28.33, 17.241], [28.538, 17.13], [28.755, 17.04], [28.981, 16.971], [29.212, 16.925], [29.446, 16.902], [29.499, 16.9], [29.554, 16.892], [29.789, 16.868], [29.868, 16.865], [29.926, 16.856], [29.983, 16.842], [30.038, 16.822], [30.091, 16.797], [30.141, 16.767], [30.188, 16.732], [30.232, 16.693], [30.258, 16.663], [30.425, 16.497], [30.547, 16.396], [30.619, 16.331], [30.658, 16.288], [30.693, 16.241], [30.724, 16.19], [30.731, 16.174], [30.729, 15.874], [30.543, 15.621], [30.527, 15.597], [30.519, 15.112], [30.462, 15.04], [30.273, 14.943], [29.952, 14.64], [29.389, 14.985], [29.102, 14.646], [28.888, 14.447], [28.887, 14.43], [28.211, 13.774], [28.02, 13.705], [27.967, 13.756], [27.214, 13.516], [27.066, 13.708], [26.479, 13.763], [26.395, 14.066], [26.368, 14.084], [26.227, 14.564], [26.311, 14.867], [26.373, 14.935], [26.702, 15.64], [26.72, 15.805], [26.715, 15.812], [26.771, 15.995], [26.817, 16.226]]]}, "id": 268}, {"type": "Feature", "properties": {"fill": "#516ebc"}, "geometry": {"type": "Polygon", "coordinates": [[[-14.293, 13.857], [-14.262, 13.908], [-14.228, 13.955], [-14.188, 13.998], [-14.145, 14.037], [-14.098, 14.072], [-14.047, 14.102], [-13.995, 14.128], [-13.877, 14.17], [-13.659, 14.26], [-13.593, 14.291], [-13.538, 14.311], [-13.481, 14.325], [-13.423, 14.334], [-13.364, 14.337], [-13.292, 14.333], [-13.085, 14.313], [-12.85, 14.313], [-12.615, 14.336], [-12.384, 14.382], [-12.266, 14.411], [-12.209, 14.42], [-12.15, 14.423], [-12.091, 14.42], [-12.034, 14.411], [-11.896, 14.377], [-11.684, 14.335], [-11.565, 14.305], [-11.334, 14.259], [-11.1, 14.236], [-10.864, 14.236], [-10.839, 14.237], [-10.781, 14.234], [-10.723, 14.226], [-10.666, 14.211], [-10.611, 14.192], [-10.558, 14.167], [-10.507, 14.136], [-10.389, 14.048], [-10.344, 14.012], [-10.148, 13.881], [-10.073, 13.841], [-10.081, 13.612], [-9.437, 13.293], [-9.319, 13.15], [-9.056, 12.955], [-8.891, 12.984], [-8.585, 12.321], [-8.722, 12.05], [-9.201, 12.226], [-9.419, 11.887], [-9.566, 11.811], [-9.886, 12.066], [-10.194, 11.564], [-10.499, 11.423], [-10.591, 11.443], [-10.631, 11.491], [-11.022, 11.595], [-11.369, 11.555], [-11.552, 11.585], [-11.706, 11.823], [-12.294, 11.882], [-12.394, 11.323], [-12.823, 11.235], [-13.107, 11.33], [-13.408, 11.084], [-13.698, 11.261], [-13.725, 11.85], [-13.734, 11.868], [-13.584, 12.238], [-14.002, 12.549], [-13.349, 13.207], [-13.393, 13.234], [-14.289, 13.343], [-14.306, 13.378], [-14.324, 13.787], [-14.318, 13.804], [-14.293, 13.857]]]}, "id": 269}, {"type": "Feature", "properties": {"fill": "#37009c"}, "geometry": {"type": "Polygon", "coordinates": [[[52.445, 1.068], [52.475, 1.119], [52.51, 1.166], [52.549, 1.209], [52.592, 1.249], [52.64, 1.283], [52.69, 1.314], [52.743, 1.339], [52.958, 1.454], [53.007, 1.484], [53.561, 1.52], [53.732, 0.961], [54.107, 0.961], [54.284, 0.919], [54.3, 0.91], [54.217, 0.495], [54.941, 0.427], [54.904, 0.228], [54.983, -0.05], [54.769, -0.389], [54.755, -0.65], [55.802, -0.864], [55.808, -0.869], [55.98, -0.796], [56.381, -0.758], [56.397, -0.765], [57.045, -1.643], [57.01, -1.741], [57.01, -1.755], [58.026, -2.366], [58.017, -2.43], [58.003, -2.487], [57.996, -2.506], [57.733, -2.765], [57.477, -3.073], [57.697, -3.465], [57.435, -3.915], [56.706, -4.137], [56.68, -4.123], [56.461, -4.032], [56.234, -3.964], [56.217, -3.961], [56.19, -3.911], [56.056, -3.865], [56.017, -3.865], [55.755, -3.896], [55.529, -3.896], [55.346, -3.906], [55.218, -3.9], [54.983, -3.9], [54.908, -3.907], [54.893, -3.905], [54.888, -3.909], [54.843, -3.914], [53.922, -3.825], [53.917, -3.821], [53.878, -3.777], [53.843, -3.73], [53.776, -3.62], [53.733, -3.555], [53.662, -3.437], [53.637, -3.384], [53.618, -3.329], [53.603, -3.272], [53.595, -3.214], [53.592, -3.155], [53.593, -2.947], [53.645, -2.859], [53.63, -2.288], [53.47, -2.083], [53.384, -1.853], [53.313, -1.754], [53.261, -1.714], [53.217, -1.631], [53.166, -1.546], [53.141, -1.493], [53.122, -1.438], [53.107, -1.381], [53.092, -1.275], [53.046, -1.044], [52.977, -0.819], [52.887, -0.601], [52.776, -0.393], [52.645, -0.198], [52.615, -0.156], [52.759, 0.498], [52.417, 1.009], [52.445, 1.068]]]}, "id": 270}, {"type": "Feature", "properties": {"fill": "#37009c"}, "geometry": {"type": "Polygon", "coordinates": [[[-2.856, 7.727], [-2.848, 7.669], [-2.845, 7.611], [-2.848, 7.552], [-2.856, 7.494], [-2.871, 7.438], [-2.89, 7.382], [-2.915, 7.329], [-2.946, 7.279], [-2.961, 7.259], [-3.731, 7.136], [-3.741, 7.073], [-4.124, 6.451], [-4.659, 6.45], [-4.72, 6.403], [-4.762, 6.352], [-4.932, 6.014], [-5.08, 5.915], [-5.105, 5.915], [-5.683, 5.667], [-6.122, 5.891], [-6.137, 6.398], [-6.914, 6.353], [-6.929, 6.402], [-6.937, 6.578], [-6.975, 6.837], [-6.937, 6.969], [-7.048, 7.461], [-6.931, 7.53], [-6.779, 7.739], [-6.406, 7.902], [-6.261, 8.203], [-6.318, 8.383], [-6.315, 8.431], [-6.525, 8.72], [-6.346, 9.198], [-6.288, 9.222], [-5.775, 9.139], [-5.732, 9.12], [-5.322, 9.244], [-5.285, 9.218], [-4.872, 9.206], [-4.758, 9.147], [-4.185, 9.431], [-4.073, 8.817], [-3.735, 8.742], [-3.495, 8.415], [-3.489, 8.412], [-3.383, 8.271], [-3.017, 7.893], [-2.871, 7.784], [-2.856, 7.727]]]}, "id": 271}, {"type": "Feature", "properties": {"fill": "#153477"}, "geometry": {"type": "Polygon", "coordinates": [[[-7.093, 11.967], [-7.049, 11.927], [-7.01, 11.884], [-6.975, 11.837], [-6.945, 11.787], [-6.916, 11.726], [-6.805, 11.518], [-6.744, 11.427], [-6.72, 11.006], [-6.289, 10.917], [-6.176, 10.824], [-6.006, 10.71], [-5.946, 10.044], [-5.292, 9.823], [-5.317, 9.329], [-5.349, 9.286], [-5.405, 9.219], [-5.732, 9.12], [-5.775, 9.139], [-6.288, 9.222], [-6.346, 9.198], [-6.525, 8.72], [-6.315, 8.431], [-6.318, 8.383], [-6.261, 8.203], [-6.406, 7.902], [-6.779, 7.739], [-6.931, 7.53], [-7.048, 7.461], [-6.937, 6.969], [-6.975, 6.837], [-6.937, 6.578], [-6.929, 6.402], [-6.914, 6.353], [-6.137, 6.398], [-6.122, 5.891], [-5.683, 5.667], [-5.172, 5.886], [-5.04, 5.778], [-4.978, 5.722], [-4.939, 5.678], [-4.904, 5.631], [-4.874, 5.581], [-4.849, 5.528], [-4.829, 5.473], [-4.815, 5.416], [-4.806, 5.358], [-4.803, 5.3], [-4.806, 5.241], [-4.815, 5.183], [-4.818, 5.168], [-4.889, 5.103], [-5.023, 4.964], [-5.299, 4.393], [-5.401, 4.357], [-5.619, 4.266], [-5.826, 4.155], [-6.022, 4.025], [-6.126, 3.947], [-6.177, 3.917], [-6.23, 3.892], [-6.285, 3.872], [-6.342, 3.858], [-6.4, 3.849], [-6.458, 3.847], [-6.555, 3.851], [-6.79, 3.851], [-7.025, 3.828], [-7.256, 3.782], [-7.481, 3.714], [-7.58, 3.679], [-7.637, 3.664], [-7.695, 3.656], [-7.753, 3.653], [-7.812, 3.656], [-7.87, 3.664], [-7.926, 3.679], [-7.982, 3.698], [-8.035, 3.723], [-8.085, 3.754], [-8.132, 3.789], [-8.194, 3.845], [-8.325, 3.976], [-8.507, 4.125], [-8.703, 4.256], [-8.91, 4.367], [-8.99, 4.404], [-9.035, 4.428], [-9.252, 4.519], [-9.478, 4.587], [-9.709, 4.633], [-9.943, 4.656], [-10.179, 4.656], [-10.413, 4.633], [-10.613, 4.593], [-10.687, 4.582], [-10.745, 4.579], [-10.804, 4.582], [-10.862, 4.591], [-10.918, 4.605], [-10.974, 4.625], [-11.08, 4.675], [-11.298, 4.765], [-11.523, 4.834], [-11.754, 4.88], [-11.988, 4.903], [-12.069, 4.907], [-12.127, 4.915], [-12.184, 4.929], [-12.239, 4.949], [-12.292, 4.974], [-12.342, 5.004], [-12.389, 5.039], [-12.433, 5.079], [-12.472, 5.122], [-12.507, 5.169], [-12.537, 5.219], [-12.562, 5.272], [-12.582, 5.328], [-12.596, 5.384], [-12.605, 5.442], [-12.607, 5.501], [-12.604, 5.577], [-12.604, 5.812], [-12.627, 6.047], [-12.673, 6.278], [-12.703, 6.378], [-12.725, 6.466], [-12.76, 6.582], [-12.668, 6.757], [-12.105, 6.979], [-12.069, 7.512], [-12.342, 7.644], [-12.556, 7.964], [-12.578, 8.133], [-12.83, 8.263], [-12.855, 8.284], [-13.339, 8.363], [-13.546, 8.366], [-13.562, 8.35], [-14.499, 8.36], [-14.527, 8.407], [-14.546, 8.447], [-14.47, 8.895], [-13.922, 9.203], [-13.908, 9.451], [-14.006, 9.618], [-14.183, 9.757], [-14.245, 10.066], [-14.257, 10.079], [-14.258, 10.085], [-14.468, 10.628], [-14.391, 10.91], [-14.402, 10.934], [-14.05, 11.248], [-13.698, 11.261], [-13.408, 11.084], [-13.107, 11.33], [-12.823, 11.235], [-12.394, 11.323], [-12.294, 11.882], [-11.706, 11.823], [-11.552, 11.585], [-11.369, 11.555], [-11.022, 11.595], [-10.631, 11.491], [-10.591, 11.443], [-10.499, 11.423], [-10.194, 11.564], [-9.886, 12.066], [-9.566, 11.811], [-9.419, 11.887], [-9.201, 12.226], [-8.722, 12.05], [-8.585, 12.321], [-8.372, 12.411], [-8.226, 12.496], [-8.069, 12.506], [-7.929, 12.175], [-7.951, 12.061], [-7.82, 11.699], [-7.153, 12.013], [-7.093, 11.967]]]}, "id": 272}, {"type": "Feature", "properties": {"fill": "#00529c"}, "geometry": {"type": "Polygon", "coordinates": [[[-16.861, 10.779], [-16.884, 11.013], [-16.91, 11.143], [-16.747, 11.266], [-16.91, 12.026], [-16.885, 12.172], [-16.795, 12.451], [-16.209, 12.514], [-16.088, 12.596], [-15.969, 13.001], [-16.198, 13.319], [-16.217, 13.396], [-15.926, 13.914], [-15.883, 14.224], [-15.38, 14.085], [-14.805, 14.237], [-14.657, 14.115], [-14.594, 14.073], [-14.415, 13.94], [-14.328, 13.882], [-14.306, 13.378], [-14.289, 13.343], [-13.393, 13.234], [-13.349, 13.207], [-14.002, 12.549], [-13.584, 12.238], [-13.734, 11.868], [-13.725, 11.85], [-13.698, 11.261], [-14.05, 11.248], [-14.402, 10.934], [-14.391, 10.91], [-14.468, 10.628], [-14.258, 10.085], [-14.257, 10.079], [-14.245, 10.066], [-14.183, 9.757], [-14.006, 9.618], [-13.908, 9.451], [-13.922, 9.203], [-14.47, 8.895], [-14.546, 8.447], [-14.559, 8.433], [-14.602, 8.393], [-14.649, 8.359], [-14.699, 8.328], [-14.752, 8.303], [-14.808, 8.284], [-14.864, 8.269], [-14.922, 8.261], [-14.981, 8.258], [-15.039, 8.261], [-15.097, 8.269], [-15.154, 8.284], [-15.209, 8.303], [-15.262, 8.328], [-15.313, 8.359], [-15.323, 8.366], [-15.52, 8.599], [-15.556, 8.676], [-15.667, 8.884], [-15.798, 9.08], [-15.947, 9.262], [-16.114, 9.428], [-16.296, 9.578], [-16.492, 9.708], [-16.617, 9.784], [-16.664, 9.819], [-16.708, 9.858], [-16.747, 9.901], [-16.782, 9.948], [-16.812, 9.999], [-16.837, 10.052], [-16.857, 10.107], [-16.871, 10.164], [-16.88, 10.222], [-16.883, 10.28], [-16.878, 10.369], [-16.861, 10.543], [-16.861, 10.779]]]}, "id": 273}, {"type": "Feature", "properties": {"fill": "#00529c"}, "geometry": {"type": "Polygon", "coordinates": [[[4.926, 20.078], [4.981, 20.097], [5.038, 20.112], [5.096, 20.12], [5.154, 20.123], [5.213, 20.12], [5.271, 20.112], [5.328, 20.097], [5.383, 20.078], [5.436, 20.053], [5.486, 20.022], [5.533, 19.988], [5.606, 19.922], [5.687, 19.855], [5.749, 19.772], [6.23, 19.45], [6.316, 19.479], [6.409, 19.44], [6.619, 19.377], [6.959, 19.011], [7.014, 18.267], [6.999, 18.256], [6.948, 18.226], [6.934, 18.219], [6.261, 18.263], [6.118, 18.341], [5.555, 17.909], [5.494, 17.928], [5.309, 18.086], [5.041, 18.587], [4.505, 18.508], [4.401, 18.588], [4.313, 18.753], [4.552, 19.141], [4.548, 19.29], [4.827, 19.625], [4.862, 20.046], [4.873, 20.053], [4.926, 20.078]]]}, "id": 274}, {"type": "Feature", "properties": {"fill": "#00789c"}, "geometry": {"type": "Polygon", "coordinates": [[[-0.262, 17.686], [-0.271, 17.744], [-0.274, 17.803], [-0.271, 17.861], [-0.262, 17.919], [-0.248, 17.976], [-0.228, 18.031], [-0.203, 18.084], [-0.173, 18.135], [-0.138, 18.182], [-0.099, 18.225], [-0.002, 18.312], [0.164, 18.479], [0.314, 18.661], [0.445, 18.857], [0.523, 19.003], [0.571, 19.083], [0.606, 19.13], [0.681, 19.213], [0.773, 19.305], [0.922, 19.487], [1.053, 19.683], [1.164, 19.89], [1.254, 20.108], [1.322, 20.333], [1.347, 20.433], [1.367, 20.488], [1.392, 20.541], [1.422, 20.591], [1.457, 20.639], [1.496, 20.682], [1.54, 20.721], [1.587, 20.756], [1.702, 20.825], [1.777, 20.865], [1.844, 20.905], [1.897, 20.93], [1.952, 20.95], [2.009, 20.964], [2.067, 20.973], [2.125, 20.976], [2.184, 20.973], [2.242, 20.964], [2.299, 20.95], [2.354, 20.93], [2.407, 20.905], [2.628, 20.786], [2.74, 20.733], [2.79, 20.703], [2.87, 20.644], [3.066, 20.513], [3.274, 20.402], [3.491, 20.312], [3.717, 20.243], [3.948, 20.197], [4.182, 20.174], [4.418, 20.174], [4.489, 20.178], [4.547, 20.175], [4.605, 20.166], [4.662, 20.152], [4.717, 20.132], [4.77, 20.107], [4.82, 20.077], [4.862, 20.046], [4.827, 19.625], [4.548, 19.29], [4.552, 19.141], [4.313, 18.753], [4.401, 18.588], [4.505, 18.508], [5.041, 18.587], [5.309, 18.086], [5.494, 17.928], [5.555, 17.909], [5.583, 17.733], [5.563, 17.335], [5.26, 17.032], [5.385, 16.753], [5.008, 16.562], [5.285, 16.399], [5.274, 16.38], [4.594, 16.259], [4.633, 16.124], [5.236, 15.569], [5.223, 15.524], [5.189, 15.43], [5.164, 15.377], [5.134, 15.327], [5.115, 15.301], [4.314, 15.157], [4.278, 15.179], [4.136, 15.273], [3.954, 15.371], [3.815, 15.454], [3.607, 15.565], [3.389, 15.655], [3.356, 15.667], [3.303, 15.692], [3.253, 15.722], [3.237, 15.734], [3.119, 16.057], [2.881, 16.249], [2.708, 16.295], [2.406, 16.504], [2.336, 16.506], [1.936, 16.883], [1.322, 17.034], [1.285, 17.037], [1.073, 17.178], [0.975, 17.136], [0.752, 17.181], [0.518, 17.204], [0.413, 17.204], [-0.235, 17.593], [-0.248, 17.629], [-0.262, 17.686]]]}, "id": 275}, {"type": "Feature", "properties": {"fill": "#37009c"}, "geometry": {"type": "Polygon", "coordinates": [[[17.405, -9.678], [17.769, -9.19], [17.841, -9.132], [17.877, -9.118], [18.277, -9.039], [18.442, -8.889], [18.557, -8.883], [18.607, -8.885], [18.665, -8.894], [18.722, -8.908], [18.777, -8.928], [18.83, -8.953], [18.881, -8.983], [18.928, -9.018], [18.971, -9.057], [19.011, -9.101], [19.045, -9.148], [19.06, -9.173], [19.191, -9.369], [19.341, -9.551], [19.507, -9.717], [19.594, -9.796], [19.634, -9.84], [19.669, -9.887], [19.699, -9.937], [19.724, -9.99], [19.744, -10.045], [19.758, -10.102], [19.766, -10.16], [19.773, -10.287], [19.773, -10.385], [19.78, -10.545], [19.778, -10.604], [19.769, -10.662], [19.755, -10.719], [19.735, -10.774], [19.71, -10.827], [19.68, -10.877], [19.645, -10.924], [19.606, -10.967], [19.562, -11.007], [19.515, -11.042], [19.465, -11.072], [19.412, -11.097], [19.357, -11.117], [19.3, -11.131], [19.242, -11.139], [19.183, -11.142], [19.125, -11.139], [19.067, -11.131], [19.045, -11.125], [18.812, -11.079], [18.575, -11.056], [18.396, -11.048], [18.34, -11.039], [18.283, -11.025], [18.228, -11.005], [18.175, -10.98], [18.033, -10.895], [17.826, -10.784], [17.622, -10.7], [17.562, -10.672], [17.512, -10.642], [17.465, -10.607], [17.422, -10.567], [17.382, -10.524], [17.347, -10.477], [17.317, -10.427], [17.292, -10.374], [17.272, -10.318], [17.258, -10.262], [17.25, -10.204], [17.247, -10.145], [17.25, -10.087], [17.258, -10.029], [17.272, -9.972], [17.311, -9.863], [17.363, -9.694], [17.405, -9.678]]]}, "id": 276}, {"type": "Feature", "properties": {"fill": "#153477"}, "geometry": {"type": "Polygon", "coordinates": [[[10.441, -5.649], [10.609, -5.524], [10.655, -5.493], [10.837, -5.344], [10.902, -5.285], [11.489, -5.244], [11.638, -5.458], [12.235, -5.397], [12.345, -5.112], [12.163, -4.811], [12.166, -4.788], [12.604, -4.263], [12.628, -4.262], [12.687, -4.264], [12.745, -4.273], [12.802, -4.287], [12.923, -4.331], [13.011, -4.367], [13.237, -4.436], [13.468, -4.482], [13.702, -4.505], [13.761, -4.505], [13.908, -4.512], [13.979, -4.522], [14.213, -4.545], [14.449, -4.545], [14.683, -4.522], [14.873, -4.485], [15.313, -4.9], [15.531, -5.384], [15.686, -5.401], [16.038, -5.758], [16.049, -5.787], [16.056, -5.814], [16.124, -6.04], [16.214, -6.257], [16.27, -6.374], [15.507, -7.021], [15.734, -7.094], [15.957, -7.615], [16.118, -7.754], [16.007, -7.947], [15.399, -8.114], [15.609, -8.928], [15.588, -8.957], [15.549, -9.0], [15.505, -9.039], [15.458, -9.074], [15.408, -9.104], [15.355, -9.129], [15.3, -9.149], [15.243, -9.163], [15.185, -9.172], [15.092, -9.177], [14.858, -9.2], [14.627, -9.246], [14.401, -9.314], [14.261, -9.364], [14.204, -9.379], [14.146, -9.387], [14.031, -9.393], [13.796, -9.416], [13.564, -9.462], [13.337, -9.531], [13.119, -9.622], [12.91, -9.734], [12.714, -9.866], [12.568, -9.975], [12.521, -10.003], [12.468, -10.028], [12.413, -10.048], [12.356, -10.062], [12.298, -10.071], [12.239, -10.074], [12.181, -10.071], [12.123, -10.062], [12.066, -10.048], [12.011, -10.028], [11.958, -10.003], [11.908, -9.973], [11.861, -9.938], [11.817, -9.899], [11.778, -9.855], [11.743, -9.808], [11.713, -9.758], [11.688, -9.705], [11.668, -9.65], [11.654, -9.593], [11.645, -9.535], [11.637, -9.373], [11.614, -9.138], [11.608, -9.094], [11.6, -8.937], [11.6, -8.898], [11.577, -8.664], [11.531, -8.433], [11.462, -8.207], [11.372, -7.99], [11.261, -7.782], [11.13, -7.586], [10.981, -7.404], [10.814, -7.238], [10.632, -7.088], [10.437, -6.957], [10.258, -6.862], [10.193, -6.823], [10.146, -6.788], [10.103, -6.749], [10.063, -6.705], [10.029, -6.658], [9.998, -6.608], [9.973, -6.555], [9.954, -6.5], [9.939, -6.443], [9.931, -6.385], [9.928, -6.327], [9.931, -6.268], [9.939, -6.21], [9.954, -6.153], [9.973, -6.098], [9.998, -6.045], [10.029, -5.995], [10.063, -5.948], [10.103, -5.904], [10.146, -5.865], [10.228, -5.805], [10.352, -5.721], [10.441, -5.649]]]}, "id": 277}, {"type": "Feature", "properties": {"fill": "#00529c"}, "geometry": {"type": "Polygon", "coordinates": [[[16.549, -6.401], [16.783, -6.424], [16.844, -6.427], [16.96, -6.439], [17.196, -6.439], [17.43, -6.416], [17.661, -6.37], [17.887, -6.301], [18.104, -6.211], [18.197, -6.162], [18.314, -6.132], [18.338, -6.083], [18.508, -5.969], [18.69, -5.82], [18.856, -5.653], [19.006, -5.471], [19.117, -5.305], [19.125, -5.306], [19.639, -4.601], [20.535, -4.158], [20.917, -4.562], [21.514, -4.051], [22.094, -4.548], [22.442, -4.442], [22.575, -4.805], [22.562, -4.844], [22.65, -5.282], [22.907, -5.54], [22.903, -5.559], [22.784, -5.672], [22.697, -5.876], [22.933, -6.467], [22.391, -6.984], [22.19, -7.118], [22.008, -7.267], [21.841, -7.434], [21.797, -7.474], [21.75, -7.509], [21.7, -7.539], [21.647, -7.564], [21.592, -7.584], [21.535, -7.598], [21.388, -7.62], [21.332, -7.625], [21.101, -7.671], [20.876, -7.739], [20.658, -7.83], [20.45, -7.941], [20.42, -7.959], [20.225, -8.089], [20.043, -8.239], [19.876, -8.405], [19.727, -8.587], [19.645, -8.698], [19.605, -8.741], [19.562, -8.781], [19.515, -8.816], [19.465, -8.846], [19.412, -8.871], [19.356, -8.891], [19.3, -8.905], [19.221, -8.916], [19.028, -8.935], [18.958, -8.949], [18.641, -8.776], [18.564, -8.779], [18.277, -9.039], [17.877, -9.118], [17.841, -9.132], [17.769, -9.19], [17.439, -9.633], [17.414, -9.634], [17.364, -9.632], [17.128, -9.632], [16.894, -9.655], [16.772, -9.679], [16.659, -9.696], [16.601, -9.699], [16.542, -9.696], [16.484, -9.687], [16.427, -9.673], [16.372, -9.653], [16.319, -9.628], [16.269, -9.598], [16.222, -9.563], [16.178, -9.524], [16.139, -9.48], [16.114, -9.447], [15.965, -9.264], [15.798, -9.098], [15.614, -8.947], [15.399, -8.114], [16.007, -7.947], [16.118, -7.754], [15.957, -7.615], [15.734, -7.094], [15.507, -7.021], [16.299, -6.35], [16.318, -6.355], [16.549, -6.401]]]}, "id": 278}, {"type": "Feature", "properties": {"fill": "#00789c"}, "geometry": {"type": "Polygon", "coordinates": [[[18.071, 18.888], [18.297, 18.954], [18.413, 19.282], [18.513, 19.433], [18.606, 19.482], [18.81, 19.565], [19.182, 20.255], [19.246, 20.265], [19.371, 20.271], [19.41, 20.275], [19.803, 20.016], [20.06, 20.088], [20.075, 20.085], [21.093, 20.448], [21.159, 20.648], [21.219, 20.66], [21.445, 20.729], [21.662, 20.819], [21.87, 20.93], [21.914, 20.959], [22.023, 20.937], [22.468, 20.703], [23.0, 21.891], [23.783, 21.349], [23.776, 21.305], [23.762, 21.248], [23.742, 21.193], [23.717, 21.14], [23.687, 21.09], [23.652, 21.043], [23.613, 20.999], [23.501, 20.898], [23.462, 20.866], [23.296, 20.7], [23.146, 20.517], [23.015, 20.322], [22.904, 20.114], [22.814, 19.896], [22.746, 19.671], [22.7, 19.44], [22.677, 19.206], [22.677, 19.043], [22.67, 18.901], [22.67, 18.72], [22.138, 18.041], [21.829, 17.988], [21.733, 17.83], [21.491, 17.726], [21.183, 17.018], [21.344, 16.612], [21.313, 16.56], [21.279, 16.512], [21.239, 16.469], [21.124, 16.366], [20.807, 16.57], [20.432, 16.49], [20.322, 16.529], [20.14, 16.431], [19.637, 16.49], [19.586, 16.54], [19.566, 16.906], [19.28, 17.142], [19.259, 17.224], [18.768, 17.621], [18.628, 17.653], [18.261, 17.421], [17.97, 17.92], [17.917, 17.947], [17.883, 18.005], [18.006, 18.831], [18.056, 18.873], [18.071, 18.888]]]}, "id": 279}, {"type": "Feature", "properties": {"fill": "#516ebc"}, "geometry": {"type": "Polygon", "coordinates": [[[21.059, 16.193], [21.129, 16.363], [21.362, 16.566], [21.183, 17.018], [21.491, 17.726], [21.595, 17.771], [21.758, 17.755], [21.889, 17.368], [22.313, 17.072], [22.662, 17.684], [22.985, 17.638], [23.168, 17.512], [23.28, 17.376], [23.275, 17.298], [23.731, 16.578], [23.729, 16.566], [23.378, 16.138], [23.324, 15.953], [23.389, 15.786], [23.323, 15.512], [22.817, 15.224], [22.55, 15.221], [22.411, 14.9], [22.358, 14.85], [22.073, 14.866], [21.652, 15.374], [21.421, 15.321], [21.037, 15.738], [20.943, 15.932], [20.957, 16.015], [21.059, 16.193]]]}, "id": 280}, {"type": "Feature", "properties": {"fill": "#00529c"}, "geometry": {"type": "Polygon", "coordinates": [[[-0.62, 17.381], [-0.58, 17.424], [-0.537, 17.463], [-0.49, 17.498], [-0.44, 17.528], [-0.387, 17.553], [-0.331, 17.573], [-0.275, 17.587], [-0.235, 17.593], [0.715, 17.022], [0.893, 17.1], [1.104, 17.036], [1.335, 16.99], [1.569, 16.967], [1.595, 16.967], [1.936, 16.883], [2.336, 16.506], [2.406, 16.504], [2.708, 16.295], [2.881, 16.249], [3.119, 16.057], [3.237, 15.734], [3.23, 15.704], [3.21, 15.649], [3.185, 15.596], [3.155, 15.546], [3.12, 15.499], [3.08, 15.455], [3.004, 15.379], [2.401, 15.428], [2.161, 15.115], [2.106, 14.941], [1.804, 14.774], [1.736, 14.613], [1.693, 14.338], [1.803, 14.229], [1.896, 13.821], [2.048, 13.519], [2.063, 13.513], [2.152, 13.112], [2.131, 12.862], [1.652, 12.827], [1.567, 12.86], [1.016, 12.421], [0.793, 12.557], [0.781, 12.574], [0.751, 12.624], [0.726, 12.677], [0.706, 12.732], [0.692, 12.789], [0.683, 12.847], [0.68, 12.905], [0.685, 13.001], [0.685, 13.237], [0.662, 13.471], [0.655, 13.505], [0.684, 13.583], [0.678, 13.622], [0.618, 13.694], [0.548, 13.928], [0.458, 14.145], [0.347, 14.353], [0.216, 14.549], [0.066, 14.731], [-0.091, 14.888], [-0.213, 15.339], [-0.377, 15.747], [-0.389, 15.872], [-0.405, 15.953], [0.012, 16.237], [-0.666, 17.314], [-0.655, 17.334], [-0.62, 17.381]]]}, "id": 281}, {"type": "Feature", "properties": {"fill": "#00789c"}, "geometry": {"type": "Polygon", "coordinates": [[[56.206, 15.386], [56.317, 15.594], [56.407, 15.812], [56.476, 16.037], [56.522, 16.268], [56.531, 16.365], [56.55, 16.491], [56.564, 16.548], [56.584, 16.603], [56.609, 16.656], [56.639, 16.707], [56.674, 16.754], [56.713, 16.797], [56.757, 16.837], [56.804, 16.871], [56.854, 16.902], [56.907, 16.927], [56.962, 16.946], [57.019, 16.961], [57.077, 16.969], [57.136, 16.972], [57.314, 16.963], [57.549, 16.963], [57.652, 16.968], [57.71, 16.965], [57.768, 16.957], [58.002, 16.898], [58.036, 16.887], [58.267, 16.841], [58.502, 16.818], [58.737, 16.818], [58.972, 16.841], [59.203, 16.887], [59.264, 16.902], [59.322, 16.911], [59.38, 16.914], [59.439, 16.911], [59.497, 16.902], [59.554, 16.888], [59.609, 16.869], [59.662, 16.843], [59.712, 16.813], [59.759, 16.778], [59.803, 16.739], [59.842, 16.696], [59.9, 16.618], [60.049, 16.436], [60.066, 16.419], [60.043, 16.384], [60.112, 15.442], [59.912, 15.307], [59.82, 15.163], [59.312, 15.202], [59.262, 15.089], [58.557, 14.591], [58.157, 14.781], [57.566, 14.865], [57.494, 14.648], [57.313, 14.454], [57.254, 14.436], [57.036, 14.346], [56.829, 14.235], [56.741, 14.182], [56.688, 14.157], [56.633, 14.138], [56.576, 14.123], [56.518, 14.115], [56.459, 14.112], [56.401, 14.115], [56.343, 14.123], [56.286, 14.138], [56.231, 14.157], [56.178, 14.182], [56.128, 14.213], [56.081, 14.247], [56.037, 14.287], [55.998, 14.33], [55.963, 14.377], [55.933, 14.428], [55.908, 14.48], [55.888, 14.536], [55.874, 14.593], [55.865, 14.65], [55.862, 14.709], [55.865, 14.768], [55.874, 14.825], [55.888, 14.882], [55.908, 14.937], [55.933, 14.99], [55.963, 15.041], [56.075, 15.191], [56.206, 15.386]]]}, "id": 282}, {"type": "Feature", "properties": {"fill": "#00529c"}, "geometry": {"type": "Polygon", "coordinates": [[[41.429, -2.84], [41.506, -2.711], [41.541, -2.664], [41.581, -2.62], [41.624, -2.581], [41.671, -2.546], [41.721, -2.516], [41.774, -2.491], [41.829, -2.471], [41.886, -2.457], [41.944, -2.448], [42.003, -2.445], [42.061, -2.448], [42.125, -2.458], [42.22, -2.678], [42.65, -3.192], [42.662, -3.258], [42.785, -3.423], [43.239, -3.536], [43.528, -3.387], [43.554, -3.401], [43.595, -3.418], [44.144, -3.892], [44.155, -3.936], [44.164, -3.994], [44.167, -4.053], [44.164, -4.111], [44.155, -4.169], [44.141, -4.226], [44.121, -4.281], [44.096, -4.334], [44.066, -4.384], [44.012, -4.457], [43.903, -4.59], [43.772, -4.786], [43.661, -4.994], [43.571, -5.211], [43.507, -5.424], [43.485, -5.485], [43.46, -5.538], [43.43, -5.588], [43.395, -5.635], [43.355, -5.679], [43.312, -5.718], [43.265, -5.753], [43.215, -5.783], [43.162, -5.808], [43.107, -5.828], [43.05, -5.842], [42.992, -5.851], [42.933, -5.854], [42.875, -5.851], [42.817, -5.842], [42.76, -5.828], [42.705, -5.808], [42.652, -5.783], [42.439, -5.669], [42.221, -5.579], [41.996, -5.511], [41.765, -5.465], [41.53, -5.442], [41.295, -5.442], [41.061, -5.465], [40.83, -5.511], [40.728, -5.541], [40.608, -5.571], [40.55, -5.58], [40.492, -5.583], [40.433, -5.58], [40.375, -5.571], [40.319, -5.557], [40.263, -5.537], [40.21, -5.512], [40.16, -5.482], [40.113, -5.447], [40.07, -5.408], [40.03, -5.365], [39.995, -5.317], [39.965, -5.267], [39.94, -5.214], [39.921, -5.159], [39.906, -5.102], [39.898, -5.044], [39.895, -4.986], [39.898, -4.927], [39.906, -4.869], [39.921, -4.812], [39.94, -4.757], [39.965, -4.704], [39.975, -4.688], [40.99, -4.64], [40.668, -3.935], [40.79, -3.582], [41.057, -3.386], [41.251, -3.272], [41.253, -3.09], [41.298, -3.035], [41.429, -2.84]]]}, "id": 283}, {"type": "Feature", "properties": {"fill": "#516ebc"}, "geometry": {"type": "Polygon", "coordinates": [[[42.38, 0.48], [42.506, -0.138], [42.973, -0.06], [43.043, -0.295], [43.179, -0.63], [43.384, -0.626], [43.754, -1.28], [43.761, -1.345], [43.773, -1.406], [43.455, -1.725], [43.456, -1.815], [43.608, -2.341], [43.599, -2.669], [43.69, -2.858], [44.598, -2.839], [44.641, -2.878], [44.68, -2.921], [44.715, -2.968], [44.745, -3.018], [44.77, -3.071], [44.79, -3.127], [44.804, -3.183], [44.813, -3.241], [44.816, -3.3], [44.813, -3.358], [44.804, -3.416], [44.79, -3.473], [44.77, -3.528], [44.745, -3.581], [44.715, -3.632], [44.68, -3.679], [44.641, -3.722], [44.598, -3.762], [44.551, -3.796], [44.5, -3.827], [44.447, -3.852], [44.392, -3.871], [44.335, -3.886], [44.277, -3.894], [44.219, -3.897], [44.16, -3.894], [44.144, -3.892], [43.547, -3.377], [43.239, -3.536], [42.785, -3.423], [42.662, -3.258], [42.65, -3.192], [42.22, -2.678], [42.115, -2.435], [42.09, -2.412], [41.967, -2.386], [41.389, -2.467], [41.381, -2.473], [41.31, -2.435], [40.971, -1.858], [40.924, -1.629], [40.722, -1.586], [40.542, -1.277], [40.818, -1.158], [40.781, -0.645], [41.082, -0.432], [40.924, -0.068], [41.082, 0.149], [41.65, 0.449], [41.685, 0.433], [42.21, 0.536], [42.253, 0.525], [42.38, 0.48]]]}, "id": 284}, {"type": "Feature", "properties": {"fill": "#00789c"}, "geometry": {"type": "Polygon", "coordinates": [[[36.802, -0.746], [36.995, -0.654], [37.197, -0.544], [37.262, -0.5], [38.063, -0.22], [38.549, -0.285], [38.624, -0.321], [39.407, -0.079], [39.427, -0.004], [39.443, 0.003], [39.651, 0.114], [39.847, 0.244], [40.029, 0.394], [40.111, 0.469], [40.159, 0.504], [40.208, 0.533], [40.905, -0.065], [40.924, -0.068], [41.082, -0.432], [40.781, -0.645], [40.818, -1.158], [40.542, -1.277], [40.722, -1.586], [40.691, -1.744], [40.531, -1.976], [40.408, -1.927], [40.193, -1.954], [40.111, -2.042], [40.121, -2.258], [39.666, -2.386], [39.564, -2.303], [39.519, -2.224], [39.501, -2.144], [39.091, -1.983], [38.833, -2.552], [38.569, -2.766], [38.464, -2.834], [38.451, -2.908], [38.395, -2.985], [38.344, -3.006], [38.137, -3.117], [38.063, -3.161], [38.01, -3.186], [37.954, -3.206], [37.898, -3.22], [37.84, -3.229], [37.781, -3.232], [37.723, -3.229], [37.665, -3.22], [37.608, -3.206], [37.553, -3.186], [37.394, -3.111], [37.176, -3.021], [37.121, -3.004], [36.663, -2.676], [36.629, -2.675], [36.204, -1.97], [36.464, -1.803], [36.243, -1.121], [36.511, -0.861], [36.578, -0.841], [36.802, -0.746]]]}, "id": 285}, {"type": "Feature", "properties": {"fill": "#153477"}, "geometry": {"type": "Polygon", "coordinates": [[[37.111, -3.505], [37.146, -3.458], [37.186, -3.414], [37.229, -3.375], [37.276, -3.34], [37.326, -3.31], [37.449, -3.252], [37.524, -3.221], [37.539, -3.213], [38.161, -3.303], [38.451, -2.908], [38.464, -2.834], [38.569, -2.766], [38.833, -2.552], [39.091, -1.983], [39.501, -2.144], [39.519, -2.224], [39.564, -2.303], [39.666, -2.386], [40.121, -2.258], [40.111, -2.042], [40.193, -1.954], [40.408, -1.927], [40.531, -1.976], [40.691, -1.744], [40.722, -1.586], [40.924, -1.629], [40.971, -1.858], [41.242, -2.319], [41.172, -2.55], [41.126, -2.781], [41.103, -3.015], [41.1, -3.079], [41.091, -3.137], [41.078, -3.189], [41.036, -3.401], [40.79, -3.582], [40.668, -3.935], [40.985, -4.629], [40.978, -4.64], [39.729, -4.699], [39.744, -5.221], [39.706, -5.242], [39.51, -5.373], [39.4, -5.463], [39.315, -5.526], [39.265, -5.556], [39.212, -5.581], [39.157, -5.601], [39.1, -5.615], [39.042, -5.624], [38.983, -5.626], [38.925, -5.624], [38.867, -5.615], [38.81, -5.601], [38.755, -5.581], [38.702, -5.556], [38.652, -5.526], [38.605, -5.491], [38.561, -5.452], [38.452, -5.331], [38.434, -5.309], [38.268, -5.143], [38.086, -4.994], [38.044, -4.966], [38.006, -4.9], [37.625, -4.656], [37.311, -4.314], [37.305, -4.162], [37.057, -3.605], [37.081, -3.555], [37.111, -3.505]]]}, "id": 286}, {"type": "Feature", "properties": {"fill": "#00529c"}, "geometry": {"type": "Polygon", "coordinates": [[[57.852, 14.438], [57.915, 14.49], [58.024, 14.571], [58.085, 14.607], [58.267, 14.729], [58.557, 14.591], [59.262, 15.089], [59.312, 15.202], [59.82, 15.163], [59.912, 15.307], [60.112, 15.442], [60.049, 16.312], [60.266, 16.402], [60.474, 16.513], [60.528, 16.549], [60.651, 16.623], [60.704, 16.648], [60.759, 16.668], [60.816, 16.682], [60.874, 16.691], [60.933, 16.694], [60.991, 16.691], [61.049, 16.682], [61.106, 16.668], [61.161, 16.648], [61.292, 16.586], [61.51, 16.496], [61.686, 16.443], [61.765, 16.414], [61.818, 16.389], [61.869, 16.359], [61.916, 16.324], [61.959, 16.285], [61.998, 16.242], [62.033, 16.194], [62.108, 16.069], [62.239, 15.874], [62.389, 15.692], [62.555, 15.525], [62.737, 15.376], [62.933, 15.245], [63.112, 15.149], [63.152, 15.125], [63.416, 14.441], [63.386, 14.356], [63.316, 14.127], [63.27, 13.893], [63.244, 13.713], [63.231, 13.66], [63.211, 13.605], [63.186, 13.552], [63.156, 13.501], [63.121, 13.454], [63.082, 13.411], [63.038, 13.371], [62.991, 13.337], [62.899, 13.282], [62.704, 13.151], [62.572, 13.042], [62.165, 13.201], [61.587, 12.132], [61.434, 11.944], [61.496, 11.786], [61.407, 11.653], [61.296, 11.446], [61.253, 11.355], [61.223, 11.305], [61.188, 11.257], [61.149, 11.214], [61.106, 11.175], [61.059, 11.14], [61.008, 11.11], [60.955, 11.085], [60.9, 11.065], [60.841, 11.05], [60.341, 11.588], [60.204, 11.627], [60.133, 11.585], [59.415, 11.75], [59.483, 11.932], [60.008, 12.276], [59.337, 12.405], [59.342, 12.471], [59.524, 12.634], [59.158, 13.349], [59.123, 13.643], [58.484, 13.381], [58.295, 13.36], [58.088, 13.166], [57.524, 13.032], [57.454, 13.049], [57.399, 13.069], [57.346, 13.094], [57.295, 13.124], [57.248, 13.159], [57.205, 13.199], [57.166, 13.242], [57.131, 13.289], [57.101, 13.339], [57.075, 13.392], [57.056, 13.447], [57.041, 13.504], [57.033, 13.562], [57.03, 13.621], [57.033, 13.679], [57.041, 13.737], [57.056, 13.794], [57.075, 13.849], [57.101, 13.902], [57.131, 13.953], [57.166, 14.0], [57.205, 14.043], [57.248, 14.082], [57.295, 14.117], [57.346, 14.147], [57.449, 14.196], [57.657, 14.307], [57.852, 14.438]]]}, "id": 287}, {"type": "Feature", "properties": {"fill": "#00789c"}, "geometry": {"type": "Polygon", "coordinates": [[[57.582, 1.401], [58.103, 1.774], [58.46, 1.735], [58.705, 1.39], [58.787, 1.388], [59.484, 1.203], [59.527, 1.232], [59.703, 1.159], [59.928, 1.091], [59.997, 1.077], [60.134, 1.043], [60.19, 1.023], [60.243, 0.998], [60.293, 0.968], [60.34, 0.933], [60.383, 0.893], [60.423, 0.85], [60.458, 0.803], [60.488, 0.753], [60.513, 0.7], [60.538, 0.63], [60.597, 0.434], [60.687, 0.217], [60.798, 0.009], [60.929, -0.187], [61.079, -0.369], [61.245, -0.535], [61.377, -0.644], [61.445, -0.705], [61.484, -0.748], [61.519, -0.795], [61.549, -0.846], [61.574, -0.899], [61.594, -0.954], [61.608, -1.011], [61.617, -1.069], [61.62, -1.127], [61.617, -1.186], [61.608, -1.244], [61.594, -1.301], [61.574, -1.356], [61.549, -1.409], [61.54, -1.424], [61.134, -1.465], [60.619, -1.373], [60.318, -1.791], [60.292, -1.796], [60.234, -1.805], [60.176, -1.808], [60.117, -1.805], [60.059, -1.796], [60.003, -1.782], [59.898, -1.745], [59.672, -1.676], [59.441, -1.63], [59.207, -1.607], [58.961, -1.608], [58.761, -1.529], [58.489, -1.682], [58.356, -1.722], [58.284, -1.74], [57.544, -1.275], [57.538, -1.259], [57.649, -0.655], [57.615, -0.624], [57.272, -0.362], [57.21, -0.36], [56.828, 0.248], [56.891, 0.539], [56.883, 0.642], [57.334, 1.071], [57.348, 1.149], [57.333, 1.347], [57.339, 1.353], [57.582, 1.401]]]}, "id": 288}, {"type": "Feature", "properties": {"fill": "#37009c"}, "geometry": {"type": "Polygon", "coordinates": [[[3.514, 15.276], [3.748, 15.253], [3.874, 15.253], [4.053, 15.147], [4.081, 15.115], [5.115, 15.301], [5.171, 15.261], [5.214, 15.221], [5.254, 15.178], [5.289, 15.131], [5.319, 15.08], [5.344, 15.027], [5.364, 14.972], [5.378, 14.915], [5.386, 14.857], [5.389, 14.799], [5.386, 14.74], [5.378, 14.682], [5.372, 14.661], [4.367, 14.262], [4.358, 14.119], [4.76, 13.573], [4.705, 13.393], [4.686, 13.318], [4.64, 13.087], [4.62, 12.886], [4.387, 12.435], [3.957, 12.289], [3.68, 12.527], [3.522, 12.534], [3.505, 12.558], [3.111, 12.791], [3.033, 12.751], [2.709, 12.866], [2.39, 12.662], [2.132, 12.861], [2.152, 13.112], [2.063, 13.513], [2.048, 13.519], [1.896, 13.821], [1.803, 14.229], [1.693, 14.338], [1.736, 14.613], [1.804, 14.774], [2.106, 14.941], [2.161, 15.115], [2.401, 15.428], [3.106, 15.37], [3.119, 15.372], [3.283, 15.322], [3.514, 15.276]]]}, "id": 289}, {"type": "Feature", "properties": {"fill": "#37009c"}, "geometry": {"type": "Polygon", "coordinates": [[[24.118, 16.581], [24.193, 16.554], [24.372, 16.48], [24.402, 16.471], [24.456, 16.365], [24.979, 16.126], [25.524, 16.219], [25.628, 16.142], [25.824, 16.012], [26.032, 15.901], [26.157, 15.849], [26.255, 15.802], [26.306, 15.772], [26.353, 15.737], [26.396, 15.698], [26.435, 15.654], [26.47, 15.607], [26.5, 15.557], [26.525, 15.504], [26.545, 15.449], [26.559, 15.392], [26.566, 15.349], [26.373, 14.935], [26.311, 14.867], [26.227, 14.564], [25.799, 14.564], [25.331, 14.842], [25.109, 14.703], [25.011, 14.516], [24.685, 14.421], [24.225, 14.579], [24.177, 14.571], [23.999, 14.235], [24.017, 13.758], [24.009, 13.74], [23.496, 13.557], [23.425, 13.404], [23.796, 12.925], [23.739, 12.797], [23.52, 12.5], [23.384, 12.596], [23.073, 12.597], [22.82, 12.896], [22.831, 13.196], [22.634, 13.299], [22.545, 13.445], [22.323, 13.615], [22.291, 13.662], [22.138, 13.83], [22.121, 13.838], [21.918, 14.087], [21.688, 14.219], [21.679, 14.228], [21.483, 14.304], [21.322, 14.796], [21.355, 14.962], [21.346, 15.141], [21.421, 15.321], [21.652, 15.374], [22.073, 14.866], [22.358, 14.85], [22.411, 14.9], [22.55, 15.221], [22.817, 15.224], [23.323, 15.512], [23.389, 15.786], [23.324, 15.953], [23.378, 16.138], [23.729, 16.566], [23.749, 16.573], [24.096, 16.586], [24.118, 16.581]]]}, "id": 290}, {"type": "Feature", "properties": {"fill": "#516ebc"}, "geometry": {"type": "Polygon", "coordinates": [[[56.919, 1.484], [56.969, 1.454], [57.017, 1.419], [57.06, 1.38], [57.099, 1.336], [57.134, 1.289], [57.164, 1.239], [57.189, 1.186], [57.209, 1.131], [57.223, 1.074], [57.232, 1.016], [57.234, 0.976], [56.883, 0.642], [56.891, 0.539], [56.828, 0.248], [57.21, -0.36], [57.272, -0.362], [57.47, -0.513], [57.557, -0.723], [57.577, -0.778], [57.591, -0.835], [57.6, -0.893], [57.601, -0.914], [57.549, -1.197], [57.532, -1.233], [57.502, -1.283], [57.481, -1.311], [57.225, -1.506], [57.179, -1.522], [57.122, -1.537], [57.064, -1.545], [57.006, -1.548], [56.974, -1.547], [56.391, -0.757], [55.98, -0.796], [55.808, -0.869], [55.802, -0.864], [54.755, -0.65], [54.769, -0.389], [54.983, -0.05], [54.904, 0.228], [54.941, 0.427], [54.217, 0.495], [54.3, 0.91], [54.284, 0.919], [54.107, 0.961], [53.732, 0.961], [53.561, 1.52], [53.871, 1.774], [53.9, 1.777], [54.015, 1.801], [54.132, 1.844], [53.914, 2.541], [54.288, 2.644], [54.265, 1.867], [54.678, 1.777], [54.737, 1.835], [55.013, 2.279], [55.114, 2.258], [55.757, 2.003], [55.893, 1.988], [55.953, 1.934], [56.038, 1.672], [56.24, 1.44], [56.829, 1.525], [56.859, 1.512], [56.919, 1.484]]]}, "id": 291}, {"type": "Feature", "properties": {"fill": "#00529c"}, "geometry": {"type": "Polygon", "coordinates": [[[57.292, 1.561], [57.058, 1.538], [57.027, 1.531], [56.996, 1.549], [56.299, 1.448], [56.256, 1.463], [56.194, 1.493], [56.038, 1.672], [55.953, 1.934], [55.893, 1.988], [55.757, 2.003], [55.114, 2.258], [55.013, 2.279], [54.737, 1.835], [54.731, 1.829], [54.563, 1.811], [54.528, 1.81], [54.265, 1.867], [54.288, 2.644], [54.305, 2.672], [54.639, 2.974], [54.617, 3.009], [54.618, 3.724], [54.952, 3.908], [55.127, 3.772], [55.483, 3.441], [55.836, 3.768], [55.92, 3.787], [55.971, 3.834], [56.19, 4.207], [56.438, 4.241], [56.518, 4.219], [56.65, 4.23], [56.922, 4.086], [56.941, 4.077], [57.126, 3.743], [57.038, 3.569], [56.744, 3.367], [56.58, 3.094], [56.583, 3.039], [56.63, 2.904], [57.209, 2.643], [57.41, 2.676], [57.506, 2.645], [57.754, 2.332], [57.418, 1.571], [57.38, 1.565], [57.292, 1.561]]]}, "id": 292}, {"type": "Feature", "properties": {"fill": "#153477"}, "geometry": {"type": "Polygon", "coordinates": [[[62.913, 7.677], [62.916, 7.736], [62.925, 7.794], [62.939, 7.85], [62.959, 7.906], [62.984, 7.959], [63.014, 8.009], [63.049, 8.056], [63.088, 8.099], [63.131, 8.139], [63.258, 8.232], [63.44, 8.382], [63.606, 8.548], [63.756, 8.73], [63.887, 8.926], [63.998, 9.134], [64.048, 9.241], [65.232, 9.387], [65.263, 9.377], [65.494, 9.331], [65.728, 9.308], [65.964, 9.308], [66.121, 9.316], [66.179, 9.313], [66.237, 9.305], [66.294, 9.29], [66.349, 9.271], [66.402, 9.246], [66.453, 9.215], [66.5, 9.181], [66.547, 9.137], [66.29, 7.957], [66.138, 7.844], [66.74, 7.118], [66.753, 6.999], [66.182, 6.548], [66.301, 6.284], [66.22, 5.795], [65.887, 5.803], [65.537, 5.361], [65.315, 5.378], [65.31, 5.382], [64.844, 5.528], [64.719, 5.678], [64.68, 5.694], [64.21, 5.242], [63.949, 5.299], [63.837, 5.621], [63.843, 5.663], [63.839, 5.679], [63.484, 5.857], [63.531, 6.349], [63.101, 6.376], [62.968, 6.471], [63.2, 7.211], [62.922, 7.532], [62.918, 7.575], [62.913, 7.677]]]}, "id": 293}, {"type": "Feature", "properties": {"fill": "#00789c"}, "geometry": {"type": "Polygon", "coordinates": [[[35.345, -1.333], [35.354, -1.391], [35.357, -1.449], [35.354, -1.508], [35.345, -1.566], [35.331, -1.623], [35.311, -1.678], [35.286, -1.731], [35.216, -1.849], [35.105, -2.056], [35.025, -2.247], [34.994, -2.313], [34.964, -2.364], [34.929, -2.411], [34.89, -2.454], [34.794, -2.541], [34.721, -2.601], [34.634, -2.688], [34.094, -2.515], [33.795, -3.34], [33.522, -3.332], [33.489, -3.347], [33.395, -3.313], [33.274, -3.012], [33.221, -2.697], [32.742, -2.575], [32.744, -2.544], [32.503, -2.234], [32.575, -1.653], [32.366, -1.429], [32.419, -1.335], [32.705, -1.115], [32.714, -1.102], [32.766, -0.905], [32.929, -0.667], [33.044, -0.663], [33.425, -0.305], [33.471, -0.246], [33.896, -0.455], [34.019, -0.571], [34.029, -0.62], [34.12, -0.654], [34.428, -0.689], [34.838, -0.429], [34.862, -0.492], [35.102, -1.053], [35.304, -1.158], [35.311, -1.195], [35.345, -1.333]]]}, "id": 294}, {"type": "Feature", "properties": {"fill": "#516ebc"}, "geometry": {"type": "Polygon", "coordinates": [[[31.4, -3.903], [31.43, -3.859], [31.541, -3.651], [31.631, -3.434], [31.646, -3.39], [31.816, -3.11], [31.845, -3.084], [31.892, -3.049], [31.943, -3.018], [31.996, -2.993], [32.114, -2.951], [32.528, -2.924], [32.703, -2.639], [32.739, -2.615], [32.779, -2.585], [33.221, -2.697], [33.274, -3.012], [33.395, -3.313], [33.489, -3.347], [33.522, -3.332], [33.795, -3.34], [34.09, -2.525], [34.125, -2.525], [35.18, -2.864], [35.303, -2.232], [35.39, -2.186], [35.586, -2.055], [35.746, -1.923], [36.204, -1.97], [36.629, -2.675], [36.663, -2.676], [37.091, -2.983], [37.105, -3.012], [37.125, -3.067], [37.139, -3.125], [37.185, -3.354], [37.051, -3.591], [37.305, -4.162], [37.311, -4.314], [37.625, -4.656], [37.734, -4.726], [37.751, -4.762], [37.77, -4.817], [37.785, -4.874], [37.793, -4.932], [37.796, -4.99], [37.793, -5.049], [37.785, -5.107], [37.77, -5.164], [37.751, -5.219], [37.726, -5.272], [37.695, -5.322], [37.661, -5.369], [37.621, -5.413], [37.578, -5.452], [37.531, -5.487], [37.48, -5.517], [37.355, -5.576], [37.286, -5.605], [37.078, -5.716], [36.882, -5.847], [36.7, -5.996], [36.558, -6.139], [36.502, -6.189], [36.455, -6.224], [36.404, -6.255], [36.351, -6.28], [36.296, -6.299], [36.239, -6.314], [36.181, -6.322], [36.123, -6.325], [36.064, -6.322], [36.006, -6.314], [35.95, -6.299], [35.894, -6.28], [35.855, -6.261], [35.616, -6.163], [35.367, -6.092], [35.112, -6.047], [34.854, -6.031], [34.596, -6.042], [34.363, -6.074], [34.157, -6.122], [33.955, -6.189], [33.76, -6.273], [33.579, -6.371], [33.523, -6.397], [33.468, -6.417], [33.33, -6.452], [33.105, -6.52], [32.966, -6.57], [32.903, -6.585], [32.685, -6.629], [32.459, -6.697], [32.242, -6.787], [32.034, -6.898], [31.97, -6.937], [31.917, -6.962], [31.862, -6.981], [31.805, -6.996], [31.747, -7.004], [31.689, -7.007], [31.63, -7.004], [31.572, -6.996], [31.515, -6.981], [31.402, -6.941], [31.352, -6.926], [31.133, -6.847], [31.067, -6.82], [30.84, -6.751], [30.785, -6.732], [30.732, -6.706], [30.682, -6.676], [30.635, -6.641], [30.591, -6.602], [30.552, -6.559], [30.517, -6.512], [30.487, -6.461], [30.461, -6.407], [30.755, -5.937], [30.915, -5.767], [31.005, -5.301], [30.908, -5.187], [31.303, -4.342], [31.259, -4.14], [31.4, -3.903]]]}, "id": 295}, {"type": "Feature", "properties": {"fill": "#516ebc"}, "geometry": {"type": "Polygon", "coordinates": [[[47.961, 1.715], [48.029, 1.73], [48.526, 1.689], [48.691, 1.85], [48.787, 1.839], [49.428, 1.423], [49.607, 1.836], [49.884, 1.796], [50.387, 2.008], [50.375, 2.213], [50.43, 2.354], [50.434, 2.393], [50.617, 2.756], [51.229, 2.526], [51.607, 2.604], [51.634, 2.0], [51.596, 1.88], [51.861, 1.22], [52.026, 1.166], [52.146, 1.185], [52.297, 1.188], [52.759, 0.498], [52.616, -0.151], [52.397, -0.267], [52.203, -0.397], [52.166, -0.39], [51.785, -0.744], [50.964, -0.846], [50.816, -1.079], [50.794, -1.096], [50.636, -1.144], [50.58, -1.159], [50.522, -1.167], [50.463, -1.17], [50.373, -1.166], [50.201, -1.149], [49.966, -1.149], [49.884, -1.157], [49.807, -1.119], [49.236, -1.155], [48.869, -1.32], [48.792, -1.336], [48.578, -1.401], [48.517, -1.423], [48.46, -1.437], [48.402, -1.446], [48.343, -1.449], [48.285, -1.446], [48.227, -1.437], [48.17, -1.423], [48.115, -1.403], [47.962, -1.33], [47.899, -1.292], [47.86, -1.263], [47.863, -0.667], [47.63, -0.562], [47.327, -0.435], [47.219, -0.295], [47.257, 0.201], [47.374, 0.242], [47.523, 0.906], [47.951, 0.931], [47.906, 1.168], [47.899, 1.692], [47.961, 1.715]]]}, "id": 296}, {"type": "Feature", "properties": {"fill": "#153477"}, "geometry": {"type": "Polygon", "coordinates": [[[20.262, -2.382], [20.354, -1.906], [20.343, -1.729], [20.134, -1.488], [20.088, -1.369], [20.088, -1.362], [20.215, -0.968], [20.852, -0.704], [20.928, -0.496], [21.15, -0.365], [21.403, -0.263], [21.806, -0.433], [21.843, -0.474], [21.943, -0.596], [21.973, -0.856], [21.566, -1.384], [21.559, -1.469], [21.562, -1.479], [21.637, -1.553], [21.745, -1.782], [21.761, -2.181], [21.813, -2.192], [22.322, -2.188], [22.536, -2.067], [22.572, -2.079], [22.89, -2.61], [22.71, -2.886], [22.181, -3.184], [22.165, -3.206], [22.125, -3.295], [22.086, -3.489], [22.645, -3.908], [22.442, -4.442], [22.094, -4.548], [21.514, -4.051], [20.917, -4.562], [20.535, -4.158], [19.639, -4.601], [19.658, -4.213], [19.898, -3.702], [19.732, -3.545], [20.156, -3.104], [19.521, -2.582], [19.55, -2.542], [20.262, -2.382]]]}, "id": 297}, {"type": "Feature", "properties": {"fill": "#153477"}, "geometry": {"type": "Polygon", "coordinates": [[[-3.46, 8.429], [-2.989, 8.707], [-2.755, 8.785], [-2.423, 8.029], [-2.4, 8.033], [-2.083, 8.429], [-1.926, 8.468], [-1.406, 7.99], [-1.348, 7.756], [-1.189, 7.693], [-0.703, 7.794], [-0.546, 8.099], [-0.229, 8.221], [0.353, 7.849], [0.35, 7.797], [-0.253, 7.366], [-0.069, 7.217], [0.026, 6.985], [0.021, 6.6], [-0.214, 6.349], [-0.061, 6.023], [-0.071, 5.961], [-0.23, 5.7], [-0.215, 5.362], [-0.232, 5.312], [-0.292, 5.054], [-0.989, 5.054], [-1.071, 5.128], [-1.261, 5.19], [-1.407, 5.38], [-1.649, 5.428], [-1.94, 5.652], [-1.955, 5.862], [-2.37, 6.115], [-2.646, 6.252], [-2.651, 6.306], [-2.547, 6.607], [-2.84, 7.138], [-2.886, 7.271], [-2.827, 7.422], [-2.803, 7.734], [-3.017, 7.893], [-3.383, 8.271], [-3.463, 8.377], [-3.46, 8.429]]]}, "id": 298}, {"type": "Feature", "properties": {"fill": "#00789c"}, "geometry": {"type": "Polygon", "coordinates": [[[-4.851, 5.951], [-4.83, 6.093], [-4.815, 6.149], [-4.796, 6.205], [-4.771, 6.258], [-4.74, 6.308], [-4.706, 6.355], [-4.666, 6.398], [-4.623, 6.438], [-4.606, 6.45], [-4.124, 6.451], [-3.741, 7.073], [-3.731, 7.136], [-2.961, 7.259], [-2.93, 7.236], [-2.849, 7.162], [-2.84, 7.138], [-2.547, 6.607], [-2.666, 6.262], [-2.37, 6.115], [-1.955, 5.862], [-1.94, 5.652], [-1.649, 5.428], [-1.407, 5.38], [-1.261, 5.19], [-1.071, 5.128], [-0.989, 5.054], [-0.292, 5.054], [-0.047, 4.694], [-0.48, 4.282], [-0.379, 3.893], [-0.531, 3.699], [-0.568, 3.57], [-1.14, 3.387], [-1.147, 3.296], [-1.009, 3.106], [-0.984, 2.926], [-1.121, 2.495], [-1.147, 2.495], [-1.501, 2.589], [-1.645, 2.966], [-1.865, 3.057], [-2.036, 3.24], [-2.256, 3.35], [-2.368, 3.539], [-2.494, 3.906], [-2.616, 3.97], [-2.918, 4.107], [-2.946, 4.108], [-3.346, 3.768], [-3.513, 3.837], [-3.738, 3.906], [-3.969, 3.952], [-4.204, 3.975], [-4.415, 3.985], [-4.65, 3.985], [-4.732, 3.981], [-4.79, 3.984], [-4.848, 3.992], [-4.905, 4.007], [-4.96, 4.026], [-5.013, 4.051], [-5.064, 4.082], [-5.111, 4.117], [-5.154, 4.156], [-5.193, 4.199], [-5.228, 4.246], [-5.258, 4.297], [-5.284, 4.35], [-5.299, 4.393], [-5.023, 4.964], [-4.889, 5.103], [-4.791, 5.193], [-4.742, 5.5], [-4.885, 5.745], [-4.857, 5.884], [-4.851, 5.951]]]}, "id": 299}, {"type": "Feature", "properties": {"fill": "#516ebc"}, "geometry": {"type": "Polygon", "coordinates": [[[-4.993, 2.665], [-5.104, 2.873], [-5.12, 2.899], [-5.145, 2.952], [-5.165, 3.007], [-5.179, 3.064], [-5.188, 3.122], [-5.191, 3.181], [-5.188, 3.239], [-5.179, 3.297], [-5.165, 3.354], [-5.145, 3.409], [-5.12, 3.462], [-5.09, 3.512], [-5.055, 3.559], [-5.016, 3.603], [-4.972, 3.642], [-4.925, 3.677], [-4.875, 3.707], [-4.822, 3.732], [-4.767, 3.752], [-4.71, 3.766], [-4.652, 3.775], [-4.594, 3.778], [-4.535, 3.775], [-4.451, 3.762], [-4.217, 3.739], [-3.981, 3.739], [-3.888, 3.749], [-3.864, 3.728], [-3.488, 3.674], [-3.454, 3.676], [-3.149, 3.935], [-3.073, 3.967], [-2.898, 4.06], [-2.858, 4.079], [-2.616, 3.97], [-2.494, 3.906], [-2.368, 3.539], [-2.256, 3.35], [-2.036, 3.24], [-1.865, 3.057], [-1.645, 2.966], [-1.501, 2.589], [-1.147, 2.495], [-1.121, 2.495], [-1.068, 2.454], [-1.041, 1.901], [-0.876, 1.537], [-0.885, 1.525], [-0.924, 1.481], [-0.967, 1.442], [-1.009, 1.411], [-1.575, 1.365], [-1.766, 1.243], [-2.207, 1.376], [-2.305, 1.381], [-2.821, 1.866], [-2.957, 1.893], [-3.042, 1.719], [-2.934, 0.605], [-3.001, 0.588], [-3.143, 0.567], [-3.374, 0.521], [-3.599, 0.452], [-3.673, 0.422], [-3.801, 0.376], [-3.827, 0.369], [-4.029, 0.411], [-4.271, 0.554], [-4.517, 0.62], [-4.55, 0.715], [-4.723, 1.582], [-4.577, 1.811], [-4.557, 1.873], [-4.565, 1.904], [-4.875, 2.354], [-4.903, 2.447], [-4.993, 2.665]]]}, "id": 300}, {"type": "Feature", "properties": {"fill": "#153477"}, "geometry": {"type": "Polygon", "coordinates": [[[22.425, 0.873], [22.08, 0.892], [21.989, 0.913], [21.934, 1.037], [21.897, 1.257], [21.857, 1.327], [21.919, 1.401], [22.272, 2.177], [22.12, 2.305], [22.077, 2.571], [21.944, 2.762], [21.939, 2.944], [21.928, 3.008], [21.825, 3.227], [21.793, 3.374], [21.808, 3.394], [22.435, 3.723], [22.653, 3.466], [22.727, 3.403], [22.966, 3.394], [23.665, 3.544], [23.686, 3.592], [24.127, 3.773], [24.171, 3.836], [24.7, 3.746], [24.625, 3.496], [24.434, 3.122], [24.618, 2.91], [24.726, 2.884], [24.785, 2.177], [24.317, 2.169], [24.151, 2.059], [24.012, 1.893], [24.02, 1.79], [24.152, 1.577], [24.03, 1.063], [24.047, 0.902], [23.613, 0.645], [23.557, 0.467], [23.523, 0.421], [23.129, 0.561], [22.749, 0.444], [22.704, 0.458], [22.674, 0.451], [22.611, 0.473], [22.425, 0.873]]]}, "id": 301}, {"type": "Feature", "properties": {"fill": "#153477"}, "geometry": {"type": "Polygon", "coordinates": [[[52.437, 1.374], [52.378, 1.371], [52.32, 1.374], [52.039, 1.416], [51.983, 1.431], [51.927, 1.45], [51.874, 1.476], [51.824, 1.506], [51.777, 1.541], [51.705, 1.607], [51.596, 1.88], [51.634, 2.0], [51.607, 2.604], [51.229, 2.526], [50.617, 2.756], [50.655, 2.969], [51.378, 3.033], [51.413, 3.326], [51.616, 3.576], [51.725, 3.617], [51.75, 3.892], [52.051, 4.082], [52.378, 3.964], [52.578, 4.213], [53.159, 4.126], [53.205, 4.151], [53.568, 3.934], [53.846, 3.898], [53.956, 3.774], [54.004, 3.739], [54.025, 3.444], [54.261, 3.146], [54.617, 3.009], [54.639, 2.974], [54.305, 2.672], [54.288, 2.644], [53.914, 2.541], [54.132, 1.844], [54.015, 1.801], [53.9, 1.777], [53.871, 1.774], [53.561, 1.52], [52.966, 1.481], [52.885, 1.439], [52.775, 1.428], [52.743, 1.412], [52.586, 1.396], [52.437, 1.374]]]}, "id": 302}, {"type": "Feature", "properties": {"fill": "#37009c"}, "geometry": {"type": "Polygon", "coordinates": [[[31.836, -3.008], [31.827, -3.066], [31.816, -3.11], [31.65, -3.384], [31.62, -3.411], [31.573, -3.446], [31.523, -3.476], [31.47, -3.501], [31.415, -3.521], [31.358, -3.535], [31.3, -3.543], [31.242, -3.546], [31.183, -3.543], [31.125, -3.535], [31.068, -3.521], [31.0, -3.496], [30.9, -3.466], [30.844, -3.317], [30.644, -3.165], [30.512, -2.928], [30.095, -2.801], [30.081, -2.727], [29.99, -2.518], [30.1, -2.382], [29.823, -1.815], [30.026, -1.626], [30.085, -1.48], [30.111, -1.408], [30.314, -1.367], [30.49, -1.224], [30.54, -1.176], [30.974, -0.981], [31.001, -0.985], [31.131, -1.277], [31.233, -1.424], [31.271, -1.614], [31.344, -1.722], [31.573, -1.824], [31.793, -2.06], [31.642, -2.57], [31.841, -2.868], [31.841, -2.911], [31.836, -3.008]]]}, "id": 303}, {"type": "Feature", "properties": {"fill": "#153477"}, "geometry": {"type": "Polygon", "coordinates": [[[47.939, 10.994], [47.843, 10.814], [47.901, 10.624], [47.921, 10.309], [47.913, 10.304], [47.767, 10.3], [47.676, 10.301], [47.012, 10.419], [46.992, 10.495], [46.209, 10.806], [46.05, 10.736], [45.616, 10.899], [45.244, 10.742], [45.18, 10.742], [44.945, 10.719], [44.876, 10.708], [44.741, 10.7], [44.692, 10.704], [44.632, 10.69], [44.529, 10.679], [44.497, 10.678], [44.106, 11.098], [44.119, 11.547], [44.106, 11.602], [44.028, 11.739], [43.78, 11.807], [43.845, 12.514], [43.926, 12.535], [44.085, 12.941], [44.166, 12.983], [44.193, 13.033], [44.394, 13.258], [44.598, 13.193], [44.641, 13.146], [44.833, 12.714], [44.957, 12.673], [44.965, 12.665], [45.543, 12.568], [45.573, 12.576], [45.704, 12.842], [45.988, 12.966], [46.301, 12.958], [46.426, 13.057], [46.951, 12.92], [47.068, 13.037], [47.164, 13.069], [47.222, 13.055], [47.824, 12.714], [47.778, 12.447], [48.394, 12.398], [48.464, 12.15], [48.27, 11.719], [48.468, 11.404], [47.939, 10.994]]]}, "id": 304}, {"type": "Feature", "properties": {"fill": "#37009c"}, "geometry": {"type": "Polygon", "coordinates": [[[22.322, -2.188], [21.813, -2.192], [21.761, -2.181], [21.745, -1.782], [21.637, -1.553], [21.562, -1.479], [21.559, -1.469], [21.566, -1.384], [21.973, -0.856], [21.932, -0.495], [21.932, -0.487], [22.073, -0.394], [22.512, -0.358], [22.674, 0.451], [22.704, 0.458], [22.749, 0.444], [23.129, 0.561], [23.523, 0.421], [23.557, 0.467], [23.613, 0.645], [24.047, 0.902], [24.101, 0.86], [23.998, 0.331], [24.043, 0.282], [24.381, 0.557], [24.34, 0.051], [24.627, -0.063], [24.66, -0.11], [24.827, -0.251], [24.913, -0.281], [25.008, -0.773], [25.047, -0.84], [24.352, -1.24], [24.138, -1.192], [23.955, -1.526], [23.74, -1.654], [23.621, -1.873], [23.268, -1.921], [23.147, -2.607], [22.89, -2.61], [22.572, -2.079], [22.536, -2.067], [22.322, -2.188]]]}, "id": 305}, {"type": "Feature", "properties": {"fill": "#00789c"}, "geometry": {"type": "Polygon", "coordinates": [[[28.189, 0.625], [28.2, 0.69], [28.663, 1.128], [28.817, 1.115], [29.025, 1.362], [29.159, 1.816], [29.327, 1.956], [29.676, 1.649], [29.98, 1.694], [30.383, 1.599], [30.457, 1.621], [30.473, 1.613], [30.772, 1.347], [30.865, 1.167], [30.889, 1.102], [30.813, 0.625], [31.273, 0.286], [31.336, -0.041], [31.382, -0.1], [31.172, -0.84], [31.167, -0.847], [31.001, -0.985], [30.974, -0.981], [30.54, -1.176], [30.49, -1.224], [30.314, -1.367], [30.111, -1.408], [30.007, -1.301], [29.334, -1.175], [29.464, -0.622], [29.223, -0.353], [28.557, -0.615], [28.433, -0.528], [28.426, -0.178], [28.28, 0.351], [28.181, 0.454], [28.189, 0.625]]]}, "id": 306}, {"type": "Feature", "properties": {"fill": "#00529c"}, "geometry": {"type": "Polygon", "coordinates": [[[30.418, 1.636], [30.371, 1.602], [29.98, 1.694], [29.676, 1.649], [29.327, 1.956], [29.159, 1.816], [29.025, 1.362], [28.817, 1.115], [28.663, 1.128], [28.326, 1.648], [28.153, 1.679], [27.786, 2.37], [27.771, 2.377], [27.743, 2.396], [27.722, 2.423], [27.639, 2.761], [27.986, 3.13], [27.706, 3.652], [27.747, 3.75], [28.182, 4.052], [28.381, 3.974], [28.393, 3.967], [28.427, 3.958], [28.947, 4.296], [29.244, 4.128], [29.447, 3.876], [29.86, 3.953], [30.099, 3.815], [30.45, 3.899], [30.636, 3.75], [30.668, 3.634], [30.76, 3.437], [30.471, 2.912], [30.526, 2.803], [30.538, 2.692], [30.512, 2.584], [30.576, 2.31], [30.543, 2.174], [30.549, 1.915], [30.486, 1.703], [30.461, 1.676], [30.418, 1.636]]]}, "id": 307}, {"type": "Feature", "properties": {"fill": "#00789c"}, "geometry": {"type": "Polygon", "coordinates": [[[24.033, 1.917], [24.151, 2.059], [24.317, 2.169], [24.785, 2.177], [24.726, 2.884], [24.618, 2.91], [24.434, 3.122], [24.625, 3.496], [24.7, 3.746], [24.751, 3.776], [24.922, 4.247], [25.024, 4.335], [25.219, 4.317], [25.807, 4.889], [25.996, 4.754], [26.43, 4.978], [26.667, 4.812], [27.023, 4.784], [27.096, 4.692], [27.249, 4.673], [27.416, 4.693], [27.471, 4.673], [27.727, 4.54], [27.933, 4.516], [28.182, 4.052], [27.747, 3.75], [27.706, 3.652], [27.986, 3.13], [27.639, 2.761], [27.066, 3.077], [26.785, 2.695], [26.761, 2.566], [26.355, 2.276], [26.349, 2.254], [26.371, 2.163], [26.246, 1.907], [26.048, 1.745], [25.668, 1.807], [25.632, 1.676], [25.684, 1.164], [25.505, 0.991], [25.551, 0.802], [25.493, 0.374], [25.798, 0.234], [25.677, -0.22], [25.601, -0.305], [25.264, -0.152], [25.182, -0.111], [24.913, -0.281], [24.827, -0.251], [24.66, -0.11], [24.627, -0.063], [24.34, 0.051], [24.381, 0.557], [24.043, 0.282], [23.998, 0.331], [24.101, 0.86], [24.047, 0.902], [24.03, 1.063], [24.152, 1.577], [24.02, 1.79], [24.017, 1.828], [24.026, 1.873], [24.033, 1.917]]]}, "id": 308}, {"type": "Feature", "properties": {"fill": "#516ebc"}, "geometry": {"type": "Polygon", "coordinates": [[[25.632, 1.676], [25.668, 1.807], [26.048, 1.745], [26.246, 1.907], [26.371, 2.163], [26.349, 2.254], [26.355, 2.276], [26.761, 2.566], [26.785, 2.695], [27.066, 3.077], [27.639, 2.761], [27.722, 2.423], [27.743, 2.396], [27.771, 2.377], [27.786, 2.37], [28.153, 1.679], [28.326, 1.648], [28.663, 1.128], [28.09, 0.587], [27.961, 0.655], [27.264, 0.291], [26.941, 0.378], [26.857, -0.006], [26.334, -0.203], [26.275, -0.115], [25.677, -0.22], [25.798, 0.234], [25.493, 0.374], [25.551, 0.802], [25.505, 0.991], [25.684, 1.164], [25.632, 1.676]]]}, "id": 309}, {"type": "Feature", "properties": {"fill": "#37009c"}, "geometry": {"type": "Polygon", "coordinates": [[[26.128, -6.009], [26.103, -6.061], [26.073, -6.112], [25.993, -6.22], [25.94, -6.284], [25.915, -6.318], [25.876, -6.361], [25.833, -6.4], [25.636, -6.561], [25.533, -6.664], [25.456, -6.733], [25.409, -6.768], [25.359, -6.798], [25.306, -6.824], [25.25, -6.843], [25.194, -6.858], [25.136, -6.866], [25.077, -6.869], [24.927, -6.862], [24.691, -6.862], [24.457, -6.885], [24.226, -6.931], [24.0, -6.999], [23.783, -7.089], [23.575, -7.2], [23.468, -7.264], [23.416, -7.289], [23.36, -7.309], [23.304, -7.323], [23.246, -7.332], [23.187, -7.334], [23.128, -7.332], [23.071, -7.323], [23.014, -7.309], [22.959, -7.289], [22.906, -7.264], [22.855, -7.234], [22.808, -7.199], [22.765, -7.16], [22.725, -7.116], [22.691, -7.069], [22.66, -7.019], [22.635, -6.966], [22.609, -6.891], [22.582, -6.802], [22.933, -6.467], [22.697, -5.876], [22.784, -5.672], [22.903, -5.559], [22.907, -5.54], [22.65, -5.282], [22.562, -4.844], [22.575, -4.805], [22.968, -4.774], [23.102, -4.61], [23.218, -4.154], [23.696, -4.502], [23.765, -4.688], [23.775, -4.699], [24.14, -4.886], [24.251, -4.81], [24.544, -4.806], [24.85, -4.69], [24.856, -4.634], [25.324, -4.202], [25.486, -4.492], [25.46, -4.689], [25.63, -4.957], [25.734, -5.059], [25.73, -5.227], [25.882, -5.447], [25.888, -5.469], [26.153, -5.932], [26.148, -5.953], [26.128, -6.009]]]}, "id": 310}, {"type": "Feature", "properties": {"fill": "#00529c"}, "geometry": {"type": "Polygon", "coordinates": [[[28.141, 0.483], [28.166, 0.469], [28.28, 0.351], [28.426, -0.178], [28.433, -0.528], [28.557, -0.615], [29.223, -0.353], [29.464, -0.622], [29.334, -1.175], [29.097, -1.356], [29.121, -1.551], [28.704, -1.948], [28.639, -1.99], [28.651, -2.422], [28.627, -2.45], [28.182, -2.53], [28.136, -2.574], [27.701, -2.674], [27.635, -2.647], [27.574, -2.584], [27.377, -2.532], [27.149, -2.49], [27.061, -2.488], [26.984, -2.494], [26.891, -2.637], [26.511, -2.751], [26.376, -2.649], [26.241, -2.162], [26.132, -2.13], [25.863, -2.067], [25.76, -2.121], [25.151, -1.477], [25.326, -1.072], [25.047, -0.84], [25.008, -0.773], [24.913, -0.281], [25.182, -0.111], [25.264, -0.152], [25.601, -0.305], [25.677, -0.22], [26.275, -0.115], [26.334, -0.203], [26.857, -0.006], [26.941, 0.378], [27.264, 0.291], [27.919, 0.633], [27.945, 0.614], [28.141, 0.483]]]}, "id": 311}, {"type": "Feature", "properties": {"fill": "#153477"}, "geometry": {"type": "Polygon", "coordinates": [[[30.854, -3.531], [30.829, -3.584], [30.799, -3.634], [30.764, -3.681], [30.725, -3.725], [30.682, -3.764], [30.627, -3.803], [30.051, -3.722], [29.937, -3.656], [29.42, -4.054], [29.212, -3.994], [29.072, -3.845], [28.591, -3.968], [28.567, -3.938], [28.369, -3.562], [28.286, -3.56], [28.228, -3.519], [27.806, -3.446], [27.755, -3.37], [27.77, -3.252], [27.824, -3.107], [27.701, -2.674], [28.136, -2.574], [28.182, -2.53], [28.627, -2.45], [28.651, -2.422], [28.639, -1.99], [28.704, -1.948], [29.121, -1.551], [29.097, -1.356], [29.334, -1.175], [30.007, -1.301], [30.111, -1.408], [30.085, -1.48], [30.026, -1.626], [29.823, -1.815], [30.1, -2.382], [29.99, -2.518], [30.081, -2.727], [30.095, -2.801], [30.512, -2.928], [30.644, -3.165], [30.844, -3.317], [30.886, -3.428], [30.874, -3.476], [30.854, -3.531]]]}, "id": 312}, {"type": "Feature", "properties": {"fill": "#00529c"}, "geometry": {"type": "Polygon", "coordinates": [[[30.916, -3.942], [31.079, -4.019], [31.127, -4.048], [31.174, -4.083], [31.218, -4.122], [31.257, -4.165], [31.268, -4.18], [31.303, -4.342], [30.908, -5.187], [31.005, -5.301], [30.915, -5.767], [30.755, -5.937], [30.443, -6.436], [30.44, -6.461], [30.288, -6.542], [30.233, -6.575], [30.18, -6.6], [30.125, -6.62], [30.068, -6.634], [30.01, -6.642], [29.952, -6.645], [29.893, -6.642], [29.835, -6.634], [29.812, -6.628], [29.581, -6.582], [29.347, -6.559], [29.323, -6.558], [29.265, -6.549], [29.208, -6.535], [29.153, -6.515], [29.066, -6.474], [28.849, -6.384], [28.623, -6.316], [28.392, -6.27], [28.343, -6.265], [28.193, -6.243], [28.136, -6.228], [28.081, -6.209], [28.028, -6.184], [27.978, -6.153], [27.931, -6.119], [27.887, -6.079], [27.848, -6.036], [27.813, -5.989], [27.783, -5.938], [27.754, -5.875], [27.87, -5.571], [27.85, -5.271], [27.865, -5.202], [27.937, -5.051], [27.824, -4.83], [27.669, -4.722], [27.659, -4.713], [27.584, -4.547], [27.535, -4.409], [27.877, -4.211], [27.866, -4.06], [27.885, -3.909], [28.064, -3.82], [28.286, -3.56], [28.369, -3.562], [28.567, -3.938], [28.591, -3.968], [29.072, -3.845], [29.212, -3.994], [29.42, -4.054], [29.937, -3.656], [30.051, -3.722], [30.676, -3.81], [30.706, -3.83], [30.916, -3.942]]]}, "id": 313}, {"type": "Feature", "properties": {"fill": "#00529c"}, "geometry": {"type": "Polygon", "coordinates": [[[4.847, 13.476], [4.695, 13.661], [4.492, 13.936], [4.473, 13.99], [4.459, 14.047], [4.451, 14.105], [4.448, 14.163], [4.451, 14.222], [4.459, 14.28], [4.464, 14.301], [5.503, 14.713], [5.433, 15.093], [6.606, 15.12], [6.637, 15.065], [7.338, 15.305], [7.36, 15.782], [7.421, 15.819], [7.826, 15.772], [7.903, 15.782], [8.264, 15.739], [8.289, 15.717], [8.697, 15.872], [8.88, 15.774], [8.906, 15.434], [9.126, 15.088], [9.111, 14.946], [8.911, 14.71], [8.671, 14.672], [8.882, 13.75], [8.759, 13.592], [8.733, 13.579], [8.673, 13.254], [8.6, 13.168], [8.542, 13.044], [8.66, 12.66], [8.076, 12.495], [7.951, 12.968], [7.808, 13.054], [7.689, 12.994], [7.218, 12.985], [6.947, 13.434], [6.567, 13.364], [6.441, 13.371], [6.256, 13.28], [6.123, 13.293], [5.457, 12.79], [5.436, 12.795], [5.381, 12.815], [5.328, 12.84], [5.278, 12.87], [5.23, 12.905], [5.187, 12.945], [5.148, 12.988], [5.113, 13.035], [5.076, 13.097], [4.978, 13.281], [4.847, 13.476]]]}, "id": 314}, {"type": "Feature", "properties": {"fill": "#37009c"}, "geometry": {"type": "Polygon", "coordinates": [[[26.745, -3.851], [26.465, -3.754], [26.55, -3.399], [26.401, -3.067], [26.511, -2.751], [26.891, -2.637], [26.984, -2.494], [27.061, -2.488], [27.149, -2.49], [27.377, -2.532], [27.574, -2.584], [27.635, -2.647], [27.701, -2.674], [27.824, -3.107], [27.77, -3.252], [27.755, -3.37], [27.806, -3.446], [28.228, -3.519], [28.286, -3.56], [28.064, -3.82], [27.885, -3.909], [27.866, -4.06], [27.877, -4.211], [27.535, -4.409], [27.393, -4.359], [27.359, -4.25], [27.17, -3.901], [26.978, -3.826], [26.745, -3.851]]]}, "id": 315}, {"type": "Feature", "properties": {"fill": "#516ebc"}, "geometry": {"type": "Polygon", "coordinates": [[[25.35, -2.965], [25.357, -2.731], [25.354, -2.544], [25.408, -2.51], [25.701, -2.216], [25.76, -2.121], [25.863, -2.067], [26.132, -2.13], [26.241, -2.162], [26.376, -2.649], [26.511, -2.751], [26.401, -3.067], [26.55, -3.399], [26.465, -3.754], [26.216, -3.867], [26.197, -3.87], [26.177, -3.894], [25.37, -4.152], [25.324, -4.18], [25.039, -3.913], [25.046, -3.807], [24.959, -3.69], [25.074, -3.171], [25.237, -3.112], [25.35, -2.965]]]}, "id": 316}, {"type": "Feature", "properties": {"fill": "#00789c"}, "geometry": {"type": "Polygon", "coordinates": [[[22.26, -3.421], [22.243, -3.31], [22.24, -3.251], [22.243, -3.193], [22.25, -3.145], [22.71, -2.886], [22.89, -2.61], [23.147, -2.607], [23.268, -1.921], [23.621, -1.873], [23.74, -1.654], [23.955, -1.526], [24.138, -1.192], [24.352, -1.24], [25.047, -0.84], [25.326, -1.072], [25.151, -1.477], [25.76, -2.121], [25.701, -2.216], [25.408, -2.51], [25.354, -2.544], [25.357, -2.731], [25.35, -2.965], [25.237, -3.112], [25.074, -3.171], [24.959, -3.69], [25.046, -3.807], [25.039, -3.913], [25.324, -4.18], [25.324, -4.202], [24.856, -4.634], [24.85, -4.69], [24.544, -4.806], [24.251, -4.81], [24.14, -4.886], [23.775, -4.699], [23.765, -4.688], [23.696, -4.502], [23.218, -4.154], [23.102, -4.61], [22.968, -4.774], [22.575, -4.805], [22.442, -4.442], [22.645, -3.908], [22.294, -3.645], [22.285, -3.546], [22.26, -3.421]]]}, "id": 317}, {"type": "Feature", "properties": {"fill": "#516ebc"}, "geometry": {"type": "Polygon", "coordinates": [[[27.613, -5.929], [27.55, -5.949], [27.47, -5.815], [26.995, -5.433], [27.003, -5.274], [27.19, -5.164], [27.193, -5.064], [27.082, -4.824], [27.002, -4.723], [27.114, -4.512], [27.307, -4.409], [27.393, -4.359], [27.535, -4.409], [27.584, -4.547], [27.659, -4.713], [27.669, -4.722], [27.824, -4.83], [27.937, -5.051], [27.865, -5.202], [27.85, -5.271], [27.87, -5.571], [27.754, -5.874], [27.714, -5.893], [27.613, -5.929]]]}, "id": 318}, {"type": "Feature", "properties": {"fill": "#153477"}, "geometry": {"type": "Polygon", "coordinates": [[[27.507, -5.984], [27.468, -6.027], [27.424, -6.066], [27.377, -6.101], [27.327, -6.132], [27.274, -6.157], [27.219, -6.176], [27.162, -6.191], [27.104, -6.199], [27.046, -6.202], [26.987, -6.199], [26.929, -6.191], [26.872, -6.176], [26.817, -6.157], [26.766, -6.132], [26.544, -6.041], [26.314, -5.972], [26.153, -5.932], [25.888, -5.469], [25.882, -5.447], [25.73, -5.227], [25.734, -5.059], [25.63, -4.957], [25.46, -4.689], [25.486, -4.492], [25.324, -4.202], [25.324, -4.18], [25.37, -4.152], [26.177, -3.894], [26.197, -3.87], [26.216, -3.867], [26.465, -3.754], [26.745, -3.851], [26.978, -3.826], [27.17, -3.901], [27.359, -4.25], [27.393, -4.359], [27.307, -4.409], [27.114, -4.512], [27.002, -4.723], [27.082, -4.824], [27.193, -5.064], [27.19, -5.164], [27.003, -5.274], [26.995, -5.433], [27.47, -5.815], [27.542, -5.936], [27.507, -5.984]]]}, "id": 319}, {"type": "Feature", "properties": {"fill": "#516ebc"}, "geometry": {"type": "Polygon", "coordinates": [[[-3.202, 9.709], [-3.007, 9.729], [-2.488, 9.484], [-2.161, 10.841], [-2.118, 10.875], [-1.952, 11.042], [-1.802, 11.224], [-1.672, 11.42], [-1.639, 11.481], [-1.566, 11.603], [-1.531, 11.65], [-1.442, 11.747], [-1.379, 11.81], [-1.23, 11.992], [-1.099, 12.188], [-1.028, 12.306], [-0.993, 12.353], [-0.954, 12.397], [-0.911, 12.436], [-0.864, 12.471], [-0.813, 12.501], [-0.76, 12.526], [-0.705, 12.546], [-0.648, 12.56], [-0.59, 12.569], [-0.429, 12.577], [-0.399, 12.577], [-0.165, 12.6], [0.066, 12.646], [0.18, 12.674], [0.221, 12.68], [0.454, 12.727], [0.567, 12.761], [0.678, 12.628], [1.016, 12.421], [1.567, 12.86], [1.652, 12.827], [2.131, 12.862], [2.39, 12.662], [2.709, 12.866], [3.033, 12.751], [3.111, 12.791], [3.505, 12.558], [3.522, 12.534], [3.68, 12.527], [3.957, 12.289], [4.387, 12.435], [4.595, 11.801], [4.637, 11.764], [4.94, 11.856], [5.32, 11.485], [5.303, 11.345], [5.469, 11.088], [5.308, 10.754], [5.178, 10.729], [5.048, 10.463], [4.766, 10.414], [4.585, 10.057], [4.849, 9.712], [4.625, 9.649], [4.049, 9.592], [3.87, 9.649], [3.681, 9.339], [3.651, 9.308], [3.598, 9.264], [3.4, 9.155], [2.831, 9.188], [2.699, 9.265], [2.52, 9.14], [2.3, 9.027], [2.273, 9.032], [1.485, 8.664], [1.432, 8.704], [1.235, 8.674], [0.872, 8.019], [0.593, 8.123], [0.353, 7.849], [-0.229, 8.221], [-0.546, 8.099], [-0.703, 7.794], [-0.792, 7.775], [-0.908, 7.775], [-1.097, 7.764], [-1.148, 7.767], [-1.282, 7.786], [-1.36, 7.802], [-1.406, 7.99], [-1.926, 8.468], [-2.083, 8.429], [-2.4, 8.033], [-2.423, 8.029], [-2.755, 8.785], [-2.989, 8.707], [-3.399, 9.469], [-3.366, 9.576], [-3.339, 9.596], [-3.202, 9.709]]]}, "id": 320}, {"type": "Feature", "properties": {"fill": "#00789c"}, "geometry": {"type": "Polygon", "coordinates": [[[43.614, 15.092], [43.891, 15.26], [43.935, 15.271], [43.993, 15.28], [44.051, 15.283], [44.11, 15.28], [44.287, 15.253], [44.522, 15.23], [44.61, 15.23], [44.792, 14.906], [45.296, 15.044], [45.753, 15.2], [45.856, 15.257], [45.973, 14.993], [46.001, 14.811], [46.226, 14.536], [46.192, 14.435], [46.263, 14.31], [46.494, 14.058], [46.44, 13.948], [46.501, 13.575], [46.498, 13.558], [46.465, 13.507], [46.403, 13.391], [46.426, 13.057], [46.301, 12.958], [45.988, 12.966], [45.704, 12.842], [45.573, 12.576], [45.543, 12.568], [44.965, 12.665], [44.957, 12.673], [44.833, 12.714], [44.641, 13.146], [44.598, 13.193], [44.394, 13.258], [44.193, 13.033], [43.738, 13.365], [43.632, 13.361], [43.555, 13.83], [43.65, 13.941], [43.384, 14.579], [43.517, 14.876], [43.52, 14.983], [43.553, 15.024], [43.614, 15.092]]]}, "id": 321}, {"type": "Feature", "properties": {"fill": "#37009c"}, "geometry": {"type": "Polygon", "coordinates": [[[45.951, 16.349], [46.01, 16.352], [46.068, 16.349], [46.126, 16.341], [46.183, 16.327], [46.238, 16.307], [46.291, 16.282], [46.356, 16.243], [46.566, 16.131], [46.786, 16.04], [47.014, 15.971], [47.247, 15.926], [47.484, 15.903], [47.669, 15.895], [47.722, 15.887], [47.779, 15.873], [47.834, 15.853], [47.939, 15.804], [48.157, 15.713], [48.382, 15.645], [48.613, 15.599], [48.644, 15.595], [48.701, 15.58], [48.756, 15.561], [48.809, 15.536], [48.859, 15.505], [48.906, 15.471], [48.949, 15.431], [48.989, 15.388], [49.024, 15.341], [49.054, 15.29], [49.079, 15.237], [49.099, 15.182], [49.112, 15.13], [48.781, 14.87], [48.72, 14.709], [48.606, 14.565], [48.654, 14.26], [48.584, 14.214], [48.553, 14.213], [48.1, 14.0], [48.101, 13.98], [48.505, 13.554], [48.452, 13.142], [48.686, 12.969], [48.708, 12.928], [48.724, 12.882], [48.394, 12.398], [47.778, 12.447], [47.824, 12.714], [47.222, 13.055], [47.164, 13.069], [47.068, 13.037], [46.951, 12.92], [46.426, 13.057], [46.403, 13.391], [46.465, 13.507], [46.498, 13.558], [46.501, 13.575], [46.44, 13.948], [46.494, 14.058], [46.263, 14.31], [46.192, 14.435], [46.226, 14.536], [46.001, 14.811], [45.973, 14.993], [45.856, 15.257], [45.856, 15.258], [45.814, 15.341], [45.846, 16.329], [45.893, 16.341], [45.951, 16.349]]]}, "id": 322}, {"type": "Feature", "properties": {"fill": "#516ebc"}, "geometry": {"type": "Polygon", "coordinates": [[[13.351, 19.459], [13.486, 19.475], [13.901, 19.816], [13.927, 19.928], [14.162, 20.022], [14.244, 20.135], [14.327, 20.357], [14.165, 20.576], [14.337, 21.196], [14.374, 21.213], [14.429, 21.233], [14.486, 21.247], [14.544, 21.256], [14.602, 21.259], [14.744, 21.252], [14.908, 21.252], [14.936, 21.242], [14.97, 21.249], [15.812, 20.911], [15.888, 20.825], [15.894, 20.802], [15.902, 20.744], [15.904, 20.705], [15.559, 20.229], [15.444, 20.126], [15.459, 20.018], [15.815, 19.694], [15.994, 19.419], [16.187, 19.359], [15.954, 18.947], [15.892, 18.797], [16.458, 18.64], [16.311, 18.386], [16.073, 18.383], [15.914, 18.106], [15.815, 18.125], [15.364, 17.823], [15.363, 17.783], [14.958, 17.635], [14.43, 17.99], [14.41, 17.998], [14.353, 17.967], [13.905, 17.868], [13.792, 18.07], [13.364, 18.262], [13.042, 18.276], [12.966, 18.399], [12.85, 18.576], [13.108, 19.199], [13.102, 19.245], [13.104, 19.25], [13.351, 19.459]]]}, "id": 323}, {"type": "Feature", "properties": {"fill": "#516ebc"}, "geometry": {"type": "Polygon", "coordinates": [[[9.812, 22.121], [9.994, 22.271], [10.161, 22.437], [10.31, 22.619], [10.441, 22.815], [10.492, 22.899], [10.526, 22.946], [10.566, 22.99], [10.609, 23.029], [10.656, 23.064], [10.707, 23.094], [10.759, 23.119], [10.815, 23.139], [10.872, 23.153], [10.929, 23.162], [10.988, 23.164], [11.013, 23.163], [11.179, 23.163], [11.272, 23.159], [11.33, 23.15], [11.387, 23.136], [11.442, 23.116], [11.495, 23.091], [11.545, 23.061], [11.592, 23.026], [11.636, 22.987], [11.675, 22.943], [11.71, 22.896], [11.765, 22.805], [11.84, 22.666], [11.864, 22.615], [11.975, 22.408], [12.106, 22.212], [12.255, 22.03], [12.422, 21.863], [12.604, 21.714], [12.8, 21.583], [12.913, 21.515], [12.96, 21.48], [13.004, 21.441], [13.043, 21.397], [13.107, 21.311], [13.184, 21.196], [13.23, 21.14], [13.225, 21.097], [13.199, 20.606], [13.09, 20.211], [13.087, 20.208], [13.089, 20.203], [12.783, 19.453], [12.756, 19.463], [12.677, 19.458], [12.47, 19.43], [12.183, 18.835], [11.949, 18.959], [11.624, 19.5], [11.223, 19.421], [11.166, 19.49], [11.0, 19.657], [10.818, 19.806], [10.755, 19.853], [10.711, 19.892], [10.672, 19.936], [10.643, 19.974], [10.494, 20.156], [10.327, 20.323], [10.145, 20.472], [9.949, 20.603], [9.742, 20.714], [9.524, 20.804], [9.492, 20.816], [9.439, 20.841], [9.389, 20.871], [9.342, 20.906], [9.299, 20.945], [9.253, 20.997], [9.347, 21.832], [9.389, 21.864], [9.469, 21.911], [9.616, 21.99], [9.812, 22.121]]]}, "id": 324}, {"type": "Feature", "properties": {"fill": "#00789c"}, "geometry": {"type": "Polygon", "coordinates": [[[13.079, 21.554], [13.103, 21.806], [13.111, 21.864], [13.125, 21.921], [13.145, 21.976], [13.17, 22.029], [13.2, 22.08], [13.235, 22.127], [13.275, 22.17], [13.318, 22.209], [13.365, 22.244], [13.415, 22.275], [13.468, 22.3], [13.588, 22.343], [13.682, 22.371], [13.899, 22.461], [14.107, 22.572], [14.303, 22.703], [14.437, 22.813], [14.509, 22.866], [14.559, 22.896], [14.612, 22.921], [14.667, 22.941], [14.724, 22.955], [14.782, 22.964], [14.828, 22.966], [15.177, 22.863], [15.22, 22.831], [15.263, 22.792], [15.278, 22.775], [15.415, 22.535], [15.515, 22.292], [15.557, 22.203], [15.12, 21.425], [14.97, 21.249], [14.936, 21.242], [14.415, 21.426], [14.396, 21.41], [14.165, 20.576], [14.327, 20.357], [14.244, 20.135], [14.162, 20.022], [13.927, 19.928], [13.901, 19.816], [13.486, 19.475], [13.351, 19.459], [13.182, 19.316], [13.044, 19.323], [12.986, 19.332], [12.961, 19.338], [12.783, 19.453], [13.089, 20.203], [13.087, 20.208], [13.09, 20.211], [13.199, 20.606], [13.225, 21.097], [13.24, 21.228], [13.067, 21.494], [13.079, 21.554]]]}, "id": 325}, {"type": "Feature", "properties": {"fill": "#37009c"}, "geometry": {"type": "Polygon", "coordinates": [[[30.8, 16.28], [30.828, 16.311], [30.98, 16.495], [31.112, 16.693], [31.223, 16.904], [31.314, 17.124], [31.382, 17.353], [31.427, 17.587], [31.453, 17.776], [31.465, 17.824], [31.485, 17.88], [31.51, 17.933], [31.54, 17.983], [31.575, 18.03], [31.615, 18.073], [31.658, 18.113], [31.705, 18.148], [31.755, 18.178], [31.808, 18.203], [31.863, 18.222], [31.92, 18.237], [31.978, 18.245], [32.037, 18.248], [32.095, 18.245], [32.153, 18.237], [32.21, 18.222], [32.265, 18.203], [32.318, 18.178], [32.369, 18.148], [32.416, 18.113], [32.459, 18.073], [32.498, 18.03], [32.533, 17.983], [32.563, 17.933], [32.588, 17.88], [32.608, 17.824], [32.622, 17.768], [32.631, 17.71], [32.634, 17.651], [32.631, 17.593], [32.622, 17.535], [32.596, 17.428], [32.557, 17.301], [32.511, 17.07], [32.488, 16.835], [32.488, 16.6], [32.511, 16.365], [32.557, 16.134], [32.625, 15.909], [32.637, 15.876], [32.651, 15.819], [32.66, 15.761], [32.663, 15.703], [32.66, 15.644], [32.651, 15.586], [32.637, 15.529], [32.617, 15.474], [32.592, 15.421], [32.562, 15.371], [32.527, 15.324], [32.488, 15.281], [32.445, 15.241], [32.398, 15.206], [32.315, 15.157], [32.119, 15.026], [31.937, 14.877], [31.885, 14.824], [31.782, 14.731], [31.735, 14.696], [31.679, 14.661], [31.32, 14.762], [31.035, 14.583], [30.818, 14.542], [30.462, 15.04], [30.519, 15.112], [30.527, 15.597], [30.543, 15.621], [30.729, 15.874], [30.731, 16.176], [30.765, 16.233], [30.8, 16.28]]]}, "id": 326}, {"type": "Feature", "properties": {"fill": "#37009c"}, "geometry": {"type": "Polygon", "coordinates": [[[55.525, 11.217], [55.526, 11.24], [56.291, 11.391], [56.265, 12.02], [56.502, 12.062], [56.911, 12.588], [56.939, 12.595], [56.997, 12.604], [57.056, 12.607], [57.114, 12.604], [57.172, 12.595], [57.229, 12.581], [57.284, 12.561], [57.393, 12.396], [57.408, 11.98], [57.775, 11.609], [57.78, 11.611], [58.191, 11.361], [58.179, 11.232], [57.993, 11.134], [57.928, 10.922], [57.949, 10.869], [57.957, 10.859], [57.984, 10.707], [58.343, 10.435], [58.388, 10.438], [58.594, 9.621], [58.973, 9.641], [58.924, 8.796], [58.82, 8.65], [58.798, 8.387], [58.744, 8.339], [58.697, 8.304], [58.647, 8.274], [58.594, 8.249], [58.164, 8.368], [57.712, 8.313], [57.529, 8.421], [57.115, 8.107], [56.76, 8.205], [56.674, 8.395], [56.737, 8.757], [56.487, 8.821], [56.286, 8.887], [56.469, 9.297], [56.395, 9.534], [56.181, 9.604], [56.273, 9.884], [55.979, 10.28], [56.229, 10.512], [56.271, 10.667], [56.264, 10.691], [55.534, 11.112], [55.527, 11.158], [55.525, 11.217]]]}, "id": 327}, {"type": "Feature", "properties": {"fill": "#00789c"}, "geometry": {"type": "Polygon", "coordinates": [[[57.295, 12.669], [57.31, 12.725], [57.329, 12.781], [57.355, 12.834], [57.385, 12.884], [57.42, 12.931], [57.459, 12.974], [57.502, 13.014], [57.528, 13.033], [58.088, 13.166], [58.119, 13.195], [58.201, 13.211], [58.25, 13.226], [58.324, 13.245], [58.55, 13.313], [58.705, 13.369], [58.762, 13.383], [58.82, 13.391], [58.879, 13.394], [58.937, 13.391], [59.102, 13.367], [59.157, 13.362], [59.158, 13.349], [59.524, 12.634], [59.342, 12.471], [59.337, 12.405], [60.008, 12.276], [59.483, 11.932], [59.415, 11.75], [60.133, 11.585], [60.204, 11.627], [60.341, 11.588], [60.884, 11.004], [60.929, 10.776], [60.998, 10.551], [61.088, 10.333], [61.199, 10.126], [61.326, 9.935], [61.358, 9.882], [61.383, 9.829], [61.403, 9.774], [61.417, 9.717], [61.425, 9.659], [61.428, 9.601], [61.425, 9.542], [61.417, 9.484], [61.403, 9.427], [61.383, 9.372], [61.353, 9.309], [61.263, 9.091], [61.243, 9.027], [61.195, 8.892], [61.17, 8.839], [61.14, 8.789], [61.105, 8.742], [61.092, 8.727], [60.045, 8.662], [59.955, 8.375], [59.768, 8.298], [59.59, 8.203], [59.522, 8.17], [59.467, 8.151], [59.41, 8.136], [59.352, 8.128], [59.293, 8.125], [59.235, 8.128], [59.177, 8.136], [59.12, 8.151], [59.065, 8.17], [59.012, 8.195], [58.962, 8.225], [58.914, 8.26], [58.871, 8.3], [58.832, 8.343], [58.798, 8.389], [58.82, 8.65], [58.924, 8.796], [58.973, 9.641], [58.594, 9.621], [58.388, 10.438], [58.343, 10.435], [57.984, 10.707], [57.957, 10.859], [57.949, 10.869], [57.928, 10.922], [57.993, 11.134], [58.179, 11.232], [58.191, 11.361], [57.78, 11.611], [57.775, 11.609], [57.408, 11.98], [57.393, 12.396], [57.278, 12.571], [57.295, 12.669]]]}, "id": 328}, {"type": "Feature", "properties": {"fill": "#37009c"}, "geometry": {"type": "Polygon", "coordinates": [[[8.411, 18.837], [8.408, 18.896], [8.411, 18.954], [8.42, 19.012], [8.434, 19.069], [8.489, 19.223], [8.499, 19.248], [8.567, 19.473], [8.581, 19.543], [8.587, 19.557], [8.585, 19.562], [8.613, 19.704], [8.636, 19.938], [8.642, 20.052], [8.651, 20.11], [8.665, 20.167], [8.685, 20.222], [8.71, 20.275], [8.74, 20.326], [8.775, 20.373], [8.814, 20.416], [8.858, 20.456], [8.905, 20.49], [8.955, 20.521], [9.008, 20.546], [9.063, 20.565], [9.12, 20.58], [9.178, 20.588], [9.236, 20.591], [9.295, 20.588], [9.353, 20.58], [9.41, 20.565], [9.465, 20.546], [9.518, 20.521], [9.568, 20.49], [9.615, 20.456], [9.659, 20.416], [9.698, 20.373], [9.733, 20.326], [9.763, 20.275], [9.825, 20.144], [9.936, 19.936], [10.067, 19.74], [10.216, 19.558], [10.383, 19.392], [10.565, 19.242], [10.761, 19.111], [10.969, 19.0], [10.988, 18.992], [10.997, 18.971], [11.477, 18.573], [11.659, 18.283], [11.614, 18.225], [11.557, 17.685], [11.871, 17.473], [11.879, 17.442], [11.846, 17.281], [11.856, 17.086], [11.757, 17.004], [11.562, 16.891], [11.544, 16.616], [11.384, 16.432], [11.19, 16.392], [11.089, 16.462], [10.839, 16.464], [10.712, 16.64], [10.397, 16.373], [10.157, 16.617], [10.152, 16.608], [9.608, 16.154], [9.675, 16.05], [9.594, 15.853], [9.301, 15.643], [9.074, 15.837], [8.88, 15.774], [8.697, 15.872], [8.706, 15.943], [8.698, 16.357], [8.755, 16.606], [8.625, 16.654], [8.535, 17.14], [8.589, 17.278], [8.644, 17.322], [8.932, 17.413], [8.99, 17.552], [8.847, 17.783], [8.622, 18.06], [8.668, 18.302], [8.614, 18.459], [8.428, 18.687], [8.418, 18.791], [8.411, 18.837]]]}, "id": 329}, {"type": "Feature", "properties": {"fill": "#153477"}, "geometry": {"type": "Polygon", "coordinates": [[[4.643, 12.829], [4.874, 12.875], [5.027, 12.921], [5.326, 12.692], [6.123, 13.293], [6.256, 13.28], [6.441, 13.371], [6.567, 13.364], [6.947, 13.434], [7.218, 12.985], [7.689, 12.994], [7.808, 13.054], [7.951, 12.968], [8.076, 12.495], [8.66, 12.66], [8.542, 13.044], [8.6, 13.168], [8.673, 13.254], [8.733, 13.579], [8.759, 13.592], [8.882, 13.75], [8.671, 14.672], [8.911, 14.71], [9.111, 14.946], [9.126, 15.088], [8.906, 15.434], [8.88, 15.774], [9.074, 15.837], [9.301, 15.643], [9.292, 15.347], [9.682, 15.502], [9.98, 15.338], [9.985, 15.295], [10.047, 15.042], [10.368, 14.897], [10.449, 14.907], [10.693, 14.944], [10.814, 14.813], [10.83, 14.811], [11.207, 14.597], [11.337, 14.495], [11.483, 14.504], [11.671, 14.102], [11.824, 14.088], [11.829, 14.076], [11.793, 13.681], [11.367, 13.479], [11.32, 13.309], [11.279, 13.25], [11.28, 13.248], [11.472, 13.057], [12.183, 13.04], [12.25, 12.92], [12.267, 12.886], [12.264, 12.864], [12.474, 12.509], [12.492, 12.316], [12.203, 12.044], [12.154, 12.048], [12.046, 11.958], [11.853, 11.713], [11.506, 11.748], [11.527, 11.303], [11.628, 10.983], [11.61, 10.958], [11.169, 10.97], [10.808, 11.018], [10.746, 11.522], [10.174, 11.621], [10.056, 11.561], [9.717, 11.058], [9.599, 11.016], [9.566, 11.023], [9.151, 10.619], [8.902, 10.495], [8.889, 10.252], [8.258, 10.277], [8.234, 10.211], [7.974, 10.127], [7.689, 10.217], [7.588, 10.365], [7.412, 10.563], [7.382, 10.688], [7.215, 10.776], [6.897, 11.038], [6.556, 10.567], [6.282, 10.596], [5.953, 10.454], [5.864, 10.618], [5.899, 10.755], [5.907, 11.104], [5.469, 11.088], [5.303, 11.345], [5.32, 11.485], [4.94, 11.856], [4.637, 11.764], [4.595, 11.801], [4.387, 12.435], [4.584, 12.815], [4.643, 12.829]]]}, "id": 330}, {"type": "Feature", "properties": {"fill": "#00789c"}, "geometry": {"type": "Polygon", "coordinates": [[[7.933, 18.735], [7.99, 18.75], [8.048, 18.758], [8.107, 18.761], [8.165, 18.758], [8.223, 18.75], [8.28, 18.735], [8.335, 18.716], [8.388, 18.691], [8.438, 18.66], [8.467, 18.639], [8.614, 18.459], [8.668, 18.302], [8.622, 18.06], [8.847, 17.783], [8.99, 17.552], [8.932, 17.413], [8.644, 17.322], [8.589, 17.278], [8.535, 17.14], [8.625, 16.654], [8.755, 16.606], [8.698, 16.357], [8.706, 15.943], [8.697, 15.872], [8.289, 15.717], [8.264, 15.739], [7.903, 15.782], [7.826, 15.772], [7.421, 15.819], [7.36, 15.782], [7.257, 15.825], [7.143, 15.89], [6.92, 16.296], [6.769, 16.43], [6.768, 16.487], [6.781, 16.52], [6.744, 16.945], [6.537, 17.188], [6.512, 17.284], [6.521, 17.29], [6.986, 18.216], [7.017, 18.22], [7.384, 18.077], [7.877, 18.715], [7.933, 18.735]]]}, "id": 331}, {"type": "Feature", "properties": {"fill": "#153477"}, "geometry": {"type": "Polygon", "coordinates": [[[6.065, 18.254], [6.246, 18.272], [6.261, 18.263], [6.935, 18.219], [6.973, 18.191], [6.521, 17.29], [6.512, 17.284], [6.537, 17.188], [6.744, 16.945], [6.781, 16.52], [6.768, 16.487], [6.769, 16.43], [6.92, 16.296], [7.143, 15.89], [7.257, 15.825], [7.36, 15.782], [7.338, 15.305], [6.637, 15.065], [6.606, 15.12], [5.449, 15.093], [5.425, 15.123], [5.363, 15.345], [5.382, 15.404], [5.386, 15.431], [4.633, 16.124], [4.594, 16.259], [5.274, 16.38], [5.285, 16.399], [5.008, 16.562], [5.385, 16.753], [5.26, 17.032], [5.563, 17.335], [5.583, 17.733], [5.555, 17.909], [5.998, 18.249], [6.013, 18.251], [6.065, 18.254]]]}, "id": 332}, {"type": "Feature", "properties": {"fill": "#00789c"}, "geometry": {"type": "Polygon", "coordinates": [[[12.992, 16.754], [12.999, 16.929], [12.97, 16.988], [13.037, 17.235], [13.112, 17.349], [13.11, 17.517], [12.879, 17.797], [12.866, 17.867], [13.03, 18.22], [13.042, 18.276], [13.364, 18.262], [13.792, 18.07], [13.905, 17.868], [14.353, 17.967], [14.457, 17.447], [14.038, 17.171], [14.047, 17.103], [14.158, 16.921], [14.015, 16.617], [13.847, 16.522], [13.748, 16.388], [13.629, 16.308], [13.591, 16.141], [13.743, 15.8], [13.326, 15.49], [13.247, 15.459], [13.234, 15.467], [13.145, 15.968], [13.0, 16.121], [12.753, 16.392], [12.992, 16.754]]]}, "id": 333}, {"type": "Feature", "properties": {"fill": "#153477"}, "geometry": {"type": "Polygon", "coordinates": [[[43.847, 1.706], [43.832, 1.649], [43.814, 1.599], [43.674, 1.374], [43.445, 1.301], [43.182, 0.581], [42.558, 0.618], [42.438, 0.594], [42.381, 0.587], [42.362, 0.566], [41.685, 0.433], [41.65, 0.449], [41.082, 0.149], [40.924, -0.068], [40.905, -0.065], [40.138, 0.593], [40.11, 0.599], [40.213, 0.874], [40.19, 1.361], [40.524, 1.533], [40.493, 1.721], [40.669, 2.059], [40.646, 2.104], [40.584, 2.423], [40.683, 2.564], [40.67, 2.806], [40.799, 3.078], [41.252, 3.085], [41.417, 3.222], [41.443, 3.236], [41.754, 3.152], [41.822, 3.164], [41.86, 3.155], [42.171, 3.283], [42.474, 3.435], [42.577, 3.367], [42.666, 3.193], [42.843, 3.02], [42.895, 2.828], [43.139, 2.652], [43.505, 2.576], [43.542, 2.508], [43.588, 2.16], [43.767, 1.925], [43.856, 1.778], [43.855, 1.764], [43.847, 1.706]]]}, "id": 334}, {"type": "Feature", "properties": {"fill": "#00789c"}, "geometry": {"type": "Polygon", "coordinates": [[[14.102, 10.789], [14.03, 10.746], [13.868, 10.659], [13.82, 10.63], [13.312, 10.612], [13.085, 10.45], [12.53, 10.663], [12.14, 10.231], [11.691, 10.29], [11.61, 10.958], [11.628, 10.983], [11.527, 11.303], [11.506, 11.748], [11.853, 11.713], [12.046, 11.958], [12.154, 12.048], [12.203, 12.044], [12.492, 12.316], [12.474, 12.509], [12.264, 12.864], [12.267, 12.886], [12.25, 12.92], [12.183, 13.04], [11.472, 13.057], [11.279, 13.25], [11.32, 13.309], [11.367, 13.479], [11.793, 13.681], [11.829, 14.076], [11.824, 14.088], [11.878, 14.152], [12.353, 14.151], [12.423, 14.08], [12.617, 14.122], [12.872, 13.94], [13.094, 13.998], [13.254, 13.771], [13.276, 13.677], [13.594, 13.396], [13.503, 13.139], [13.487, 13.038], [13.532, 12.669], [13.909, 12.531], [13.984, 12.387], [13.985, 12.365], [14.242, 11.842], [14.112, 11.704], [13.935, 11.544], [14.182, 10.853], [14.149, 10.824], [14.102, 10.789]]]}, "id": 335}, {"type": "Feature", "properties": {"fill": "#153477"}, "geometry": {"type": "Polygon", "coordinates": [[[32.644, -2.679], [32.609, -2.726], [32.57, -2.77], [32.526, -2.809], [32.479, -2.844], [32.429, -2.874], [32.376, -2.899], [32.321, -2.919], [32.264, -2.933], [32.206, -2.942], [32.148, -2.944], [32.089, -2.942], [32.031, -2.933], [31.974, -2.919], [31.919, -2.899], [31.866, -2.874], [31.83, -2.853], [31.642, -2.57], [31.793, -2.06], [31.573, -1.824], [31.344, -1.722], [31.271, -1.614], [31.233, -1.424], [31.131, -1.277], [31.001, -0.985], [31.167, -0.847], [31.172, -0.84], [31.382, -0.1], [31.429, -0.113], [31.76, -0.154], [31.806, -0.163], [32.148, 0.091], [32.422, 0.044], [32.495, 0.069], [32.766, -0.011], [32.818, -0.52], [32.929, -0.667], [32.766, -0.905], [32.714, -1.102], [32.705, -1.115], [32.419, -1.335], [32.366, -1.429], [32.575, -1.653], [32.503, -2.234], [32.726, -2.52], [32.674, -2.629], [32.644, -2.679]]]}, "id": 336}, {"type": "Feature", "properties": {"fill": "#37009c"}, "geometry": {"type": "Polygon", "coordinates": [[[36.461, -0.661], [36.475, -0.718], [36.484, -0.776], [36.487, -0.834], [36.484, -0.887], [36.243, -1.121], [35.666, -1.388], [35.52, -1.319], [35.478, -1.297], [35.389, -1.26], [35.345, -1.18], [35.102, -1.053], [34.862, -0.492], [34.838, -0.429], [34.428, -0.689], [34.12, -0.654], [34.029, -0.62], [34.019, -0.571], [33.896, -0.455], [33.471, -0.246], [33.425, -0.305], [33.044, -0.663], [32.929, -0.667], [32.818, -0.52], [32.766, -0.011], [32.495, 0.069], [32.422, 0.044], [32.148, 0.091], [31.806, -0.163], [31.76, -0.154], [31.429, -0.113], [31.382, -0.1], [31.336, -0.041], [31.273, 0.286], [31.824, 0.735], [31.823, 0.906], [31.821, 0.914], [32.435, 1.505], [32.431, 1.551], [32.617, 1.698], [32.742, 1.754], [33.039, 2.16], [33.459, 2.095], [33.653, 1.722], [33.883, 1.551], [33.988, 1.702], [34.634, 2.041], [34.725, 1.88], [34.715, 1.643], [35.219, 1.636], [35.341, 1.553], [35.386, 1.551], [35.546, 1.598], [35.794, 1.33], [35.65, 1.164], [35.852, 0.731], [35.747, 0.648], [35.693, -0.045], [35.751, -0.094], [35.791, -0.16], [36.386, -0.469], [36.433, -0.584], [36.461, -0.661]]]}, "id": 337}, {"type": "Feature", "properties": {"fill": "#37009c"}, "geometry": {"type": "Polygon", "coordinates": [[[13.591, 16.141], [13.629, 16.308], [13.748, 16.388], [13.847, 16.522], [14.015, 16.617], [14.158, 16.921], [14.047, 17.103], [14.038, 17.171], [14.457, 17.447], [14.353, 17.967], [14.41, 17.998], [14.43, 17.99], [14.958, 17.635], [15.363, 17.783], [15.364, 17.823], [15.815, 18.125], [15.914, 18.106], [16.073, 18.383], [16.311, 18.386], [16.342, 18.142], [16.266, 17.944], [16.244, 17.929], [16.076, 17.237], [16.022, 17.224], [15.86, 16.921], [15.895, 16.778], [15.957, 16.648], [16.149, 16.512], [16.225, 16.326], [16.148, 16.096], [15.82, 16.03], [15.674, 15.462], [15.673, 15.453], [15.623, 15.36], [15.394, 15.302], [15.183, 15.162], [15.171, 15.161], [15.063, 15.217], [14.367, 14.997], [14.275, 15.237], [14.34, 15.475], [14.295, 15.57], [14.191, 15.612], [14.025, 15.644], [13.868, 15.777], [13.743, 15.8], [13.591, 16.141]]]}, "id": 338}, {"type": "Feature", "properties": {"fill": "#00789c"}, "geometry": {"type": "Polygon", "coordinates": [[[16.127, 13.955], [15.973, 14.081], [15.944, 14.141], [15.959, 14.205], [16.069, 14.47], [15.919, 14.649], [15.952, 15.098], [16.554, 15.368], [16.582, 15.37], [16.641, 15.277], [17.177, 15.158], [17.177, 14.782], [17.286, 14.68], [17.599, 14.458], [17.637, 14.389], [17.618, 14.318], [17.635, 13.935], [17.797, 13.664], [17.625, 13.319], [17.617, 13.077], [17.029, 12.858], [16.71, 13.392], [16.715, 13.417], [16.696, 13.518], [16.393, 13.705], [16.303, 13.87], [16.127, 13.955]]]}, "id": 339}, {"type": "Feature", "properties": {"fill": "#153477"}, "geometry": {"type": "Polygon", "coordinates": [[[15.623, 15.36], [15.673, 15.453], [15.674, 15.462], [15.82, 16.03], [16.148, 16.096], [16.225, 16.326], [16.149, 16.512], [15.957, 16.648], [15.895, 16.778], [15.86, 16.921], [16.022, 17.224], [16.076, 17.237], [16.244, 17.929], [16.266, 17.944], [16.342, 18.142], [16.855, 18.045], [16.881, 18.019], [17.085, 18.089], [17.137, 18.076], [17.33, 17.931], [17.59, 18.072], [17.883, 18.005], [17.917, 17.947], [17.97, 17.92], [18.261, 17.421], [18.237, 17.327], [18.277, 17.192], [18.241, 16.915], [17.749, 16.69], [17.965, 16.282], [18.052, 16.216], [18.022, 15.959], [17.744, 15.747], [17.768, 15.499], [18.121, 15.413], [18.127, 15.069], [17.697, 15.077], [17.672, 14.807], [17.599, 14.458], [17.286, 14.68], [17.177, 14.782], [17.177, 15.158], [16.641, 15.277], [16.582, 15.37], [16.554, 15.368], [15.952, 15.098], [15.623, 15.36]]]}, "id": 340}, {"type": "Feature", "properties": {"fill": "#516ebc"}, "geometry": {"type": "Polygon", "coordinates": [[[14.483, 10.877], [14.365, 10.86], [14.319, 10.855], [14.227, 10.851], [14.182, 10.853], [13.935, 11.544], [14.112, 11.704], [14.242, 11.842], [13.985, 12.365], [13.984, 12.387], [13.909, 12.531], [13.532, 12.669], [13.487, 13.038], [13.503, 13.139], [13.594, 13.396], [13.868, 13.524], [13.885, 13.578], [13.758, 13.822], [13.955, 14.227], [14.055, 14.236], [14.178, 14.379], [14.435, 14.452], [14.452, 14.467], [14.637, 14.479], [14.817, 14.568], [14.893, 14.614], [15.146, 15.122], [15.171, 15.161], [15.183, 15.162], [15.394, 15.302], [15.623, 15.36], [15.952, 15.098], [15.919, 14.649], [16.069, 14.47], [15.959, 14.205], [15.944, 14.141], [15.973, 14.081], [16.127, 13.955], [16.303, 13.87], [16.393, 13.705], [16.696, 13.518], [16.715, 13.417], [16.71, 13.392], [17.029, 12.858], [17.617, 13.077], [17.64, 13.038], [17.472, 12.318], [16.93, 12.331], [16.682, 12.087], [16.641, 12.079], [16.562, 12.04], [16.385, 12.004], [16.358, 11.965], [16.259, 11.12], [15.876, 11.249], [15.404, 11.158], [15.39, 11.151], [15.066, 11.226], [14.758, 10.941], [14.65, 10.919], [14.483, 10.877]]]}, "id": 341}, {"type": "Feature", "properties": {"fill": "#00529c"}, "geometry": {"type": "Polygon", "coordinates": [[[11.108, 18.982], [11.116, 19.04], [11.131, 19.097], [11.15, 19.152], [11.175, 19.205], [11.205, 19.255], [11.24, 19.302], [11.28, 19.346], [11.323, 19.385], [11.37, 19.42], [11.42, 19.45], [11.457, 19.467], [11.624, 19.5], [11.949, 18.959], [12.183, 18.835], [12.47, 19.43], [12.677, 19.458], [12.756, 19.463], [12.783, 19.453], [12.962, 19.338], [12.988, 19.302], [13.018, 19.251], [13.043, 19.198], [13.063, 19.143], [13.071, 19.111], [12.85, 18.576], [12.966, 18.399], [13.042, 18.276], [13.03, 18.22], [12.866, 17.867], [12.879, 17.797], [13.11, 17.517], [13.112, 17.349], [13.037, 17.235], [12.97, 16.988], [12.999, 16.929], [12.992, 16.754], [12.753, 16.392], [13.0, 16.121], [13.145, 15.968], [13.234, 15.467], [13.247, 15.459], [13.326, 15.49], [13.743, 15.8], [13.868, 15.777], [14.025, 15.644], [14.191, 15.612], [14.295, 15.57], [14.34, 15.475], [14.275, 15.237], [14.367, 14.997], [15.063, 15.217], [15.171, 15.161], [15.146, 15.122], [14.893, 14.614], [14.817, 14.568], [14.637, 14.479], [14.452, 14.467], [14.435, 14.452], [14.178, 14.379], [14.055, 14.236], [13.955, 14.227], [13.758, 13.822], [13.885, 13.578], [13.868, 13.524], [13.594, 13.396], [13.276, 13.677], [13.254, 13.771], [13.094, 13.998], [12.872, 13.94], [12.617, 14.122], [12.423, 14.08], [12.353, 14.151], [11.878, 14.152], [11.824, 14.088], [11.671, 14.102], [11.483, 14.504], [11.337, 14.495], [11.207, 14.597], [10.83, 14.811], [10.814, 14.813], [10.693, 14.944], [10.449, 14.907], [10.368, 14.897], [10.047, 15.042], [9.985, 15.295], [9.98, 15.338], [9.682, 15.502], [9.292, 15.347], [9.301, 15.643], [9.594, 15.853], [9.675, 16.05], [9.608, 16.154], [10.152, 16.608], [10.157, 16.617], [10.397, 16.373], [10.712, 16.64], [10.839, 16.464], [11.089, 16.462], [11.19, 16.392], [11.384, 16.432], [11.544, 16.616], [11.562, 16.891], [11.757, 17.004], [11.856, 17.086], [11.846, 17.281], [11.879, 17.442], [11.871, 17.473], [11.557, 17.685], [11.614, 18.225], [11.659, 18.283], [11.477, 18.573], [11.103, 18.883], [11.108, 18.982]]]}, "id": 342}, {"type": "Feature", "properties": {"fill": "#00529c"}, "geometry": {"type": "Polygon", "coordinates": [[[20.874, 13.697], [20.879, 13.832], [21.015, 14.086], [21.104, 14.156], [21.483, 14.304], [21.679, 14.228], [21.688, 14.219], [21.918, 14.087], [22.121, 13.838], [22.138, 13.83], [22.291, 13.662], [22.323, 13.615], [22.545, 13.445], [22.634, 13.299], [22.831, 13.196], [22.82, 12.896], [23.073, 12.597], [23.384, 12.596], [23.52, 12.5], [23.523, 12.424], [22.746, 12.095], [22.573, 12.226], [22.473, 12.245], [22.158, 12.166], [21.722, 12.29], [21.584, 12.534], [21.001, 12.498], [20.965, 12.586], [20.949, 12.708], [20.661, 13.238], [20.85, 13.478], [20.858, 13.663], [20.874, 13.697]]]}, "id": 343}, {"type": "Feature", "properties": {"fill": "#00529c"}, "geometry": {"type": "Polygon", "coordinates": [[[17.768, 15.499], [17.744, 15.747], [18.022, 15.959], [18.052, 16.216], [17.965, 16.282], [17.749, 16.69], [18.241, 16.915], [18.277, 17.192], [18.237, 17.327], [18.261, 17.421], [18.628, 17.653], [18.768, 17.621], [19.259, 17.224], [19.28, 17.142], [19.566, 16.906], [19.589, 16.495], [20.14, 16.431], [20.322, 16.529], [20.432, 16.49], [20.807, 16.57], [21.129, 16.363], [21.059, 16.193], [20.927, 15.964], [21.037, 15.738], [21.421, 15.321], [21.346, 15.141], [20.684, 15.009], [20.66, 14.965], [20.656, 14.864], [20.63, 14.692], [20.579, 14.629], [20.418, 14.578], [20.241, 14.37], [20.206, 14.358], [19.841, 14.347], [19.836, 14.351], [19.769, 14.349], [19.535, 14.219], [19.187, 14.298], [19.078, 14.234], [19.046, 14.037], [18.762, 13.869], [18.609, 14.175], [18.378, 14.271], [18.266, 13.834], [18.156, 13.751], [17.848, 13.658], [17.797, 13.664], [17.635, 13.935], [17.618, 14.318], [17.637, 14.389], [17.599, 14.458], [17.672, 14.807], [17.697, 15.077], [18.127, 15.069], [18.121, 15.413], [17.768, 15.499]]]}, "id": 344}, {"type": "Feature", "properties": {"fill": "#516ebc"}, "geometry": {"type": "Polygon", "coordinates": [[[19.04, 11.629], [19.04, 11.654], [19.082, 11.815], [19.046, 11.905], [19.074, 12.037], [19.157, 12.148], [19.356, 12.511], [19.492, 12.603], [19.486, 12.765], [19.762, 13.09], [19.691, 13.177], [19.614, 13.477], [19.671, 13.56], [19.832, 13.621], [20.084, 13.601], [20.195, 13.304], [20.491, 13.165], [20.496, 13.166], [20.661, 13.238], [20.949, 12.708], [20.965, 12.586], [21.001, 12.498], [21.584, 12.534], [21.722, 12.29], [21.6, 12.013], [21.575, 11.639], [21.142, 11.315], [20.992, 11.339], [20.847, 11.216], [20.197, 11.173], [20.323, 10.647], [20.221, 10.583], [19.911, 10.669], [19.803, 10.616], [19.638, 10.779], [19.558, 11.06], [19.476, 11.085], [19.416, 11.121], [19.028, 11.457], [19.033, 11.555], [19.04, 11.629]]]}, "id": 345}, {"type": "Feature", "properties": {"fill": "#153477"}, "geometry": {"type": "Polygon", "coordinates": [[[18.989, 11.924], [18.36, 12.133], [17.992, 11.764], [17.721, 11.878], [17.556, 12.267], [17.472, 12.318], [17.64, 13.038], [17.617, 13.077], [17.625, 13.319], [17.797, 13.664], [17.848, 13.658], [18.156, 13.751], [18.266, 13.834], [18.378, 14.271], [18.609, 14.175], [18.762, 13.869], [19.046, 14.037], [19.078, 14.234], [19.187, 14.298], [19.535, 14.219], [19.769, 14.349], [19.836, 14.351], [19.841, 14.347], [20.206, 14.358], [20.241, 14.37], [20.418, 14.578], [20.579, 14.629], [20.63, 14.692], [20.656, 14.864], [20.66, 14.965], [20.684, 15.009], [21.346, 15.141], [21.355, 14.962], [21.322, 14.796], [21.483, 14.304], [21.104, 14.156], [21.015, 14.086], [20.879, 13.832], [20.874, 13.697], [20.858, 13.663], [20.85, 13.478], [20.661, 13.238], [20.496, 13.166], [20.491, 13.165], [20.195, 13.304], [20.084, 13.601], [19.832, 13.621], [19.671, 13.56], [19.614, 13.477], [19.691, 13.177], [19.762, 13.09], [19.486, 12.765], [19.492, 12.603], [19.356, 12.511], [19.157, 12.148], [19.074, 12.037], [19.056, 11.954], [18.989, 11.924]]]}, "id": 346}, {"type": "Feature", "properties": {"fill": "#00529c"}, "geometry": {"type": "Polygon", "coordinates": [[[42.304, 13.353], [42.435, 13.549], [42.474, 13.615], [42.509, 13.662], [42.549, 13.705], [42.592, 13.744], [42.67, 13.802], [42.748, 13.854], [42.811, 13.832], [43.555, 13.83], [43.632, 13.361], [43.738, 13.365], [44.193, 13.033], [44.166, 12.983], [44.085, 12.941], [43.926, 12.535], [43.845, 12.514], [43.78, 11.807], [44.028, 11.739], [44.106, 11.602], [44.119, 11.547], [44.106, 11.098], [44.497, 10.678], [44.491, 10.635], [44.423, 10.548], [44.053, 10.352], [43.912, 10.324], [43.737, 10.045], [43.759, 9.931], [43.582, 9.716], [43.488, 9.546], [43.314, 9.437], [43.31, 9.267], [43.05, 9.112], [42.712, 9.348], [42.54, 9.216], [42.248, 9.231], [42.194, 9.567], [42.203, 9.622], [41.864, 10.042], [41.871, 10.15], [41.692, 10.303], [41.675, 10.921], [41.552, 10.958], [41.411, 11.08], [41.052, 11.061], [40.978, 11.643], [41.389, 11.559], [41.685, 11.663], [41.337, 12.27], [41.446, 12.491], [41.996, 12.875], [42.046, 13.037], [42.05, 13.039], [42.057, 13.056], [42.08, 13.096], [42.155, 13.171], [42.304, 13.353]]]}, "id": 347}, {"type": "Feature", "properties": {"fill": "#153477"}, "geometry": {"type": "Polygon", "coordinates": [[[59.489, 1.595], [59.455, 1.548], [59.415, 1.504], [59.372, 1.465], [59.325, 1.43], [59.274, 1.4], [59.221, 1.375], [59.166, 1.355], [59.109, 1.341], [59.051, 1.332], [59.006, 1.33], [58.787, 1.388], [58.705, 1.39], [58.46, 1.735], [58.103, 1.774], [57.584, 1.402], [57.539, 1.435], [57.496, 1.474], [57.457, 1.518], [57.418, 1.57], [57.754, 2.332], [57.506, 2.645], [57.41, 2.676], [57.209, 2.643], [56.63, 2.904], [56.583, 3.039], [56.58, 3.094], [56.744, 3.367], [57.038, 3.569], [57.126, 3.743], [57.459, 3.829], [57.621, 4.17], [58.086, 4.126], [58.108, 4.069], [58.287, 3.895], [58.302, 3.889], [58.707, 3.933], [58.718, 3.913], [58.535, 3.414], [58.765, 3.193], [58.767, 3.159], [58.988, 2.681], [58.836, 2.503], [58.909, 2.331], [59.523, 1.653], [59.489, 1.595]]]}, "id": 348}, {"type": "Feature", "properties": {"fill": "#00789c"}, "geometry": {"type": "Polygon", "coordinates": [[[57.712, 8.313], [58.164, 8.368], [58.782, 8.196], [58.851, 8.097], [59.539, 8.066], [59.763, 8.106], [59.82, 8.168], [59.866, 8.173], [60.07, 8.213], [60.299, 8.105], [60.578, 7.863], [60.589, 7.183], [60.822, 7.116], [60.694, 6.224], [60.897, 6.092], [60.83, 5.66], [60.896, 5.453], [60.964, 5.408], [61.068, 5.228], [61.065, 5.209], [61.095, 4.802], [61.32, 4.78], [61.357, 4.475], [61.443, 4.184], [61.284, 3.971], [61.275, 3.945], [61.421, 3.588], [61.442, 3.503], [61.429, 3.437], [61.247, 2.971], [61.942, 2.558], [62.033, 2.351], [62.127, 2.291], [62.275, 1.389], [61.968, 1.163], [61.889, 0.836], [61.871, 0.817], [61.828, 0.778], [61.781, 0.743], [61.73, 0.713], [61.677, 0.688], [61.622, 0.668], [61.565, 0.654], [61.507, 0.645], [61.449, 0.642], [61.39, 0.645], [61.332, 0.654], [61.276, 0.668], [61.188, 0.699], [61.034, 0.763], [60.808, 0.832], [60.675, 0.858], [60.57, 0.884], [60.515, 0.904], [60.462, 0.929], [60.412, 0.959], [60.364, 0.994], [60.303, 1.05], [60.12, 1.2], [59.925, 1.331], [59.717, 1.442], [59.653, 1.468], [59.589, 1.58], [58.909, 2.331], [58.836, 2.503], [58.988, 2.681], [58.767, 3.159], [58.765, 3.193], [58.535, 3.414], [58.718, 3.913], [58.707, 3.933], [58.302, 3.889], [58.287, 3.895], [58.108, 4.069], [58.086, 4.126], [57.621, 4.17], [57.459, 3.829], [57.126, 3.743], [56.941, 4.077], [56.922, 4.086], [56.65, 4.23], [56.518, 4.219], [56.438, 4.241], [56.44, 4.359], [56.519, 4.666], [56.28, 5.055], [56.317, 5.119], [56.324, 5.277], [55.963, 5.478], [55.88, 5.565], [55.821, 5.778], [55.562, 5.888], [55.644, 6.139], [55.272, 6.438], [55.316, 6.522], [55.244, 6.85], [55.126, 6.911], [55.057, 7.372], [55.215, 7.526], [55.275, 7.678], [55.942, 7.534], [56.083, 7.919], [56.385, 7.899], [56.76, 8.205], [57.115, 8.107], [57.526, 8.419], [57.533, 8.419], [57.712, 8.313]]]}, "id": 349}, {"type": "Feature", "properties": {"fill": "#00789c"}, "geometry": {"type": "Polygon", "coordinates": [[[21.403, -0.263], [21.15, -0.365], [20.928, -0.496], [20.852, -0.704], [20.215, -0.968], [20.191, -0.929], [20.146, -0.689], [20.162, -0.131], [20.019, 0.083], [20.114, 0.322], [19.987, 0.635], [20.013, 0.806], [20.22, 1.004], [20.558, 1.14], [20.571, 1.173], [20.554, 1.408], [20.858, 1.762], [20.895, 1.777], [21.052, 1.768], [21.093, 1.797], [21.587, 1.654], [21.788, 1.346], [21.857, 1.327], [21.897, 1.257], [21.934, 1.037], [21.989, 0.913], [22.08, 0.892], [22.425, 0.873], [22.611, 0.473], [22.674, 0.451], [22.512, -0.358], [22.073, -0.394], [21.977, -0.457], [21.884, -0.466], [21.403, -0.263]]]}, "id": 350}, {"type": "Feature", "properties": {"fill": "#00789c"}, "geometry": {"type": "Polygon", "coordinates": [[[23.765, 11.697], [23.732, 11.936], [23.692, 12.038], [23.708, 12.131], [23.523, 12.424], [23.52, 12.5], [23.739, 12.797], [23.796, 12.925], [23.425, 13.404], [23.496, 13.557], [24.009, 13.74], [24.017, 13.758], [23.999, 14.235], [24.177, 14.571], [24.225, 14.579], [24.685, 14.421], [25.011, 14.516], [25.109, 14.703], [25.331, 14.842], [25.799, 14.564], [26.227, 14.564], [26.368, 14.084], [26.395, 14.066], [26.479, 13.763], [26.52, 13.349], [26.267, 13.139], [26.462, 12.756], [26.897, 12.678], [26.896, 12.513], [26.888, 12.495], [26.818, 12.434], [26.533, 12.272], [26.517, 11.901], [26.619, 11.819], [26.657, 11.534], [26.368, 11.222], [26.354, 11.012], [26.052, 10.759], [25.914, 10.725], [25.708, 10.765], [25.653, 10.818], [25.647, 10.818], [24.793, 11.269], [24.739, 11.243], [24.316, 11.406], [24.301, 11.401], [23.765, 11.697]]]}, "id": 351}, {"type": "Feature", "properties": {"fill": "#00789c"}, "geometry": {"type": "Polygon", "coordinates": [[[8.868, 9.103], [8.647, 9.147], [8.519, 9.119], [8.305, 9.113], [8.26, 9.092], [8.085, 8.969], [7.795, 9.056], [7.69, 9.394], [7.548, 9.413], [7.206, 9.584], [7.196, 9.847], [7.119, 9.957], [6.681, 10.007], [7.215, 10.776], [7.382, 10.688], [7.412, 10.563], [7.588, 10.365], [7.689, 10.217], [7.974, 10.127], [8.234, 10.211], [8.258, 10.277], [8.889, 10.252], [8.902, 10.495], [9.151, 10.619], [9.566, 11.023], [9.599, 11.016], [9.717, 11.058], [10.056, 11.561], [10.174, 11.621], [10.746, 11.522], [10.808, 11.018], [10.718, 10.891], [10.804, 10.469], [10.915, 10.372], [10.927, 9.901], [10.472, 9.899], [10.441, 9.916], [10.136, 9.733], [10.093, 9.212], [10.23, 9.137], [10.059, 8.334], [9.871, 8.54], [9.712, 8.877], [9.395, 8.537], [9.331, 8.492], [9.32, 8.474], [9.008, 8.281], [8.834, 8.422], [8.868, 9.103]]]}, "id": 352}, {"type": "Feature", "properties": {"fill": "#516ebc"}, "geometry": {"type": "Polygon", "coordinates": [[[51.557, 10.318], [51.541, 10.345], [51.516, 10.398], [51.496, 10.453], [51.482, 10.51], [51.474, 10.568], [51.471, 10.627], [51.474, 10.685], [51.482, 10.743], [51.496, 10.8], [51.516, 10.855], [51.541, 10.908], [51.571, 10.958], [51.606, 11.005], [51.646, 11.049], [51.689, 11.088], [51.699, 11.096], [52.465, 10.827], [52.522, 10.204], [53.18, 10.262], [53.304, 10.21], [53.779, 10.365], [53.984, 10.255], [54.144, 10.232], [54.685, 9.691], [54.77, 9.68], [54.963, 9.821], [55.067, 10.342], [55.08, 10.817], [55.16, 10.886], [55.187, 10.9], [55.383, 11.031], [55.406, 11.048], [55.456, 11.078], [55.509, 11.103], [55.535, 11.112], [56.264, 10.691], [56.271, 10.667], [56.229, 10.512], [55.979, 10.28], [56.273, 9.884], [56.181, 9.604], [56.395, 9.534], [56.469, 9.297], [56.286, 8.887], [56.487, 8.821], [56.737, 8.757], [56.674, 8.395], [56.76, 8.205], [56.385, 7.899], [56.083, 7.919], [55.942, 7.534], [55.275, 7.678], [55.215, 7.526], [55.057, 7.372], [54.526, 7.474], [54.478, 7.441], [54.276, 7.496], [54.234, 7.554], [53.991, 7.92], [53.904, 7.969], [53.883, 7.965], [53.461, 8.342], [53.45, 8.34], [53.003, 8.49], [52.945, 8.648], [52.996, 8.818], [52.821, 9.226], [52.261, 9.14], [52.226, 9.18], [52.133, 10.015], [51.685, 10.071], [51.668, 10.111], [51.557, 10.318]]]}, "id": 353}, {"type": "Feature", "properties": {"fill": "#37009c"}, "geometry": {"type": "Polygon", "coordinates": [[[5.902, 1.421], [5.811, 1.453], [5.802, 1.454], [5.326, 1.918], [5.187, 1.943], [4.699, 2.009], [4.628, 2.282], [4.634, 2.287], [5.076, 2.445], [5.078, 2.451], [4.852, 2.78], [4.847, 2.967], [4.768, 3.104], [4.747, 3.516], [4.808, 3.58], [5.043, 3.66], [5.322, 3.585], [5.364, 3.553], [5.458, 3.538], [5.86, 3.412], [6.216, 3.786], [6.388, 3.761], [6.725, 3.686], [6.753, 3.627], [7.518, 3.487], [7.521, 3.474], [8.159, 3.288], [7.998, 2.818], [8.07, 2.705], [8.079, 2.657], [8.43, 2.317], [8.444, 2.075], [8.25, 1.846], [8.216, 1.714], [8.321, 1.563], [8.447, 1.368], [8.12, 0.98], [7.9, 0.93], [7.898, 0.928], [7.871, 0.881], [7.826, 0.712], [7.697, 0.519], [7.675, 0.292], [7.484, 0.039], [7.472, -0.004], [7.291, -0.172], [6.989, -0.336], [6.735, 0.573], [6.715, 0.597], [6.648, 0.616], [6.573, 0.842], [6.518, 0.896], [6.394, 1.042], [6.176, 1.456], [5.902, 1.421]]]}, "id": 354}, {"type": "Feature", "properties": {"fill": "#00529c"}, "geometry": {"type": "Polygon", "coordinates": [[[60.099, 8.281], [60.101, 8.34], [60.11, 8.398], [60.124, 8.454], [60.144, 8.51], [60.169, 8.563], [60.199, 8.613], [60.234, 8.66], [60.247, 8.674], [61.092, 8.727], [61.279, 8.573], [61.475, 8.442], [61.683, 8.331], [61.9, 8.241], [62.051, 8.195], [62.143, 8.162], [62.196, 8.137], [62.246, 8.107], [62.293, 8.072], [62.337, 8.032], [62.398, 7.965], [62.565, 7.798], [62.747, 7.649], [62.924, 7.53], [63.2, 7.211], [62.968, 6.471], [63.101, 6.376], [63.531, 6.349], [63.484, 5.857], [63.839, 5.679], [63.843, 5.663], [63.837, 5.621], [63.949, 5.299], [63.799, 5.117], [63.617, 5.058], [63.57, 4.621], [63.453, 4.567], [63.395, 4.442], [63.386, 4.331], [62.843, 4.492], [62.63, 4.274], [62.626, 4.188], [62.72, 4.012], [62.626, 3.611], [62.411, 3.532], [62.258, 3.298], [62.197, 2.842], [62.008, 2.632], [61.958, 2.634], [61.9, 2.643], [61.843, 2.657], [61.788, 2.677], [61.735, 2.702], [61.685, 2.732], [61.638, 2.767], [61.594, 2.806], [61.555, 2.85], [61.52, 2.897], [61.49, 2.947], [61.465, 3.0], [61.445, 3.055], [61.428, 3.122], [61.387, 3.33], [61.429, 3.437], [61.442, 3.503], [61.421, 3.588], [61.275, 3.945], [61.284, 3.971], [61.443, 4.184], [61.357, 4.475], [61.32, 4.78], [61.095, 4.802], [61.065, 5.209], [61.068, 5.228], [60.964, 5.408], [60.896, 5.453], [60.83, 5.66], [60.897, 6.092], [60.694, 6.224], [60.822, 7.116], [60.589, 7.183], [60.578, 7.863], [60.299, 8.105], [60.105, 8.197], [60.101, 8.223], [60.099, 8.281]]]}, "id": 355}, {"type": "Feature", "properties": {"fill": "#516ebc"}, "geometry": {"type": "Polygon", "coordinates": [[[66.27, 7.942], [66.29, 7.957], [66.578, 9.284], [66.634, 9.258], [66.923, 9.25], [68.067, 10.257], [68.069, 10.293], [68.691, 10.323], [68.76, 10.547], [69.044, 11.123], [69.098, 11.191], [69.112, 11.187], [69.723, 11.585], [69.735, 11.571], [69.77, 11.524], [69.801, 11.474], [69.826, 11.421], [69.845, 11.366], [69.86, 11.309], [69.868, 11.251], [69.871, 11.192], [69.868, 11.134], [69.848, 11.002], [69.832, 10.918], [69.809, 10.684], [69.809, 10.448], [69.832, 10.214], [69.878, 9.983], [69.946, 9.757], [70.036, 9.54], [70.147, 9.332], [70.278, 9.136], [70.428, 8.954], [70.594, 8.788], [70.776, 8.638], [70.972, 8.507], [71.18, 8.396], [71.397, 8.306], [71.623, 8.238], [71.659, 8.229], [71.715, 8.209], [71.767, 8.184], [71.818, 8.154], [71.865, 8.119], [71.908, 8.079], [71.948, 8.036], [71.982, 7.989], [72.013, 7.939], [72.038, 7.886], [72.057, 7.831], [72.072, 7.774], [72.08, 7.716], [72.083, 7.657], [72.08, 7.599], [72.072, 7.541], [72.057, 7.484], [72.038, 7.429], [72.01, 7.369], [71.905, 7.174], [71.815, 6.957], [71.747, 6.731], [71.701, 6.5], [71.678, 6.266], [71.678, 6.03], [71.701, 5.796], [71.726, 5.628], [71.729, 5.57], [71.726, 5.511], [71.717, 5.453], [71.703, 5.396], [71.683, 5.341], [71.658, 5.288], [71.628, 5.238], [71.593, 5.191], [71.554, 5.148], [71.51, 5.108], [71.391, 5.02], [71.345, 4.989], [71.201, 4.871], [70.727, 4.892], [70.591, 4.762], [70.538, 4.097], [70.499, 3.946], [70.338, 3.816], [69.404, 3.87], [69.267, 3.912], [69.036, 3.958], [68.801, 3.981], [68.77, 3.983], [68.545, 4.2], [68.531, 4.243], [68.348, 4.681], [68.216, 4.726], [68.137, 4.783], [67.801, 4.561], [67.722, 4.546], [67.615, 4.713], [67.562, 4.785], [67.592, 5.09], [67.419, 5.232], [67.374, 5.227], [67.088, 5.224], [67.05, 5.215], [66.888, 5.515], [66.963, 5.769], [66.952, 5.865], [66.689, 5.893], [66.296, 5.724], [66.287, 5.723], [66.22, 5.795], [66.301, 6.284], [66.182, 6.548], [66.753, 6.999], [66.74, 7.118], [66.278, 7.675], [66.278, 7.861], [66.27, 7.942]]]}, "id": 356}, {"type": "Feature", "properties": {"fill": "#37009c"}, "geometry": {"type": "Polygon", "coordinates": [[[68.868, 3.819], [68.896, 3.711], [68.904, 3.653], [68.907, 3.595], [68.904, 3.536], [68.896, 3.478], [68.881, 3.422], [68.862, 3.366], [68.836, 3.313], [68.806, 3.263], [68.771, 3.216], [68.732, 3.173], [68.689, 3.133], [68.642, 3.098], [68.591, 3.068], [68.538, 3.043], [68.483, 3.024], [68.364, 2.994], [68.31, 2.977], [68.2, 2.95], [67.862, 3.608], [67.878, 3.7], [67.823, 3.783], [67.83, 3.892], [67.779, 4.049], [67.76, 4.082], [67.365, 3.964], [67.355, 3.966], [67.267, 3.906], [66.943, 3.943], [66.867, 3.936], [66.808, 3.907], [66.679, 3.955], [66.505, 4.18], [66.454, 4.194], [66.266, 4.496], [66.491, 4.772], [66.599, 4.856], [66.651, 4.878], [66.669, 4.9], [66.846, 4.98], [66.877, 5.039], [67.05, 5.215], [67.088, 5.224], [67.374, 5.227], [67.419, 5.232], [67.592, 5.09], [67.562, 4.785], [67.615, 4.713], [67.722, 4.546], [67.801, 4.561], [68.137, 4.783], [68.216, 4.726], [68.348, 4.681], [68.531, 4.243], [68.545, 4.2], [68.772, 3.981], [68.828, 3.957], [68.831, 3.944], [68.868, 3.819]]]}, "id": 357}, {"type": "Feature", "properties": {"fill": "#00789c"}, "geometry": {"type": "Polygon", "coordinates": [[[68.078, 2.481], [68.032, 2.25], [68.027, 2.213], [68.013, 2.156], [67.993, 2.101], [67.968, 2.048], [67.938, 1.998], [67.903, 1.95], [67.864, 1.907], [67.82, 1.868], [67.773, 1.833], [67.723, 1.803], [67.67, 1.778], [67.615, 1.758], [67.558, 1.744], [67.5, 1.735], [67.441, 1.732], [67.383, 1.735], [67.325, 1.744], [67.268, 1.758], [67.246, 1.766], [67.132, 1.819], [67.11, 1.833], [66.977, 1.931], [66.781, 2.062], [66.734, 2.087], [66.408, 2.413], [66.265, 2.447], [66.144, 2.564], [65.525, 2.719], [65.508, 2.715], [65.136, 2.403], [65.112, 2.402], [65.054, 2.405], [64.902, 2.428], [64.866, 2.434], [64.834, 2.46], [64.371, 2.637], [64.263, 2.619], [63.822, 3.123], [63.631, 3.088], [63.594, 3.073], [63.472, 2.619], [63.028, 2.521], [63.004, 2.618], [62.626, 2.96], [62.197, 2.842], [62.258, 3.298], [62.411, 3.532], [62.626, 3.611], [62.72, 4.012], [62.626, 4.188], [62.63, 4.274], [62.843, 4.492], [63.386, 4.331], [63.395, 4.442], [63.453, 4.567], [63.57, 4.621], [63.617, 5.058], [63.799, 5.117], [63.949, 5.299], [64.21, 5.242], [64.68, 5.694], [64.719, 5.678], [64.844, 5.528], [65.31, 5.382], [65.315, 5.378], [65.537, 5.361], [65.887, 5.803], [66.22, 5.795], [66.287, 5.723], [66.296, 5.724], [66.689, 5.893], [66.952, 5.865], [66.963, 5.769], [66.888, 5.515], [67.05, 5.215], [66.877, 5.039], [66.846, 4.98], [66.669, 4.9], [66.651, 4.878], [66.599, 4.856], [66.491, 4.772], [66.266, 4.496], [66.454, 4.194], [66.505, 4.18], [66.679, 3.955], [66.808, 3.907], [66.867, 3.936], [66.943, 3.943], [67.267, 3.906], [67.355, 3.966], [67.365, 3.964], [67.76, 4.082], [67.779, 4.049], [67.83, 3.892], [67.823, 3.783], [67.878, 3.7], [67.862, 3.608], [68.227, 2.899], [68.147, 2.706], [68.078, 2.481]]]}, "id": 358}, {"type": "Feature", "properties": {"fill": "#37009c"}, "geometry": {"type": "Polygon", "coordinates": [[[14.079, 8.263], [14.213, 8.295], [14.367, 8.575], [14.602, 8.822], [14.732, 8.867], [15.126, 8.685], [15.158, 8.702], [15.245, 8.726], [15.333, 8.858], [15.576, 9.048], [15.955, 8.956], [16.114, 8.961], [16.193, 8.853], [16.636, 8.834], [16.798, 8.704], [16.695, 8.343], [17.03, 8.064], [17.099, 8.079], [17.536, 7.723], [17.416, 7.57], [17.505, 7.156], [17.173, 7.191], [16.868, 7.346], [16.83, 6.973], [16.617, 6.753], [16.463, 6.74], [16.371, 6.659], [16.337, 6.524], [16.4, 6.106], [16.356, 6.041], [16.452, 5.617], [16.418, 5.586], [16.081, 5.662], [15.736, 5.956], [15.669, 5.951], [15.63, 5.997], [15.441, 6.129], [15.353, 6.74], [15.165, 6.748], [14.911, 6.852], [14.637, 6.814], [14.389, 7.013], [14.322, 7.391], [14.238, 7.438], [13.998, 8.209], [14.079, 8.263]]]}, "id": 359}, {"type": "Feature", "properties": {"fill": "#516ebc"}, "geometry": {"type": "Polygon", "coordinates": [[[35.28, 5.578], [35.458, 5.812], [35.706, 6.058], [35.525, 6.351], [35.421, 6.457], [35.366, 6.61], [35.336, 6.766], [35.329, 6.862], [35.525, 7.077], [35.743, 7.144], [35.841, 7.38], [36.206, 7.484], [36.348, 7.809], [36.604, 7.514], [36.565, 7.443], [36.655, 6.969], [36.843, 6.876], [36.834, 6.656], [36.966, 6.331], [37.232, 5.995], [37.491, 6.04], [37.579, 5.977], [37.646, 5.52], [37.899, 5.321], [37.93, 5.313], [37.985, 5.231], [37.987, 5.022], [37.401, 4.824], [37.28, 4.657], [36.982, 4.651], [36.587, 4.214], [36.462, 4.236], [36.112, 4.663], [36.117, 4.817], [35.881, 4.958], [35.728, 4.936], [35.649, 4.895], [35.528, 4.406], [35.389, 4.406], [35.311, 4.89], [35.263, 4.911], [34.89, 4.854], [34.747, 5.28], [34.998, 5.595], [35.28, 5.578]]]}, "id": 360}, {"type": "Feature", "properties": {"fill": "#37009c"}, "geometry": {"type": "Polygon", "coordinates": [[[39.246, 11.609], [39.668, 11.446], [39.953, 11.543], [40.278, 11.425], [40.514, 11.605], [40.965, 11.652], [40.978, 11.643], [41.052, 11.061], [41.411, 11.08], [41.552, 10.958], [41.675, 10.921], [41.692, 10.303], [41.871, 10.15], [41.864, 10.042], [42.203, 9.622], [42.194, 9.567], [42.248, 9.231], [42.046, 8.943], [41.91, 8.893], [41.884, 8.566], [41.871, 8.509], [41.562, 8.287], [41.252, 8.55], [41.193, 8.561], [40.768, 8.431], [40.693, 8.437], [40.613, 8.347], [40.472, 8.322], [40.059, 8.083], [40.0, 8.084], [39.752, 8.187], [39.437, 7.763], [39.391, 7.783], [38.989, 8.144], [38.813, 8.109], [38.582, 8.448], [38.536, 8.593], [38.465, 8.746], [38.438, 8.752], [38.375, 9.251], [38.378, 9.369], [37.836, 9.268], [37.792, 9.43], [38.109, 9.772], [38.452, 9.728], [38.552, 10.281], [38.729, 10.331], [38.913, 10.47], [39.058, 10.632], [39.106, 10.671], [38.701, 11.374], [38.702, 11.378], [39.246, 11.609]]]}, "id": 361}, {"type": "Feature", "properties": {"fill": "#516ebc"}, "geometry": {"type": "Polygon", "coordinates": [[[9.614, 3.38], [9.669, 3.36], [9.722, 3.335], [9.772, 3.305], [9.819, 3.27], [9.862, 3.231], [9.902, 3.187], [9.937, 3.14], [9.967, 3.09], [9.989, 3.043], [9.961, 2.972], [9.891, 2.766], [9.928, 2.41], [9.842, 2.22], [9.825, 2.082], [9.985, 1.838], [10.019, 1.686], [9.855, 1.529], [9.472, 1.686], [9.266, 1.918], [9.295, 2.021], [9.255, 2.118], [9.167, 2.198], [9.049, 2.428], [8.909, 2.581], [8.43, 2.317], [8.079, 2.657], [8.07, 2.705], [8.477, 2.925], [8.979, 2.847], [9.025, 2.911], [9.069, 3.056], [9.551, 3.395], [9.614, 3.38]]]}, "id": 362}, {"type": "Feature", "properties": {"fill": "#153477"}, "geometry": {"type": "Polygon", "coordinates": [[[5.399, 4.897], [5.278, 5.186], [5.303, 5.284], [5.322, 5.312], [5.337, 5.354], [5.294, 5.588], [5.405, 5.856], [5.383, 5.952], [5.442, 6.152], [5.554, 6.181], [5.597, 6.199], [5.781, 6.602], [6.023, 6.652], [6.047, 6.632], [6.214, 6.566], [6.444, 6.657], [6.799, 6.168], [7.092, 6.216], [7.214, 6.029], [7.279, 5.753], [7.178, 5.626], [7.272, 5.135], [7.674, 4.994], [7.661, 4.919], [7.821, 4.404], [7.809, 4.368], [7.795, 4.247], [7.659, 4.078], [7.668, 4.027], [7.63, 3.685], [7.518, 3.487], [6.753, 3.627], [6.725, 3.686], [6.388, 3.761], [6.216, 3.786], [5.86, 3.412], [5.458, 3.538], [5.364, 3.553], [5.322, 3.585], [5.666, 4.347], [5.246, 4.315], [5.091, 4.638], [5.399, 4.897]]]}, "id": 363}, {"type": "Feature", "properties": {"fill": "#37009c"}, "geometry": {"type": "Polygon", "coordinates": [[[32.024, 7.596], [32.215, 7.9], [31.83, 8.33], [32.059, 8.644], [32.0, 8.887], [32.044, 9.017], [32.12, 9.079], [32.317, 9.185], [32.511, 9.194], [32.695, 9.14], [32.865, 9.232], [32.954, 9.438], [33.134, 9.568], [33.054, 10.099], [33.161, 10.171], [33.269, 10.114], [33.544, 9.707], [33.537, 9.699], [33.558, 9.165], [34.005, 9.349], [34.311, 8.848], [34.357, 8.841], [34.425, 8.757], [34.51, 8.487], [34.504, 8.347], [34.481, 8.263], [34.557, 8.015], [34.472, 7.709], [34.533, 7.645], [34.714, 7.521], [34.901, 7.594], [35.025, 7.585], [35.24, 7.503], [35.261, 7.486], [35.525, 7.077], [35.329, 6.862], [35.336, 6.766], [35.366, 6.61], [35.421, 6.457], [35.525, 6.351], [35.706, 6.058], [35.458, 5.812], [35.28, 5.578], [34.998, 5.595], [34.845, 5.891], [34.508, 6.038], [34.368, 5.982], [34.218, 5.751], [34.087, 5.676], [33.863, 5.671], [33.684, 5.557], [33.661, 5.559], [33.423, 5.821], [32.913, 5.826], [32.925, 6.149], [32.298, 6.314], [32.544, 6.708], [32.309, 7.166], [32.005, 7.241], [31.961, 7.334], [32.024, 7.596]]]}, "id": 364}, {"type": "Feature", "properties": {"fill": "#00529c"}, "geometry": {"type": "Polygon", "coordinates": [[[11.423, -2.393], [11.393, -2.443], [11.358, -2.49], [11.319, -2.534], [11.205, -2.637], [11.17, -2.666], [11.003, -2.832], [10.854, -3.014], [10.723, -3.21], [10.612, -3.418], [10.543, -3.585], [10.506, -3.663], [10.476, -3.713], [10.441, -3.76], [10.402, -3.803], [10.358, -3.843], [10.311, -3.878], [10.271, -3.902], [9.979, -3.978], [9.921, -3.975], [9.863, -3.967], [9.69, -3.923], [9.459, -3.877], [9.224, -3.854], [9.187, -3.852], [9.129, -3.844], [9.073, -3.83], [9.017, -3.81], [8.964, -3.785], [8.914, -3.755], [8.867, -3.72], [8.747, -3.611], [8.726, -3.59], [8.653, -3.53], [8.485, -3.378], [8.303, -3.228], [8.107, -3.097], [7.899, -2.986], [7.682, -2.896], [7.456, -2.828], [7.225, -2.782], [6.991, -2.759], [6.891, -2.759], [6.765, -2.753], [6.707, -2.744], [6.65, -2.73], [6.595, -2.71], [6.542, -2.685], [6.491, -2.655], [6.444, -2.62], [6.401, -2.581], [6.362, -2.537], [6.327, -2.49], [6.297, -2.44], [6.272, -2.387], [6.259, -2.353], [6.367, -2.002], [6.657, -1.86], [6.736, -1.746], [7.263, -1.463], [6.865, -1.124], [6.982, -0.617], [6.914, -0.403], [6.989, -0.336], [7.291, -0.172], [7.472, -0.004], [7.484, 0.039], [7.675, 0.292], [7.697, 0.519], [7.826, 0.712], [7.871, 0.881], [7.898, 0.928], [7.9, 0.93], [8.12, 0.98], [8.447, 1.368], [8.321, 1.563], [8.216, 1.714], [8.25, 1.846], [8.444, 2.075], [8.43, 2.317], [8.909, 2.581], [9.049, 2.428], [9.167, 2.198], [9.255, 2.118], [9.295, 2.021], [9.266, 1.918], [9.472, 1.686], [9.855, 1.529], [9.817, 1.417], [9.536, 1.159], [9.505, 1.103], [9.362, 1.011], [9.187, 0.81], [9.171, 0.616], [9.173, 0.608], [9.929, 0.374], [10.034, 0.147], [10.026, 0.114], [9.995, 0.068], [10.194, -0.647], [10.15, -0.836], [10.097, -0.874], [9.908, -1.232], [9.947, -1.355], [10.445, -1.733], [10.696, -1.616], [10.886, -1.68], [11.455, -2.322], [11.448, -2.34], [11.423, -2.393]]]}, "id": 365}, {"type": "Feature", "properties": {"fill": "#37009c"}, "geometry": {"type": "Polygon", "coordinates": [[[13.543, 2.322], [13.433, 2.293], [13.186, 2.45], [12.984, 2.656], [12.923, 2.775], [12.915, 2.918], [13.0, 3.237], [13.033, 3.267], [13.118, 3.289], [13.408, 4.017], [13.914, 3.982], [14.158, 4.089], [14.406, 3.805], [14.91, 3.856], [15.051, 3.757], [15.124, 3.58], [15.465, 3.35], [15.508, 3.105], [15.697, 3.014], [15.925, 2.657], [15.97, 2.537], [15.93, 2.451], [15.596, 2.353], [15.38, 2.106], [14.957, 2.051], [14.895, 1.943], [14.626, 1.901], [14.142, 2.258], [13.98, 2.136], [13.909, 2.148], [13.543, 2.322]]]}, "id": 366}, {"type": "Feature", "properties": {"fill": "#153477"}, "geometry": {"type": "Polygon", "coordinates": [[[33.137, 14.67], [33.248, 14.878], [33.339, 15.095], [33.407, 15.321], [33.453, 15.552], [33.477, 15.807], [33.486, 15.865], [33.5, 15.922], [33.52, 15.977], [33.545, 16.03], [33.575, 16.08], [33.61, 16.127], [33.649, 16.171], [33.692, 16.21], [33.74, 16.245], [33.79, 16.275], [33.843, 16.3], [33.898, 16.32], [33.955, 16.334], [34.013, 16.343], [34.071, 16.346], [34.13, 16.343], [34.367, 16.319], [34.603, 16.319], [34.726, 16.332], [34.84, 16.337], [34.899, 16.334], [34.957, 16.326], [35.014, 16.311], [35.069, 16.292], [35.122, 16.267], [35.172, 16.236], [35.219, 16.202], [35.328, 16.103], [35.37, 16.061], [35.505, 15.95], [35.571, 15.89], [35.611, 15.847], [35.646, 15.8], [35.676, 15.749], [35.701, 15.696], [35.72, 15.641], [35.735, 15.584], [35.743, 15.526], [35.744, 15.511], [35.373, 15.017], [35.513, 14.747], [35.334, 14.289], [35.666, 14.017], [35.572, 13.67], [35.633, 13.517], [35.628, 13.496], [35.68, 13.221], [35.528, 13.0], [35.404, 12.913], [35.212, 12.873], [35.146, 12.725], [35.179, 12.546], [35.354, 12.33], [35.25, 11.997], [34.932, 11.923], [34.664, 12.022], [34.442, 11.762], [34.763, 11.187], [34.678, 11.112], [34.596, 11.116], [34.263, 11.273], [34.181, 11.684], [33.985, 11.723], [33.948, 11.905], [33.739, 12.258], [33.725, 12.268], [33.68, 12.579], [33.476, 12.687], [33.422, 12.852], [33.018, 13.047], [33.048, 13.241], [32.625, 13.416], [32.668, 13.912], [32.937, 14.389], [33.007, 14.474], [33.137, 14.67]]]}, "id": 367}, {"type": "Feature", "properties": {"fill": "#37009c"}, "geometry": {"type": "Polygon", "coordinates": [[[15.239, -3.914], [15.35, -3.706], [15.44, -3.488], [15.509, -3.263], [15.556, -3.022], [15.745, -2.761], [15.992, -2.63], [16.145, -2.645], [16.428, -3.142], [16.524, -3.378], [16.633, -3.417], [16.818, -3.302], [17.212, -3.382], [17.336, -3.498], [17.797, -3.564], [17.825, -3.574], [18.027, -3.705], [18.15, -3.763], [18.485, -4.265], [18.692, -4.066], [19.658, -4.213], [19.639, -4.601], [19.439, -4.875], [19.395, -4.884], [19.169, -4.952], [18.952, -5.042], [18.744, -5.153], [18.548, -5.284], [18.366, -5.433], [18.199, -5.6], [18.05, -5.782], [17.96, -5.903], [17.921, -5.947], [17.877, -5.986], [17.83, -6.021], [17.78, -6.051], [17.727, -6.076], [17.672, -6.096], [17.615, -6.11], [17.557, -6.119], [17.499, -6.122], [17.44, -6.119], [17.382, -6.11], [17.325, -6.096], [17.27, -6.076], [17.161, -6.024], [16.943, -5.934], [16.718, -5.866], [16.487, -5.82], [16.252, -5.797], [16.19, -5.794], [16.132, -5.785], [16.075, -5.771], [16.039, -5.758], [15.686, -5.401], [15.531, -5.384], [15.313, -4.9], [14.875, -4.487], [14.882, -4.461], [14.902, -4.405], [14.927, -4.352], [14.957, -4.302], [15.021, -4.216], [15.108, -4.109], [15.239, -3.914]]]}, "id": 368}, {"type": "Feature", "properties": {"fill": "#00529c"}, "geometry": {"type": "Polygon", "coordinates": [[[34.357, 8.841], [34.311, 8.848], [34.005, 9.349], [33.558, 9.165], [33.537, 9.699], [33.544, 9.707], [33.269, 10.114], [34.009, 10.201], [33.864, 10.419], [33.765, 10.584], [34.171, 10.897], [34.074, 11.08], [34.095, 11.14], [34.263, 11.273], [34.596, 11.116], [34.678, 11.112], [34.763, 11.187], [34.442, 11.762], [34.664, 12.022], [34.932, 11.923], [35.25, 11.997], [35.524, 11.747], [35.794, 11.898], [36.035, 11.771], [36.11, 11.478], [36.211, 11.451], [36.378, 11.255], [36.417, 11.014], [36.598, 10.94], [36.706, 10.484], [36.733, 10.446], [36.738, 10.417], [36.654, 10.127], [37.075, 9.945], [37.084, 9.442], [36.859, 9.213], [36.468, 8.979], [36.334, 8.86], [36.362, 8.634], [36.064, 8.37], [36.2, 8.139], [36.366, 8.026], [36.323, 7.902], [36.348, 7.809], [36.206, 7.484], [35.841, 7.38], [35.743, 7.144], [35.525, 7.077], [35.261, 7.486], [35.24, 7.503], [35.025, 7.585], [34.901, 7.594], [34.714, 7.521], [34.533, 7.645], [34.472, 7.709], [34.557, 8.015], [34.481, 8.263], [34.504, 8.347], [34.51, 8.487], [34.425, 8.757], [34.357, 8.841]]]}, "id": 369}, {"type": "Feature", "properties": {"fill": "#516ebc"}, "geometry": {"type": "Polygon", "coordinates": [[[36.598, 10.94], [36.417, 11.014], [36.378, 11.255], [36.463, 11.319], [36.854, 11.487], [37.006, 11.354], [37.179, 11.367], [37.453, 11.45], [37.586, 11.332], [37.617, 11.324], [38.193, 11.562], [38.653, 11.379], [38.676, 11.385], [38.699, 11.377], [39.106, 10.671], [39.058, 10.632], [38.913, 10.47], [38.729, 10.331], [38.552, 10.281], [38.452, 9.728], [38.109, 9.772], [37.792, 9.43], [37.547, 9.568], [37.084, 9.442], [37.075, 9.945], [36.654, 10.127], [36.738, 10.417], [36.733, 10.446], [36.706, 10.484], [36.598, 10.94]]]}, "id": 370}, {"type": "Feature", "properties": {"fill": "#00789c"}, "geometry": {"type": "Polygon", "coordinates": [[[35.809, 15.521], [35.867, 15.524], [35.926, 15.521], [35.984, 15.513], [36.041, 15.498], [36.096, 15.479], [36.187, 15.435], [36.32, 15.365], [36.538, 15.274], [36.591, 15.258], [36.789, 15.004], [37.148, 14.99], [37.381, 15.137], [37.464, 15.137], [37.484, 15.139], [38.599, 14.565], [38.616, 14.483], [38.684, 14.258], [38.774, 14.04], [38.885, 13.832], [39.016, 13.637], [39.061, 13.576], [39.085, 13.54], [39.189, 13.414], [39.164, 13.302], [39.445, 12.84], [39.651, 12.619], [39.658, 12.399], [39.627, 12.343], [39.937, 11.635], [39.953, 11.543], [39.668, 11.446], [39.246, 11.609], [38.699, 11.377], [38.676, 11.385], [38.653, 11.379], [38.193, 11.562], [37.617, 11.324], [37.586, 11.332], [37.453, 11.45], [37.179, 11.367], [37.006, 11.354], [36.854, 11.487], [36.463, 11.319], [36.378, 11.255], [36.211, 11.451], [36.11, 11.478], [36.035, 11.771], [35.794, 11.898], [35.524, 11.747], [35.25, 11.997], [35.354, 12.33], [35.179, 12.546], [35.146, 12.725], [35.212, 12.873], [35.404, 12.913], [35.528, 13.0], [35.68, 13.221], [35.628, 13.496], [35.633, 13.517], [35.572, 13.67], [35.666, 14.017], [35.334, 14.289], [35.513, 14.747], [35.373, 15.017], [35.744, 15.511], [35.809, 15.521]]]}, "id": 371}, {"type": "Feature", "properties": {"fill": "#37009c"}, "geometry": {"type": "Polygon", "coordinates": [[[21.15, 6.396], [21.157, 6.375], [21.027, 5.944], [20.785, 5.855], [20.524, 5.261], [20.769, 5.106], [20.668, 4.746], [20.576, 4.682], [20.129, 4.698], [20.024, 4.516], [19.969, 4.514], [19.386, 4.271], [19.377, 4.27], [19.354, 3.972], [19.228, 3.786], [18.89, 3.773], [18.661, 3.996], [18.596, 4.014], [18.543, 4.065], [18.111, 4.046], [18.061, 4.097], [18.079, 4.344], [18.408, 4.652], [18.359, 4.937], [17.804, 4.973], [17.941, 5.76], [18.045, 5.814], [18.268, 5.816], [18.368, 5.892], [18.39, 6.485], [18.309, 6.625], [18.158, 6.636], [17.855, 7.037], [18.234, 7.327], [18.274, 7.578], [18.607, 7.726], [18.626, 7.745], [18.633, 7.758], [19.268, 7.635], [19.528, 7.917], [19.609, 7.919], [19.661, 7.849], [19.866, 7.68], [19.902, 7.251], [20.174, 7.168], [20.261, 7.061], [20.408, 7.036], [20.773, 6.818], [20.871, 6.617], [20.97, 6.573], [21.114, 6.48], [21.15, 6.396]]]}, "id": 372}, {"type": "Feature", "properties": {"fill": "#00789c"}, "geometry": {"type": "Polygon", "coordinates": [[[21.519, 6.391], [21.929, 6.762], [21.962, 6.759], [22.473, 6.77], [22.355, 6.288], [22.759, 6.107], [22.689, 5.992], [22.852, 5.727], [22.846, 5.671], [23.315, 5.45], [23.313, 5.347], [23.3, 5.256], [23.011, 4.941], [23.09, 4.735], [23.817, 4.449], [23.841, 4.413], [23.843, 4.366], [23.951, 4.261], [24.098, 4.09], [24.171, 3.836], [24.127, 3.773], [23.686, 3.592], [23.665, 3.544], [22.966, 3.394], [22.727, 3.403], [22.653, 3.466], [22.435, 3.723], [21.808, 3.394], [21.793, 3.374], [21.825, 3.227], [21.425, 2.971], [21.373, 2.788], [21.323, 2.783], [21.106, 2.87], [20.752, 2.656], [20.705, 2.552], [20.631, 2.524], [20.337, 2.616], [20.093, 2.877], [19.721, 2.835], [19.601, 2.929], [19.596, 2.935], [19.316, 3.14], [19.328, 3.211], [19.228, 3.786], [19.354, 3.972], [19.377, 4.27], [19.386, 4.271], [19.969, 4.514], [20.024, 4.516], [20.129, 4.698], [20.576, 4.682], [20.668, 4.746], [20.769, 5.106], [20.524, 5.261], [20.785, 5.855], [21.027, 5.944], [21.16, 6.385], [21.2, 6.417], [21.519, 6.391]]]}, "id": 373}, {"type": "Feature", "properties": {"fill": "#37009c"}, "geometry": {"type": "Polygon", "coordinates": [[[10.886, -1.68], [10.696, -1.616], [10.445, -1.733], [9.947, -1.355], [9.908, -1.232], [10.097, -0.874], [10.15, -0.836], [10.194, -0.647], [9.995, 0.068], [10.026, 0.114], [10.034, 0.147], [9.929, 0.374], [9.173, 0.608], [9.171, 0.616], [9.187, 0.81], [9.362, 1.011], [9.505, 1.103], [9.536, 1.159], [9.817, 1.417], [9.855, 1.529], [10.019, 1.686], [9.985, 1.838], [10.417, 2.279], [10.427, 2.281], [10.586, 2.236], [10.669, 2.295], [10.926, 2.232], [11.217, 1.836], [11.238, 1.725], [11.465, 1.515], [11.489, 1.474], [11.739, 1.298], [11.775, 1.185], [12.185, 0.961], [12.233, 0.748], [11.818, 0.375], [11.939, 0.216], [11.937, 0.062], [11.855, -0.432], [11.678, -0.503], [11.545, -0.972], [11.546, -0.98], [11.709, -1.29], [11.643, -1.381], [11.478, -2.316], [11.455, -2.322], [10.886, -1.68]]]}, "id": 374}, {"type": "Feature", "properties": {"fill": "#516ebc"}, "geometry": {"type": "Polygon", "coordinates": [[[15.349, -1.205], [15.163, -1.972], [15.403, -2.063], [15.745, -2.761], [15.56, -3.016], [15.525, -3.029], [15.468, -3.043], [15.41, -3.051], [15.351, -3.054], [15.293, -3.051], [15.166, -3.033], [14.932, -3.01], [14.696, -3.01], [14.462, -3.033], [14.231, -3.079], [14.107, -3.11], [14.049, -3.118], [13.991, -3.121], [13.932, -3.118], [13.849, -3.106], [13.615, -3.083], [13.379, -3.083], [13.145, -3.106], [12.914, -3.152], [12.686, -3.221], [12.424, -3.204], [12.296, -3.221], [11.765, -3.416], [11.709, -3.39], [11.658, -3.36], [11.611, -3.325], [11.568, -3.286], [11.528, -3.242], [11.494, -3.195], [11.463, -3.145], [11.438, -3.092], [11.419, -3.037], [11.404, -2.98], [11.396, -2.922], [11.39, -2.807], [11.39, -2.684], [11.38, -2.58], [11.494, -2.413], [11.473, -2.342], [11.643, -1.381], [11.709, -1.29], [11.546, -0.98], [11.545, -0.972], [11.678, -0.503], [11.855, -0.432], [12.217, -0.464], [12.507, -0.158], [12.759, -0.244], [12.807, -0.291], [12.883, -0.297], [13.302, -0.493], [13.475, -0.246], [13.866, -0.653], [13.86, -0.854], [13.837, -0.971], [13.886, -1.017], [14.173, -0.976], [14.528, -1.192], [14.734, -1.069], [15.125, -1.1], [15.162, -1.095], [15.293, -1.137], [15.322, -1.169], [15.349, -1.205]]]}, "id": 375}, {"type": "Feature", "properties": {"fill": "#37009c"}, "geometry": {"type": "Polygon", "coordinates": [[[19.689, -3.501], [19.638, -3.471], [19.591, -3.436], [19.548, -3.396], [19.508, -3.353], [19.458, -3.284], [19.308, -3.102], [19.232, -3.026], [19.197, -2.859], [18.819, -2.692], [18.764, -2.655], [18.711, -2.627], [18.672, -2.454], [18.348, -2.032], [18.317, -1.982], [18.34, -1.896], [18.328, -1.632], [18.33, -1.611], [18.474, -1.446], [18.455, -1.38], [18.44, -1.239], [18.394, -1.132], [18.391, -1.13], [18.125, -0.963], [17.932, -0.985], [17.913, -0.995], [17.893, -1.012], [17.872, -1.064], [17.864, -1.111], [17.799, -1.228], [17.389, -1.337], [17.318, -1.392], [17.189, -1.426], [16.956, -1.342], [16.949, -1.196], [16.713, -0.883], [16.955, -0.494], [16.94, -0.374], [16.771, -0.208], [16.806, -0.069], [16.815, -0.041], [16.828, -0.023], [17.179, 0.08], [17.122, 0.372], [17.731, 0.238], [17.79, 0.057], [17.836, 0.031], [18.031, 0.045], [18.247, 0.14], [18.378, 0.309], [18.766, 0.388], [18.881, 0.051], [19.335, 0.068], [19.212, 0.61], [19.235, 0.626], [19.987, 0.635], [20.114, 0.322], [20.019, 0.083], [20.162, -0.131], [20.146, -0.689], [20.191, -0.929], [20.215, -0.968], [20.088, -1.362], [20.088, -1.369], [20.134, -1.488], [20.343, -1.729], [20.354, -1.906], [20.262, -2.382], [19.544, -2.544], [19.512, -2.574], [20.156, -3.104], [19.748, -3.528], [19.689, -3.501]]]}, "id": 376}, {"type": "Feature", "properties": {"fill": "#00529c"}, "geometry": {"type": "Polygon", "coordinates": [[[19.229, -3.047], [19.239, -3.059], [19.303, -3.369], [19.721, -3.54], [19.745, -3.557], [19.898, -3.702], [19.658, -4.213], [18.692, -4.066], [18.584, -4.169], [18.417, -4.08], [18.341, -4.048], [18.15, -3.763], [18.027, -3.705], [17.825, -3.574], [17.797, -3.564], [17.336, -3.498], [17.212, -3.382], [16.818, -3.302], [16.633, -3.417], [16.524, -3.378], [16.428, -3.142], [16.145, -2.645], [15.992, -2.63], [15.745, -2.761], [15.403, -2.063], [15.987, -1.931], [16.192, -1.695], [16.272, -1.697], [16.407, -1.634], [16.66, -1.594], [16.956, -1.342], [17.189, -1.426], [17.318, -1.392], [17.389, -1.337], [17.799, -1.228], [17.864, -1.111], [17.872, -1.064], [17.893, -1.012], [17.913, -0.995], [17.932, -0.985], [18.125, -0.963], [18.391, -1.13], [18.394, -1.132], [18.44, -1.239], [18.455, -1.38], [18.474, -1.446], [18.33, -1.611], [18.328, -1.632], [18.34, -1.896], [18.317, -1.982], [18.348, -2.032], [18.672, -2.454], [18.716, -2.647], [19.073, -2.804], [19.098, -2.851], [19.229, -3.047]]]}, "id": 377}, {"type": "Feature", "properties": {"fill": "#00789c"}, "geometry": {"type": "Polygon", "coordinates": [[[10.073, 3.095], [10.268, 3.226], [10.313, 3.262], [10.438, 3.326], [10.759, 3.352], [10.941, 3.355], [11.068, 3.427], [11.505, 3.477], [11.564, 3.391], [12.291, 3.31], [12.366, 3.352], [12.885, 3.258], [12.913, 3.21], [12.971, 3.125], [12.915, 2.918], [12.923, 2.775], [12.984, 2.656], [13.186, 2.45], [13.433, 2.293], [13.413, 2.231], [12.907, 1.974], [12.904, 1.953], [12.509, 1.846], [12.496, 1.717], [12.357, 1.577], [12.363, 1.547], [12.348, 1.093], [12.185, 0.961], [11.775, 1.185], [11.739, 1.298], [11.489, 1.474], [11.465, 1.515], [11.238, 1.725], [11.217, 1.836], [10.926, 2.232], [10.669, 2.295], [10.586, 2.236], [10.427, 2.281], [10.417, 2.279], [9.985, 1.838], [9.825, 2.082], [9.842, 2.22], [9.928, 2.41], [9.891, 2.766], [9.961, 2.972], [9.993, 3.052], [10.073, 3.095]]]}, "id": 378}, {"type": "Feature", "properties": {"fill": "#00529c"}, "geometry": {"type": "Polygon", "coordinates": [[[13.95, 10.543], [13.994, 10.516], [14.041, 10.481], [14.085, 10.442], [14.124, 10.399], [14.159, 10.352], [14.189, 10.301], [14.214, 10.248], [14.234, 10.193], [14.243, 10.157], [14.312, 9.932], [14.321, 9.904], [14.336, 9.847], [14.344, 9.79], [14.33, 9.741], [14.009, 9.449], [13.88, 9.134], [14.002, 9.013], [14.079, 8.263], [13.998, 8.209], [13.831, 8.211], [13.61, 8.109], [13.308, 8.132], [13.162, 8.174], [13.106, 8.278], [12.556, 8.404], [12.48, 8.411], [12.282, 8.496], [12.249, 8.639], [12.162, 8.747], [12.105, 8.744], [11.433, 8.441], [11.308, 8.482], [11.206, 8.717], [10.659, 8.698], [10.405, 9.082], [10.308, 9.128], [10.23, 9.137], [10.093, 9.212], [10.136, 9.733], [10.441, 9.916], [10.472, 9.899], [10.927, 9.901], [10.915, 10.372], [10.804, 10.469], [10.718, 10.891], [10.808, 11.018], [11.169, 10.97], [11.61, 10.958], [11.691, 10.29], [12.14, 10.231], [12.53, 10.663], [13.085, 10.45], [13.312, 10.612], [13.813, 10.63], [13.882, 10.588], [13.95, 10.543]]]}, "id": 379}, {"type": "Feature", "properties": {"fill": "#516ebc"}, "geometry": {"type": "Polygon", "coordinates": [[[16.904, 4.651], [16.727, 4.824], [16.244, 4.688], [16.38, 5.123], [16.262, 5.284], [16.418, 5.586], [16.452, 5.617], [16.356, 6.041], [16.4, 6.106], [16.337, 6.524], [16.371, 6.659], [16.463, 6.74], [16.617, 6.753], [16.83, 6.973], [16.868, 7.346], [17.173, 7.191], [17.505, 7.156], [17.416, 7.57], [17.536, 7.723], [17.737, 7.809], [17.849, 7.808], [17.92, 7.76], [18.274, 7.578], [18.234, 7.327], [17.855, 7.037], [18.158, 6.636], [18.309, 6.625], [18.39, 6.485], [18.368, 5.892], [18.268, 5.816], [18.045, 5.814], [17.941, 5.76], [17.804, 4.973], [18.359, 4.937], [18.408, 4.652], [18.079, 4.344], [18.061, 4.097], [17.804, 4.094], [17.432, 4.674], [17.277, 4.63], [17.241, 4.602], [17.13, 4.572], [16.904, 4.651]]]}, "id": 380}, {"type": "Feature", "properties": {"fill": "#153477"}, "geometry": {"type": "Polygon", "coordinates": [[[12.916, 3.252], [12.366, 3.352], [12.291, 3.31], [11.564, 3.391], [11.505, 3.477], [11.068, 3.427], [10.953, 3.953], [10.786, 4.043], [10.766, 4.129], [10.739, 4.184], [10.822, 4.549], [10.698, 4.661], [10.689, 4.895], [10.465, 5.163], [10.44, 5.414], [10.415, 5.465], [10.998, 5.89], [11.167, 5.773], [11.286, 5.763], [11.466, 5.793], [11.507, 5.85], [11.74, 6.015], [11.785, 6.178], [12.059, 6.374], [12.163, 6.303], [12.322, 6.279], [12.706, 6.315], [12.591, 6.806], [12.736, 7.075], [12.813, 7.119], [13.201, 6.909], [13.592, 7.121], [13.616, 7.113], [14.177, 7.424], [14.238, 7.438], [14.322, 7.391], [14.389, 7.013], [14.637, 6.814], [14.911, 6.852], [15.165, 6.748], [15.353, 6.74], [15.441, 6.129], [14.861, 5.979], [14.867, 5.915], [14.901, 5.652], [15.001, 5.506], [14.851, 5.078], [14.679, 5.023], [14.508, 4.609], [14.148, 4.424], [14.158, 4.089], [13.914, 3.982], [13.408, 4.017], [13.14, 3.344], [12.916, 3.252]]]}, "id": 381}, {"type": "Feature", "properties": {"fill": "#00789c"}, "geometry": {"type": "Polygon", "coordinates": [[[14.603, 10.511], [14.697, 10.739], [14.722, 10.792], [14.752, 10.842], [14.787, 10.889], [14.826, 10.932], [14.869, 10.972], [14.916, 11.007], [14.967, 11.037], [15.02, 11.062], [15.243, 11.154], [15.284, 11.176], [15.39, 11.151], [15.404, 11.158], [15.876, 11.249], [16.259, 11.12], [16.307, 11.079], [16.218, 10.778], [16.299, 10.583], [16.23, 10.364], [16.455, 10.198], [16.739, 10.239], [16.787, 10.211], [16.853, 10.146], [16.858, 9.97], [16.952, 9.777], [16.812, 9.497], [16.919, 9.373], [16.638, 8.929], [16.636, 8.834], [16.193, 8.853], [16.114, 8.961], [15.955, 8.956], [15.576, 9.048], [15.333, 8.858], [15.245, 8.726], [15.158, 8.702], [15.126, 8.685], [14.732, 8.867], [14.602, 8.822], [14.367, 8.575], [14.213, 8.295], [14.079, 8.263], [14.002, 9.013], [13.88, 9.134], [14.009, 9.449], [14.33, 9.741], [14.435, 10.095], [14.481, 10.182], [14.459, 10.254], [14.492, 10.303], [14.603, 10.511]]]}, "id": 382}, {"type": "Feature", "properties": {"fill": "#153477"}, "geometry": {"type": "Polygon", "coordinates": [[[18.518, 8.653], [18.7, 9.46], [18.727, 9.494], [18.734, 9.516], [19.062, 9.565], [19.368, 9.666], [19.465, 9.77], [19.465, 9.789], [19.505, 10.154], [19.268, 10.445], [19.638, 10.779], [19.803, 10.616], [19.911, 10.669], [20.221, 10.583], [20.117, 10.326], [20.182, 10.147], [20.329, 9.954], [19.857, 9.722], [20.163, 9.136], [20.089, 9.076], [19.885, 8.967], [19.822, 8.816], [19.829, 8.729], [19.932, 8.581], [19.968, 8.256], [19.631, 7.97], [19.609, 7.919], [19.528, 7.917], [19.268, 7.635], [18.633, 7.758], [18.669, 7.864], [18.604, 7.959], [18.267, 8.375], [18.479, 8.63], [18.501, 8.637], [18.518, 8.653]]]}, "id": 383}, {"type": "Feature", "properties": {"fill": "#00529c"}, "geometry": {"type": "Polygon", "coordinates": [[[19.053, 11.852], [19.082, 11.815], [18.995, 11.485], [19.416, 11.121], [19.476, 11.085], [19.558, 11.06], [19.638, 10.779], [19.268, 10.445], [19.505, 10.154], [19.465, 9.789], [19.465, 9.77], [19.368, 9.666], [19.062, 9.565], [18.734, 9.516], [18.727, 9.494], [18.7, 9.46], [18.518, 8.653], [18.501, 8.637], [18.479, 8.63], [18.267, 8.375], [18.604, 7.959], [18.669, 7.864], [18.633, 7.758], [18.626, 7.745], [18.607, 7.726], [18.274, 7.578], [17.92, 7.76], [17.849, 7.808], [17.737, 7.809], [17.536, 7.723], [17.099, 8.079], [17.03, 8.064], [16.695, 8.343], [16.798, 8.704], [16.636, 8.834], [16.638, 8.929], [16.919, 9.373], [16.812, 9.497], [16.952, 9.777], [16.858, 9.97], [16.853, 10.146], [16.787, 10.211], [16.739, 10.239], [16.455, 10.198], [16.23, 10.364], [16.299, 10.583], [16.218, 10.778], [16.307, 11.079], [16.259, 11.12], [16.358, 11.965], [16.385, 12.004], [16.562, 12.04], [16.641, 12.079], [16.682, 12.087], [16.93, 12.331], [17.472, 12.318], [17.556, 12.267], [17.721, 11.878], [17.992, 11.764], [18.36, 12.133], [19.009, 11.918], [19.053, 11.852]]]}, "id": 384}, {"type": "Feature", "properties": {"fill": "#00789c"}, "geometry": {"type": "Polygon", "coordinates": [[[20.652, 9.663], [20.646, 9.665], [20.444, 9.936], [20.329, 9.954], [20.182, 10.147], [20.117, 10.326], [20.221, 10.583], [20.323, 10.647], [20.197, 11.173], [20.847, 11.216], [20.992, 11.339], [21.142, 11.315], [21.575, 11.639], [21.6, 12.013], [21.722, 12.29], [22.158, 12.166], [22.473, 12.245], [22.573, 12.226], [22.746, 12.095], [22.864, 11.754], [22.855, 11.572], [23.181, 11.311], [23.263, 11.097], [23.101, 10.762], [23.044, 10.724], [22.855, 10.396], [23.272, 10.162], [23.374, 10.176], [23.398, 10.208], [23.708, 10.277], [23.923, 10.164], [23.855, 9.925], [23.855, 9.909], [23.826, 9.745], [23.811, 9.676], [23.504, 9.654], [23.317, 9.544], [23.236, 9.542], [22.949, 9.414], [22.93, 9.417], [22.726, 9.562], [22.664, 9.57], [22.586, 9.562], [22.303, 9.628], [22.237, 9.586], [22.136, 9.153], [21.955, 9.04], [21.779, 9.078], [21.775, 9.081], [21.648, 9.445], [21.471, 9.589], [21.244, 9.55], [20.999, 9.671], [20.652, 9.663]]]}, "id": 385}, {"type": "Feature", "properties": {"fill": "#516ebc"}, "geometry": {"type": "Polygon", "coordinates": [[[10.186, 3.293], [10.129, 3.307], [10.074, 3.327], [10.021, 3.352], [9.97, 3.382], [9.879, 3.45], [9.683, 3.581], [9.591, 3.63], [9.326, 3.89], [9.221, 3.918], [8.873, 4.74], [8.914, 4.841], [8.912, 4.89], [8.864, 4.966], [8.973, 5.315], [9.199, 5.522], [9.439, 5.547], [9.58, 5.833], [9.936, 5.741], [10.098, 5.66], [10.196, 5.538], [10.391, 5.481], [10.415, 5.465], [10.44, 5.414], [10.465, 5.163], [10.689, 4.895], [10.698, 4.661], [10.822, 4.549], [10.739, 4.184], [10.766, 4.129], [10.786, 4.043], [10.953, 3.953], [11.068, 3.427], [10.941, 3.355], [10.759, 3.352], [10.438, 3.326], [10.333, 3.273], [10.299, 3.276], [10.186, 3.293]]]}, "id": 386}, {"type": "Feature", "properties": {"fill": "#00789c"}, "geometry": {"type": "Polygon", "coordinates": [[[9.547, 3.605], [9.556, 3.547], [9.559, 3.489], [9.556, 3.43], [9.551, 3.395], [9.069, 3.056], [9.025, 2.911], [8.979, 2.847], [8.477, 2.925], [8.07, 2.705], [7.998, 2.818], [8.159, 3.288], [7.521, 3.474], [7.518, 3.487], [7.63, 3.685], [7.668, 4.027], [7.659, 4.078], [7.795, 4.247], [7.809, 4.368], [7.821, 4.404], [7.661, 4.919], [7.674, 4.994], [7.272, 5.135], [7.178, 5.626], [7.279, 5.753], [7.214, 6.029], [7.689, 6.236], [7.984, 5.864], [8.034, 5.877], [8.234, 6.318], [8.288, 6.347], [8.322, 6.466], [8.264, 6.856], [8.3, 6.927], [8.332, 7.064], [8.806, 7.084], [8.869, 7.106], [8.949, 7.074], [9.032, 7.065], [9.313, 7.226], [9.323, 7.222], [9.588, 6.897], [9.275, 6.588], [9.28, 6.557], [9.657, 6.297], [9.528, 5.959], [9.58, 5.833], [9.439, 5.547], [9.199, 5.522], [8.973, 5.315], [8.864, 4.966], [8.912, 4.89], [8.914, 4.841], [8.873, 4.74], [9.221, 3.918], [9.326, 3.89], [9.528, 3.692], [9.538, 3.644], [9.547, 3.605]]]}, "id": 387}, {"type": "Feature", "properties": {"fill": "#516ebc"}, "geometry": {"type": "Polygon", "coordinates": [[[7.092, 6.216], [6.799, 6.168], [6.444, 6.657], [6.615, 6.793], [7.13, 6.751], [7.192, 6.919], [7.381, 7.092], [7.393, 7.097], [7.476, 7.164], [7.478, 7.171], [7.407, 7.8], [7.239, 7.899], [7.328, 8.075], [7.373, 8.519], [7.526, 8.58], [7.657, 8.924], [7.795, 9.056], [8.085, 8.969], [8.26, 9.092], [8.305, 9.113], [8.519, 9.119], [8.647, 9.147], [8.868, 9.103], [8.834, 8.422], [9.008, 8.281], [9.048, 8.018], [8.961, 7.859], [8.742, 7.693], [8.721, 7.657], [8.869, 7.106], [8.806, 7.084], [8.332, 7.064], [8.3, 6.927], [8.264, 6.856], [8.322, 6.466], [8.288, 6.347], [8.234, 6.318], [8.034, 5.877], [7.984, 5.864], [7.689, 6.236], [7.214, 6.029], [7.092, 6.216]]]}, "id": 388}, {"type": "Feature", "properties": {"fill": "#516ebc"}, "geometry": {"type": "Polygon", "coordinates": [[[2.063, 2.618], [2.093, 2.616], [2.265, 2.395], [2.52, 2.244], [2.549, 2.199], [2.971, 2.212], [3.075, 2.332], [3.114, 2.631], [3.146, 2.666], [3.566, 2.684], [3.64, 2.727], [3.881, 2.682], [4.06, 2.727], [4.108, 2.686], [4.54, 2.666], [4.852, 2.78], [5.078, 2.451], [5.076, 2.445], [4.634, 2.287], [4.628, 2.282], [4.699, 2.009], [5.187, 1.943], [5.326, 1.918], [5.802, 1.454], [5.811, 1.453], [5.902, 1.421], [6.176, 1.456], [6.394, 1.042], [6.518, 0.896], [6.573, 0.842], [6.648, 0.616], [6.715, 0.597], [6.735, 0.573], [6.989, -0.336], [6.914, -0.403], [6.982, -0.617], [6.865, -1.124], [7.263, -1.463], [6.736, -1.746], [6.657, -1.86], [6.367, -2.002], [6.258, -2.357], [6.184, -2.402], [6.131, -2.427], [6.075, -2.446], [5.899, -2.49], [5.674, -2.558], [5.456, -2.648], [5.249, -2.76], [5.053, -2.89], [4.876, -3.035], [4.529, -3.158], [4.435, -3.568], [4.424, -3.584], [4.313, -3.792], [4.217, -4.024], [4.192, -4.077], [4.162, -4.127], [4.127, -4.174], [4.088, -4.218], [4.045, -4.257], [3.998, -4.292], [3.947, -4.322], [3.894, -4.347], [3.839, -4.367], [3.782, -4.381], [3.724, -4.39], [3.666, -4.393], [3.607, -4.39], [3.549, -4.381], [3.492, -4.367], [3.437, -4.347], [3.384, -4.322], [3.334, -4.292], [3.287, -4.257], [3.244, -4.218], [3.204, -4.174], [3.169, -4.127], [3.139, -4.077], [3.114, -4.024], [3.094, -3.969], [3.08, -3.912], [3.072, -3.854], [3.069, -3.796], [3.072, -3.737], [3.08, -3.679], [3.094, -3.622], [3.153, -3.458], [3.221, -3.233], [3.267, -3.002], [3.291, -2.767], [3.291, -2.532], [3.271, -2.331], [3.329, -1.921], [3.161, -1.548], [2.901, -1.34], [2.821, -1.22], [2.702, -1.075], [2.673, -1.004], [2.282, -0.622], [1.987, -0.49], [1.961, -0.492], [1.888, -0.453], [1.669, -0.363], [1.651, -0.357], [1.359, -0.234], [1.323, -0.193], [0.909, -0.034], [0.653, 0.303], [0.363, 0.436], [0.119, 0.335], [-0.138, 0.068], [-0.288, 0.068], [-0.326, 0.066], [-0.707, 1.098], [-0.709, 1.173], [-0.543, 1.338], [-0.394, 1.52], [-0.363, 1.566], [-0.359, 1.569], [-0.355, 1.578], [-0.263, 1.716], [-0.148, 1.933], [-0.118, 1.983], [-0.083, 2.03], [-0.043, 2.073], [-0.012, 2.102], [0.421, 2.009], [0.699, 1.841], [0.801, 1.835], [1.1, 2.451], [1.274, 2.515], [1.442, 2.793], [1.454, 2.8], [2.063, 2.618]]]}, "id": 389}, {"type": "Feature", "properties": {"fill": "#516ebc"}, "geometry": {"type": "Polygon", "coordinates": [[[24.92, 10.541], [25.111, 10.318], [25.3, 9.954], [25.27, 9.821], [25.345, 9.647], [25.336, 9.639], [24.941, 9.573], [24.687, 9.397], [24.48, 9.459], [24.4, 9.606], [24.044, 9.548], [23.983, 9.556], [23.836, 9.651], [23.811, 9.676], [23.826, 9.745], [23.855, 9.909], [23.855, 9.925], [23.923, 10.164], [23.708, 10.277], [23.398, 10.208], [23.374, 10.176], [23.272, 10.162], [22.855, 10.396], [23.044, 10.724], [23.101, 10.762], [23.263, 11.097], [23.181, 11.311], [22.855, 11.572], [22.864, 11.754], [22.746, 12.095], [23.523, 12.424], [23.708, 12.131], [23.692, 12.038], [23.732, 11.936], [23.765, 11.697], [24.301, 11.401], [24.316, 11.406], [24.739, 11.243], [24.793, 11.269], [25.635, 10.824], [25.634, 10.813], [24.92, 10.541]]]}, "id": 390}, {"type": "Feature", "properties": {"fill": "#153477"}, "geometry": {"type": "Polygon", "coordinates": [[[39.389, 7.482], [39.442, 7.745], [39.437, 7.763], [39.752, 8.187], [40.0, 8.084], [40.059, 8.083], [40.472, 8.322], [40.613, 8.347], [40.693, 8.437], [40.768, 8.431], [41.193, 8.561], [41.252, 8.55], [41.562, 8.287], [41.871, 8.509], [42.097, 8.279], [42.241, 8.212], [42.282, 8.149], [42.139, 7.787], [41.764, 7.778], [41.727, 7.768], [41.766, 7.333], [41.752, 7.318], [41.748, 6.841], [41.578, 6.677], [41.322, 6.747], [41.028, 6.491], [40.795, 6.555], [40.729, 6.614], [40.057, 6.39], [40.042, 6.424], [39.77, 6.767], [39.705, 6.79], [39.591, 6.775], [39.2, 7.293], [39.389, 7.482]]]}, "id": 391}, {"type": "Feature", "properties": {"fill": "#37009c"}, "geometry": {"type": "Polygon", "coordinates": [[[22.949, 9.414], [23.236, 9.542], [23.317, 9.544], [23.504, 9.654], [23.811, 9.676], [23.836, 9.651], [23.983, 9.556], [24.044, 9.548], [24.4, 9.606], [24.48, 9.459], [24.687, 9.397], [24.941, 9.573], [25.336, 9.639], [25.345, 9.647], [25.589, 9.57], [25.677, 9.515], [25.747, 9.42], [25.768, 9.305], [25.78, 9.289], [25.934, 8.917], [25.797, 8.696], [25.599, 8.647], [25.537, 8.527], [25.456, 8.293], [24.922, 8.534], [24.75, 8.467], [24.668, 8.326], [24.623, 8.312], [24.239, 7.947], [23.758, 8.081], [23.715, 8.378], [23.548, 8.483], [23.443, 8.525], [23.354, 8.915], [23.136, 9.014], [22.949, 9.414]]]}, "id": 392}, {"type": "Feature", "properties": {"fill": "#00789c"}, "geometry": {"type": "Polygon", "coordinates": [[[15.987, -1.931], [15.403, -2.063], [15.163, -1.972], [15.359, -1.163], [15.352, -1.156], [15.162, -1.095], [14.915, -0.552], [14.908, -0.354], [15.174, -0.239], [15.244, 0.21], [15.537, 0.188], [15.585, 0.166], [15.694, 0.207], [16.111, 0.155], [16.155, 0.056], [16.19, 0.019], [16.399, 0.154], [16.517, 0.267], [16.815, -0.041], [16.806, -0.069], [16.771, -0.208], [16.94, -0.374], [16.955, -0.494], [16.713, -0.883], [16.949, -1.196], [16.956, -1.342], [16.66, -1.594], [16.407, -1.634], [16.272, -1.697], [16.192, -1.695], [15.987, -1.931]]]}, "id": 393}, {"type": "Feature", "properties": {"fill": "#153477"}, "geometry": {"type": "Polygon", "coordinates": [[[25.679, 5.302], [25.893, 5.48], [26.232, 5.621], [26.345, 5.916], [26.347, 6.088], [26.421, 6.407], [26.435, 6.446], [26.494, 6.483], [26.542, 6.505], [26.775, 6.458], [27.069, 6.545], [27.137, 6.552], [27.398, 6.436], [27.524, 6.228], [27.553, 6.206], [27.734, 6.088], [27.853, 6.157], [28.246, 6.111], [28.524, 5.89], [28.352, 5.624], [28.392, 5.513], [28.686, 5.201], [28.732, 5.112], [28.687, 4.889], [28.86, 4.753], [28.941, 4.505], [28.947, 4.296], [28.427, 3.958], [28.393, 3.967], [28.381, 3.974], [28.182, 4.052], [27.933, 4.516], [27.727, 4.54], [27.471, 4.673], [27.416, 4.693], [27.249, 4.673], [27.096, 4.692], [27.023, 4.784], [26.667, 4.812], [26.43, 4.978], [25.996, 4.754], [25.807, 4.889], [25.67, 5.266], [25.679, 5.302]]]}, "id": 394}, {"type": "Feature", "properties": {"fill": "#37009c"}, "geometry": {"type": "Polygon", "coordinates": [[[9.275, 6.588], [9.588, 6.897], [9.323, 7.222], [9.313, 7.226], [9.032, 7.065], [8.949, 7.074], [8.869, 7.106], [8.721, 7.657], [8.742, 7.693], [8.961, 7.859], [9.048, 8.018], [9.008, 8.281], [9.32, 8.474], [9.331, 8.492], [9.395, 8.537], [9.712, 8.877], [9.871, 8.54], [10.059, 8.334], [10.133, 8.06], [10.151, 8.029], [10.146, 7.985], [10.173, 7.871], [10.185, 7.866], [10.649, 7.417], [10.986, 7.409], [11.042, 7.499], [11.537, 7.347], [11.462, 7.236], [11.204, 7.04], [11.22, 6.943], [11.368, 6.777], [11.447, 6.726], [11.458, 6.569], [11.469, 6.53], [11.465, 6.438], [11.785, 6.178], [11.74, 6.015], [11.507, 5.85], [11.466, 5.793], [11.286, 5.763], [11.167, 5.773], [10.998, 5.89], [10.415, 5.465], [10.391, 5.481], [10.196, 5.538], [10.098, 5.66], [9.936, 5.741], [9.58, 5.833], [9.528, 5.959], [9.657, 6.297], [9.28, 6.557], [9.275, 6.588]]]}, "id": 395}, {"type": "Feature", "properties": {"fill": "#516ebc"}, "geometry": {"type": "Polygon", "coordinates": [[[11.462, 7.236], [11.537, 7.347], [11.042, 7.499], [10.986, 7.409], [10.649, 7.417], [10.185, 7.866], [10.173, 7.871], [10.146, 7.985], [10.151, 8.029], [10.133, 8.06], [10.059, 8.334], [10.23, 9.137], [10.308, 9.128], [10.405, 9.082], [10.659, 8.698], [11.206, 8.717], [11.308, 8.482], [11.433, 8.441], [12.105, 8.744], [12.162, 8.747], [12.249, 8.639], [12.282, 8.496], [12.48, 8.411], [12.556, 8.404], [13.106, 8.278], [13.162, 8.174], [13.308, 8.132], [13.61, 8.109], [13.831, 8.211], [13.998, 8.209], [14.238, 7.438], [14.177, 7.424], [13.616, 7.113], [13.592, 7.121], [13.201, 6.909], [12.813, 7.119], [12.736, 7.075], [12.591, 6.806], [12.706, 6.315], [12.322, 6.279], [12.163, 6.303], [12.059, 6.374], [11.785, 6.178], [11.465, 6.438], [11.469, 6.53], [11.458, 6.569], [11.447, 6.726], [11.368, 6.777], [11.22, 6.943], [11.204, 7.04], [11.462, 7.236]]]}, "id": 396}, {"type": "Feature", "properties": {"fill": "#516ebc"}, "geometry": {"type": "Polygon", "coordinates": [[[22.62, 7.55], [22.643, 7.703], [22.753, 7.828], [22.786, 8.076], [22.837, 8.102], [22.894, 8.166], [23.106, 8.258], [23.284, 8.473], [23.443, 8.525], [23.548, 8.483], [23.715, 8.378], [23.758, 8.081], [23.656, 7.919], [23.651, 7.895], [23.706, 7.472], [23.788, 7.407], [23.773, 6.909], [23.345, 6.88], [23.186, 6.554], [23.006, 6.501], [22.935, 6.18], [22.759, 6.107], [22.355, 6.288], [22.473, 6.77], [22.532, 6.812], [22.553, 6.925], [22.622, 7.033], [22.566, 7.458], [22.62, 7.55]]]}, "id": 397}, {"type": "Feature", "properties": {"fill": "#00529c"}, "geometry": {"type": "Polygon", "coordinates": [[[19.631, 7.97], [19.968, 8.256], [19.932, 8.581], [19.829, 8.729], [19.822, 8.816], [19.885, 8.967], [20.089, 9.076], [20.163, 9.136], [19.857, 9.722], [20.329, 9.954], [20.444, 9.936], [20.646, 9.665], [20.652, 9.663], [20.999, 9.671], [21.244, 9.55], [21.471, 9.589], [21.648, 9.445], [21.775, 9.081], [21.779, 9.078], [21.955, 9.04], [22.136, 9.153], [22.237, 9.586], [22.303, 9.628], [22.586, 9.562], [22.664, 9.57], [22.726, 9.562], [22.93, 9.417], [22.949, 9.414], [23.136, 9.014], [23.354, 8.915], [23.443, 8.525], [23.284, 8.473], [23.106, 8.258], [22.894, 8.166], [22.837, 8.102], [22.786, 8.076], [22.753, 7.828], [22.643, 7.703], [22.62, 7.55], [22.566, 7.458], [22.622, 7.033], [22.553, 6.925], [22.532, 6.812], [22.473, 6.77], [21.962, 6.759], [21.929, 6.762], [21.519, 6.391], [21.171, 6.419], [21.14, 6.463], [20.97, 6.573], [20.871, 6.617], [20.773, 6.818], [20.408, 7.036], [20.261, 7.061], [20.174, 7.168], [19.902, 7.251], [19.866, 7.68], [19.661, 7.849], [19.609, 7.919], [19.631, 7.97]]]}, "id": 398}, {"type": "Feature", "properties": {"fill": "#153477"}, "geometry": {"type": "Polygon", "coordinates": [[[0.294, 4.159], [0.687, 3.927], [0.722, 3.714], [0.793, 3.613], [0.999, 3.631], [1.014, 3.638], [1.017, 3.637], [1.544, 3.532], [1.545, 3.528], [1.5, 3.219], [1.442, 2.952], [1.423, 2.911], [1.448, 2.802], [1.274, 2.515], [1.1, 2.451], [0.801, 1.835], [0.699, 1.841], [0.421, 2.009], [-0.138, 2.129], [-0.33, 1.643], [-0.497, 1.61], [-0.614, 1.575], [-0.726, 1.547], [-0.784, 1.538], [-0.842, 1.535], [-0.876, 1.537], [-1.041, 1.901], [-1.068, 2.454], [-1.121, 2.495], [-0.984, 2.926], [-1.009, 3.106], [-1.147, 3.296], [-1.14, 3.387], [-0.568, 3.57], [-0.531, 3.699], [-0.379, 3.893], [-0.48, 4.282], [-0.047, 4.694], [0.2, 4.637], [0.226, 4.621], [0.294, 4.159]]]}, "id": 399}, {"type": "Feature", "properties": {"fill": "#37009c"}, "geometry": {"type": "Polygon", "coordinates": [[[20.571, 1.173], [20.558, 1.14], [20.22, 1.004], [20.013, 0.806], [19.842, 0.999], [19.653, 1.424], [19.644, 1.521], [19.659, 1.539], [19.675, 1.642], [19.568, 1.979], [19.472, 2.05], [19.414, 2.217], [19.417, 2.228], [19.729, 2.572], [19.721, 2.835], [20.093, 2.877], [20.337, 2.616], [20.631, 2.524], [20.705, 2.552], [20.752, 2.656], [21.106, 2.87], [21.323, 2.783], [21.373, 2.788], [21.425, 2.971], [21.825, 3.227], [21.928, 3.008], [21.939, 2.944], [21.944, 2.762], [22.077, 2.571], [22.12, 2.305], [22.272, 2.177], [21.919, 1.401], [21.857, 1.327], [21.788, 1.346], [21.587, 1.654], [21.093, 1.797], [21.052, 1.768], [20.895, 1.777], [20.858, 1.762], [20.554, 1.408], [20.571, 1.173]]]}, "id": 400}, {"type": "Feature", "properties": {"fill": "#516ebc"}, "geometry": {"type": "Polygon", "coordinates": [[[3.703, 5.348], [3.813, 5.691], [3.484, 5.945], [3.464, 5.954], [3.529, 6.526], [3.772, 6.664], [3.778, 6.69], [3.91, 6.907], [3.932, 6.919], [4.192, 7.24], [4.238, 7.233], [4.474, 7.308], [4.738, 7.032], [5.06, 7.127], [5.063, 7.126], [5.104, 7.054], [5.492, 6.952], [5.768, 7.248], [5.951, 7.273], [6.023, 6.652], [5.781, 6.602], [5.597, 6.199], [5.554, 6.181], [5.442, 6.152], [5.383, 5.952], [5.405, 5.856], [5.294, 5.588], [5.337, 5.354], [5.322, 5.312], [5.303, 5.284], [5.278, 5.186], [5.399, 4.897], [5.091, 4.638], [4.78, 4.715], [4.712, 4.658], [4.307, 4.875], [4.289, 4.894], [4.05, 4.865], [4.003, 4.865], [3.815, 5.048], [3.702, 5.11], [3.703, 5.348]]]}, "id": 401}, {"type": "Feature", "properties": {"fill": "#516ebc"}, "geometry": {"type": "Polygon", "coordinates": [[[30.49, 1.674], [30.486, 1.703], [30.549, 1.915], [30.543, 2.174], [30.576, 2.31], [30.512, 2.584], [30.538, 2.692], [30.526, 2.803], [30.471, 2.912], [30.76, 3.437], [30.904, 3.361], [31.106, 3.182], [31.272, 3.157], [31.403, 3.221], [31.405, 3.224], [31.894, 3.318], [31.916, 3.305], [31.964, 3.265], [31.999, 3.103], [32.136, 2.761], [32.414, 2.861], [32.483, 2.898], [32.913, 2.895], [32.919, 2.902], [33.18, 2.819], [33.395, 2.659], [33.553, 2.351], [33.529, 2.227], [33.459, 2.095], [33.039, 2.16], [32.742, 1.754], [32.617, 1.698], [32.431, 1.551], [32.435, 1.505], [31.821, 0.914], [31.823, 0.906], [31.824, 0.735], [31.273, 0.286], [30.813, 0.625], [30.889, 1.102], [30.865, 1.167], [30.772, 1.347], [30.522, 1.57], [30.504, 1.618], [30.49, 1.674]]]}, "id": 402}, {"type": "Feature", "properties": {"fill": "#153477"}, "geometry": {"type": "Polygon", "coordinates": [[[2.273, 9.032], [2.3, 9.027], [2.52, 9.14], [2.699, 9.265], [2.831, 9.188], [3.4, 9.155], [3.598, 9.264], [3.651, 9.308], [3.681, 9.339], [3.87, 9.649], [4.049, 9.592], [4.625, 9.649], [4.289, 9.328], [4.356, 9.106], [4.37, 9.088], [4.257, 8.759], [4.314, 8.713], [4.503, 8.269], [4.324, 8.065], [4.304, 7.922], [4.069, 7.757], [3.972, 7.52], [4.192, 7.24], [3.932, 6.919], [3.91, 6.907], [3.778, 6.69], [3.772, 6.664], [3.529, 6.526], [3.464, 5.954], [3.318, 5.929], [3.251, 5.985], [3.089, 6.513], [2.874, 6.602], [3.149, 6.969], [3.093, 7.22], [3.039, 7.271], [2.821, 7.241], [2.514, 7.54], [2.537, 7.692], [2.306, 7.875], [2.307, 7.955], [2.221, 8.094], [1.595, 8.164], [1.589, 8.392], [1.491, 8.648], [1.494, 8.669], [2.273, 9.032]]]}, "id": 403}, {"type": "Feature", "properties": {"fill": "#37009c"}, "geometry": {"type": "Polygon", "coordinates": [[[6.924, 10.974], [6.981, 10.96], [7.0, 10.953], [7.215, 10.776], [6.681, 10.007], [7.119, 9.957], [7.196, 9.847], [7.206, 9.584], [7.548, 9.413], [7.69, 9.394], [7.795, 9.056], [7.657, 8.924], [7.526, 8.58], [7.373, 8.519], [7.328, 8.075], [7.239, 7.899], [7.407, 7.8], [7.478, 7.171], [7.476, 7.164], [7.393, 7.097], [7.381, 7.092], [7.192, 6.919], [7.13, 6.751], [6.615, 6.793], [6.444, 6.657], [6.214, 6.566], [6.047, 6.632], [6.023, 6.652], [5.951, 7.273], [5.97, 7.296], [6.083, 7.566], [6.003, 7.734], [5.815, 7.87], [5.651, 7.937], [5.338, 7.806], [5.263, 7.808], [5.204, 7.894], [5.142, 8.082], [4.815, 8.296], [4.772, 8.286], [4.503, 8.269], [4.314, 8.713], [4.257, 8.759], [4.37, 9.088], [4.356, 9.106], [4.289, 9.328], [4.625, 9.649], [4.849, 9.712], [4.585, 10.057], [4.766, 10.414], [5.048, 10.463], [5.178, 10.729], [5.308, 10.754], [5.469, 11.088], [5.907, 11.104], [5.899, 10.755], [5.864, 10.618], [5.953, 10.454], [6.282, 10.596], [6.556, 10.567], [6.86, 10.987], [6.924, 10.974]]]}, "id": 404}, {"type": "Feature", "properties": {"fill": "#00789c"}, "geometry": {"type": "Polygon", "coordinates": [[[4.474, 7.308], [4.238, 7.233], [4.192, 7.24], [3.972, 7.52], [4.069, 7.757], [4.304, 7.922], [4.324, 8.065], [4.503, 8.269], [4.772, 8.286], [4.815, 8.296], [5.142, 8.082], [5.204, 7.894], [5.263, 7.808], [5.338, 7.806], [5.651, 7.937], [5.815, 7.87], [6.003, 7.734], [6.083, 7.566], [5.97, 7.296], [5.951, 7.273], [5.768, 7.248], [5.492, 6.952], [5.104, 7.054], [5.063, 7.126], [5.06, 7.127], [4.738, 7.032], [4.474, 7.308]]]}, "id": 405}, {"type": "Feature", "properties": {"fill": "#00789c"}, "geometry": {"type": "Polygon", "coordinates": [[[0.385, 4.71], [0.435, 4.745], [0.67, 4.881], [0.719, 4.885], [1.152, 5.291], [1.159, 5.289], [1.595, 5.017], [1.997, 5.345], [2.074, 5.308], [2.183, 5.177], [2.191, 4.864], [2.243, 4.728], [2.61, 4.572], [2.157, 4.208], [2.24, 4.064], [1.979, 3.788], [1.835, 3.821], [1.616, 3.745], [1.562, 3.593], [1.544, 3.532], [1.017, 3.637], [1.014, 3.638], [0.999, 3.631], [0.793, 3.613], [0.722, 3.714], [0.687, 3.927], [0.294, 4.159], [0.226, 4.621], [0.244, 4.641], [0.385, 4.71]]]}, "id": 406}, {"type": "Feature", "properties": {"fill": "#00529c"}, "geometry": {"type": "Polygon", "coordinates": [[[1.423, 2.911], [1.442, 2.952], [1.5, 3.219], [1.545, 3.528], [1.544, 3.532], [1.562, 3.593], [1.616, 3.745], [1.835, 3.821], [1.979, 3.788], [2.24, 4.064], [2.157, 4.208], [2.61, 4.572], [2.243, 4.728], [2.191, 4.864], [2.183, 5.177], [2.321, 5.167], [2.598, 5.207], [2.997, 4.966], [3.059, 5.421], [3.703, 5.348], [3.702, 5.11], [3.815, 5.048], [4.003, 4.865], [4.05, 4.865], [4.289, 4.894], [4.307, 4.875], [4.712, 4.658], [4.78, 4.715], [5.091, 4.638], [5.246, 4.315], [5.666, 4.347], [5.322, 3.585], [5.043, 3.66], [4.808, 3.58], [4.747, 3.516], [4.768, 3.104], [4.847, 2.967], [4.852, 2.78], [4.54, 2.666], [4.108, 2.686], [4.06, 2.727], [3.881, 2.682], [3.64, 2.727], [3.566, 2.684], [3.146, 2.666], [3.114, 2.631], [3.075, 2.332], [2.971, 2.212], [2.549, 2.199], [2.52, 2.244], [2.265, 2.395], [2.093, 2.616], [2.063, 2.618], [1.453, 2.8], [1.443, 2.821], [1.423, 2.911]]]}, "id": 407}, {"type": "Feature", "properties": {"fill": "#00789c"}, "geometry": {"type": "Polygon", "coordinates": [[[16.601, 3.288], [16.676, 3.606], [16.813, 3.676], [16.852, 3.674], [17.12, 3.826], [17.443, 3.777], [17.449, 3.795], [17.804, 4.094], [18.061, 4.097], [18.111, 4.046], [18.543, 4.065], [18.596, 4.014], [18.426, 3.544], [18.34, 3.463], [18.069, 3.512], [17.922, 3.43], [17.897, 3.267], [17.915, 3.076], [17.885, 3.044], [17.704, 2.788], [17.682, 2.541], [17.624, 2.468], [17.569, 2.454], [17.418, 2.357], [17.219, 2.378], [17.049, 2.49], [16.948, 2.59], [16.966, 2.823], [16.927, 2.925], [16.911, 3.034], [16.85, 3.067], [16.601, 3.288]]]}, "id": 408}, {"type": "Feature", "properties": {"fill": "#00529c"}, "geometry": {"type": "Polygon", "coordinates": [[[14.406, 3.805], [14.158, 4.089], [14.148, 4.424], [14.508, 4.609], [14.679, 5.023], [14.851, 5.078], [15.001, 5.506], [14.901, 5.652], [14.867, 5.915], [14.861, 5.979], [15.441, 6.129], [15.63, 5.997], [15.669, 5.951], [15.736, 5.956], [16.081, 5.662], [16.418, 5.586], [16.262, 5.284], [16.38, 5.123], [16.244, 4.688], [16.727, 4.824], [16.904, 4.651], [17.13, 4.572], [17.241, 4.602], [17.277, 4.63], [17.432, 4.674], [17.804, 4.094], [17.449, 3.795], [17.443, 3.777], [17.12, 3.826], [16.852, 3.674], [16.813, 3.676], [16.676, 3.606], [16.601, 3.288], [16.339, 3.241], [16.327, 3.245], [16.141, 3.517], [15.978, 3.541], [15.824, 3.635], [15.465, 3.35], [15.124, 3.58], [15.051, 3.757], [14.91, 3.856], [14.406, 3.805]]]}, "id": 409}, {"type": "Feature", "properties": {"fill": "#00529c"}, "geometry": {"type": "Polygon", "coordinates": [[[25.589, 9.57], [25.345, 9.647], [25.27, 9.821], [25.3, 9.954], [25.111, 10.318], [24.92, 10.541], [25.647, 10.818], [25.653, 10.818], [25.708, 10.765], [25.914, 10.725], [26.052, 10.759], [26.354, 11.012], [26.368, 11.222], [26.657, 11.534], [26.773, 11.447], [26.994, 11.15], [27.354, 11.261], [27.358, 11.251], [27.365, 10.699], [27.31, 10.605], [27.304, 10.559], [27.332, 10.477], [27.298, 10.338], [27.333, 10.086], [27.276, 9.963], [27.217, 9.91], [27.177, 9.847], [26.903, 9.716], [26.861, 9.598], [26.5, 9.412], [26.495, 9.406], [26.493, 9.109], [26.499, 9.091], [26.26, 8.807], [25.934, 8.917], [25.78, 9.289], [25.768, 9.305], [25.747, 9.42], [25.677, 9.515], [25.589, 9.57]]]}, "id": 410}, {"type": "Feature", "properties": {"fill": "#37009c"}, "geometry": {"type": "Polygon", "coordinates": [[[1.47, 8.667], [1.491, 8.647], [1.589, 8.392], [1.595, 8.164], [1.578, 8.087], [1.212, 7.722], [1.165, 7.46], [1.323, 7.256], [1.334, 7.053], [1.4, 6.891], [1.435, 6.669], [1.547, 6.58], [1.582, 6.349], [1.915, 6.105], [1.917, 6.099], [2.335, 6.022], [2.342, 6.015], [2.559, 5.964], [2.683, 5.679], [3.028, 5.591], [3.059, 5.421], [2.997, 4.966], [2.598, 5.207], [2.321, 5.167], [2.183, 5.177], [2.074, 5.308], [1.997, 5.345], [1.595, 5.017], [1.159, 5.289], [1.152, 5.291], [0.719, 4.885], [0.67, 4.881], [0.435, 4.745], [0.385, 4.71], [0.245, 4.641], [0.197, 4.638], [-0.047, 4.694], [-0.292, 5.054], [-0.232, 5.312], [-0.215, 5.362], [-0.23, 5.7], [-0.071, 5.961], [-0.061, 6.023], [-0.214, 6.349], [0.021, 6.6], [0.026, 6.985], [-0.069, 7.217], [-0.253, 7.366], [0.35, 7.797], [0.353, 7.849], [0.593, 8.123], [0.872, 8.019], [1.235, 8.674], [1.422, 8.702], [1.47, 8.667]]]}, "id": 411}, {"type": "Feature", "properties": {"fill": "#00789c"}, "geometry": {"type": "Polygon", "coordinates": [[[1.334, 7.053], [1.323, 7.256], [1.165, 7.46], [1.212, 7.722], [1.578, 8.087], [1.595, 8.164], [2.221, 8.094], [2.307, 7.955], [2.306, 7.875], [2.537, 7.692], [2.514, 7.54], [2.821, 7.241], [3.039, 7.271], [3.093, 7.22], [3.149, 6.969], [2.874, 6.602], [3.089, 6.513], [3.251, 5.985], [3.318, 5.929], [3.464, 5.954], [3.484, 5.945], [3.813, 5.691], [3.703, 5.348], [3.059, 5.421], [3.028, 5.591], [2.683, 5.679], [2.559, 5.964], [2.342, 6.015], [2.335, 6.022], [1.917, 6.099], [1.915, 6.105], [1.582, 6.349], [1.547, 6.58], [1.435, 6.669], [1.4, 6.891], [1.334, 7.053]]]}, "id": 412}, {"type": "Feature", "properties": {"fill": "#153477"}, "geometry": {"type": "Polygon", "coordinates": [[[15.508, 3.105], [15.465, 3.35], [15.824, 3.635], [15.978, 3.541], [16.141, 3.517], [16.327, 3.245], [16.339, 3.241], [16.601, 3.288], [16.85, 3.067], [16.911, 3.034], [16.927, 2.925], [16.966, 2.823], [16.948, 2.59], [16.664, 2.447], [16.64, 2.336], [16.548, 2.161], [16.382, 2.111], [16.041, 2.25], [15.93, 2.451], [15.97, 2.537], [15.925, 2.657], [15.697, 3.014], [15.508, 3.105]]]}, "id": 413}, {"type": "Feature", "properties": {"fill": "#00529c"}, "geometry": {"type": "Polygon", "coordinates": [[[49.111, 3.742], [49.055, 3.942], [49.304, 4.21], [49.493, 4.25], [49.685, 4.594], [49.806, 4.674], [50.028, 4.671], [50.074, 4.681], [50.196, 4.766], [50.721, 4.745], [50.733, 4.697], [50.771, 4.6], [51.16, 4.372], [51.183, 4.104], [51.149, 4.05], [51.189, 3.853], [50.967, 3.611], [50.966, 3.552], [51.413, 3.326], [51.378, 3.033], [50.655, 2.969], [50.595, 3.11], [50.594, 3.142], [50.316, 3.577], [49.809, 3.388], [49.757, 3.432], [49.757, 3.922], [49.258, 3.567], [49.206, 3.607], [49.111, 3.742]]]}, "id": 414}, {"type": "Feature", "properties": {"fill": "#153477"}, "geometry": {"type": "Polygon", "coordinates": [[[12.507, -0.158], [12.217, -0.464], [11.855, -0.432], [11.937, 0.062], [11.939, 0.216], [11.818, 0.375], [12.233, 0.748], [12.185, 0.961], [12.348, 1.093], [12.363, 1.547], [12.357, 1.577], [12.496, 1.717], [12.509, 1.846], [12.904, 1.953], [12.907, 1.974], [13.413, 2.231], [13.433, 2.293], [13.543, 2.322], [13.909, 2.148], [13.98, 2.136], [14.142, 2.258], [14.626, 1.901], [14.895, 1.943], [14.909, 1.863], [14.858, 1.668], [14.795, 1.524], [14.696, 1.382], [14.595, 1.338], [14.587, 1.331], [14.719, 1.071], [14.702, 1.058], [14.662, 0.787], [14.629, 0.773], [14.466, 0.588], [14.569, 0.402], [15.028, 0.393], [15.116, 0.31], [15.181, 0.279], [15.244, 0.21], [15.174, -0.239], [14.908, -0.354], [14.915, -0.552], [15.162, -1.095], [15.125, -1.1], [14.734, -1.069], [14.528, -1.192], [14.173, -0.976], [13.886, -1.017], [13.837, -0.971], [13.86, -0.854], [13.866, -0.653], [13.475, -0.246], [13.302, -0.493], [12.883, -0.297], [12.807, -0.291], [12.759, -0.244], [12.507, -0.158]]]}, "id": 415}, {"type": "Feature", "properties": {"fill": "#516ebc"}, "geometry": {"type": "Polygon", "coordinates": [[[14.629, 0.773], [14.662, 0.787], [14.702, 1.058], [14.719, 1.071], [14.587, 1.331], [14.595, 1.338], [14.696, 1.382], [14.795, 1.524], [14.858, 1.668], [14.909, 1.863], [15.228, 1.541], [15.433, 1.554], [15.652, 1.693], [15.658, 1.691], [15.727, 1.599], [15.738, 1.517], [15.611, 1.215], [15.795, 1.137], [15.94, 0.962], [16.012, 0.974], [16.171, 0.904], [16.284, 0.916], [16.598, 0.601], [16.718, 0.623], [16.734, 0.618], [16.901, 0.485], [16.828, -0.023], [16.815, -0.041], [16.517, 0.267], [16.399, 0.154], [16.19, 0.019], [16.155, 0.056], [16.111, 0.155], [15.694, 0.207], [15.585, 0.166], [15.537, 0.188], [15.244, 0.21], [15.181, 0.279], [15.116, 0.31], [15.028, 0.393], [14.569, 0.402], [14.466, 0.588], [14.629, 0.773]]]}, "id": 416}, {"type": "Feature", "properties": {"fill": "#00529c"}, "geometry": {"type": "Polygon", "coordinates": [[[16.012, 0.974], [15.94, 0.962], [15.795, 1.137], [15.611, 1.215], [15.738, 1.517], [15.727, 1.599], [15.658, 1.691], [15.652, 1.693], [15.433, 1.554], [15.228, 1.541], [14.909, 1.863], [14.895, 1.943], [14.957, 2.051], [15.38, 2.106], [15.596, 2.353], [15.93, 2.451], [16.041, 2.25], [16.382, 2.111], [16.548, 2.161], [16.64, 2.336], [16.664, 2.447], [16.948, 2.59], [17.049, 2.49], [17.219, 2.378], [17.418, 2.357], [17.569, 2.454], [17.624, 2.468], [17.682, 2.541], [17.704, 2.788], [17.885, 3.044], [17.915, 3.076], [17.938, 3.059], [18.426, 2.913], [18.338, 2.669], [18.317, 2.637], [18.208, 2.58], [18.221, 2.344], [18.137, 2.096], [18.186, 1.947], [18.384, 2.0], [18.593, 2.016], [18.714, 1.7], [18.782, 1.617], [18.985, 1.564], [19.064, 1.567], [19.12, 1.521], [19.644, 1.521], [19.653, 1.424], [19.842, 0.999], [20.013, 0.806], [19.987, 0.635], [19.235, 0.626], [19.212, 0.61], [19.335, 0.068], [18.881, 0.051], [18.766, 0.388], [18.378, 0.309], [18.247, 0.14], [18.031, 0.045], [17.836, 0.031], [17.79, 0.057], [17.731, 0.238], [17.122, 0.372], [17.179, 0.08], [16.828, -0.023], [16.901, 0.485], [16.734, 0.618], [16.718, 0.623], [16.598, 0.601], [16.284, 0.916], [16.171, 0.904], [16.012, 0.974]]]}, "id": 417}, {"type": "Feature", "properties": {"fill": "#153477"}, "geometry": {"type": "Polygon", "coordinates": [[[18.137, 2.096], [18.221, 2.344], [18.208, 2.58], [18.317, 2.637], [18.338, 2.669], [18.426, 2.913], [17.938, 3.059], [17.915, 3.076], [17.897, 3.267], [17.922, 3.43], [18.069, 3.512], [18.34, 3.463], [18.426, 3.544], [18.596, 4.014], [18.661, 3.996], [18.89, 3.773], [19.228, 3.786], [19.328, 3.211], [19.316, 3.14], [19.596, 2.935], [19.601, 2.929], [19.721, 2.835], [19.729, 2.572], [19.417, 2.228], [19.414, 2.217], [19.472, 2.05], [19.568, 1.979], [19.675, 1.642], [19.659, 1.539], [19.644, 1.521], [19.12, 1.521], [19.064, 1.567], [18.985, 1.564], [18.782, 1.617], [18.714, 1.7], [18.593, 2.016], [18.384, 2.0], [18.186, 1.947], [18.137, 2.096]]]}, "id": 418}, {"type": "Feature", "properties": {"fill": "#00529c"}, "geometry": {"type": "Polygon", "coordinates": [[[47.461, 5.003], [47.283, 5.163], [47.274, 5.164], [46.912, 5.339], [47.056, 5.851], [47.039, 5.89], [47.274, 6.255], [47.281, 6.313], [47.381, 6.39], [47.535, 6.719], [47.797, 6.621], [47.868, 6.55], [48.037, 6.459], [48.043, 6.438], [47.983, 6.082], [48.477, 6.083], [48.708, 5.934], [48.712, 5.929], [48.676, 5.717], [48.584, 5.647], [48.49, 5.511], [48.469, 5.225], [48.535, 5.097], [48.364, 4.729], [48.199, 4.64], [48.087, 4.68], [47.879, 5.002], [47.667, 5.029], [47.48, 5.0], [47.461, 5.003]]]}, "id": 419}, {"type": "Feature", "properties": {"fill": "#153477"}, "geometry": {"type": "Polygon", "coordinates": [[[26.471, 6.504], [26.434, 6.454], [26.138, 6.518], [25.634, 6.909], [25.62, 6.984], [25.606, 6.996], [25.046, 6.867], [25.053, 6.633], [24.784, 6.412], [24.762, 6.356], [24.649, 6.32], [24.011, 6.366], [23.975, 6.303], [23.718, 6.22], [23.186, 6.554], [23.345, 6.88], [23.773, 6.909], [23.788, 7.407], [23.706, 7.472], [23.651, 7.895], [23.656, 7.919], [23.758, 8.081], [24.239, 7.947], [24.623, 8.312], [24.668, 8.326], [24.75, 8.467], [24.922, 8.534], [25.456, 8.293], [25.467, 8.273], [25.731, 8.028], [25.893, 8.063], [26.112, 7.954], [26.245, 7.704], [26.208, 7.636], [26.156, 7.119], [26.446, 6.925], [26.472, 6.885], [26.5, 6.553], [26.471, 6.504]]]}, "id": 420}, {"type": "Feature", "properties": {"fill": "#37009c"}, "geometry": {"type": "Polygon", "coordinates": [[[23.011, 4.941], [23.3, 5.256], [23.313, 5.347], [23.315, 5.45], [22.846, 5.671], [22.852, 5.727], [22.689, 5.992], [22.759, 6.107], [22.935, 6.18], [23.006, 6.501], [23.186, 6.554], [23.718, 6.22], [23.975, 6.303], [24.011, 6.366], [24.649, 6.32], [24.762, 6.356], [24.784, 6.412], [25.053, 6.633], [25.046, 6.867], [25.606, 6.996], [25.62, 6.984], [25.634, 6.909], [26.138, 6.518], [26.438, 6.453], [26.421, 6.407], [26.347, 6.088], [26.345, 5.916], [26.232, 5.621], [25.893, 5.48], [25.661, 5.288], [25.807, 4.889], [25.219, 4.317], [25.024, 4.335], [24.922, 4.247], [24.751, 3.776], [24.7, 3.746], [24.171, 3.836], [24.098, 4.09], [23.951, 4.261], [23.843, 4.366], [23.841, 4.413], [23.817, 4.449], [23.09, 4.735], [23.011, 4.941]]]}, "id": 421}, {"type": "Feature", "properties": {"fill": "#37009c"}, "geometry": {"type": "Polygon", "coordinates": [[[44.625, 10.679], [44.683, 10.688], [44.741, 10.691], [44.866, 10.685], [44.993, 10.685], [45.067, 10.68], [45.086, 10.685], [45.101, 10.685], [45.336, 10.708], [45.432, 10.727], [45.558, 10.746], [45.634, 10.749], [45.834, 10.749], [45.977, 10.763], [46.05, 10.736], [46.184, 10.795], [46.218, 10.802], [46.992, 10.495], [47.012, 10.419], [47.676, 10.301], [47.767, 10.3], [47.913, 10.304], [47.635, 9.871], [47.247, 9.824], [47.191, 9.516], [46.706, 9.209], [46.665, 9.202], [46.551, 9.073], [45.903, 9.337], [45.635, 9.084], [45.878, 8.413], [45.847, 8.367], [45.557, 8.3], [45.065, 8.537], [45.062, 8.541], [44.699, 8.577], [44.656, 8.605], [44.639, 8.732], [44.688, 9.24], [44.501, 9.319], [44.407, 9.325], [44.317, 9.767], [44.245, 9.784], [44.053, 10.352], [44.423, 10.548], [44.503, 10.65], [44.538, 10.658], [44.625, 10.679]]]}, "id": 422}, {"type": "Feature", "properties": {"fill": "#37009c"}, "geometry": {"type": "Polygon", "coordinates": [[[49.884, 1.796], [49.607, 1.836], [49.428, 1.423], [48.787, 1.839], [48.691, 1.85], [48.526, 1.689], [47.898, 1.741], [47.906, 1.168], [47.951, 0.931], [47.523, 0.906], [47.468, 1.027], [47.276, 1.308], [47.765, 1.805], [47.688, 1.953], [47.701, 2.023], [47.64, 2.405], [47.54, 2.698], [47.624, 2.892], [47.644, 2.954], [47.45, 3.11], [47.419, 3.174], [47.392, 3.368], [47.505, 3.483], [47.61, 3.544], [47.655, 3.592], [47.69, 3.654], [47.943, 3.821], [47.952, 3.842], [47.898, 3.988], [47.857, 4.034], [47.401, 4.043], [47.416, 4.347], [47.14, 4.509], [47.461, 5.003], [47.48, 5.0], [47.667, 5.029], [47.879, 5.002], [48.087, 4.68], [48.199, 4.64], [48.364, 4.729], [48.535, 5.097], [48.469, 5.225], [48.49, 5.511], [48.584, 5.647], [48.676, 5.717], [48.881, 5.544], [49.039, 5.266], [49.039, 5.23], [49.014, 5.017], [49.044, 4.956], [49.069, 4.938], [49.164, 4.931], [49.685, 4.594], [49.493, 4.25], [49.304, 4.21], [49.055, 3.942], [49.111, 3.742], [49.206, 3.607], [49.258, 3.567], [49.757, 3.922], [49.757, 3.432], [49.809, 3.388], [50.316, 3.577], [50.594, 3.142], [50.595, 3.11], [50.655, 2.969], [50.617, 2.756], [50.434, 2.393], [50.43, 2.354], [50.375, 2.213], [50.386, 2.024], [50.38, 2.006], [49.884, 1.796]]]}, "id": 423}, {"type": "Feature", "properties": {"fill": "#153477"}, "geometry": {"type": "Polygon", "coordinates": [[[47.287, 0.273], [47.229, 0.276], [47.171, 0.285], [47.114, 0.299], [47.059, 0.319], [47.006, 0.344], [46.956, 0.374], [46.909, 0.409], [46.865, 0.448], [46.826, 0.492], [46.76, 0.58], [46.611, 0.762], [46.557, 0.816], [46.605, 1.156], [46.366, 1.617], [46.32, 1.649], [45.789, 1.624], [45.466, 1.519], [45.398, 1.483], [45.227, 1.579], [44.793, 1.841], [44.775, 1.878], [44.755, 1.933], [44.741, 1.99], [44.733, 2.048], [44.73, 2.106], [44.733, 2.165], [44.74, 2.217], [45.11, 2.472], [45.183, 2.657], [45.16, 2.817], [45.407, 3.294], [45.622, 3.298], [45.676, 3.439], [45.958, 3.77], [45.904, 3.95], [45.77, 4.055], [45.673, 4.301], [45.669, 4.42], [45.746, 4.6], [45.732, 4.642], [46.406, 5.218], [46.449, 5.221], [46.467, 5.244], [46.82, 5.309], [46.912, 5.339], [47.274, 5.164], [47.283, 5.163], [47.461, 5.003], [47.14, 4.509], [47.416, 4.347], [47.401, 4.043], [47.857, 4.034], [47.898, 3.988], [47.952, 3.842], [47.943, 3.821], [47.69, 3.654], [47.655, 3.592], [47.61, 3.544], [47.505, 3.483], [47.392, 3.368], [47.419, 3.174], [47.45, 3.11], [47.644, 2.954], [47.624, 2.892], [47.54, 2.698], [47.64, 2.405], [47.701, 2.023], [47.688, 1.953], [47.765, 1.805], [47.276, 1.308], [47.468, 1.027], [47.523, 0.906], [47.383, 0.282], [47.346, 0.276], [47.287, 0.273]]]}, "id": 424}, {"type": "Feature", "properties": {"fill": "#153477"}, "geometry": {"type": "Polygon", "coordinates": [[[37.456, 6.065], [37.401, 6.045], [37.344, 6.031], [37.286, 6.022], [37.228, 6.019], [37.212, 6.02], [36.966, 6.331], [36.834, 6.656], [36.843, 6.876], [36.655, 6.969], [36.565, 7.443], [36.604, 7.514], [36.348, 7.809], [36.323, 7.902], [36.366, 8.026], [36.2, 8.139], [36.064, 8.37], [36.362, 8.634], [36.334, 8.86], [36.468, 8.979], [36.859, 9.213], [37.084, 9.442], [37.547, 9.568], [37.792, 9.43], [37.836, 9.268], [38.378, 9.369], [38.375, 9.251], [38.438, 8.752], [38.465, 8.746], [38.536, 8.593], [38.582, 8.448], [38.813, 8.109], [38.749, 7.999], [38.724, 7.981], [38.697, 7.965], [38.301, 7.785], [38.312, 7.682], [38.192, 7.192], [38.175, 7.181], [37.939, 6.836], [37.882, 6.8], [37.769, 6.768], [37.51, 6.09], [37.456, 6.065]]]}, "id": 425}, {"type": "Feature", "properties": {"fill": "#00789c"}, "geometry": {"type": "Polygon", "coordinates": [[[37.519, 6.066], [37.51, 6.091], [37.769, 6.768], [37.882, 6.8], [37.939, 6.836], [38.175, 7.181], [38.192, 7.192], [38.312, 7.682], [38.301, 7.785], [38.697, 7.965], [38.724, 7.981], [38.749, 7.999], [38.813, 8.109], [38.989, 8.144], [39.391, 7.783], [39.437, 7.763], [39.442, 7.745], [39.389, 7.482], [39.2, 7.293], [39.591, 6.775], [39.483, 6.709], [39.411, 6.554], [39.451, 6.327], [39.409, 6.117], [38.951, 6.085], [38.879, 6.199], [38.811, 6.246], [38.572, 6.023], [38.411, 5.629], [38.072, 5.79], [37.995, 5.879], [37.579, 5.977], [37.556, 5.993], [37.544, 6.013], [37.519, 6.066]]]}, "id": 426}, {"type": "Feature", "properties": {"fill": "#516ebc"}, "geometry": {"type": "Polygon", "coordinates": [[[27.623, 9.779], [27.276, 9.963], [27.333, 10.086], [27.298, 10.338], [27.332, 10.477], [27.304, 10.559], [27.31, 10.605], [27.365, 10.699], [27.358, 11.251], [27.354, 11.261], [27.391, 11.332], [27.409, 11.454], [27.375, 11.679], [27.514, 11.786], [27.875, 11.723], [28.135, 11.83], [28.186, 11.809], [28.341, 11.521], [28.551, 11.592], [28.904, 11.524], [28.973, 11.542], [29.082, 11.866], [29.366, 11.851], [29.503, 11.923], [29.547, 11.965], [29.615, 11.953], [30.002, 12.232], [30.084, 12.065], [29.879, 11.793], [29.944, 11.557], [30.289, 11.52], [30.431, 11.427], [30.385, 10.977], [30.517, 10.933], [30.894, 10.567], [30.906, 10.201], [30.866, 10.169], [30.773, 9.995], [30.713, 9.838], [30.624, 9.715], [30.281, 9.771], [30.231, 9.758], [29.756, 9.351], [29.767, 9.197], [29.366, 9.006], [28.986, 9.257], [28.978, 9.404], [28.797, 9.606], [28.776, 9.752], [28.72, 9.801], [28.601, 9.882], [28.418, 10.101], [28.024, 9.872], [27.983, 9.878], [27.827, 9.754], [27.623, 9.779]]]}, "id": 427}, {"type": "Feature", "properties": {"fill": "#153477"}, "geometry": {"type": "Polygon", "coordinates": [[[29.756, 9.351], [30.231, 9.758], [30.281, 9.771], [30.624, 9.715], [30.713, 9.838], [30.773, 9.995], [30.866, 10.169], [30.906, 10.201], [31.479, 10.202], [31.536, 10.295], [31.709, 10.334], [31.939, 10.313], [32.15, 10.082], [32.346, 10.089], [32.474, 9.926], [32.51, 9.914], [32.621, 9.921], [32.954, 9.438], [32.865, 9.232], [32.695, 9.14], [32.511, 9.194], [32.317, 9.185], [32.12, 9.079], [32.044, 9.017], [32.0, 8.887], [32.059, 8.644], [31.83, 8.33], [31.604, 8.263], [31.26, 8.346], [31.088, 8.2], [31.0, 8.172], [30.739, 7.94], [30.711, 7.925], [30.462, 7.883], [30.284, 8.12], [29.824, 8.371], [29.851, 8.445], [29.866, 9.103], [29.767, 9.197], [29.756, 9.351]]]}, "id": 428}, {"type": "Feature", "properties": {"fill": "#37009c"}, "geometry": {"type": "Polygon", "coordinates": [[[43.29, 3.31], [43.043, 3.129], [42.843, 3.02], [42.666, 3.193], [42.577, 3.367], [42.474, 3.435], [42.453, 3.498], [42.413, 3.578], [42.379, 3.691], [42.494, 4.118], [42.424, 4.225], [42.071, 4.344], [42.003, 4.442], [42.168, 4.663], [42.639, 4.657], [42.71, 4.709], [42.716, 4.736], [42.381, 5.172], [42.46, 5.308], [42.568, 5.436], [42.864, 5.496], [42.956, 5.48], [43.101, 5.306], [43.169, 5.141], [43.409, 5.05], [43.436, 5.032], [43.594, 4.667], [43.752, 4.586], [43.784, 4.505], [43.989, 4.347], [44.057, 4.191], [43.833, 3.87], [43.649, 3.854], [43.573, 3.81], [43.364, 3.776], [43.329, 3.53], [43.33, 3.523], [43.29, 3.31]]]}, "id": 429}, {"type": "Feature", "properties": {"fill": "#153477"}, "geometry": {"type": "Polygon", "coordinates": [[[37.724, 3.14], [37.621, 3.369], [37.658, 3.426], [37.594, 3.671], [37.584, 3.73], [37.204, 3.996], [37.339, 4.494], [37.28, 4.657], [37.401, 4.824], [38.207, 4.501], [38.242, 4.516], [38.484, 4.221], [38.545, 4.04], [38.81, 3.912], [38.805, 3.882], [38.901, 3.47], [38.815, 3.252], [38.484, 3.288], [38.431, 3.328], [38.266, 3.34], [38.13, 3.033], [37.751, 3.131], [37.724, 3.14]]]}, "id": 430}, {"type": "Feature", "properties": {"fill": "#153477"}, "geometry": {"type": "Polygon", "coordinates": [[[49.151, 11.649], [49.854, 11.025], [49.896, 11.031], [49.904, 11.023], [50.086, 10.874], [50.29, 10.738], [50.337, 10.703], [50.389, 10.656], [50.571, 10.507], [50.767, 10.376], [50.975, 10.265], [51.192, 10.175], [51.398, 10.112], [51.403, 10.105], [51.454, 10.099], [51.649, 10.06], [51.883, 10.037], [51.98, 10.032], [52.038, 10.024], [52.095, 10.01], [52.135, 9.995], [52.226, 9.18], [52.261, 9.14], [52.821, 9.226], [52.996, 8.818], [52.945, 8.648], [53.003, 8.49], [52.935, 8.254], [52.468, 8.093], [52.419, 7.807], [52.239, 7.759], [52.078, 7.418], [51.747, 7.379], [51.696, 7.262], [51.662, 7.063], [51.531, 7.013], [51.392, 6.769], [51.406, 6.615], [51.195, 6.474], [51.101, 6.525], [50.968, 6.842], [50.704, 6.795], [50.677, 6.804], [50.515, 6.876], [50.406, 7.037], [50.045, 7.073], [49.999, 7.088], [49.927, 7.063], [49.905, 7.049], [49.733, 7.052], [49.538, 7.135], [49.498, 7.234], [49.567, 7.477], [49.771, 7.563], [49.863, 7.666], [49.826, 7.824], [49.826, 7.829], [49.573, 8.005], [49.563, 8.164], [49.607, 8.358], [49.484, 8.487], [49.843, 9.047], [49.701, 9.206], [49.701, 9.445], [49.304, 9.706], [49.368, 10.224], [49.29, 10.491], [48.98, 10.5], [48.807, 10.721], [48.545, 11.367], [48.563, 11.397], [49.151, 11.649]]]}, "id": 431}, {"type": "Feature", "properties": {"fill": "#00529c"}, "geometry": {"type": "MultiPolygon", "coordinates": [[[[35.736, -1.907], [35.706, -1.857], [35.681, -1.804], [35.661, -1.749], [35.647, -1.692], [35.638, -1.634], [35.631, -1.404], [36.243, -1.121], [36.464, -1.803], [36.204, -1.97], [35.748, -1.923], [35.736, -1.907]]], [[[39.77, 6.767], [40.042, 6.424], [40.057, 6.39], [40.729, 6.614], [40.795, 6.555], [41.028, 6.491], [41.322, 6.747], [41.578, 6.677], [41.611, 6.61], [41.762, 6.38], [41.783, 6.3], [42.125, 6.17], [42.201, 5.902], [42.273, 5.871], [42.568, 5.436], [42.46, 5.308], [42.381, 5.172], [42.716, 4.736], [42.71, 4.709], [42.639, 4.657], [42.168, 4.663], [42.003, 4.442], [42.071, 4.344], [42.424, 4.225], [42.494, 4.118], [42.379, 3.691], [42.413, 3.578], [42.453, 3.498], [42.474, 3.435], [42.171, 3.283], [41.86, 3.155], [41.822, 3.164], [41.754, 3.152], [41.443, 3.236], [41.417, 3.222], [41.252, 3.085], [40.799, 3.078], [40.67, 2.806], [40.683, 2.564], [40.584, 2.423], [40.646, 2.104], [40.669, 2.059], [40.493, 1.721], [40.524, 1.533], [40.19, 1.361], [40.213, 0.874], [40.157, 0.726], [39.735, 0.437], [39.52, 0.344], [39.502, 0.277], [38.634, -0.317], [38.624, -0.321], [38.549, -0.285], [38.063, -0.22], [37.251, -0.504], [37.233, -0.513], [37.153, -0.497], [36.983, -0.529], [36.648, -0.661], [36.454, -0.504], [35.791, -0.16], [35.751, -0.094], [35.693, -0.045], [35.747, 0.648], [35.852, 0.731], [35.65, 1.164], [35.794, 1.33], [35.546, 1.598], [35.77, 2.029], [35.965, 2.042], [36.028, 2.027], [36.282, 1.85], [36.323, 1.84], [36.421, 1.739], [36.948, 1.622], [36.996, 1.652], [37.072, 1.796], [37.077, 1.799], [37.554, 1.655], [37.613, 1.46], [38.001, 1.674], [38.184, 1.651], [38.216, 1.924], [38.125, 2.349], [38.599, 2.43], [38.612, 2.447], [38.645, 2.559], [38.65, 2.585], [38.601, 2.741], [38.451, 2.886], [38.484, 3.288], [38.815, 3.252], [38.901, 3.47], [38.805, 3.882], [38.81, 3.912], [38.545, 4.04], [38.484, 4.221], [38.242, 4.516], [38.207, 4.501], [37.404, 4.825], [37.987, 5.022], [37.985, 5.231], [37.93, 5.313], [37.899, 5.321], [37.646, 5.52], [37.579, 5.977], [37.995, 5.879], [38.072, 5.79], [38.411, 5.629], [38.572, 6.023], [38.811, 6.246], [38.879, 6.199], [38.951, 6.085], [39.409, 6.117], [39.451, 6.327], [39.411, 6.554], [39.483, 6.709], [39.591, 6.775], [39.705, 6.79], [39.77, 6.767]]]]}, "id": 432}, {"type": "Feature", "properties": {"fill": "#00789c"}, "geometry": {"type": "Polygon", "coordinates": [[[46.431, 6.165], [46.127, 6.334], [46.062, 6.479], [46.211, 6.828], [46.215, 6.875], [46.124, 7.074], [46.12, 7.09], [46.349, 7.347], [46.533, 7.479], [46.543, 7.509], [46.553, 7.527], [47.047, 7.637], [47.155, 7.988], [47.238, 8.018], [47.376, 8.5], [47.317, 8.55], [47.287, 8.596], [47.285, 8.763], [47.435, 9.058], [47.754, 9.212], [47.191, 9.516], [47.247, 9.824], [47.635, 9.871], [47.838, 9.297], [47.822, 9.272], [47.756, 9.212], [47.815, 8.704], [48.271, 8.448], [48.27, 8.437], [48.485, 8.128], [48.66, 8.093], [48.804, 7.898], [48.788, 7.745], [48.558, 7.679], [48.511, 7.346], [48.392, 7.192], [48.401, 7.077], [48.283, 6.983], [48.004, 6.932], [47.905, 6.993], [47.485, 6.912], [47.535, 6.719], [47.381, 6.39], [47.281, 6.313], [47.274, 6.255], [47.039, 5.89], [46.572, 6.034], [46.566, 6.05], [46.431, 6.165]]]}, "id": 433}, {"type": "Feature", "properties": {"fill": "#516ebc"}, "geometry": {"type": "Polygon", "coordinates": [[[48.545, 11.367], [48.807, 10.721], [48.98, 10.5], [49.29, 10.491], [49.368, 10.224], [49.304, 9.706], [49.701, 9.445], [49.701, 9.206], [49.843, 9.047], [49.484, 8.487], [49.607, 8.358], [49.563, 8.164], [49.573, 8.005], [49.826, 7.829], [49.826, 7.824], [49.863, 7.666], [49.771, 7.563], [49.567, 7.477], [49.498, 7.234], [49.112, 7.416], [48.995, 7.166], [48.956, 7.17], [48.691, 7.339], [48.511, 7.346], [48.558, 7.679], [48.788, 7.745], [48.804, 7.898], [48.66, 8.093], [48.485, 8.128], [48.27, 8.437], [48.271, 8.448], [47.815, 8.704], [47.756, 9.212], [47.822, 9.272], [47.838, 9.297], [47.635, 9.871], [47.913, 10.304], [47.921, 10.309], [47.901, 10.624], [47.843, 10.814], [47.939, 10.994], [48.447, 11.387], [48.492, 11.381], [48.545, 11.367]]]}, "id": 434}, {"type": "Feature", "properties": {"fill": "#00529c"}, "geometry": {"type": "Polygon", "coordinates": [[[44.491, 1.876], [44.427, 1.828], [44.377, 1.798], [44.356, 1.788], [43.997, 1.736], [43.979, 1.739], [43.922, 1.753], [43.856, 1.778], [43.767, 1.925], [43.588, 2.16], [43.542, 2.508], [43.505, 2.576], [43.139, 2.652], [42.895, 2.828], [42.843, 3.02], [43.043, 3.129], [43.29, 3.31], [43.33, 3.523], [43.329, 3.53], [43.364, 3.776], [43.573, 3.81], [43.649, 3.854], [43.833, 3.87], [44.103, 3.644], [44.21, 3.664], [44.372, 3.58], [44.515, 3.561], [44.538, 3.563], [44.751, 3.62], [44.886, 3.397], [45.361, 3.325], [45.407, 3.294], [45.16, 2.817], [45.183, 2.657], [45.11, 2.472], [44.707, 2.195], [44.677, 2.023], [44.64, 1.998], [44.491, 1.876]]]}, "id": 435}, {"type": "Feature", "properties": {"fill": "#516ebc"}, "geometry": {"type": "Polygon", "coordinates": [[[42.201, 5.902], [42.125, 6.17], [41.783, 6.3], [41.762, 6.38], [41.611, 6.61], [41.578, 6.677], [41.748, 6.841], [41.752, 7.318], [41.766, 7.333], [41.727, 7.768], [41.764, 7.778], [42.139, 7.787], [42.282, 8.149], [42.241, 8.212], [42.097, 8.279], [41.871, 8.509], [41.884, 8.566], [41.91, 8.893], [42.046, 8.943], [42.248, 9.231], [42.54, 9.216], [42.712, 9.348], [43.05, 9.112], [43.31, 9.267], [43.314, 9.437], [43.488, 9.546], [43.582, 9.716], [43.759, 9.931], [43.737, 10.045], [43.912, 10.324], [44.053, 10.352], [44.245, 9.784], [44.317, 9.767], [44.407, 9.325], [44.501, 9.319], [44.688, 9.24], [44.639, 8.732], [44.656, 8.605], [44.699, 8.577], [45.062, 8.541], [45.065, 8.537], [45.557, 8.3], [45.847, 8.367], [45.878, 8.413], [45.635, 9.084], [45.903, 9.337], [46.551, 9.073], [46.665, 9.202], [46.706, 9.209], [47.191, 9.516], [47.754, 9.212], [47.435, 9.058], [47.285, 8.763], [47.287, 8.596], [47.317, 8.55], [47.376, 8.5], [47.238, 8.018], [47.155, 7.988], [47.047, 7.637], [46.553, 7.527], [46.543, 7.509], [46.533, 7.479], [46.349, 7.347], [46.12, 7.09], [46.124, 7.074], [46.215, 6.875], [46.211, 6.828], [46.062, 6.479], [46.127, 6.334], [46.431, 6.165], [46.566, 6.05], [46.572, 6.034], [47.039, 5.89], [47.056, 5.851], [46.912, 5.339], [46.82, 5.309], [46.467, 5.244], [46.449, 5.221], [46.406, 5.218], [45.732, 4.642], [45.746, 4.6], [45.669, 4.42], [45.673, 4.301], [45.77, 4.055], [45.904, 3.95], [45.958, 3.77], [45.676, 3.439], [45.622, 3.298], [45.407, 3.294], [45.361, 3.325], [44.886, 3.397], [44.751, 3.62], [44.538, 3.563], [44.515, 3.561], [44.372, 3.58], [44.21, 3.664], [44.103, 3.644], [43.833, 3.87], [44.057, 4.191], [43.989, 4.347], [43.784, 4.505], [43.752, 4.586], [43.594, 4.667], [43.436, 5.032], [43.409, 5.05], [43.169, 5.141], [43.101, 5.306], [42.956, 5.48], [42.864, 5.496], [42.568, 5.436], [42.273, 5.871], [42.201, 5.902]]]}, "id": 436}, {"type": "Feature", "properties": {"fill": "#00789c"}, "geometry": {"type": "Polygon", "coordinates": [[[33.845, 1.579], [33.653, 1.722], [33.459, 2.095], [33.529, 2.227], [33.553, 2.351], [33.882, 2.75], [33.731, 3.083], [33.734, 3.307], [33.821, 3.349], [34.071, 3.691], [34.214, 3.717], [34.415, 3.656], [34.488, 3.669], [34.717, 3.787], [34.738, 3.784], [34.974, 4.0], [35.158, 4.103], [35.307, 3.913], [35.461, 3.827], [35.504, 3.766], [35.324, 3.562], [35.232, 3.325], [35.241, 3.157], [35.401, 3.047], [35.481, 2.783], [35.512, 2.758], [35.571, 2.211], [35.77, 2.029], [35.546, 1.598], [35.386, 1.551], [35.341, 1.553], [35.219, 1.636], [34.715, 1.643], [34.725, 1.88], [34.634, 2.041], [33.988, 1.702], [33.888, 1.557], [33.845, 1.579]]]}, "id": 437}, {"type": "Feature", "properties": {"fill": "#37009c"}, "geometry": {"type": "Polygon", "coordinates": [[[35.481, 2.783], [35.401, 3.047], [35.241, 3.157], [35.232, 3.325], [35.324, 3.562], [35.504, 3.766], [35.461, 3.827], [35.307, 3.913], [35.158, 4.103], [35.163, 4.306], [35.389, 4.406], [35.528, 4.406], [35.649, 4.895], [35.728, 4.936], [35.881, 4.958], [36.117, 4.817], [36.112, 4.663], [36.462, 4.236], [36.587, 4.214], [36.982, 4.651], [37.28, 4.657], [37.339, 4.494], [37.204, 3.996], [37.584, 3.73], [37.594, 3.671], [37.658, 3.426], [37.621, 3.369], [37.724, 3.14], [37.751, 3.131], [38.13, 3.033], [38.266, 3.34], [38.431, 3.328], [38.484, 3.288], [38.451, 2.886], [38.601, 2.741], [38.65, 2.585], [38.645, 2.559], [38.612, 2.447], [38.599, 2.43], [38.125, 2.349], [38.216, 1.924], [38.184, 1.651], [38.001, 1.674], [37.613, 1.46], [37.554, 1.655], [37.077, 1.799], [37.072, 1.796], [36.996, 1.652], [36.948, 1.622], [36.421, 1.739], [36.323, 1.84], [36.282, 1.85], [36.028, 2.027], [35.965, 2.042], [35.77, 2.029], [35.571, 2.211], [35.512, 2.758], [35.481, 2.783]]]}, "id": 438}, {"type": "Feature", "properties": {"fill": "#516ebc"}, "geometry": {"type": "Polygon", "coordinates": [[[50.771, 4.6], [50.733, 4.697], [50.721, 4.745], [50.78, 4.881], [50.786, 5.208], [50.767, 5.274], [50.305, 5.427], [50.278, 5.895], [50.357, 5.924], [50.52, 5.929], [50.794, 6.222], [50.832, 6.205], [51.126, 6.288], [51.198, 6.382], [51.195, 6.474], [51.406, 6.615], [51.549, 6.54], [51.543, 6.407], [51.473, 6.305], [51.475, 6.041], [51.49, 5.99], [51.743, 5.955], [51.857, 5.564], [51.789, 5.456], [51.962, 5.127], [52.078, 5.097], [52.148, 4.584], [52.406, 4.588], [52.578, 4.213], [52.378, 3.964], [52.051, 4.082], [51.75, 3.892], [51.725, 3.617], [51.616, 3.576], [51.413, 3.326], [50.966, 3.552], [50.967, 3.611], [51.189, 3.853], [51.149, 4.05], [51.183, 4.104], [51.16, 4.372], [50.771, 4.6]]]}, "id": 439}, {"type": "Feature", "properties": {"fill": "#516ebc"}, "geometry": {"type": "Polygon", "coordinates": [[[53.206, 4.155], [53.545, 4.679], [53.823, 4.571], [54.163, 4.741], [54.139, 4.916], [54.509, 5.172], [54.54, 5.138], [54.936, 5.2], [55.052, 5.267], [55.108, 5.489], [55.17, 5.563], [55.174, 5.656], [55.197, 5.696], [55.519, 5.885], [55.562, 5.888], [55.821, 5.778], [55.88, 5.565], [55.963, 5.478], [56.324, 5.277], [56.317, 5.119], [56.28, 5.055], [56.519, 4.666], [56.44, 4.359], [56.438, 4.241], [56.19, 4.207], [55.971, 3.834], [55.92, 3.787], [55.836, 3.768], [55.483, 3.441], [55.127, 3.772], [54.952, 3.908], [54.618, 3.724], [54.617, 3.009], [54.261, 3.146], [54.025, 3.444], [54.004, 3.739], [53.956, 3.774], [53.846, 3.898], [53.568, 3.934], [53.205, 4.151], [53.206, 4.155]]]}, "id": 440}, {"type": "Feature", "properties": {"fill": "#00529c"}, "geometry": {"type": "Polygon", "coordinates": [[[53.96, 5.635], [53.965, 5.745], [54.104, 6.169], [54.209, 6.17], [54.527, 6.451], [54.325, 6.689], [54.282, 6.903], [54.463, 7.119], [54.495, 7.193], [54.478, 7.441], [54.526, 7.474], [55.057, 7.372], [55.126, 6.911], [55.244, 6.85], [55.316, 6.522], [55.272, 6.438], [55.644, 6.139], [55.562, 5.888], [55.519, 5.885], [55.197, 5.696], [55.174, 5.656], [55.17, 5.563], [55.108, 5.489], [55.052, 5.267], [54.936, 5.2], [54.54, 5.138], [54.509, 5.172], [54.139, 4.916], [54.163, 4.741], [53.823, 4.571], [53.545, 4.679], [53.517, 4.865], [53.509, 4.877], [53.484, 5.166], [53.683, 5.361], [53.76, 5.582], [53.96, 5.635]]]}, "id": 441}, {"type": "Feature", "properties": {"fill": "#37009c"}, "geometry": {"type": "Polygon", "coordinates": [[[26.657, 11.534], [26.619, 11.819], [26.517, 11.901], [26.533, 12.272], [26.818, 12.434], [26.888, 12.495], [26.896, 12.513], [26.897, 12.678], [26.462, 12.756], [26.267, 13.139], [26.52, 13.349], [26.479, 13.763], [27.066, 13.708], [27.214, 13.516], [27.967, 13.756], [28.02, 13.705], [28.211, 13.774], [29.142, 13.664], [29.167, 13.408], [29.03, 13.166], [29.197, 12.923], [29.344, 12.84], [29.401, 12.75], [29.437, 12.707], [29.459, 12.535], [29.431, 12.443], [29.476, 12.324], [29.501, 12.291], [29.547, 11.965], [29.503, 11.923], [29.366, 11.851], [29.082, 11.866], [28.973, 11.542], [28.904, 11.524], [28.551, 11.592], [28.341, 11.521], [28.186, 11.809], [28.135, 11.83], [27.875, 11.723], [27.514, 11.786], [27.375, 11.679], [27.409, 11.454], [27.391, 11.332], [27.354, 11.261], [26.994, 11.15], [26.773, 11.447], [26.657, 11.534]]]}, "id": 442}, {"type": "Feature", "properties": {"fill": "#153477"}, "geometry": {"type": "Polygon", "coordinates": [[[33.351, 4.066], [33.177, 4.058], [32.947, 4.265], [32.904, 4.359], [32.194, 4.366], [32.137, 4.458], [32.112, 4.521], [32.178, 4.605], [32.23, 4.734], [32.292, 5.159], [32.277, 5.197], [32.278, 5.23], [32.084, 5.8], [32.128, 5.846], [32.21, 6.27], [32.298, 6.314], [32.925, 6.149], [32.913, 5.826], [33.423, 5.821], [33.661, 5.559], [33.684, 5.557], [33.863, 5.671], [34.087, 5.676], [34.218, 5.751], [34.368, 5.982], [34.508, 6.038], [34.845, 5.891], [34.998, 5.595], [34.747, 5.28], [34.89, 4.854], [35.263, 4.911], [35.311, 4.89], [35.389, 4.406], [35.163, 4.306], [35.158, 4.103], [34.974, 4.0], [34.738, 3.784], [34.717, 3.787], [34.488, 3.669], [34.415, 3.656], [34.214, 3.717], [34.071, 3.691], [33.821, 3.349], [33.734, 3.307], [33.548, 3.387], [33.351, 4.066]]]}, "id": 443}, {"type": "Feature", "properties": {"fill": "#37009c"}, "geometry": {"type": "Polygon", "coordinates": [[[28.947, 4.296], [28.941, 4.505], [28.86, 4.753], [29.396, 4.982], [29.526, 4.886], [29.769, 5.017], [30.148, 5.023], [30.2, 5.306], [30.539, 5.453], [30.67, 5.487], [30.684, 5.494], [30.758, 5.498], [30.768, 5.494], [30.965, 5.55], [31.273, 5.506], [31.5, 5.466], [31.755, 5.62], [31.862, 5.762], [32.084, 5.8], [32.278, 5.23], [32.277, 5.197], [32.292, 5.159], [32.23, 4.734], [32.178, 4.605], [32.112, 4.521], [32.137, 4.458], [32.194, 4.366], [32.904, 4.359], [32.947, 4.265], [33.177, 4.058], [33.351, 4.066], [33.548, 3.387], [33.734, 3.307], [33.731, 3.083], [33.882, 2.75], [33.553, 2.351], [33.395, 2.659], [33.18, 2.819], [32.919, 2.902], [32.913, 2.895], [32.483, 2.898], [32.414, 2.861], [32.136, 2.761], [31.999, 3.103], [31.964, 3.265], [31.916, 3.305], [31.894, 3.318], [31.405, 3.224], [31.403, 3.221], [31.272, 3.157], [31.106, 3.182], [30.904, 3.361], [30.76, 3.437], [30.668, 3.634], [30.636, 3.75], [30.45, 3.899], [30.099, 3.815], [29.86, 3.953], [29.447, 3.876], [29.244, 4.128], [28.947, 4.296]]]}, "id": 444}, {"type": "Feature", "properties": {"fill": "#516ebc"}, "geometry": {"type": "Polygon", "coordinates": [[[31.709, 10.334], [31.536, 10.295], [31.544, 10.61], [31.658, 10.705], [31.839, 10.943], [31.781, 11.078], [32.132, 11.356], [32.034, 11.546], [32.262, 11.807], [32.274, 11.813], [32.385, 12.136], [32.329, 12.384], [32.198, 12.552], [32.21, 12.572], [32.828, 12.871], [32.829, 12.873], [33.018, 13.047], [33.422, 12.852], [33.476, 12.687], [33.68, 12.579], [33.725, 12.268], [33.739, 12.258], [33.948, 11.905], [33.985, 11.723], [34.181, 11.684], [34.263, 11.273], [34.095, 11.14], [34.074, 11.08], [34.171, 10.897], [33.765, 10.584], [33.864, 10.419], [34.009, 10.201], [33.269, 10.114], [33.161, 10.171], [33.054, 10.099], [33.134, 9.568], [32.954, 9.438], [32.621, 9.921], [32.51, 9.914], [32.474, 9.926], [32.346, 10.089], [32.15, 10.082], [31.939, 10.313], [31.709, 10.334]]]}, "id": 445}, {"type": "Feature", "properties": {"fill": "#00789c"}, "geometry": {"type": "Polygon", "coordinates": [[[49.044, 4.956], [49.014, 5.017], [49.039, 5.23], [49.039, 5.266], [48.881, 5.544], [48.676, 5.717], [48.712, 5.929], [48.902, 6.022], [49.075, 6.063], [49.22, 5.92], [49.596, 5.724], [49.619, 5.741], [49.817, 6.025], [49.86, 6.056], [49.931, 6.065], [50.054, 6.015], [50.219, 5.921], [50.278, 5.895], [50.305, 5.427], [50.767, 5.274], [50.786, 5.208], [50.78, 4.881], [50.721, 4.745], [50.196, 4.766], [50.074, 4.681], [50.028, 4.671], [49.806, 4.674], [49.685, 4.594], [49.164, 4.931], [49.069, 4.938], [49.044, 4.956]]]}, "id": 446}, {"type": "Feature", "properties": {"fill": "#37009c"}, "geometry": {"type": "Polygon", "coordinates": [[[27.112, 8.419], [27.049, 8.395], [26.724, 8.521], [26.71, 9.0], [26.499, 9.091], [26.493, 9.109], [26.495, 9.406], [26.5, 9.412], [26.861, 9.598], [26.903, 9.716], [27.177, 9.847], [27.217, 9.91], [27.276, 9.963], [27.623, 9.779], [27.827, 9.754], [27.983, 9.878], [28.024, 9.872], [28.418, 10.101], [28.601, 9.882], [28.72, 9.801], [28.776, 9.752], [28.797, 9.606], [28.978, 9.404], [28.986, 9.257], [29.366, 9.006], [29.258, 8.672], [28.677, 8.813], [28.476, 8.483], [28.498, 8.34], [28.496, 8.334], [28.136, 8.122], [28.023, 8.152], [27.757, 8.32], [27.692, 8.298], [27.204, 8.507], [27.112, 8.419]]]}, "id": 447}, {"type": "Feature", "properties": {"fill": "#00789c"}, "geometry": {"type": "Polygon", "coordinates": [[[29.961, 14.648], [30.273, 14.943], [30.462, 15.04], [30.818, 14.542], [31.035, 14.583], [31.32, 14.762], [31.742, 14.643], [31.876, 14.714], [31.95, 14.691], [32.181, 14.645], [32.338, 14.622], [32.395, 14.608], [32.45, 14.588], [32.503, 14.563], [32.554, 14.533], [32.601, 14.498], [32.644, 14.458], [32.683, 14.415], [32.718, 14.368], [32.748, 14.318], [32.816, 14.175], [32.668, 13.912], [32.625, 13.416], [33.048, 13.241], [33.018, 13.047], [32.829, 12.873], [32.828, 12.871], [32.21, 12.572], [32.198, 12.552], [32.178, 12.548], [31.841, 12.576], [31.643, 12.672], [31.404, 12.668], [31.252, 12.554], [31.17, 12.532], [30.98, 12.624], [30.616, 12.631], [30.516, 12.946], [30.53, 12.957], [30.576, 13.578], [30.568, 13.588], [30.515, 13.591], [30.457, 13.61], [30.293, 13.734], [30.383, 14.251], [29.963, 14.559], [29.957, 14.607], [29.961, 14.648]]]}, "id": 448}, {"type": "Feature", "properties": {"fill": "#153477"}, "geometry": {"type": "Polygon", "coordinates": [[[28.272, 13.832], [28.887, 14.43], [28.888, 14.447], [29.102, 14.646], [29.389, 14.985], [29.952, 14.64], [29.963, 14.559], [30.383, 14.251], [30.293, 13.734], [30.457, 13.61], [30.515, 13.591], [30.568, 13.588], [30.576, 13.578], [30.53, 12.957], [30.516, 12.946], [30.616, 12.631], [30.503, 12.451], [30.468, 12.438], [30.198, 12.472], [29.997, 12.275], [30.002, 12.232], [29.615, 11.953], [29.547, 11.965], [29.501, 12.291], [29.476, 12.324], [29.431, 12.443], [29.459, 12.535], [29.437, 12.707], [29.401, 12.75], [29.344, 12.84], [29.197, 12.923], [29.03, 13.166], [29.167, 13.408], [29.142, 13.664], [28.293, 13.764], [28.278, 13.806], [28.272, 13.832]]]}, "id": 449}, {"type": "Feature", "properties": {"fill": "#00789c"}, "geometry": {"type": "Polygon", "coordinates": [[[26.501, 6.541], [26.472, 6.885], [26.446, 6.925], [26.156, 7.119], [26.208, 7.636], [26.245, 7.704], [26.112, 7.954], [25.893, 8.063], [25.731, 8.028], [25.467, 8.273], [25.456, 8.293], [25.537, 8.527], [25.599, 8.647], [25.797, 8.696], [25.934, 8.917], [26.26, 8.807], [26.499, 9.091], [26.71, 9.0], [26.724, 8.521], [27.049, 8.395], [27.112, 8.419], [27.204, 8.507], [27.692, 8.298], [27.757, 8.32], [28.023, 8.152], [28.136, 8.122], [28.496, 8.334], [28.498, 8.34], [28.476, 8.483], [28.677, 8.813], [29.258, 8.672], [29.366, 9.006], [29.767, 9.197], [29.866, 9.103], [29.851, 8.445], [29.824, 8.371], [30.284, 8.12], [30.462, 7.883], [30.711, 7.925], [30.739, 7.94], [31.0, 8.172], [31.088, 8.2], [31.26, 8.346], [31.604, 8.263], [31.83, 8.33], [32.215, 7.9], [32.024, 7.596], [31.961, 7.334], [32.005, 7.241], [31.753, 6.771], [31.203, 6.995], [31.144, 6.999], [31.025, 6.823], [30.932, 6.766], [30.907, 6.672], [30.651, 6.408], [30.388, 6.52], [30.361, 6.557], [30.042, 6.62], [29.979, 6.599], [29.73, 6.316], [29.501, 6.327], [29.433, 6.374], [29.182, 6.251], [28.778, 6.244], [28.733, 6.19], [28.642, 5.95], [28.615, 5.917], [28.524, 5.89], [28.246, 6.111], [27.853, 6.157], [27.734, 6.088], [27.553, 6.206], [27.524, 6.228], [27.398, 6.436], [27.137, 6.552], [27.069, 6.545], [26.775, 6.458], [26.541, 6.506], [26.501, 6.541]]]}, "id": 450}, {"type": "Feature", "properties": {"fill": "#516ebc"}, "geometry": {"type": "Polygon", "coordinates": [[[29.526, 4.886], [29.396, 4.982], [28.86, 4.753], [28.687, 4.889], [28.732, 5.112], [28.686, 5.201], [28.392, 5.513], [28.352, 5.624], [28.524, 5.89], [28.615, 5.917], [28.642, 5.95], [28.733, 6.19], [28.778, 6.244], [29.182, 6.251], [29.433, 6.374], [29.501, 6.327], [29.73, 6.316], [29.979, 6.599], [30.042, 6.62], [30.361, 6.557], [30.388, 6.52], [30.651, 6.408], [30.907, 6.672], [30.932, 6.766], [31.025, 6.823], [31.144, 6.999], [31.203, 6.995], [31.753, 6.771], [32.005, 7.241], [32.309, 7.166], [32.544, 6.708], [32.298, 6.314], [32.21, 6.27], [32.128, 5.846], [32.084, 5.8], [31.862, 5.762], [31.755, 5.62], [31.5, 5.466], [31.273, 5.506], [30.965, 5.55], [30.768, 5.494], [30.758, 5.498], [30.684, 5.494], [30.67, 5.487], [30.539, 5.453], [30.2, 5.306], [30.148, 5.023], [29.769, 5.017], [29.526, 4.886]]]}, "id": 451}, {"type": "Feature", "properties": {"fill": "#00529c"}, "geometry": {"type": "Polygon", "coordinates": [[[52.109, 5.582], [51.857, 5.564], [51.743, 5.955], [51.49, 5.99], [51.475, 6.041], [51.473, 6.305], [51.543, 6.407], [51.549, 6.54], [51.406, 6.615], [51.392, 6.769], [51.531, 7.013], [51.662, 7.063], [51.696, 7.262], [51.747, 7.379], [52.078, 7.418], [52.239, 7.759], [52.419, 7.807], [52.468, 8.093], [52.935, 8.254], [53.003, 8.49], [53.45, 8.34], [53.461, 8.342], [53.883, 7.965], [53.613, 7.754], [53.609, 7.584], [53.302, 7.252], [53.212, 7.255], [53.183, 6.726], [53.13, 6.688], [52.919, 6.712], [52.902, 6.691], [52.702, 6.556], [52.719, 6.29], [52.799, 6.222], [52.771, 5.896], [52.714, 5.874], [52.458, 5.615], [52.34, 5.651], [52.109, 5.582]]]}, "id": 452}, {"type": "Feature", "properties": {"fill": "#37009c"}, "geometry": {"type": "Polygon", "coordinates": [[[52.406, 4.588], [52.148, 4.584], [52.078, 5.097], [51.962, 5.127], [51.789, 5.456], [51.857, 5.564], [52.109, 5.582], [52.34, 5.651], [52.458, 5.615], [52.714, 5.874], [52.771, 5.896], [52.799, 6.222], [52.719, 6.29], [52.702, 6.556], [52.902, 6.691], [52.919, 6.712], [53.13, 6.688], [53.183, 6.726], [53.212, 7.255], [53.302, 7.252], [53.609, 7.584], [53.613, 7.754], [53.883, 7.965], [53.904, 7.969], [53.991, 7.92], [54.234, 7.554], [54.276, 7.496], [54.478, 7.441], [54.495, 7.193], [54.463, 7.119], [54.282, 6.903], [54.325, 6.689], [54.527, 6.451], [54.209, 6.17], [54.104, 6.169], [53.965, 5.745], [53.96, 5.635], [53.76, 5.582], [53.683, 5.361], [53.484, 5.166], [53.509, 4.877], [53.517, 4.865], [53.545, 4.679], [53.206, 4.155], [53.205, 4.151], [53.159, 4.126], [52.578, 4.213], [52.406, 4.588]]]}, "id": 453}, {"type": "Feature", "properties": {"fill": "#00789c"}, "geometry": {"type": "Polygon", "coordinates": [[[30.431, 11.427], [30.677, 11.555], [30.696, 11.569], [30.884, 11.602], [31.005, 11.493], [31.325, 11.53], [31.498, 11.779], [31.6, 11.474], [31.509, 11.238], [31.509, 11.201], [31.654, 11.162], [31.781, 11.078], [31.839, 10.943], [31.658, 10.705], [31.544, 10.61], [31.536, 10.295], [31.479, 10.202], [30.906, 10.201], [30.894, 10.567], [30.517, 10.933], [30.385, 10.977], [30.431, 11.427]]]}, "id": 454}, {"type": "Feature", "properties": {"fill": "#37009c"}, "geometry": {"type": "Polygon", "coordinates": [[[30.431, 11.427], [30.289, 11.52], [29.944, 11.557], [29.879, 11.793], [30.084, 12.065], [30.002, 12.232], [29.997, 12.275], [30.198, 12.472], [30.468, 12.438], [30.503, 12.451], [30.616, 12.631], [30.98, 12.624], [31.17, 12.532], [31.252, 12.554], [31.404, 12.668], [31.643, 12.672], [31.841, 12.576], [32.178, 12.548], [32.198, 12.552], [32.329, 12.384], [32.385, 12.136], [32.274, 11.813], [32.262, 11.807], [32.034, 11.546], [32.132, 11.356], [31.781, 11.078], [31.654, 11.162], [31.509, 11.201], [31.509, 11.238], [31.6, 11.474], [31.498, 11.779], [31.325, 11.53], [31.005, 11.493], [30.884, 11.602], [30.696, 11.569], [30.677, 11.555], [30.431, 11.427]]]}, "id": 455}, {"type": "Feature", "properties": {"fill": "#153477"}, "geometry": {"type": "Polygon", "coordinates": [[[47.797, 6.621], [47.535, 6.719], [47.485, 6.912], [47.905, 6.993], [48.004, 6.932], [48.283, 6.983], [48.401, 7.077], [48.392, 7.192], [48.511, 7.346], [48.691, 7.339], [48.956, 7.17], [48.995, 7.166], [49.102, 6.891], [49.182, 6.852], [49.225, 6.72], [49.206, 6.64], [49.211, 6.562], [49.155, 6.393], [49.155, 6.163], [49.075, 6.063], [48.902, 6.022], [48.712, 5.929], [48.708, 5.934], [48.477, 6.083], [47.983, 6.082], [48.043, 6.438], [48.037, 6.459], [47.868, 6.55], [47.797, 6.621]]]}, "id": 456}, {"type": "Feature", "properties": {"fill": "#37009c"}, "geometry": {"type": "Polygon", "coordinates": [[[49.075, 6.063], [49.155, 6.163], [49.155, 6.393], [49.211, 6.562], [49.206, 6.64], [49.225, 6.72], [49.182, 6.852], [49.102, 6.891], [48.995, 7.166], [49.112, 7.416], [49.498, 7.234], [49.538, 7.135], [49.733, 7.052], [49.905, 7.049], [49.927, 7.063], [49.999, 7.088], [50.045, 7.073], [50.406, 7.037], [50.515, 6.876], [50.677, 6.804], [50.704, 6.795], [50.968, 6.842], [51.101, 6.525], [51.195, 6.474], [51.198, 6.382], [51.126, 6.288], [50.832, 6.205], [50.794, 6.222], [50.52, 5.929], [50.357, 5.924], [50.278, 5.895], [50.219, 5.921], [50.054, 6.015], [49.931, 6.065], [49.86, 6.056], [49.817, 6.025], [49.619, 5.741], [49.596, 5.724], [49.22, 5.92], [49.075, 6.063]]]}, "id": 457}]}