hdbscan_filled_cluster,GO_hit,gene_symbols,annotated_label
297,1-phosphatidylinositol-3-kinase activity,ARAP1 ARAP3 ARMC2 ARMC9 C2CD5 CADPS2 CYFIP1 CYFIP2 EFR3A MACC1 NCKAP1L PDE8B PIK3C2B PIK3C2G PIK3C3 PIK3CB PIK3CG SNX13 SNX14 SNX25 STAG1 STAG3 TBC1D17,
328,"2 iron, 2 sulfur cluster binding",C1QBP C1orf53 CISD1 CISD2 COQ10A COQ2 COX10 COX11 COX15 CRLS1 CUTA FAM210A FAM210B FDX1 FXN GCSH GLRX2 GRSF1 GTPBP8 HINT2 ISCA1 ISCA2 MAIP1 MALSU1 MMADHC MRPL10 MRPS24 MRPS28 MRPS31 MRPS5 MTIF3 MTRES1 NFU1 NIPSNAP3A NIPSNAP3B PARK7 PARL PPIH PRDX1 PRDX2 PRDX6 PTGES2 PYURF SCO1 SDHAF4 SLC30A9 TACO1 TFAM TIMM21 TMEM160 TMEM223 TMEM65 TMEM69 TMEM70 TXN2,
305,"3',5'-cyclic-GMP phosphodiesterase activity",AGBL4 DENND2D DENND6A DTHD1 ELMO2 FLII HID1 PDE1A PDE1B PDE1C PDE4A PDE4B PDE4C PDE4D PDE7A PDE8A PDE9A PELP1 SCIN SCYL3 SGSM3 SIN3B SREBF1 STK11IP SUN2 TBC1D13 TBC1D15 TBC1D19 TBC1D24 VIL1 VILL YTHDC2 ZSWIM4,
114,ABC-type transporter activity,ABCA1 ABCA10 ABCA12 ABCA3 ABCA4 ABCA5 ABCA6 ABCA8 ABCA9 ABCB1 ABCB11 ABCB4 ABCB5 ABCC1 ABCC11 ABCC12 ABCC2 ABCC3 ABCC4 ABCC5 ABCC6 ABCC8 ABCC9 CFTR TMEM94,
115,ABC-type transporter activity,ABCA7 ABCC10 ABCD2 ABCD3 CASR DUOX1 DUOX2 GPRC6A KCNT2 KCNU1 TAS1R1 TAS1R2 TAS1R3,
304,AP-type membrane coat adaptor complex,AP1S1 AP1S3 AP2S1 AP3S1 AP3S2 AP4S1 CFL2 COPZ1 CSTA DCTN6 DNAL4 DPH3 DSTN EIF6 GLRX GMFB GMFG GTF2H5 LAMTOR3 LSM10 MAGOHB MSRB1 NUTF2 PFN2 PHPT1 POLR2E POLR2G RABIF SDHAF1 SEC11A SNRNP25 TRAPPC2B TXNL4A TXNL4B URM1 VPS29,
354,ARF protein signal transduction,ALPK1 ANKS1B ANKS6 APBB2 ARHGAP33 ARVCF AXIN2 CARMIL2 CARMIL3 CASS4 CC2D2B CNBD1 EFCAB5 FAM135B FAM13B FGD5 FNIP1 FNIP2 GIT1 GIT2 GRIP2 HPS4 IL16 MAP3K1 MLPH MTMR3 MTMR4 MYRIP PASK PDZD7 PSD3 PTPN21 RALGDS RGS12 RIPOR1 RIPOR2 SASH1 SH3PXD2B SNCAIP SORBS3 SPATA6 SPATS2L STIM2 SYCP2L TBC1D30 TSC1 UVRAG ZFYVE28,
438,"ATP-dependent activity, acting on RNA",AAR2 ABTB1 ARRB2 ATG4C ATP6V0D1 CHTF18 CNOT7 CWF19L1 DDX11 DDX59 DHX30 DHX32 DHX34 DHX35 DHX40 DHX57 DIS3 ERCC3 GTF2H4 GTPBP2 HCFC2 IGHMBP2 KATNAL1 KLHDC2 MCM8 MINDY3 MKS1 MTRR NAE1 NAT10 NVL PARN PARP2 POLD1 POLN POLR3C POLR3E SHBG SMARCAL1 SPHK2 TDP1 THOC5 TRAPPC13 TTPA TYW1 UFSP2 USP14 USP5 VPS4B,
334,ATP-dependent peptidase activity,AP5M1 ATG7 CARD16 CASP2 CASP9 CHAT CLPX ERO1B EXD3 FKBP5 FNTB HDLBP INPP5K INTS11 LANCL1 LANCL2 LONP2 MYO19 NDOR1 NEU3 NEU4 NHLRC2 NRDC PEX6 PGGT1B PLCXD2 PRKAB2 SIRT2 SND1 SPATA5L1 TMEM143 WDCP YME1L1,
435,ATP-dependent peptidase activity,ACTR8 AFG3L2 ASPHD2 BBS12 C2orf69 DNAJC11 ELAC2 HMOX2 IPPK KIAA0895L LONP1 MKKS NEU2 OLA1 PRKAB1 SPG7 TYSND1 UHMK1,
78,ATP-dependent protein folding chaperone,EEF2 HSP90AA1 HSP90AB1 HSPA1A HSPA1B HSPA1L HSPA2 HSPA5 HSPA6 HSPA8 UBB UBC,
300,Arp2/3 complex-mediated actin nucleation,CAMSAP3 CCDC66 CFAP206 CSPP1 ESPN EVL FMN2 FSIP1 KIAA0753 LRRC27 LUZP1 MAPK7 MIA3 MTFR1 NEK1 NEK11 NEK5 RIMBP3 RIMBP3B RIMBP3C SPICE1 TACC1 TACC3 VASP WASF1 WASF2 WASF3 WASHC1 WASL WIPF1 WIPF2 WIPF3 WNK2,
455,BLOC-1 complex,BLOC1S5 BLOC1S6 BORCS7 C1orf52 CFAP298 FGFR1OP2 GPANK1 ISY1 KXD1 MED21 MED8 PMF1 RPP25 SCOC SIKE1 SLC7A6OS TAF11 TIPIN URAD ZNF622,
207,CCR6 chemokine receptor binding,DEFB103A DEFB103B DEFB104A DEFB104B DEFB105A DEFB105B DEFB106A DEFB106B DEFB107A DEFB107B DEFB108B DEFB110 DEFB113 DEFB114 DEFB115 DEFB116 DEFB119 DEFB121 DEFB123 DEFB125 DEFB126 DEFB127 DEFB128 DEFB130A DEFB130B DEFB131A DEFB131B DEFB135 DEFB136 DEFB4A DEFB4B WFDC10A WFDC10B WFDC11,
185,COPII-coated ER to Golgi transport vesicle,AGR2 AGR3 APLP1 APLP2 ATRAID CALU CD38 CDNF CNPY1 CNPY2 CNPY3 CNPY4 DDOST DNAJC1 EMC10 EPDR1 ERGIC3 ERLEC1 ERP29 FKBP11 FKBP14 FKBP2 FRRS1L GNPTG GPLD1 GPX5 GPX7 GPX8 LAMP1 LMAN1 LMAN1L LMAN2 LMAN2L LRPAP1 M6PR MANF MCFD2 MESD MLEC MYDGF MZB1 NENF NUCB1 NUCB2 OS9 OSTM1 PDIA2 PIGK PIGT PRKCSH QSOX2 RCN1 RCN2 RCN3 RNF167 RPN1 RPN2 SDF4 SELENOF SELENOM SSR1 SSR2 TMED1 TMED10 TMED2 TMED3 TMED4 TMED5 TMED6 TMED7 TMED9 TMEM205 TMEM248 TMEM59 TMEM59L TMX1 TUSC3 TXNDC12 TXNDC15 TXNDC5,
58,Cul2-RING ubiquitin ligase complex,LRRC14 PRAME PRAMEF1 PRAMEF10 PRAMEF11 PRAMEF12 PRAMEF13 PRAMEF14 PRAMEF15 PRAMEF17 PRAMEF18 PRAMEF19 PRAMEF2 PRAMEF20 PRAMEF25 PRAMEF26 PRAMEF27 PRAMEF33 PRAMEF4 PRAMEF5 PRAMEF6 PRAMEF7 PRAMEF8 PRAMEF9,
53,Cul3-RING ubiquitin ligase complex,BTBD19 CCIN ENC1 IPP IVNS1ABP KBTBD12 KBTBD13 KBTBD2 KBTBD3 KBTBD4 KBTBD6 KBTBD7 KBTBD8 KEAP1 KLHL1 KLHL10 KLHL11 KLHL12 KLHL14 KLHL17 KLHL18 KLHL2 KLHL20 KLHL21 KLHL22 KLHL23 KLHL24 KLHL25 KLHL26 KLHL28 KLHL29 KLHL3 KLHL30 KLHL31 KLHL32 KLHL33 KLHL35 KLHL36 KLHL38 KLHL40 KLHL41 KLHL42 KLHL5 KLHL6 KLHL7 KLHL8 KLHL9,
70,Cul4-RING E3 ubiquitin ligase complex,AAAS AAMP APAF1 ARPC1A ARPC1B ATG16L1 ATG16L2 BOP1 BTRC BUB3 CDC20 CDC20B CDC40 CFAP52 CHAF1B CIAO1 CORO1A CORO1B CORO1C CORO2A CORO2B CORO6 CORO7 CSTF1 DAW1 DCAF10 DCAF11 DCAF12 DCAF13 DCAF4 DCAF4L1 DCAF4L2 DCAF7 DCAF8 DDB2 DPH7 DYNC1I1 DYNC1I2 EED EFCAB8 EIF2A EIF3I EIPR1 ELP2 EML1 EML2 EML3 EML4 EML5 EML6 ERCC8 FBXW11 FBXW12 FBXW2 FBXW4 FBXW5 FBXW7 FBXW8 FBXW9 FZR1 GNB1 GNB1L GNB2 GNB3 GNB4 GNB5 GRWD1 GTF3C2 HIRA KATNB1 KLHDC3 LLGL1 LLGL2 LRWD1 MIOS MLST8 NEDD1 NLE1 NOL10 NSMAF NUP37 NUP43 PAAF1 PAFAH1B1 PAK1IP1 PEX7 PLRG1 POC1A POC1B PPP2R2A PPP2R2B PPP2R2C PPP2R2D PPWD1 PRPF19 PRPF4 PWP1 PWP2 RACK1 RAE1 RBBP4 RBBP5 RRP9 SEC13 SEC31B SEH1L SHKBP1 SMU1 SNRNP40 SPAG16 STRAP STRN3 STRN4 STXBP5 STXBP5L TAF5 TAF5L TBL1XR1 TBL2 TBL3 THOC3 THOC6 TLE1 TLE2 TLE3 TLE4 TLE6 TLE7 TRAF7 UTP15 UTP18 UTP4 WDFY1 WDFY2 WDR1 WDR12 WDR18 WDR20 WDR24 WDR25 WDR27 WDR3 WDR31 WDR36 WDR37 WDR38 WDR4 WDR41 WDR43 WDR45B WDR46 WDR47 WDR48 WDR49 WDR5 WDR53 WDR54 WDR55 WDR59 WDR5B WDR6 WDR61 WDR64 WDR7 WDR70 WDR73 WDR74 WDR75 WDR77 WDR82 WDR83 WDR86 WDR88 WDR89 WDR90 WDR91 WDSUB1 WDTC1 WRAP53 WRAP73 WSB1 WSB2,
396,DNA endonuclease activity,ANKS4B APLF ATXN1L BAP1 CCDC82 CCM2L CCNB1 CCNB2 CSRNP2 CSRNP3 DCLRE1C DCP2 DNAJC14 DNMT1 DTL EME1 ERICH1 ITPKC JADE1 LIMD1 MBD4 MTA1 MTA2 ORC1 PAXBP1 PCGF2 PIAS1 PIAS2 PIAS3 RACGAP1 RAD18 RAG1 RING1 RNF168 SOCS6 SOCS7 SYCP3 TRAF3IP2 TRIM28 TTF2 UIMC1,
432,DNA helicase activity,AASDH ABCE1 ABCF2 ABCF3 ALKBH8 AMZ2 ANGEL1 AP5S1 ARRDC2 ARRDC4 ARRDC5 ASPRV1 ASTE1 ATAD1 ATG4B BABAM2 BAG5 BBS10 BLMH C5orf22 C7orf25 CCZ1 CDC123 CDC45 CEP41 CIDEA CNOT8 COA7 CPSF3 CSDE1 CYB5R4 CYBC1 DCAF17 DDHD2 DDX19A DDX25 DDX31 DDX39A DDX39B DDX41 DHX58 DIS3L DIS3L2 DMC1 DNM1L DNMT3L DRG1 DXO EFL1 EFTUD2 EIF2B5 EIF2S3B EIF4A1 EIF4A2 EIF4A3 ELMOD2 ERCC2 FASTK FASTKD1 FASTKD2 FASTKD3 FASTKD5 FEN1 FNTA FTO GPN1 GSPT1 HBS1L HDAC1 HDAC2 HDAC3 HMOX1 IFI35 IFT52 INTS9 IP6K2 IP6K3 IPMK KLHDC10 LETM1 LGSN LIG4 LIPE LRRC47 MALT1 MCM2 MCM3 MCM4 MCM5 MCM6 MCM7 MCMBP MCMDC2 MEAK7 MEIOB METTL22 METTL25 MIEF1 MPPED2 MRPS27 MSH5 MSS51 MTPAP NAA40 NAA80 NOL6 NOL9 NSF NSUN2 NTAN1 NUDCD1 OTUB2 PARP3 PDE12 PI4K2B POLA2 POLE2 POLG POLR1B POLR2A POLR2B POLR3A POLR3B POLRMT POP1 POT1 PPME1 PPP1CA PPP1CB PPP1CC PPP2CA PPP2CB PPP4C PPP5C PPP6C PRMT1 PRMT5 PRORP PRPF31 PSMC1 PSMC3 PSMC4 PSMC5 PSMC6 PSTK PTAR1 PTCD2 PTCD3 PUS7 RABGGTB RAD51 RAD51B RFC2 RFC3 RFC4 RFC5 RGP1 RHOT1 RNF25 RPA1 RTEL1 RUVBL1 RUVBL2 SAE1 SBNO2 SCFD1 SERAC1 SETD3 SETD4 SETD6 SKIV2L SPATA5 SPRYD3 SRPRA ST7L SUPV3L1 TBRG4 TDP2 TERT THNSL1 TOE1 TOP1MT TOP3A TOP3B TPGS2 TRIP13 TRMT13 TRMT9B TSEN2 TSEN54 TXNIP UBA2 UBA3 UBA6 UCHL1 VCP VPS26C VPS4A XRCC5 XRCC6,
437,DNA helicase activity,ARRB1 CMTR1 DDX42 DHX9 ELMOD1 EXOSC10 FBH1 GSTCD GTPBP1 KATNA1 KCTD3 LIG1 LIG3 MSH2 NEK9 NMI PEX1 RECQL4 SETD7 SPAST TBCCD1 UBE3D UPF1,
330,DNA integration,ABRA BAG3 BEND3 BEND4 C11orf16 C13orf42 C15orf62 C17orf113 C19orf47 C1orf226 C21orf58 C22orf15 C4orf19 C8orf34 CARD6 CBARP CBX6 CCDC17 CCSAP CDKN1A CENPB CLIC6 DACT3 DCDC2 DCDC2B DCDC2C DEPP1 E2F5 E2F6 ENTHD1 ENTR1 EPM2AIP1 ERRFI1 FAM110A FAM110B FAM110C FAM117A FAM200A FAM200B FAM217B FAM53A GIN1 GPRIN2 GTF2IRD2 GTF2IRD2B HARBI1 HSF4 INKA2 IRGQ JRK JRKL KIAA1586 LSP1 LURAP1 LURAP1L MCIDAS MEIKIN MEX3C MIIP MRNIP MYOZ1 NANOS1 NFE2L3 NYNRIN OTUD1 PEG10 PGBD2 PGBD4 PHETA1 PIMREG PJA2 PNMA8B PROSER2 PRR19 PTTG2 RASSF7 RTL1 RYBP SAPCD2 SLC2A4RG SMAD7 SPRED3 TAF1D TEDC2 TESMIN TESPA1 THAP12 THAP9 TIGD1 TIGD2 TIGD3 TIGD4 TIGD5 TIGD6 TIGD7 TPRN TSC22D4 UBXN11 VRTN YAF2 ZAR1 ZBED4 ZBED5 ZBED6 ZBED8 ZBED9 ZCCHC10 ZMYM1 ZMYM6 ZNF395 ZNF618 ZNF862 ZSWIM1 ZSWIM3 ZSWIM9,
360,DNA-directed RNA polymerase complex,AMZ1 C8orf76 CAPZA1 CAPZA3 CCZ1B CHMP7 CLIC5 DDX19B DDX43 DHX37 DYNC1LI1 EME2 ERCC4 GTF2H2 GTF2H3 IMPACT OTUB1 PDCD11 PRIM1 PRIMPOL RRAGD SMYD5 TAF1B TCEANC2 TDRD10 UCHL5 VAPB VPS28 ZHX1-C8orf76,
241,E-box binding,ASCL1 ASCL4 ASCL5 ATOH1 BHLHE23 CEBPE CITED4 FERD3L FOXE3 HAND1 HEYL JUNB LYL1 MKX MSC MSGN1 MYF5 MYF6 MYOD1 MYOG NEUROG1 NEUROG2 NEUROG3 NHLH1 NHLH2 OLIG1 PTF1A SCX TCF21 TWIST1 TWIST2,
242,E-box binding,ARID3C ASCL3 BHLHE40 CEBPA CEBPB CEBPD DMRTC2 ETV2 ETV3L FAM181B FOXD4 FOXD4L1 FOXD4L3 FOXD4L4 FOXD4L5 FOXD4L6 FOXH1 FOXJ1 FOXQ1 FOXS1 HELT HES1 HEY1 HEY2 JUN JUND NEUROD1 NEUROD4 NEUROD6 OLIG3 SOX15 SOX18 TAL1,
359,ESC/E(Z) complex,AEBP2 ARHGAP19 BMI1 CABLES2 CCNA1 CCNA2 CDCA7 CDCA7L CEP44 CXXC1 DPF3 ELL2 EZH1 EZH2 FAM124A JMJD6 KCTD18 KIF2B MTF2 NFATC2IP OGFR PHF19 PIAS4 PPM1D RAB3IP RNF220 RNF6 RNPC3 SAV1 SH2B2 SMARCB1 SOCS4 SOCS5 SPRED2 TADA2B TMEM201 TOR1AIP1 WEE1 XRCC1 ZC3H7A ZMYND15,
171,ESCRT III complex,ATP6V1D ATP6V1E1 ATP6V1E2 ATP6V1G1 ATP6V1G2 ATP6V1G3 CHMP1A CHMP1B CHMP2A CHMP2B CHMP3 CHMP4A CHMP4B CHMP5 PDCD5 PFDN1 PFDN2 PFDN5 PFDN6 RGS20 SSNA1 STX17 TBCA YKT6,
14,"G protein-coupled receptor signaling pathway, coupled to cyclic nucleotide second messenger",ACKR1 ACKR2 ACKR3 ACKR4 ADORA1 ADORA2A ADORA2B ADORA3 ADRA1A ADRA1B ADRA1D ADRA2A ADRA2B ADRA2C ADRB1 ADRB2 ADRB3 AGTR1 APLNR AVPR1A AVPR1B BDKRB1 BDKRB2 C3AR1 C5AR1 C5AR2 CCKAR CCKBR CCR1 CCR10 CCR2 CCR3 CCR4 CCR5 CCR6 CCR7 CCR8 CCR9 CCRL2 CHRM1 CHRM2 CHRM3 CHRM4 CHRM5 CMKLR1 CNR1 CNR2 CX3CR1 CXCR1 CXCR2 CXCR4 CXCR5 CXCR6 CYSLTR2 DRD1 DRD2 DRD3 DRD4 DRD5 EDNRA EDNRB F2R F2RL1 F2RL2 F2RL3 FFAR1 FFAR2 FFAR3 FFAR4 FPR1 FPR2 FPR3 GALR1 GALR2 GALR3 GHSR GNRHR GPBAR1 GPER1 GPR12 GPR132 GPR135 GPR139 GPR141 GPR142 GPR146 GPR148 GPR149 GPR15 GPR150 GPR151 GPR152 GPR157 GPR160 GPR161 GPR162 GPR17 GPR171 GPR176 GPR18 GPR182 GPR183 GPR19 GPR20 GPR21 GPR22 GPR25 GPR26 GPR27 GPR3 GPR31 GPR32 GPR33 GPR35 GPR37 GPR37L1 GPR39 GPR4 GPR42 GPR45 GPR52 GPR55 GPR6 GPR61 GPR62 GPR63 GPR65 GPR68 GPR75 GPR78 GPR83 GPR84 GPR85 GPR87 GPR88 HCAR1 HCAR2 HCAR3 HCRTR1 HCRTR2 HRH1 HRH2 HRH3 HRH4 HTR1A HTR1B HTR1D HTR1E HTR1F HTR2A HTR2B HTR4 HTR5A HTR6 HTR7 KISS1R LPAR1 LPAR2 LPAR3 LPAR5 LPAR6 LTB4R LTB4R2 MAS1 MAS1L MC1R MC2R MC3R MC4R MC5R MCHR1 MCHR2 MLNR MRGPRD MRGPRE MRGPRF MRGPRG MRGPRX1 MRGPRX2 MRGPRX3 MRGPRX4 MTNR1A MTNR1B NMBR NMUR1 NMUR2 NPBWR1 NPBWR2 NPFFR1 NPFFR2 NPSR1 NPY1R NPY2R NPY4R NPY4R2 NPY5R NTSR1 NTSR2 OPN1SW OPN3 OPN4 OPN5 OPRD1 OPRK1 OPRL1 OXER1 OXGR1 OXTR P2RY1 P2RY11 P2RY12 P2RY13 P2RY14 P2RY2 P2RY6 PRLHR PROKR1 PROKR2 PTAFR PTGDR PTGDR2 PTGER1 PTGER2 PTGER3 PTGER4 PTGFR PTGIR QRFPR RGR RHO RRH RXFP3 RXFP4 S1PR1 S1PR2 S1PR3 S1PR4 S1PR5 SLC10A4 SSTR1 SSTR2 SSTR3 SSTR4 SSTR5 SUCNR1 TAAR1 TAAR2 TAAR5 TAAR6 TAAR8 TAAR9 TACR1 TACR2 TACR3 TBXA2R TMEM116 TMEM217 TRHR UTS2R XCR1,
174,G-protein alpha-subunit binding,BANF2 RGS1 RGS10 RGS13 RGS16 RGS17 RGS18 RGS19 RGS2 RGS21 RGS4 RGS8,
175,G-protein beta-subunit binding,GNG11 GNG12 GNG13 GNG14 GNG2 GNG3 GNG4 GNG7 GNG8 GNGT1 GNGT2 SERP2,
29,G-protein beta/gamma-subunit complex binding,GNA11 GNA12 GNA13 GNA14 GNA15 GNAI1 GNAI2 GNAI3 GNAL GNAO1 GNAQ GNAS GNAT1 GNAT2 GNAT3 GNAZ,
27,GDP binding,ARF1 ARF3 ARF4 ARF5 ARF6 ARFRP1 ARL1 ARL10 ARL11 ARL13B ARL14 ARL15 ARL17A ARL17B ARL2 ARL3 ARL4A ARL4C ARL4D ARL5A ARL5B ARL5C ARL6 ARL8A ARL8B ARL9 B9D1 CDC42 DIRAS1 DIRAS2 DIRAS3 DNAJC27 DYNC2LI1 GEM HRAS IFT22 IFT27 KRAS MRAS NKIRAS1 NKIRAS2 NRAS RAB10 RAB11A RAB11B RAB12 RAB13 RAB14 RAB15 RAB17 RAB18 RAB19 RAB1A RAB1B RAB20 RAB22A RAB23 RAB24 RAB25 RAB26 RAB27A RAB27B RAB28 RAB29 RAB2A RAB2B RAB30 RAB31 RAB32 RAB33B RAB34 RAB35 RAB36 RAB37 RAB38 RAB39A RAB3A RAB3C RAB3D RAB40B RAB40C RAB42 RAB43 RAB4A RAB4B RAB5A RAB5B RAB5C RAB6A RAB6B RAB6C RAB6D RAB7A RAB7B RAB8A RAB8B RABL2A RABL2B RABL3 RAC1 RAC2 RAC3 RALA RALB RAN RAP1A RAP2A RAP2B RASD1 RASD2 RASL10A RASL10B RASL11A RASL11B RASL12 REM1 RERG RERGL RHEB RHEBL1 RHOA RHOB RHOC RHOD RHOF RHOG RHOH RHOJ RHOQ RHOU RHOV RIT1 RIT2 RND1 RND2 RND3 RRAD RRAGA RRAS RRAS2 SAR1A SAR1B,
64,GPI-linked ephrin receptor activity,ALK AXL BMPR1B CSF1R DDR1 DDR2 EGFR EPHA1 EPHA10 EPHA2 EPHA3 EPHA4 EPHA5 EPHA7 EPHA8 EPHB1 EPHB2 EPHB3 EPHB4 EPHB6 ERBB2 ERBB3 ERBB4 FGFR1 FGFR2 FGFR3 FGFR4 FLT1 FLT3 FLT4 GUCY2C IGF1R INSR INSRR KDR KIT LTK MERTK MET MST1R MUSK NPR1 NTRK1 NTRK2 PDGFRA PDGFRB RET ROR1 ROR2 TEK TIE1 TYRO3,
249,Golgi cis cisterna,CCDC105 CCDC170 CCDC196 CFAP58 GOLGA6A GOLGA6B GOLGA6C GOLGA6D GOLGA6L1 GOLGA6L10 GOLGA6L2 GOLGA6L22 GOLGA6L4 GOLGA6L6 GOLGA6L7 GOLGA6L9 GOLGA8A GOLGA8B GOLGA8F GOLGA8H GOLGA8J GOLGA8K GOLGA8N GOLGA8O GOLGA8Q GOLGA8R GOLGA8S GOLGA8T IVL LRSAM1 SYCE1 SYCE1L TCHH TEKT1 TEKT2 TEKT3 TEKT4 TEKT5 TMCO5A,
147,Golgi lumen,C11orf24 C1orf54 CD164 CD34 CD44 CD68 CSF1 CX3CL1 CXCL16 DAG1 DYNAP ECSCR EMCN EQTN EVI2A EVI2B FCAMR FXYD5 GYPA GYPB GYPE HEG1 HHLA1 LAMP3 LYVE1 MANSC1 MANSC4 MUC1 MUC13 MUC15 MUC20 MUC21 MUC22 MUC3A MUCL3 PARM1 PDPN PMEL PODXL PRG4 SDC1 SDC3 SELPLG SPN TMEM108 TMEM123,
193,HMG box domain binding,GATA3 GATA5 ONECUT1 PAX3 PAX6 PAX7 POU4F3 PRDM13 SP8 SP9 TFAP2A TFAP2B TFAP2C TFAP2D TFAP2E,
208,Hsp70 protein binding,AARS2 APEH APOF ATP6V0D2 CASP6 CNP DNAJA1 DNAJA2 DNAJA4 DNAJB1 DNAJB13 DNAJB14 DNAJB2 DNAJB4 DNAJB5 DNAJB6 DNAJB7 DNAJB8 DNAJB9 DNAJC18 DPP8 ENGASE ERO1A FCSK FKBP4 HSPA12A HSPA4L IDE IRGC NDRG1 NDRG2 NDRG3 NDRG4 PFAS PPID PREP RAG2 TTLL12,
35,IgG immunoglobulin complex,B2M IGHA1 IGHA2 IGHD IGHE IGHG1 IGHG2 IGHG3 IGHG4 IGHM IGKC IGLC1 IGLC2 IGLC3 IGLC7 IGLL1 IGLL5,
226,IgG receptor activity,CD300A CD300C CD300H CD300LB CD300LD CD300LF CD300LG CD8B2 CEACAM21 CEACAM3 CEACAM4 FCER1A FCGR1A FCGR2A FCGR2B FCGR2C FCGR3A FCGR3B FCRL1 FCRL2 FCRL3 FCRL4 FCRL5 FCRL6 HAVCR2 LAIR1 LY9 NCR2 OSCAR PILRA PILRB SIGLEC10 SIGLEC11 SIRPB1 SIRPD SIRPG,
358,L-amino acid catabolic process,AACS AADAT AASS ABAT ACACB ACCSL ACMSD ACOT12 ACOX1 ACOX2 ACOX3 ACOXL ACSBG1 ACSBG2 ACSF2 ACSL1 ACSL3 ACSL5 ACSL6 ACSS1 ACSS2 ACSS3 ADSL AGXT AGXT2 AHCYL2 ALAS1 ALDH3B1 ALDH3B2 AOX1 ARG1 ASL ASRGL1 BHMT BHMT2 CBS CHDH CMBL CNDP2 CPS1 CRYL1 CSAD CTH DCXR DECR2 DHRS11 DHRS2 DHRS4 DHRS4L2 DHTKD1 DMGDH DPYD ENOSF1 EPHX2 ETNPPL FBP2 FDFT1 FGGY FTCD GAD1 GAD2 GADL1 GCAT GCK GCKR GFPT1 GFPT2 GLS2 GPD1 GPT GPT2 GRHPR HAL HAO1 HDC HGD HK3 HKDC1 HMGCS1 HPD HSD17B14 HSD17B8 IREB2 KYAT1 KYAT3 MTHFD1 MTHFD1L NADSYN1 NQO1 OXCT1 PAH PAPSS2 PCK2 PECR PEPD PGM5 PHYKPL POR PSAT1 RIDA SARDH SLC27A2 SLC27A6 SORD SPTLC3 TAT TKFC UGDH UGP2 UPB1 UROC1 XDH,
309,L-leucine binding,FBXL5 GRTP1 HPS1 MKLN1 MOB1A MOB1B MOB2 MOB3A MOB3B MOB3C MTMR2 NPLOC4 NRBP1 PI4KB PIP4K2A PIP4K2B PTPA RLBP1 SESN1 SESN2 SESN3 TBC1D20 TTPAL TWF2 VIPAS39 ZFYVE27,
80,M band,IGFN1 IGSF22 MYBPC1 MYBPC2 MYBPC3 MYBPH MYBPHL MYLK MYOM1 MYOM2 MYOM3 OBSL1 SPEG SPEGNB,
384,MAP kinase phosphatase activity,ARFGAP3 ATAT1 BEND6 BTG3 BTG4 C16orf72 C16orf87 CDK5R2 CNBP CPSF4L CUEDC1 DEDD2 DPF1 DPF2 DUSP1 DUSP2 DUSP4 DUSP5 DUSP6 GRXCR2 ING2 ING4 ING5 KMT5A LIMD2 LMO3 LSM11 MBD1 MSANTD2 NOL3 PHF1 PHLDA2 PHLDA3 PKMYT1 PPP4R2 PRICKLE4 PURA PURB PURG RANBP3L RNF10 RTL6 SHFL SNX15 SOCS1 SOCS3 TCEA2 TENT5A TRADD TRIB1 TRIB2 UNK URI1 WRNIP1 ZFAND3 ZFAND5 ZFAND6 ZNF512 ZNF598,
151,MKS complex,CAPN7 CATSPERB CATSPERD CATSPERE CATSPERG ITFG1 KCNMB1 KCNMB2 PARP4 TCTN1 TCTN2 TCTN3 TMEM231 TMEM67 VWA5A VWA5B1 VWA5B2,
457,N-methyltransferase activity,ADAL AK1 AK6 ALLC EEF2KMT EGLN3 FAM86B2 GATD1 HNMT METTL21C MRM1 NANP NIF3L1 NT5C1A NT5C3A PCTP PHOSPHO1 PNMT SRM TMEM177 UCK1 VCPKMT,
357,NADH metabolic process,ACO1 ALDH1L1 ALDH1L2 ALDH3A1 ALDH3A2 ALDOB BDH2 DDC EHHADH ETFDH GLDC HK1 HK2 HMGCR MAT1A ME1 ME2 MTR OGDHL PC PCK1 PFKL,
177,NLS-bearing protein import into nucleus,AHCTF1 KIF13A KIF13B NRAP PREX2 RANBP2 RGPD1 RGPD2 RGPD3 RGPD4 RGPD5 RGPD6 RGPD8 RICTOR TMEM131 TMEM131L TOGARAM1 UNC13A XRN1,
318,NLS-dependent protein nuclear import complex,CNOT9 COPG2 KPNA2 KPNA3 KPNA5 KPNA6 KPNA7 PPP2R1B RIC1 TRAPPC11,
0,No significant GO enrichment,TRBV10-1 TRBV10-2 TRBV10-3 TRBV11-1 TRBV11-3 TRBV12-3 TRBV12-4 TRBV12-5 TRBV13 TRBV14 TRBV18 TRBV19 TRBV2 TRBV20-1 TRBV23-1 TRBV24-1 TRBV25-1 TRBV27 TRBV28 TRBV29-1 TRBV3-1 TRBV30 TRBV4-1 TRBV4-2 TRBV5-1 TRBV5-4 TRBV5-5 TRBV5-6 TRBV6-1 TRBV6-2 TRBV6-4 TRBV6-5 TRBV6-6 TRBV6-7 TRBV6-8 TRBV7-2 TRBV7-3 TRBV7-6 TRBV7-7 TRBV7-9 TRBV9,
2,No significant GO enrichment,PCDHGA1 PCDHGA10 PCDHGA11 PCDHGA12 PCDHGA2 PCDHGA3 PCDHGA4 PCDHGA5 PCDHGA6 PCDHGA7 PCDHGA8 PCDHGA9 PCDHGB1 PCDHGB2 PCDHGB3 PCDHGB4 PCDHGB5 PCDHGB6 PCDHGB7,
3,No significant GO enrichment,OR51A2 OR51A4 OR51A7 OR51B2 OR51B4 OR51B5 OR51B6 OR51D1 OR51E1 OR51E2 OR51F1 OR51F2 OR51G1 OR51G2 OR51I1 OR51I2 OR51L1 OR51M1 OR51Q1 OR51S1 OR51T1 OR51V1 OR52A1 OR52A5 OR52B2 OR52B4 OR52B6 OR52D1 OR52E2 OR52E4 OR52E5 OR52E6 OR52E8 OR52H1 OR52I1 OR52I2 OR52J3 OR52K1 OR52K2 OR52L1 OR52M1 OR52N1 OR52N2 OR52N4 OR52N5 OR52R1 OR52W1 OR56A1 OR56A3 OR56A4 OR56A5 OR56B1 OR56B4,
6,No significant GO enrichment,SCYGR1 SCYGR2 SCYGR3 SCYGR4 SCYGR5 SCYGR6 SCYGR7 SCYGR8,
7,No significant GO enrichment,IGHD1-1 IGHJ1 IGKJ1 TRAJ3 TRAJ31 TRAJ42 TRBD1 TRBJ1-1 TRBJ1-2 TRBJ1-3 TRBJ1-4 TRBJ1-5 TRBJ1-6 TRBJ2-1 TRBJ2-2 TRBJ2-3 TRBJ2-4 TRBJ2-5 TRBJ2-6 TRBJ2-7 TRDD1 TRDJ1 TRGJ1,
9,No significant GO enrichment,TBC1D26 TBC1D28 TBC1D3 TBC1D3B TBC1D3C TBC1D3D TBC1D3E TBC1D3F TBC1D3G TBC1D3H TBC1D3I TBC1D3K TBC1D3L,
12,No significant GO enrichment,OR1D2 OR1D5 OR1E1 OR1E2 OR1G1 OR1I1 OR1J2 OR1J4 OR1N1 OR1N2 OR1S1 OR1S2 OR5P3 OR7A10 OR7A17 OR7A5 OR7C1 OR7C2 OR7D2 OR7D4 OR7E24 OR7G1 OR7G2 OR7G3,
16,No significant GO enrichment,KRTAP17-1 KRTAP23-1 KRTAP5-1 KRTAP5-10 KRTAP5-11 KRTAP5-2 KRTAP5-3 KRTAP5-4 KRTAP5-5 KRTAP5-6 KRTAP5-7 KRTAP5-8 KRTAP5-9,
17,No significant GO enrichment,KRTAP19-1 KRTAP19-2 KRTAP19-3 KRTAP19-4 KRTAP19-5 KRTAP19-6 KRTAP19-7 KRTAP19-8 KRTAP20-1 KRTAP20-2 KRTAP20-3 KRTAP21-1 KRTAP21-2 KRTAP21-3 KRTAP22-1 KRTAP22-2 KRTAP6-1 KRTAP6-2 KRTAP6-3 KRTAP7-1 KRTAP8-1,
21,No significant GO enrichment,ZFP62 ZNF160 ZNF195 ZNF267 ZNF28 ZNF320 ZNF347 ZNF415 ZNF468 ZNF480 ZNF528 ZNF534 ZNF578 ZNF600 ZNF610 ZNF611 ZNF616 ZNF665 ZNF677 ZNF701 ZNF761 ZNF765 ZNF808 ZNF813 ZNF816 ZNF83 ZNF836 ZNF841 ZNF845 ZNF860 ZNF880 ZNF888,
24,No significant GO enrichment,NPIPA1 NPIPA2 NPIPA3 NPIPA5 NPIPA7 NPIPA8 NPIPB11 NPIPB12 NPIPB13 NPIPB15 NPIPB2 NPIPB3 NPIPB4 NPIPB5 NPIPB6 NPIPB7 NPIPB8 NPIPB9,
26,No significant GO enrichment,ZNF100 ZNF107 ZNF117 ZNF138 ZNF208 ZNF253 ZNF254 ZNF257 ZNF273 ZNF429 ZNF43 ZNF430 ZNF479 ZNF486 ZNF492 ZNF493 ZNF506 ZNF519 ZNF525 ZNF595 ZNF626 ZNF66 ZNF675 ZNF676 ZNF678 ZNF679 ZNF680 ZNF681 ZNF682 ZNF695 ZNF708 ZNF714 ZNF716 ZNF718 ZNF721 ZNF723 ZNF724 ZNF726 ZNF727 ZNF728 ZNF729 ZNF730 ZNF732 ZNF735 ZNF736 ZNF737 ZNF738 ZNF85 ZNF90 ZNF91 ZNF92 ZNF93 ZNF98 ZNF99,
31,No significant GO enrichment,GLI4 MZF1 PEG3 PGBD1 POGK REPIN1 SCAND1 ZFP41 ZFP57 ZIM2 ZKSCAN1 ZKSCAN2 ZKSCAN3 ZKSCAN4 ZKSCAN5 ZKSCAN8 ZNF165 ZNF174 ZNF18 ZNF200 ZNF202 ZNF205 ZNF212 ZNF213 ZNF215 ZNF232 ZNF24 ZNF263 ZNF274 ZNF282 ZNF324 ZNF324B ZNF394 ZNF396 ZNF397 ZNF398 ZNF444 ZNF446 ZNF467 ZNF48 ZNF496 ZNF497 ZNF500 ZNF517 ZNF597 ZNF629 ZNF639 ZNF641 ZNF648 ZNF672 ZNF688 ZNF689 ZNF691 ZNF696 ZNF697 ZNF707 ZNF746 ZNF747 ZNF75A ZNF764 ZNF768 ZNF771 ZNF775 ZNF777 ZNF783 ZNF785 ZNF835 ZNF837 ZNF843 ZSCAN1 ZSCAN10 ZSCAN12 ZSCAN16 ZSCAN18 ZSCAN20 ZSCAN21 ZSCAN22 ZSCAN23 ZSCAN25 ZSCAN26 ZSCAN29 ZSCAN30 ZSCAN31 ZSCAN32 ZSCAN4 ZSCAN5A ZSCAN5B ZSCAN5C ZSCAN9,
32,No significant GO enrichment,IGHV3-11 IGHV3-13 IGHV3-15 IGHV3-16 IGHV3-20 IGHV3-21 IGHV3-23 IGHV3-30 IGHV3-33 IGHV3-35 IGHV3-38 IGHV3-43 IGHV3-48 IGHV3-49 IGHV3-53 IGHV3-64 IGHV3-64D IGHV3-66 IGHV3-7 IGHV3-72 IGHV3-73 IGHV3-74,
33,No significant GO enrichment,IGHV1-18 IGHV1-2 IGHV1-24 IGHV1-3 IGHV1-45 IGHV1-46 IGHV1-58 IGHV1-69 IGHV1-69-2 IGHV1-69D IGHV2-26 IGHV2-5 IGHV2-70 IGHV2-70D IGHV4-28 IGHV4-31 IGHV4-34 IGHV4-39 IGHV4-4 IGHV4-59 IGHV4-61 IGHV5-10-1 IGHV5-51 IGHV6-1 IGHV7-4-1 IGHV7-81,
40,No significant GO enrichment,IGKV1-12 IGKV1-16 IGKV1-17 IGKV1-27 IGKV1-33 IGKV1-37 IGKV1-39 IGKV1-5 IGKV1-6 IGKV1-8 IGKV1-9 IGKV1D-12 IGKV1D-13 IGKV1D-16 IGKV1D-17 IGKV1D-33 IGKV1D-37 IGKV1D-39 IGKV1D-8 IGKV2-30 IGKV3-11 IGKV3-15 IGKV3-20 IGKV3-7 IGKV3D-11 IGKV3D-20 IGKV3D-7,
47,No significant GO enrichment,KRBOX1 PRDM9 ZNF112 ZNF133 ZNF155 ZNF169 ZNF214 ZNF221 ZNF222 ZNF223 ZNF224 ZNF225 ZNF226 ZNF227 ZNF229 ZNF230 ZNF233 ZNF234 ZNF235 ZNF284 ZNF337 ZNF343 ZNF425 ZNF45 ZNF589 ZNF766 ZNF786 ZNF875,
54,No significant GO enrichment,FAM205A SPATA31A1 SPATA31A3 SPATA31A5 SPATA31A6 SPATA31A7 SPATA31D1 SPATA31D3 SPATA31D4 SPATA31E1,
56,No significant GO enrichment,ZNF101 ZNF121 ZNF124 ZNF136 ZNF14 ZNF177 ZNF20 ZNF266 ZNF426 ZNF433 ZNF439 ZNF44 ZNF440 ZNF441 ZNF442 ZNF443 ZNF490 ZNF491 ZNF555 ZNF556 ZNF559 ZNF560 ZNF563 ZNF564 ZNF57 ZNF625 ZNF627 ZNF669 ZNF670 ZNF69 ZNF699 ZNF700 ZNF709 ZNF763 ZNF77 ZNF778 ZNF791 ZNF799 ZNF823 ZNF844 ZNF846 ZNF878,
57,No significant GO enrichment,RBAK ZFP1 ZFP14 ZFP2 ZFP28 ZFP3 ZFP30 ZFP37 ZFP69 ZFP69B ZFP82 ZFP90 ZIK1 ZIM3 ZKSCAN7 ZNF10 ZNF114 ZNF12 ZNF132 ZNF134 ZNF135 ZNF140 ZNF146 ZNF154 ZNF16 ZNF17 ZNF175 ZNF180 ZNF181 ZNF184 ZNF189 ZNF19 ZNF197 ZNF2 ZNF211 ZNF22 ZNF23 ZNF239 ZNF248 ZNF25 ZNF250 ZNF251 ZNF256 ZNF260 ZNF264 ZNF283 ZNF285 ZNF286A ZNF287 ZNF3 ZNF30 ZNF300 ZNF302 ZNF304 ZNF311 ZNF317 ZNF32 ZNF322 ZNF329 ZNF331 ZNF333 ZNF334 ZNF33A ZNF33B ZNF34 ZNF345 ZNF35 ZNF350 ZNF354A ZNF354B ZNF354C ZNF37A ZNF382 ZNF383 ZNF391 ZNF404 ZNF416 ZNF417 ZNF418 ZNF419 ZNF420 ZNF432 ZNF436 ZNF454 ZNF460 ZNF461 ZNF470 ZNF471 ZNF473 ZNF484 ZNF485 ZNF487 ZNF501 ZNF502 ZNF510 ZNF514 ZNF527 ZNF529 ZNF530 ZNF540 ZNF543 ZNF544 ZNF546 ZNF547 ZNF548 ZNF549 ZNF550 ZNF551 ZNF552 ZNF554 ZNF557 ZNF558 ZNF561 ZNF565 ZNF566 ZNF567 ZNF568 ZNF569 ZNF570 ZNF571 ZNF572 ZNF573 ZNF577 ZNF582 ZNF583 ZNF584 ZNF585A ZNF585B ZNF586 ZNF587 ZNF587B ZNF594 ZNF596 ZNF599 ZNF605 ZNF606 ZNF607 ZNF613 ZNF614 ZNF615 ZNF619 ZNF620 ZNF621 ZNF623 ZNF624 ZNF649 ZNF655 ZNF658 ZNF660 ZNF662 ZNF664 ZNF667 ZNF671 ZNF684 ZNF7 ZNF70 ZNF705A ZNF705B ZNF705D ZNF705G ZNF71 ZNF713 ZNF717 ZNF74 ZNF749 ZNF772 ZNF773 ZNF774 ZNF776 ZNF780A ZNF780B ZNF782 ZNF789 ZNF79 ZNF790 ZNF792 ZNF793 ZNF8 ZNF80 ZNF805 ZNF814 ZNF829 ZNF84 ZNF850 ZNF852 ZNF879 ZSCAN2,
59,No significant GO enrichment,OR14A16 OR14C36 OR2J3 OR4A15 OR4A16 OR4A47 OR4A5 OR4B1 OR4C11 OR4C12 OR4C13 OR4C15 OR4C16 OR4C3 OR4C45 OR4C46 OR4C5 OR4C6 OR4D1 OR4D10 OR4D11 OR4D2 OR4D5 OR4D6 OR4D9 OR4E1 OR4E2 OR4F15 OR4F16 OR4F17 OR4F21 OR4F29 OR4F3 OR4F4 OR4F5 OR4F6 OR4K1 OR4K13 OR4K14 OR4K17 OR4K2 OR4K5 OR4L1 OR4M1 OR4M2 OR4N2 OR4N4 OR4N5 OR4P4 OR4Q2 OR4Q3 OR4S1 OR4S2 OR4X1 OR4X2 OR5AS1 OR5H1 OR5H15,
60,No significant GO enrichment,IGKV2-28 IGKV2-40 IGKV2D-26 IGKV2D-40 IGKV4-1 IGKV6-21 IGKV6D-41 IGLV1-36 IGLV1-40 IGLV1-44 IGLV1-47 IGLV1-50 IGLV1-51 IGLV10-54 IGLV11-55 IGLV2-11 IGLV2-14 IGLV2-18 IGLV2-23 IGLV2-33 IGLV2-8 IGLV3-1 IGLV3-10 IGLV3-12 IGLV3-16 IGLV3-19 IGLV3-21 IGLV3-22 IGLV3-25 IGLV3-27 IGLV3-32 IGLV3-9 IGLV4-3 IGLV4-60 IGLV4-69 IGLV5-37 IGLV5-45 IGLV5-48 IGLV5-52 IGLV6-57 IGLV7-43 IGLV7-46 IGLV8-61 IGLV9-49 VPREB3,
61,No significant GO enrichment,IGKV1D-42 IGKV1D-43 IGKV2-24 IGKV2D-24 IGKV2D-28 IGKV2D-29 IGKV2D-30 IGKV3D-15 IGKV5-2 IGKV6D-21 VPREB1,
62,No significant GO enrichment,SPDYE1 SPDYE16 SPDYE17 SPDYE2 SPDYE2B SPDYE3 SPDYE4 SPDYE5 SPDYE6,
75,No significant GO enrichment,ACTL10 ACTL7A ACTL7B ACTL8 ACTL9 ACTRT2 ACTRT3 EEF1A1 GAPDH,
85,No significant GO enrichment,ANP32D FBXL14 FBXL18 FBXL2 FBXO39 LRR1 LRRC1 LRRC10 LRRC10B LRRC18 LRRC2 LRRC20 LRRC23 LRRC28 LRRC30 LRRC39 LRRC40 LRRC57 LRRC59 LRRC69 LRRD1 LRRIQ4 PPP1R7 RNH1 RSU1 SHOC2,
100,No significant GO enrichment,OR13J1 OR14A2 OR14J1 OR1A1 OR1A2 OR1F1 OR1J1 OR1L4 OR1L8 OR1M1 OR1Q1 OR2L2 OR2L3 OR2L5 OR2M3 OR5A1 OR5AC2 OR5AK2 OR5AN1 OR5AP2 OR5AR1 OR5AU1 OR5B12 OR5B17 OR5B21 OR5B3 OR5D13 OR5D14 OR5D16 OR5D18 OR5F1 OR5H14 OR5H2 OR5H6 OR5I1 OR5J2 OR5K1 OR5K2 OR5K3 OR5K4 OR5L1 OR5M10 OR5M11 OR5M3 OR5T1 OR5T2 OR5T3 OR5V1 OR5W2 OR6C4 OR6K3 OR8A1 OR8B12 OR8B2 OR8B3 OR8B4 OR8B8 OR8D1 OR8D2 OR8D4 OR8G1 OR8G5 OR8H2 OR8H3 OR8I2 OR8J3 OR8K1 OR8K3 OR8K5 OR8U1 OR9G1 OR9K2,
101,No significant GO enrichment,OR10A2 OR10A3 OR10A4 OR10A5 OR10A6 OR10A7 OR10AD1 OR10AG1 OR10C1 OR10D3 OR10G2 OR10G3 OR10G4 OR10G6 OR10G7 OR10G8 OR10G9 OR10H1 OR10H2 OR10H3 OR10H4 OR10H5 OR10J1 OR10J3 OR10J5 OR10K1 OR10K2 OR10P1 OR10Q1 OR10R2 OR10S1 OR10T2 OR10V1 OR10W1 OR10X1 OR10Z1 OR11A1 OR11G2 OR11H1 OR11H12 OR11H2 OR11H4 OR11H6 OR11L1 OR12D2 OR12D3 OR13A1 OR13C2 OR13C3 OR13C4 OR13C5 OR13C8 OR13C9 OR13D1 OR13F1 OR13G1 OR14I1 OR14K1 OR1B1 OR1C1 OR1K1 OR1L1 OR1L3 OR1L6 OR2A1 OR2A12 OR2A14 OR2A2 OR2A25 OR2A4 OR2A42 OR2A5 OR2A7 OR2AE1 OR2AG1 OR2AG2 OR2AJ1 OR2AK2 OR2AP1 OR2AT4 OR2B11 OR2B2 OR2B3 OR2B6 OR2C1 OR2C3 OR2D2 OR2D3 OR2F1 OR2F2 OR2G2 OR2G3 OR2G6 OR2H1 OR2H2 OR2I1P OR2J1 OR2J2 OR2K2 OR2L13 OR2L8 OR2M2 OR2M4 OR2M5 OR2M7 OR2S2 OR2T1 OR2T10 OR2T11 OR2T12 OR2T2 OR2T27 OR2T29 OR2T3 OR2T33 OR2T34 OR2T35 OR2T4 OR2T5 OR2T6 OR2T8 OR2V1 OR2V2 OR2W1 OR2W3 OR2Y1 OR2Z1 OR3A1 OR3A2 OR3A3 OR4K15 OR5A2 OR5B2 OR5C1 OR5L2 OR5M1 OR5M8 OR5M9 OR5P2 OR6A2 OR6B1 OR6B2 OR6B3 OR6C1 OR6C2 OR6C3 OR6C6 OR6C65 OR6C68 OR6C70 OR6C74 OR6C75 OR6C76 OR6F1 OR6J1 OR6K2 OR6K6 OR6M1 OR6N1 OR6N2 OR6P1 OR6Q1 OR6S1 OR6T1 OR6V1 OR6X1 OR6Y1 OR8H1 OR8J1 OR8S1 OR9A2 OR9A4 OR9G4 OR9I1 OR9Q1 OR9Q2,
103,No significant GO enrichment,MS4A1 MS4A12 MS4A13 MS4A15 MS4A18 MS4A2 MS4A3 MS4A4A MS4A4E MS4A5 MS4A6A MS4A6E MS4A7 MS4A8 PRPH2 TMEM176A TMEM176B TMEM255B,
116,No significant GO enrichment,ADGRD1 ADGRD2 ADGRE1 ADGRE2 ADGRE3 ADGRE5 ADGRF1 ADGRF3 ADGRF4 ADGRF5 ADGRG1 ADGRG3 ADGRG5 ADGRG6 ADGRG7 ADGRL4 DISP1 DISP3 NPC1L1 PTCH1 PTCH2 SCAP,
122,No significant GO enrichment,CELA2A CELA2B CELA3A CELA3B CTRB1 CTRB2 CTRC CTRL KLK1 PRSS1 PRSS2 PRSS3,
125,No significant GO enrichment,PRB1 PRB2 PRB3 PRB4 PRH1 PRH2 PRR4 SMR3A SMR3B,
140,No significant GO enrichment,BFAR BRI3BP DNAJC22 GPAA1 MTFP1 NDC1 NEMP2 NINJ1 PANX3 RHBDD3 RNF121 RNF175 RNF26 RNFT1 RNFT2 SEC22C TMEM109 TMEM115 TMEM184C TMEM236 TMEM270 TMEM64 TVP23C,
145,No significant GO enrichment,ARID5A C1orf94 DERPC FAM181A MAX MEX3A MEX3B MEX3D MXD1 MXI1 NFIL3 SERTAD2 SPATC1 ZNF488,
153,No significant GO enrichment,C20orf141 GPR137 NDFIP2 PLPPR2 PLPPR5 SFT2D3 STARD3 TMEM121 TMEM184B TMEM192 TMEM198 TMEM239 TMEM39A TMEM39B TMEM88B ZDHHC24,
173,No significant GO enrichment,ATP5F1E C19orf53 EDF1 GNG10 GNG5 NACA2 RBIS RPL39L SEC61B SERF2 SERP1 SUMO4 TMA7 TMSB10 TRIQK ZNF706,
176,No significant GO enrichment,BTN1A1 BTN2A1 BTN2A2 BTN3A1 BTN3A2 BTN3A3 BTNL3 BTNL8 BTNL9 ERMAP MOG,
196,No significant GO enrichment,AAMDC C15orf40 C15orf61 CIAO2A CISD3 COA8 DDT DNAJC30 DNLZ GATC GLRX5 GPX4 HINT1 MRPS34 NGRN NME4 NOP16 PTRHD1 SOD1 TSTD1,
227,No significant GO enrichment,AGER BCAM C17orf99 CD5 CDCP1 CEACAM16 CEACAM20 ICAM1 ICAM2 ICAM3 ICAM5 IGSF3 IGSF8 IL11RA KIRREL2 MAG MCAM MXRA8 NPHS1 PIGR PTGFRN PTPRC SIGLEC1 VSIG10 VSIG10L VSIG10L2,
234,No significant GO enrichment,DMRT2 DMRTB1 EHF ELF3 ELF5 ERFL ETS1 ETS2 ETV1 ETV5 ETV6 ETV7 FOXN4 FOXO6 MEF2B PRR35 SPDEF SPI1 SPIB SPIC,
238,No significant GO enrichment,ATOH7 BHLHA9 CDC42EP5 HES2 HES3 HES6 HES7 MAFF MAFG MAFK MESP1 MESP2 NRL TPRX1 UTF1,
251,No significant GO enrichment,AXDND1 C10orf67 CCDC148 CCDC157 CCDC177 CCDC27 CCDC73 CCDC81 CFAP43 DNAI2 DNALI1 DYDC1 DZIP1L EVC2 FAM186B INCENP TEX9 TSKS,
258,No significant GO enrichment,CCDC102B CCDC136 CCDC152 CCDC192 CCDC57 CCDC89 CCDC91 CCHCR1 CEP162 CGNL1 CNTROB FAM184B FBF1 FYCO1 GOLGA3 GOLGA5 LRRC45 MAD1L1 MIPOL1 PLVAP RABEP1 RB1CC1 TMF1,
274,No significant GO enrichment,C22orf42 C4orf51 CGREF1 CHGB DMP1 DRICH1 FAM153A HRC SLC24A1 SPARCL1,
278,No significant GO enrichment,ANAPC1 ANK1 ATG2A ATR BTAF1 CABIN1 CAD CLTC CLTCL1 CTNNA1 CTNNA2 CTNNA3 CUL7 CUL9 DDX60L DNAJC13 DOCK6 DOP1B ECPAS ESPL1 FANCD2 FANCI FOCAD GCN1 GREB1 GREB1L GTF3C1 HEATR1 HEATR5A HEATR5B HELZ2 INTS1 INTS2 ITPR3 KIAA0100 KNTC1 LRRK2 LTN1 MCM3AP MROH1 MROH2A MROH2B MROH5 MROH7 MTOR MYO15B MYO7A NBAS NBEAL2 NCAPD2 NCAPD3 NUP188 NUP205 NWD1 PCNX3 PDS5A POLE PSME4 RTTN SBF1 SPG11 TARBP1 TEP1 THADA TRANK1 TUBGCP6 UGGT1 URB1 UTP20 VCL WDFY4 WDR81 ZFYVE26 ZZEF1,
281,No significant GO enrichment,C2orf78 C9orf131 CCDC71 CDCA4 CHAMP1 CSNKA2IP FAM186A GFY GPRIN1 IER2 IQCC IQCN KMT5C MAGEL2 NES NPAP1 PERM1 PLIN4 POM121L2 PRAM1 PRR30 PRR36 SERTAD1 SERTAD3 SPEM2 SPEM3 WDR87,
285,No significant GO enrichment,CAPN10 CAPN5 CARNS1 CASP10 EFCAB14 EIF2AK2 GHDC ITPRIP ITPRIPL1 ITPRIPL2 MAB21L3 MAB21L4 MB21D2 MIEF2 MLKL MOV10 MSLNL MTMR11 NKPD1 NLRP10 NOS1 NOS3 OAS1 OTOR PLD2 RABGGTA RBM43 RNF31 THEMIS TOR1AIP2 UBA7 UBASH3A UBASH3B URGCP,
289,No significant GO enrichment,APOBR ARHGAP30 ARHGEF35 BTBD18 CDKN1C EHBP1L1 ELOA2 GOLIM4 IER5 MAP10 MAP6 MDC1 NACAD PALM3 PPP1R15A PPP1R18 PROX2 PRR33 PRX RSC1A1 SH3D21 TOGARAM2,
290,No significant GO enrichment,ARPP19 BRD3OS C19orf81 C1orf115 C6orf226 CCDC197 CTNNBIP1 DLEU7 EID1 ENSA FAM177B GON7 HDGF HP1BP3 LKAAEAR1 MBD3 MCRIP2 MEA1 MEIG1 MOSPD3 MRFAP1L1 NAP1L5 NAT14 PPP1R11 RD3L REX1BD SWI5 SYCE3 TRIR TUSC2,
299,No significant GO enrichment,ABI1 ABI2 AKAP11 CBLB CCDC15 CCSER2 CEP126 CEP170 CEP295 DAB2 DVL1 EXPH5 ICE1 KDM3B KIAA0232 KIAA0586 KIAA1328 KIF26A LATS2 MAP1A MAP1B MTFR2 MTUS1 MTUS2 NCKAP5 NHSL1 NYAP2 PDZD2 PPP1R12A PRR14L PRR16 PTPN23 RBM20 RESF1 REV3L RP1 SGIP1 SH3RF1 SHROOM3 SLAIN2 SPHKAP STOX2 TACC2 TASOR2 TDRD15 TDRD6 TP53BP1 TRIOBP TULP4 USP54 ZDBF2 ZFC3H1 ZNF106,
301,No significant GO enrichment,ARFIP1 ASPSCR1 BTBD9 C12orf56 CCAR2 CDC14B CNN3 CPEB1 CYTH2 ECT2L EFCAB7 EXOC8 FAM172A GCFC2 INTS6 ITPKA KAT2A LCP1 MIGA2 PLS1 PTPN2 SEC14L3 SEC14L4 SEC14L6 SLF1 SMARCA5 SNX17 STXBP6 SYN3 TLDC2 USP40,
303,No significant GO enrichment,BBS2 BBS7 BRAT1 BZW2 CTC1 CUL4A DNAAF5 GET4 HERC3 HERC5 HERC6 ORC4 RMC1 RPAP1,
308,No significant GO enrichment,ANKZF1 ARFIP2 ARHGEF39 ASH2L CCNY CCNYL1 CHUK CLVS1 CNN1 CNN2 DDX20 DENND11 ENO4 FBXL7 GLYR1 GTF3C4 INPP5A ITPK1 KATNBL1 LEMD2 MCRS1 MED17 MIGA1 MON1A MTBP NEPRO NEURL1 PARVA PARVB PARVG PCIF1 PIP4K2C PMS2 PPM1B RFX8 RNGTT SESTD1 SMG8 SUN1 SUPT3H TAGLN TAGLN2 TAGLN3 TBC1D21 TBC1D22B TBK1 TPPP TPPP2 TPPP3 UBE3A USP12 VCPIP1 VPS9D1,
320,No significant GO enrichment,AJM1 AKAP3 AKNA AMER3 ATXN7L2 BAHD1 BRD2 BRD3 C15orf39 C17orf80 C1orf127 C1orf167 C2orf81 C4orf54 C6orf132 CAST CBX2 CBX4 CCDC116 CCDC187 CCDC9 CCDC9B CEP295NL CREBRF CSRNP1 DACT1 DACT2 DDN E2F1 E2F2 E2F3 E2F4 ERICH3 FBXO46 FIGNL2 FOXN2 GAS2L2 GGN GOLM1 GPR179 HBP1 HOMEZ IRS2 IST1 JCAD KIAA1522 KIAA1614 KRBA1 LAD1 LRRC53 MAP4 MAPT MED26 MIDN MISP MLIP MLLT3 MYB NAB1 NCKAP5L NELFE NPAS4 NUTM1 NUTM2A NUTM2B NUTM2D NUTM2E NUTM2F NUTM2G NYAP1 PCARE PPP1R26 PROB1 PROSER3 PROX1 PRR14 PRR22 PRRT3 PWWP2B RBBP8NL RBM15B RCOR2 RFX5 RP1L1 SHROOM1 SKI SKIL SLC38A10 SMARCD3 SNAPC4 SNRNP35 SPATA21 SYNM SYNPO SYNPO2 SYNPO2L TAF6 TCERG1L TFDP1 TFDP2 TNKS1BP1 TROAP TSGA10IP USHBP1 XIRP1 YY1AP1 ZC3H11A ZC3H11B ZC3H3 ZNF512B ZNF831,
323,No significant GO enrichment,AVPI1 BLID C11orf52 C20orf173 C2orf15 C3orf62 C5orf63 C7orf61 C9orf153 CCDC163 CCDC179 CCDC54 CCDC70 DAOA DAPL1 DKKL1 DPEP2NB FAM209B FAM237A FAM240C FANCD2OS GVQW3 HILPDA HMHB1 HMSD HRCT1 KNCN LNP1 MCCD1 PBOV1 PMAIP1 PRRT2 PXT1 REELD1 RESP18 SAPCD1 SMIM23 SPATA19 SPATA45 SPATA9 TEX48 TEX49 TEX53 TMEM250 TMEM89 TP53TG5,
324,No significant GO enrichment,ARIH2OS ARMS2 C10orf143 C10orf55 C11orf21 C11orf71 C12orf76 C14orf178 C16orf95 C19orf73 C20orf203 C3orf22 C5orf38 C5orf67 C6orf223 C7orf33 C7orf77 C8orf86 C9orf92 CCDC140 CEMP1 CT62 CYSTM1 DCANP1 FAM120AOS FAM218A FAM220A FAM229B FBXL22 FOXL2NB HEPN1 IQCF1 IQCF2 IQCF3 IQCF5 IQCF6 KAAG1 KLLN MYEOV NREP PANO1 POMZP3 PRAC1 PRAC2 PRR13 PSORS1C1 SMIM21 SPATA12 SPATA3 SRARP STH TEX22 TNP2 TP53AIP1 TP53TG3 TP53TG3B TP53TG3C TP53TG3D TP53TG3E TP53TG3F,
329,No significant GO enrichment,C12orf42 C13orf46 C16orf46 C16orf82 C22orf31 C2orf92 C3orf56 C5orf52 C6orf52 C9orf152 CCDC74A CCDC74B CDRT15 CDRT15L2 CIART DUSP15 IER3 MAVS MOBP PMIS2 POM121L12 PPP1R17 PRR20A PRR20B PRR20C PRR20D PRR20E PRR20G PRR23D1 PRR3 RFLNA RITA1 SAP25 SMIM17 SPATA25 STRA8 TEX36,
331,No significant GO enrichment,C10orf120 C16orf78 C19orf85 C1orf141 C4orf17 C8orf48 C8orf89 CDRT4 CFAP97D1 CFAP97D2 CYLC2 FAM228A JPT2 KRTAP25-1 MGARP PRR23D2 SPATS1 STMND1 TBATA TEX33 TEX52 TSGA13,
332,No significant GO enrichment,ASTL ATP6V1FNB C1orf105 C9orf43 CABS1 CCDC198 ERICH5 FAM228B FAM47E FAM90A1 FAM90A26 FIGLA HEATR4 HEATR9 KLF17 KRTAP27-1 NEFH NEFM PIH1D2 RTP5 SOHLH1 SPATA4 TEX43 TEX44 TSBP1,
333,No significant GO enrichment,ANXA2R C6orf141 DEXI DPPA3 FNDC8 FRG2 FRG2C GAP43 IQCJ LBHD1 MYOCOS SSMEM1 TEX19 TSACC ZGLP1,
335,No significant GO enrichment,BEND5 BTG2 C11orf96 C14orf93 C1orf198 C2CD4A C2CD4B C2CD4D CBX7 CCER1 CREBZF DBF4B DDIT3 DDIT4 FAM167A FOXO3B FYTTD1 ING1 LMOD2 MAP6D1 MCL1 MSL1 PHETA2 PNRC1 PPP1R3C RNF212 SETMAR SMAD6 STBD1 TMEM121B ZC2HC1B ZNF474,
336,No significant GO enrichment,ANAPC4 ARMC5 ARMC6 ATL1 CCDC142 DHX15 FANCE FANCG INTS5 MED16 MFN1 PLCD1 RIC8A SEC23A SEC23B SPIDR,
338,No significant GO enrichment,AKAIN1 ASDURF BAALC BASP1 BIK C11orf86 C20orf144 C20orf202 C3orf80 C8orf88 CAMK2N2 CCDC32 COPRS FAM216A FLYWCH2 HRK HSPB9 NANOGNB NRIP2 NRIP3 PACRG PKIG PPP1R1C SHLD1 SPACA9 SPATA33 SPATA46 SYCE2 TBPL2 TCAP TEX54 TMEM200B,
340,No significant GO enrichment,C17orf107 C17orf50 C2orf50 C2orf88 C5orf47 CAMK2N1 CEND1 DAP EBLN1 ERICH4 FAM170A FNDC11 HDGFL1 INAFM1 INAFM2 KHDC3L LBHD2 MARCKS NR0B2 NRGN PCP2 PDE6H PKIB PPP1R1A PRM3 PRR15 RD3 RIPPLY3 TEX12 THRSP UMAD1 ZNF365,
342,No significant GO enrichment,AKAP12 AKAP5 ANKRD33 APOBEC4 BBC3 BCAS1 BCL2L12 BEND7 BMF C10orf62 C10orf95 C11orf42 C11orf91 C12orf54 C12orf71 C16orf86 C16orf90 C17orf100 C17orf64 C19orf84 C1orf216 C22orf23 C3orf49 C8orf58 C9orf50 CBY3 CCDC159 CCDC188 CCDC190 CCDC195 CCDC201 CCDC24 CLBA1 DBNDD1 DCAF16 DDIT4L EDARADD ENKD1 EPOP ERMN FAM131A FAM131B FAM131C FAM205C FAM216B FAM229A FOXR1 FRG2B GMNC HYLS1 INCA1 INSYN1 JPT1 JSRP1 KDF1 KIAA1191 MAJIN MBP MTFR1L OCEL1 PBXIP1 PNMA8A PPDPFL PRKAG3 PRR18 PRR23A PRR23B PRR23C RCSD1 RGS7BP RTL10 SHISA7 SHLD3 SNURF SPACA7 SPEM1 SYNE4 TCP10L TEX35 TEX38 TMEM271 TMEM71 TP53INP1 TP53INP2 UBXN10 VXN ZAR1L ZBP1 ZC2HC1C,
343,No significant GO enrichment,AARD BLOC1S4 C2orf72 C8orf82 C9orf40 CTF1 EVPLL IFT43 MSANTD4 PPM1N PPP1R14A PPP1R2B RGS9BP TERF2IP TLNRD1 TPGS1 TSSC4 TTC9B VMAC,
344,No significant GO enrichment,ANAPC13 BAD BCL2L14 C11orf97 C1orf122 C1orf21 C1orf232 C2orf68 C3orf70 C8orf74 CATSPERZ CAVIN3 CCDC107 CCDC182 CDC42SE1 CYREN DBNDD2 DPPA5 EID2B EIF4EBP1 EIF4EBP3 FAAP20 FAM219A FIBIN GRXCR1 HCFC1R1 KHDC1 KHDC1L LBH LIN37 NUPR1 NUPR2 PKIA PPP1R14D PPP1R1B PRR15L RIPPLY2 RNF208 SHARPIN TCIM TDRP TGFBR3L TMEM158 TMEM238 TMEM247 UBXN8 ZBED2 ZNF428,
345,No significant GO enrichment,BCL7A BCL7B C5orf58 EXOSC6 FAM89A FKBP8 GTSF1L LENG9 MEAF6 MOAP1 NANOS3 NASP NDN NR2F6 NSMCE3 NUP50 PFN3 PNMA1 PNMA2 PNMA8C RUNDC1 SNX21 TMEM191B TMEM191C TRIM52 TSPYL5 UTP14C ZCCHC3,
346,No significant GO enrichment,ARC BLOC1S3 C19orf67 CCDC166 CCDC194 CCDC85B CREBL2 CYS1 EID2 EIF4EBP2 ELL3 FAM104A FAM107A FAM107B FEZ1 GTSF1 INO80B LYSMD3 LYSMD4 MAGEF1 MSANTD3 MXRA7 NOLC1 OOEP PAGR1 PAXX PPDPF PPP1R35 RGCC RILP RILPL2 RNF187 RNF227 SPDYC TFPT THAP1 THAP7 TSPYL1 TSPYL4 TSPYL6 TTC36 VPS37D ZBED3,
350,No significant GO enrichment,AKAP10 CYTH1 CYTH4 DENND6B FERMT3 GRAMD4 IKBKB IKBKE PHTF2 PIK3R6 PIP5K1C PRKAG2 PTPN6 RAB3GAP1 SARM1 SEC14L2 SNX31 USP7 VEPH1 WWP2,
363,No significant GO enrichment,AKAP1 ARHGEF33 BTBD7 CEP97 CTIF DENND2A DENND2C DUSP16 FAM149A FAM149B1 FAM83C FAM83G FGD6 GAB1 GAB2 GAS2L3 KDM3A MCM9 PNPLA8 POLQ RBM12B SAMD4B SCEL SPATA18 SUGP2 SYCP2 TNFAIP3 TNS4 TRAPPC12 USP10 USP31 WAPL,
364,No significant GO enrichment,ARCN1 ARMC1 ATP6V1C1 ATP6V1C2 BRF2 C2orf42 CAPZA2 CCNC CDADC1 CDC14C CHML CRADD DBR1 DOHH DPCD DTX3 ECD EIF3F EIF4E EIF4E2 FBXO47 FBXO48 GINS3 GTF2H2C HPF1 IFT46 KDM1A LETM2 MAEL MORF4L1 NAA11 NMD3 NMT1 NSMCE4A PDE6D PITPNA PITPNB PLAAT5 PP2D1 RMND5B RNF141 ROPN1L SPO11 SPSB1 SPSB4 TIPRL TRIP4 TSTD2 UBTD2 ZC3HC1,
372,No significant GO enrichment,ADARB1 BCL2L13 BIRC2 BSDC1 CC2D1B CDYL CHFR CLIP4 COP1 CRKL CTDSPL2 CYLD ELL FBXL17 HELQ HS1BP3 IQCA1L LNX2 LRRC41 MAPRE2 MAPRE3 MTMR14 NBR1 NCF1 NECAP2 NOXO1 OTUD3 PAPOLB PCGF5 PLEKHM3 PPM1E RANBP9 RBSN RCAN2 RCAN3 REM2 RINL RNF146 RNF180 SAMD3 SNX22 STAC3 STAU1 STAU2 STRBP TDRD5 TTLL11 TTLL9 USP16 USP49 WDR26 ZC3HAV1 ZFYVE19,
378,No significant GO enrichment,AMBRA1 ANKUB1 ARHGEF40 B4GALNT3 B4GALNT4 CNBD2 FAM126B FBXO42 FRMD6 GPSM2 INPP5F KIAA1755 KNDC1 NCF2 NGEF NOS1AP PHLPP2 PLEKHG4 PLEKHM2 PSD RASIP1 RASSF9 RNF157 RPH3AL SH2D3C SPIRE2 TRIM37 USP43,
382,No significant GO enrichment,ATXN7L3 CDK5R1 CDT1 CENPK CENPQ CRIP1 CRIP2 CRIP3 CSRP1 CSRP2 CSRP3 DUSP7 EGLN2 FBLIM1 FHL2 FHL3 FHL5 LARP6 LEMD3 LIMS1 LIMS2 LMCD1 LMO1 LMO2 LMO4 MIER1 PAWR PBK RAB3IL1 RASSF10 RNF32 SPEF1 TCEA3 TES WEE2 ZCCHC24 ZMYND10,
383,No significant GO enrichment,AVEN C18orf25 CDV3 CYHR1 FAM124B HSF2 LIMS3 LIMS4 MKRN3 NECAP1 NOL8 RCOR1 RNF144A RXRB SNX11 SUZ12 TERB2 TOP1 U2AF1L4 ZCWPW2 ZNRF2,
392,No significant GO enrichment,AGGF1 ALKBH5 BECN2 CCNB1IP1 DDI2 DTNBP1 EGLN1 HERPUD1 HERPUD2 LIN28B NAA30 NAF1 NRBF2 PHF24 RBM48 RCAN1 RNF185 RNF217 SAMD10 SQSTM1 STAMBP UBE2Z,
393,No significant GO enrichment,ARHGEF37 BROX INPP4B ITCH KIFC2 PDE3B PITPNM3 PTPN4 PTPRN2 RAP1GAP RASGRP4 RGL2 RGS14 RHPN2 RIMS4 SGSM2 SYT14 USP25 VAV1,
397,No significant GO enrichment,ABRAXAS2 BLZF1 BNIPL ILRUN NFX1 OGFRL1 PEX13 PHF7 RANBP3 RNF14 SAMD5 UBR7 XPC,
401,No significant GO enrichment,CRYBG2 FAM83B FANCM FBXO43 GAREM2 GAS2L1 GPATCH2 GPR156 JARID2 JAZF1 KANK4 KANSL3 KDM5B LMNTD2 MIS18BP1 MYT1L NR3C1 NSD3 PARG PPP1R13L PRAG1 RUSC2 SENP5 SENP7 SLF2 STIL SWT1 SYDE2 TDRD3 ZC3H12C ZC3H12D,
405,No significant GO enrichment,ANLN BACH2 CENPC CEP68 DDIAS FBXL19 HR MASTL MCPH1 PRR11 SMTN WASHC2C XKR5,
406,No significant GO enrichment,ARHGAP31 CALD1 CBL COBL DNAJC6 EPS15 EPS15L1 FAM13C FAM83H FKBP15 FRMPD1 KDM5A KIF24 LCP2 PTPN12 RABL6 TNS2 TTBK2,
408,No significant GO enrichment,APBA3 LPIN3 MVB12B MYRFL NOXA1 PLEKHA1 PTPN18 RASSF6 SCYL1 SH2D1B SKAP1 SLA SNTB1 WRN,
410,No significant GO enrichment,BOD1 C11orf68 CENPH DNTTIP1 GORAB HMG20B KCTD2 MIS12 NAT8L NSMCE2 NUFIP1 PCGF6 PRPF3 R3HDM4 SGF29 SLC4A1AP SMN1 SMN2 SNAPC1 TAF8 TPRG1L TSEN15 UBTD1,
411,No significant GO enrichment,AKNAD1 ALPK2 ANKRD31 BAZ1A BBX BRCA2 C10orf90 CCNT1 CENPJ CEP192 CNST CRYBG1 ETAA1 INO80 ITPRID1 ITPRID2 JHY KIAA0408 KIZ MDM1 MEIOC MPHOSPH9 N4BP2 NPAT NR3C2 PALB2 PHACTR1 PHACTR3 PHACTR4 RAB11FIP1 REXO1 RTN1 STOX1 TANK TOPAZ1 TRIM24 ZFYVE9 ZNRF3,
412,No significant GO enrichment,AFTPH ASPM ATF7IP2 BRCA1 CCP110 DCLRE1A FAM214A INSYN2B KANSL1L KMT5B LRRC66 MINAR1 MLH3 N4BP2L2 PHACTR2 PPARGC1B R3HCC1L RBM44 SECISBP2 SHLD2 TBKBP1 WASHC2A ZC3H12A ZGRF1,
413,No significant GO enrichment,APBB3 ARNTL ARNTL2 GULP1 INPP5J PLEKHA2 RASSF5 SKAP2 STAC2 TBC1D10B TEPSIN,
416,No significant GO enrichment,ARHGAP15 ARHGAP18 ARHGAP9 ARHGEF19 ARHGEF3 CNKSR1 EPS8L2 FRMD1 GRAMD1A GRB7 NIBAN2 OSBPL7 PACS1 PIK3R3 RADIL RASGEF1C RGL3 RGS6 RTKN SNTG1 TBC1D10C TBC1D16 TENT2 USH1C ZSWIM6,
419,No significant GO enrichment,ADAT3 APTX ASCC1 C4orf33 CMAS DAP3 ELP6 FAM151B ISOC1 LTO1 MBLAC2 NHLRC4 NMRK1 NSUN3 OTULINL SETD9 TRIT1,
420,No significant GO enrichment,ATXN3 BECN1 CCNE1 CCNE2 CNOT11 FBXO33 LRATD1 LRATD2 MINDY2 N4BP2L1 NFXL1 PARP12 PDZD9 PI4K2A PXDC1 SIAH3 SMYD1 STAMBPL1 SUFU TBRG1 TENT5C TMEM183A TSG101 UBOX5 VTA1,
421,No significant GO enrichment,ADARB2 AMMECR1L ANKRD13C ATCAY CDC7 CLIP3 FBXO16 FBXO25 FBXO32 FLYWCH1 GAS2 GIPC1 GTF2H1 KAT8 LIN7B MBIP MEI4 NSUN7 NXF1 OSCP1 PEX14 PLEKHF2 PRR5 PTPN20 RAD52 SMYD2 SMYD3 SNX27 SOCS2 SOHLH2 SP100 TIFA TIFAB TOLLIP USP46 VASH2 WIPI1 ZRANB1,
425,No significant GO enrichment,AP3M1 AP3M2 ARHGDIA ARPC2 ASB17 ASF1A CAPZB CCNH CFAP299 CLIC3 CLIC4 CNRIP1 DSCC1 GCLM GDAP1 HINT3 MAD2L1 MAD2L1BP MTERF4 NOCT ORC6 PDCD2 POLR3F RAD9A RAD9B RDM1 RNMT TBPL1 VPS26B VPS36 ZPR1,
427,No significant GO enrichment,ANAPC16 BOD1L2 BORCS5 C18orf21 C1orf109 CCDC103 CCDC134 CENPA CENPV CPTP CUEDC2 DNAAF4 DNAJC9 FEZ2 GOLGA7 GPATCH3 HAUS1 INIP INO80C LIN52 MED28 MNAT1 MND1 MREG NCCRP1 NFYB NGB NOSIP PINK1 PRCC PSMC3IP RBM18 RPRD1A RPRD1B RTF2 SARNP SKA2 SPATA24 SRXN1 STUB1 TAF12 TAF9 TCEA1 TNFAIP8 TNFAIP8L1 TNFAIP8L2 TNFAIP8L3 TRIB3 TTC9 UBL7 VPS72 ZMAT5 ZNF830,
428,No significant GO enrichment,ATG12 C17orf75 CDC37L1 CHIC2 CYGB EID3 EPM2A FGF2 FIBP GID4 GLTP GTF2F2 MAEA MED27 MIS18A MTURN NAT16 NUDCD3 PPIL2 RMND5A ROGDI SNAPC3 SPSB3 SUPT16H,
429,No significant GO enrichment,ACTR5 ASNSD1 ATAD3A ATAD3B ATG4D ATP23 C12orf29 CMTR2 FARSA METTL3 MSTO1 OGFOD1 PARP16 PRMT3 PSMC2 PSMD14 SRP54,
430,No significant GO enrichment,ARRDC3 CASTOR1 DDX1 DHX33 EDC3 FANCL IP6K1 PNLDC1 REXO5 SAG TFIP11,
439,No significant GO enrichment,AARSD1 ADCK1 ATPSCKMT C9orf64 CBWD5 CBWD6 CTPS1 ELP3 ENDOV ENOPH1 FAM118B GLYATL2 GTPBP3 KDM8 MPPED1 MTHFSD MTIF2 NAT2 NMNAT2 OSGEPL1 PDXK PFKFB2 PGPEP1L PMM2 RCL1 RTCA SMUG1 TAMM41 TPMT,
440,No significant GO enrichment,ADK AZIN2 C11orf54 CRYZL1 DNPEP FN3K FOXRED1 GCH1 GFOD2 GLYAT LYPLAL1 MECR METTL27 MGLL MIOX NAXD NDUFAF7 OGG1 PANK2 PPA1 PRPSAP1 QRSL1 RIMKLB TANGO2 TASP1 TDO2 TGDS UMPS YJEFN3 ZADH2,
441,No significant GO enrichment,APIP BBOX1 COASY CRPPA GLT1D1 HDHD3 INMT LACTB2 LHPP METAP1D METTL15 NIT1 NUBP1 NUBP2 PDSS2 PGPEP1 PPCDC PRPSAP2 RIMKLA SIRT4 SMPD2 TATDN3 UCKL1 WARS2,
443,No significant GO enrichment,AAGAB ADAD1 AK5 BIVM BTBD1 BTBD16 COPS7A COPS7B CRLF3 DDX4 DHX16 DHX38 EIF3C EIF3CL EXD2 FAM98C FBXO15 FBXO4 GMCL1 INTS14 KATNAL2 KCTD9 METTL4 MIF4GD MLH1 MYD88 NME8 NOXRED1 NPRL3 PLAA PRPF6 SHQ1 SMYD4 SUPT5H SUPT6H TRMT1L VAPA,
446,No significant GO enrichment,ADPRM ALKBH3 AS3MT DENND10 DUS1L DUS2 GLYATL1B HDHD5 NAT1 NT5C3B NUDT12 PNPO PYROXD1 SIRT6 TRABD TRNT1,
447,No significant GO enrichment,AKAP7 ANKRD60 CARHSP1 DDX23 DEDD DNAJC12 EIF3G FBXO45 GOLGA7B GTF2E2 HAUS4 LIX1L MEDAG NEMF PPP1R8 SPC25 UBFD1 UBXN6 UNC119 UNC119B ZGPAT ZWINT,
448,No significant GO enrichment,BORCS8 CBX3 CCDC12 CCDC124 CCDC25 CHCHD3 CHCHD6 CLNS1A DDRGK1 EIF3J EIF5 FAM32A FRA10AC1 GPATCH11 HYPK MFAP1 MPHOSPH6 PDAP1 POLE3 PPM1G RWDD1 SPAG7 UBXN1 ZC3H15 ZCRB1 ZMAT2,
451,No significant GO enrichment,ANKRD45 ARHGAP11B BCL10 BTBD2 BTBD3 BTBD6 C3orf38 CRY1 CRY2 DEPDC7 DFFB DONSON FBXO3 FBXO7 FBXO8 GMCL2 HSF2BP MAB21L2 METTL14 MRO NHEJ1 PAFAH1B2 PCMTD1 PHYHIP PITPNC1 RHOBTB3 SH3YL1 SHCBP1L STRADA TADA1 TEDC1 TOMM34 ZCCHC4,
456,No significant GO enrichment,ACOT8 ALG1L2 ALKBH4 C20orf27 DUS4L EEF1AKMT1 FAM86B1 GGPS1 GLRX3 IRGM LCMT1 LIPT1 NSUN4 NSUN5 PRXL2B RAD51D SPOUT1 TEX264 TXNDC8 UCK2,
197,Notch binding,ACAN ADAM11 ADAM12 ADAM15 ADAM17 ADAM18 ADAM19 ADAM2 ADAM20 ADAM21 ADAM22 ADAM23 ADAM28 ADAM29 ADAM30 ADAM32 ADAM33 ADAM7 ADAM8 ADAM9 ADAMDEC1 ADAMTS1 ADAMTS10 ADAMTS12 ADAMTS13 ADAMTS14 ADAMTS15 ADAMTS16 ADAMTS17 ADAMTS18 ADAMTS19 ADAMTS2 ADAMTS20 ADAMTS3 ADAMTS4 ADAMTS5 ADAMTS6 ADAMTS7 ADAMTS8 ADAMTS9 ADAMTSL1 ADAMTSL2 ADAMTSL3 ADAMTSL4 ATRN ATRNL1 BMP1 BMPER C7 CD163 CD163L1 CD5L CD93 CHODL CHRD CILP CILP2 CLEC14A CNTNAP1 CNTNAP3B COMP CORIN CRB1 CRB2 CRELD1 CRELD2 CRIM1 DLK1 DLL1 DLL3 DLL4 DNER EDIL3 EFEMP1 EFEMP2 EGF EGFLAM FBLN1 FBLN2 FBLN5 FNDC1 GAS1 GAS6 GRN HHIP ITGB1 ITGB2 ITGB3 ITGB5 ITGB6 ITGB7 ITGB8 ITGBL1 JAG1 JAG2 KCP KREMEN1 KREMEN2 LDLR LOXL2 LOXL3 LOXL4 LRP10 LRP3 LRP8 LTBP1 LTBP2 LTBP3 LTBP4 LY75 MAMDC2 MAMDC4 MATN1 MATN2 MATN3 MATN4 MEGF10 MEGF11 MEGF6 MEGF9 MFGE8 MFRP MRC1 MRC2 NELL1 NELL2 NID1 NID2 NOTCH2NLA NOTCH2NLC NOTCH4 NPNT NRP1 NRP2 NTN1 NTN3 NTN4 NTNG1 NTNG2 OIT3 OVCH1 PAPLN PAPPA PAPPA2 PCOLCE2 PCSK5 PCSK6 PCSK9 PEAR1 PROS1 PRSS12 PXDN PXDNL SCARF1 SCARF2 SCUBE1 SCUBE2 SCUBE3 SEMA3D SEMA5A SEMA5B SNED1 SPINT1 SPON1 SSC4D SSC5D SUSD1 SUSD4 THBS1 THBS2 THBS3 THBS4 THSD4 THSD7A THSD7B TLL1 TLL2 TMEFF1 TMEFF2 UMOD VLDLR VWCE VWDE,
160,O-acyltransferase activity,ALG10 ALG12 ALG6 ALG8 CTNS DGAT1 DOLK GPR180 HHAT KCNK7 MBOAT1 MBOAT4 MBOAT7 PIGU PIGV PIGZ PXMP2 RHBDL3 RNF145 SEC22A SLC51A SOAT1 SOAT2 STEAP1 STIMATE TAPT1 TMEM120B TMEM184A TMEM26 TMEM62 TMEM82 XKR8,
111,P-type ion transporter activity,ATP10A ATP10B ATP10D ATP11A ATP11B ATP12A ATP13A1 ATP13A2 ATP13A3 ATP13A4 ATP13A5 ATP1A1 ATP1A2 ATP1A3 ATP1A4 ATP2A1 ATP2A2 ATP2A3 ATP2B1 ATP2B2 ATP2B4 ATP2C1 ATP2C2 ATP4A ATP7B ATP8A1 ATP8A2 ATP8B1 ATP8B2 ATP8B3 ATP8B4 ATP9A ATP9B,
373,PAR polarity complex,ABHD8 ACBD5 CBFB CC2D1A CDC42SE2 CDYL2 CRK DNA2 DNAAF3 DOK4 EEPD1 FAM83A FAM83D FAM83E FBXO40 KAT2B KAT5 KAT7 LIN7A LIN7C MEN1 MVB12A MYLIP NEIL1 ORC2 PARD6A PARD6B PARD6G PDZK1 PLEKHA8 PLEKHF1 PTCD1 RBPJ RFTN1 RFTN2 RHOBTB1 RHOBTB2 SDCBP SDCBP2 SLA2 SLC9A3R1 SLC9A3R2 SMPD3 SNTA1 SNTB2 SNX10 SNX24 SP110 SP140 SP140L SYNJ2BP TAX1BP3 TRIM23 TTLL1 TUB TULP1 TULP2 TULP3 USP19 USP20 USP3 USP38 USP44 USP45 VASH1 ZFYVE1 ZFYVE21,
110,"RNA endonuclease activity, producing 3'-phosphomonoesters",ADM ANG EDDM3B EMILIN1 EMILIN2 EMILIN3 ERFE MMRN1 MMRN2 POMC PTHLH RNASE1 RNASE10 RNASE11 RNASE12 RNASE13 RNASE2 RNASE3 RNASE4 RNASE6 RNASE7 RNASE8 RNASE9,
261,RNA polymerase binding,BRD4 CBLL1 CCAR1 CCNK CHERP FIP1L1 HABP4 PCF11 PHRF1 PRPF40A RBM26 RBM27 RBM33 SCAF4 SCAF8 USP42 WBP11 WDR33 YLPM1 ZC3H6,
321,Ragulator complex,ABRACL ATP6V1F BANF1 BOLA2B BRK1 BUD31 C2orf76 CIAO2B CKS1B CKS2 CRIPT CSNK2B DYNLRB1 DYNLRB2 DYNLT1 ELOC ENY2 ERH GTF2A2 HSPB11 LAMTOR2 LAMTOR4 LAMTOR5 MAGOH MAP1LC3B2 NAA38 NPM1 POLR2J POLR3K POMP RSL24D1 SAP18 SF3B6 SRP9 SUPT4H1 TRAPPC1 TRAPPC2L,
86,SCF-dependent proteasomal ubiquitin-dependent protein catabolic process,AMN1 CFAP410 DNAL1 DRC3 FBXL12 FBXL13 FBXL15 FBXL16 FBXL20 FBXL3 FBXL4 FBXL6 LRGUK LRMDA LRRC31 LRRC34 LRRC43 LRRC46 LRRC49 LRRC56 LRRC61 LRRC71 LRRC72 LRRC73 LRRC74A LRRC74B LRRC75B LRRC9 PPP1R42 SKP2 TBCEL TCTE1 ZER1 ZYG11A ZYG11B,
172,SNAP receptor activity,BET1 BET1L BNIP1 CCDC167 CHMP4C CHMP6 GOSR1 GOSR2 SNAP23 SNAP25 SNAP29 STX10 STX11 STX12 STX16 STX18 STX19 STX1A STX1B STX2 STX3 STX4 STX5 STX6 STX8 USE1 VAMP1 VAMP2 VAMP3 VAMP4 VAMP5 VAMP8 VTI1A VTI1B,
361,TRAPP complex,AHSA1 ARHGDIB ARPC4 ARPIN ASF1B ATG101 ATXN7L3B BYSL C21orf62 CACYBP DDX51 DESI2 DUSP28 EDDM3A EIF2S1 FAM78A FAM78B FCF1 HUS1 HUS1B ISG15 JCHAIN MAD2L2 MSRA NME5 NOP2 NPRL2 NUDCD2 PA2G4 PELO PITHD1 PLET1 POLR2C PSMD7 RAD1 RBM19 RIIAD1 SBDS SRRD TDG TRAPPC3 TRAPPC3L TRAPPC5 TRAPPC6B TRMT10B TSN TSNAX TXNL1 UBD,
322,U2-type precatalytic spliceosome,ANAPC11 ARPC3 BOLA2 BTF3L4 CFL1 COTL1 CSTB CZIB DYNLL2 ELOB ELOF1 FKBP1B GABARAP GABARAPL1 GABARAPL2 GCHFR LSM1 LSM2 LSM3 LSM4 LSM5 LSM6 LSM7 MAP1LC3A MAP1LC3B MAP1LC3C MIEN1 NEDD8 NHP2 PFN1 PHF5A POLR2I POLR2K POLR2L RBX1 RNF7 RPA3 RPL22L1 RPS27L SF3B5 SH3BGRL3 SKP1 SNRPD1 SNRPD2 SNRPD3 SNRPE SNRPF SNRPG SNU13 SRP14 SUMO1 SUMO2 SUMO3 TRMT112 UBL5 UQCRH,
442,U2-type spliceosomal complex,ACBD3 BCAS4 C2orf49 CCDC97 CD2BP2 CDC5L CFAP36 CFAP97 CFDP1 CWF19L2 DGCR6L EBAG9 ESS2 FAF2 FAM50B GPALPP1 IK KIN LENG1 MED29 MLX NFKBIL1 PGP PHAX POLR3D SAP30BP SART1 SCNM1 SNW1 SRA1 SRFBP1 SURF2 UBXN4 WBP4 ZNHIT1 ZNHIT2,
224,WW domain binding,BEAN1 BSND C19orf18 C1orf159 C3orf18 CD24 CD52 CYYR1 FAM163A FAM163B FAM24A FAM24B LDLRAD3 LDLRAD4 MLANA MYCT1 OPALIN PMEPA1 PRR7 PRRG2 PRRG4 PTPRCAP RELL2 SDC2 SDC4 SHISA2 SHISA3 SHISA4 SHISA5 SHISA8 SMIM28 SNORC TMEM139 TMEM171 TMEM174 TMEM200A TMEM207 TMEM210 TMEM215 TMEM252 TMEM51 TMEM52 TMEM52B TMEM61 TMEM92 VOPP1 WBP1 WBP1L,
106,Wnt receptor activity,FZD1 FZD10 FZD2 FZD4 FZD5 FZD7 FZD8 FZD9 PKDREJ SMO,
200,acetylcholine receptor regulator activity,ADM5 BSPH1 C9orf57 CD177 CD59 CGA CLPSL1 CLPSL2 CXCL17 DEFB112 FSHB GML GPHB5 GPIHBP1 IGFL1 IGFL2 IGFL3 IGFL4 LEAP2 LRCOL1 LY6D LY6E LY6G6C LY6G6D LY6H LY6K LY6L LYNX1 LYPD1 LYPD2 LYPD3 LYPD4 LYPD5 LYPD6 LYPD6B LYPD8 MIA MSMP NRN1L OXT PATE1 PATE2 PATE3 PATE4 PINLYP PLAUR PLGLB1 PLGLB2 PROK1 PROK2 PSCA RETN SLURP1 SLURP2 SPACA4 TEX101 TMEM213 WFDC12 WFDC13 WFDC3 WFDC5 WFDC8,
65,activin receptor activity,ACVR1 ACVR1B ACVR1C ACVR2A ACVR2B ACVRL1 BMPR1A ERN1 RYK STYK1 TGFBR1 TGFBR2,
288,acylglycerol O-acyltransferase activity,AADACL3 AADACL4 ABHD1 ABHD2 ACP6 AGPAT1 AGPAT2 APMAP COMT CYB5R1 DGAT2 DHCR24 EPHX3 MEST METTL7A METTL7B MINPP1 MOGAT1 MOGAT2 MOGAT3 NAT8 PAFAH2 PLA2G7 PNPLA2 PNPLA3 PNPLA5 PON2,
113,aldose reductase (NADPH) activity,AKR1A1 AKR1B1 AKR1B10 AKR1B15 AKR1C1 AKR1C2 AKR1C3 AKR1C4 AKR1D1 AKR1E2 GSTO2 GSTT2B,
355,alpha-amino acid catabolic process,ADA AGMAT AIFM3 AKR7A3 ALDH18A1 AMDHD1 AMT ARG2 ATIC BCAT1 BCAT2 BLVRB BPHL CLPP CRMP1 CRYM DHDH DPYS DPYSL2 DPYSL4 ECI1 FAH FAHD1 FDPS GAPDHS GART GATM GMPR GNPDA1 HACL1 HAO2 HMGCL HOGA1 LDHAL6A LDHAL6B LDHC LDHD MTHFD2 NPEPL1 NQO2 OXSM PGAM2 PHB2 PHGDH PKLR QPRT QTRT1 RBKS RTCB SDS SEPHS1 SEPHS2 SRR TTC38 VDAC2 VDAC3 XYLB,
214,alpha-glucosidase activity,ANPEP CA4 CLN5 HEPHL1 KIAA2013 MGAM MGAM2 NHLRC3 PEBP4 PRSS16 SI TFRC TRHDE TXNDC11,
293,alpha-ketoacid dehydrogenase complex,ACOT7 DBT DERA DLAT DLST DPYSL3 DPYSL5 ECHDC3 GMPR2 IMMT IMPDH1 LDHA LDHB MACROD1 NFS1 PDHX PGAM1 PMPCB STOML2 TKTL2 TPI1 TRAP1,
265,"alternative mRNA splicing, via spliceosome",CHTOP DDX17 DDX5 EIF4B EIF4H FAM98A FAM98B HNRNPL HNRNPM HNRNPU HNRNPUL1 HNRNPUL2 KHDRBS1 KHDRBS2 KHDRBS3 LSM14A MYEF2 NABP1 PABPN1 PSPC1 RBMXL1 RLF SERBP1 SFPQ TARDBP,
302,aminoacyl-tRNA ligase activity,ABHD12B ADCK5 AGK ALG1 ALG11 BCKDK CARS2 CERK CPOX DPP3 FBXO22 FECH GALT GLS GSS HDAC11 IARS2 JMJD8 LARS2 MACROD2 NADK2 NT5DC4 PFKFB3 PIGL PPAT PRMT7 PRODH SCRN3 UAP1L1,
423,aminoacyl-tRNA ligase activity,ABHD17B ABHD18 ACTR1A ACTR2 ACTR3B ACTR3C ALG2 ASPHD1 CDK5RAP1 CHKB CMPK1 DARS2 DCTN5 DHDDS DNTT EARS2 FBXO21 GUF1 GYG1 HARS2 ITFG2 IYD JMJD4 METTL9 NARS2 NT5C2 NT5DC2 NUS1 OGFOD2 OPA3 OSGIN2 PANK4 PGS1 PNKP PREB PRMT9 RABEPK RARS2 RIOX2 RNF215 RSAD1 RSAD2 SARS2 SCRN1 SERGEF SIRT7 SRPRB TARS2 TUBE1 TUBG1 TUBG2 USB1,
424,aminoacyl-tRNA ligase activity,ACTL6A ACTL6B ACTR10 ACTR1B ACTR3 ACTR6 ADPRH CCT8L2 CHKA CIAO3 CLPB CMPK2 DALRD3 DPH2 EEFSEC FARSB FLAD1 FPGS FPGT GFM1 GFM2 GFOD1 GTDC1 HSPA14 HSPA4 KLHDC8A KLHDC8B KLHDC9 KPTN MARS2 MTO1 NAPEPLD NARF NT5DC1 NT5DC3 NXN NXNL2 PAICS PARS2 PCMT1 PLCXD3 PNPT1 POLM RCC1 RCC1L RCCD1 SMOX SUOX TRMT2A TRMU TUBD1,
184,aminophospholipid transport,CD36 ERGIC1 GINM1 ITM2B LMLN2 RNF112 RNF13 RNF130 RNF149 SCARB1 SCARB2 SPCS3 TMEM30A TMEM30B TMEM9,
34,antigen processing and presentation of peptide antigen,AZGP1 CD1A CD1B CD1C CD1D CD1E FCGRT HFE HLA-A HLA-B HLA-C HLA-DMA HLA-DMB HLA-DOA HLA-DOB HLA-DPA1 HLA-DPB1 HLA-DQA1 HLA-DQA2 HLA-DQB1 HLA-DQB2 HLA-DRA HLA-DRB1 HLA-DRB5 HLA-E HLA-F HLA-G MICA MICB MR1 PROCR RAET1E RAET1G RAET1L ULBP1 ULBP2 ULBP3,
219,arachidonate secretion,ALKAL2 BAMBI CCN6 CFC1 CFC1B DKK1 DKK2 DKK4 EDDM13 EDN3 ELSPBP1 ESM1 FOLR1 FOLR2 FOLR3 GFRA3 IGFBP1 IGFBP3 IGFBP5 IGFBP6 IZUMO1R LALBA LY6G5B LYZL1 LYZL2 LYZL4 LYZL6 MFAP2 MFAP5 NBL1 NRN1 PLA2G10 PLA2G1B PLA2G2A PLA2G2C PLA2G2D PLA2G2E PLA2G2F PLA2G5 RETNLB RTBDN STC1 STC2 SYCN TAFA1 TAFA2 TAFA3 TAFA4 TAFA5 TDGF1 TMEM190 TWSG1 WFDC1,
191,artery morphogenesis,ARGFX BHLHE22 BHLHE41 CXXC5 DMRT1 DMRT3 DMRTA1 DMRTA2 DUX4 EN2 EOMES FOXA1 FOXA3 FOXB1 FOXB2 FOXC1 FOXC2 FOXD1 FOXD2 FOXD3 FOXE1 FOXF1 FOXF2 FOXG1 FOXI1 FOXI2 FOXI3 FOXL1 FOXL2 HAND2 LEF1 LEUTX MAF MAFA MAFB NANOG NEUROD2 NOBOX OLIG2 PAX2 PAX4 POU2F3 POU5F1 POU5F1B POU5F2 PRDM6 PRDM8 PRRX1 SAMD11 SAMD7 SIX1 SIX2 SIX3 SIX6 SKIDA1 SKOR1 SKOR2 SOX1 SOX11 SOX14 SOX2 SOX21 SOX4 TBX1 TBX2 TBX3 TCF7 TLE5 VGLL2 VGLL3 ZNF503 ZNF703,
292,aspartate family amino acid metabolic process,ABHD12 ACCS AGPS ASNS ASPA CIDEB DDO GALK2 GPD2 KIF25 OSGIN1 PAOX PTGR2 SCRN2 SPTLC1 UEVLD VAT1L,
201,aspartic-type endopeptidase activity,APCDD1L BTBD17 CHI3L1 CHI3L2 CHIA CRTAP CTSD CTSE DHH DNASE1 DNASE1L2 DNASE2B IHH NAPSA P3H1 P3H2 P3H3 P3H4 P4HA3 P4HTM PGA3 PGA4 PGA5 PGC PRF1 REN SHH SUN3 TCN2,
275,axonemal microtubule,ACRV1 AMBN C10orf82 C11orf1 C19orf71 C1orf100 C20orf85 C2orf73 C3orf84 C4orf45 C4orf47 C5orf49 C6orf15 C7orf31 C7orf57 CABYR CARD19 CATSPER1 CCDC60 CDSN CFAP126 CFAP77 CPHXL CRNN DSPP EFCAB12 EFHB ENAM ENKUR FAM166A FAM166B FAM166C FAM183A FAM221B FLG2 FSCB HEMGN HRNR IBSP IQCM KPRP LEXM LRRC37A LRRC37A2 LRRC37A3 LRRC37B MARCOL MEPE MS4A14 NBPF1 NBPF11 NBPF12 NBPF14 NBPF15 NBPF26 NBPF3 NBPF4 NBPF6 NBPF9 ODF3 ODF3B ODF3L1 ODF3L2 PIFO PPP1R32 RPTN SAMD15 SAXO1 SAXO2 SBSN SELENOV SEMG1 SEMG2 SMCO2 SMTNL1 SPAG8 SPATA32 SPATA48 SPP1 STPG1 STPG2 STPG4 TCHHL1 TEX26 TEX37 TEX45 TEX55 THEG THEGL TXNDC2,
255,axoneme assembly,BBOF1 C20orf96 C6orf118 C6orf163 CAGE1 CCDC110 CCDC113 CCDC121 CCDC122 CCDC146 CCDC153 CCDC154 CCDC172 CCDC175 CCDC178 CCDC183 CCDC185 CCDC38 CCDC40 CCDC42 CCDC63 CCDC65 CCDC78 CCDC83 CCDC96 CFAP100 CFAP157 CFAP45 CFAP53 CFAP57 CFAP73 CFAP99 DRC1 DRC7 FAM81B FLACC1 GAS8 GOLGA8G IFT74 IFT81 IQANK1 IQCD IQCG KIF4B KLF18 MNS1 RIBC2 SPZ1 TCHP TRAF3IP3 TSNAXIP1 TXLNB,
168,basement membrane,AGRN CNTNAP2 CNTNAP5 COL12A1 COL14A1 COL6A3 COL6A5 COL6A6 CR1 CUBN DMBT1 EYS FBN1 FBN2 FBN3 FN1 IGSF10 LAMA1 LAMA2 LAMA3 LAMA4 LAMA5 LAMB1 LAMB2 LAMB3 LAMB4 LAMC1 LAMC2 LAMC3 LGI2 LGI3 LGI4 LPA LRP4 LRP5 MALRD1 MEGF8 MUC2 MUC6 NOTCH1 NOTCH2 NOTCH3 OTOG OTOGL RELN ROS1 SORL1 STAB1 STAB2 SVEP1 TECTA TG TNC TNN VWF ZAN,
119,binding of sperm to zona pellucida,ACR PRSS21 PRSS22 PRSS33 PRSS37 PRSS38 PRSS41 PRSS48 PRSS50 PRSS51 PRSS54 PRSS55 PRSS8 TMPRSS11A TMPRSS11B TMPRSS11D TMPRSS11E TMPRSS11F TMPRSS12 TPSG1,
13,bitter taste receptor activity,TAS2R1 TAS2R10 TAS2R13 TAS2R14 TAS2R16 TAS2R19 TAS2R20 TAS2R3 TAS2R30 TAS2R31 TAS2R38 TAS2R39 TAS2R4 TAS2R40 TAS2R41 TAS2R42 TAS2R43 TAS2R46 TAS2R5 TAS2R50 TAS2R60 TAS2R7 TAS2R8 TAS2R9 VN1R1 VN1R2 VN1R4 VN1R5,
155,body fluid secretion,CSN1S1 CSN2 CSN3 FDCSP HTN1 HTN3 MUC7 OPRPN STATH,
130,cAMP biosynthetic process,ABCB10 ABCB6 ABCB8 ABCB9 ADCY2 ADCY3 ADCY4 ADCY5 ADCY6 ADCY7 ADCY8 ADCY9 CNNM1 HAS1 HAS2 HAS3 KCND2 KCNMA1 KCNT1 TAP1 TAP2 UGCG,
294,calcineurin complex,AP5B1 CPSF1 EIF3L FAAP100 GPAT2 HECTD3 HPS6 LZTR1 MROH6 OTOA PAN2 PEAK3 PLCD4 PPP3CA PPP3CB PPP3CC PRRT4 RCBTB1 RCBTB2 SF3B3 STRC TAF1C TTC5,
131,calcium ion import across plasma membrane,ABCD4 ABCG1 ABCG2 ABCG4 ABCG5 MCOLN2 MCOLN3 PKD2L2 PTCHD3 RHBDF1 TRPA1 TRPC4 TRPC7 TRPM1 TRPM2 TRPM4 TRPM5 TRPM8 TRPV1 TRPV2 TRPV3 TRPV4 TRPV5 TRPV6,
22,calcium-dependent cell-cell adhesion via plasma membrane cell adhesion molecules,PCDH10 PCDH12 PCDH17 PCDH18 PCDH20 PCDH8 PCDHA1 PCDHA10 PCDHA11 PCDHA12 PCDHA13 PCDHA2 PCDHA3 PCDHA4 PCDHA5 PCDHA6 PCDHA7 PCDHA8 PCDHA9 PCDHAC1 PCDHAC2 PCDHB1 PCDHB10 PCDHB11 PCDHB12 PCDHB13 PCDHB14 PCDHB15 PCDHB16 PCDHB2 PCDHB3 PCDHB4 PCDHB5 PCDHB6 PCDHB7 PCDHB8 PCDHB9 PCDHGC3 PCDHGC4 PCDHGC5,
52,calcium-dependent cell-cell adhesion via plasma membrane cell adhesion molecules,CDH1 CDH10 CDH11 CDH12 CDH13 CDH15 CDH16 CDH17 CDH18 CDH19 CDH2 CDH20 CDH22 CDH24 CDH26 CDH3 CDH4 CDH5 CDH6 CDH7 CDH8 CDH9 CDHR1 CDHR2 CDHR3 CDHR4 DSC1 DSC3 DSG1 DSG2 DSG3 DSG4 PCDH1 PCDH15 PCDH7 PCDH9,
286,calcium-dependent cysteine-type endopeptidase activity,CAPN1 CAPN11 CAPN12 CAPN13 CAPN14 CAPN2 CAPN3 CAPN8 CAPN9 CASP8 DAGLB DDX58 DQX1 DTX3L FAM111A FAM111B IFI44 IFI44L IFIH1 IFIT3 MSLN MX2 NOX4 NOX5 OAS2 OAS3 OASL PARP14 PARP15 PARP9 RNASEL SAMD9 SAMD9L SEL1L SLFN11 SLFN12 SLFN13 SLFN14 SLFN5 TMEM43,
38,calcium-dependent phospholipid binding,ANXA1 ANXA10 ANXA13 ANXA2 ANXA3 ANXA4 ANXA5 ANXA6 ANXA8 ANXA8L1 ANXA9,
98,calcium-dependent phospholipid binding,BSCL2 CLCC1 CPNE1 CPNE2 CPNE3 CPNE4 CPNE5 CPNE6 CPNE7 CPNE8 CPNE9 LNPK MFAP3 MFAP3L RETREG1 RETREG2 RETREG3 RIC3 RNF19A RNF19B TMEM117 TMX4,
23,calcium-dependent protein binding,S100A1 S100A10 S100A11 S100A12 S100A13 S100A14 S100A16 S100A2 S100A3 S100A4 S100A5 S100A6 S100A7 S100A7A S100A8 S100A9 S100B S100P S100Z,
104,calcium-independent cell-cell adhesion via plasma membrane cell-adhesion molecules,CACNG1 CACNG2 CACNG3 CACNG4 CACNG5 CACNG6 CACNG7 CLDN1 CLDN10 CLDN11 CLDN12 CLDN14 CLDN15 CLDN16 CLDN17 CLDN18 CLDN19 CLDN20 CLDN22 CLDN23 CLDN24 CLDN25 CLDN3 CLDN4 CLDN5 CLDN6 CLDN7 CLDN8 CLDN9 CLDND1 CLDND2 CLRN1 CLRN2 CLRN3 EMP1 EMP2 EMP3 GSG1 GSG1L GSG1L2 LHFPL2 LHFPL3 LHFPL4 LHFPL5 LHFPL6 LIM2 MOSMO NKAIN1 NKG7 ODF4 PERP PMP22 SYNGR4 TM4SF1 TM4SF18 TM4SF19 TM4SF20 TM4SF4 TM4SF5 TMEM114 TMEM127 TMEM140 TMEM178A TMEM178B TMEM179 TMEM182 TMEM196 TMEM202 TMEM204 TMEM225 TMEM225B TMEM235 TMEM37,
137,carbohydrate transmembrane transporter activity,CLN3 CTAGE1 CTAGE15 CTAGE4 CTAGE6 CTAGE8 CTAGE9 FLVCR1 FLVCR2 MFSD1 MFSD10 MFSD11 MFSD12 MFSD14A MFSD14B MFSD2A MFSD2B MFSD3 MFSD4A MFSD6L MFSD8 MFSD9 MIA2 OTOP3 SLC10A1 SLC10A2 SLC14A1 SLC14A2 SLC15A1 SLC15A2 SLC15A3 SLC15A4 SLC16A1 SLC16A10 SLC16A11 SLC16A12 SLC16A13 SLC16A14 SLC16A3 SLC16A4 SLC16A5 SLC16A6 SLC16A7 SLC16A8 SLC16A9 SLC17A1 SLC17A2 SLC17A3 SLC17A4 SLC17A5 SLC17A9 SLC18A1 SLC18A2 SLC18B1 SLC19A1 SLC19A2 SLC19A3 SLC20A1 SLC22A15 SLC22A18 SLC22A23 SLC29A1 SLC29A2 SLC29A3 SLC29A4 SLC2A1 SLC2A10 SLC2A11 SLC2A12 SLC2A13 SLC2A14 SLC2A2 SLC2A3 SLC2A4 SLC2A5 SLC2A6 SLC2A7 SLC2A8 SLC2A9 SLC35G2 SLC35G3 SLC35G4 SLC35G5 SLC35G6 SLC37A1 SLC37A2 SLC37A3 SLC37A4 SLC40A1 SLC43A1 SLC43A2 SLC43A3 SLC45A1 SLC45A2 SLC45A3 SLC45A4 SLC46A1 SLC46A2 SLC46A3 SLC49A3 SLC49A4 SLC52A1 SLC52A2 SLC52A3 SLC7A13 SLC7A4 SLCO1A2 SLCO1B1 SLCO1B3 SLCO1C1 SLCO2A1 SLCO2B1 SLCO3A1 SLCO4A1 SLCO4C1 SLCO5A1 SLCO6A1 SPNS1 SPNS2 SPNS3 SVOP SVOPL TMEM144 UNC93A UNC93B1,
156,carbon-sulfur lyase activity,ALOX5AP ATP6V0C DOLPP1 ERG28 FAIM2 ICMT KDELR3 MGST2 MGST3 MPDU1 PEMT PLPP6 RHBDL2 SERINC5 SLC35B1 SURF4 TMEM254 TMEM97 TRAM1 TRAM2 VKORC1,
213,carbonate dehydratase activity,ART3 CA1 CA10 CA13 CA2 CA3 CA5A CA7 DIO1 DIO2 DIO3 ERAP1 ERAP2 GLB1L3 GPX3 GPX6 LNPEP LTA4H LVRN PON1 PON3 TOR1A TOR1B TOR2A,
348,carboxylic ester hydrolase activity,ACOT1 ACOT11 ACOT2 ACOT4 ASPG AZIN1 CYB5R2 CYB5R3 DAO ESD IDO1 IDO2 PGM3 PYROXD2 SIGMAR1 SPHK1 SPR UAP1 UXS1,
266,catalytic step 2 spliceosome,ALYREF EWSR1 FBL HNRNPD HNRNPDL HNRNPF HNRNPH1 HNRNPK HNRNPR ILF3 RBMXL2 SYNCRIP ZMYM4,
449,catalytic step 2 spliceosome,BBIP1 C19orf25 C9orf78 CCDC174 CCDC43 CDC26 CLTA CLTB CWC15 CWC27 DNAJC17 DNAJC2 DNAJC21 DNAJC8 EAPP FRG1 GFER KIAA1143 PRKRIP1 RPP21 SELENOS SEM1 SLU7 SMNDC1 SVBP SVIP SYF2 TAF7 XPA YJU2 ZNRD2,
230,cell adhesion mediator activity,BSG CADM3 CADM4 CD276 CD47 CD6 CLMP CXADR EMB EPCAM ESAM F11R FAM171A1 FAM171B FNDC4 FNDC5 GPA33 GPNMB HEPACAM ICAM4 IGSF11 IGSF23 IGSF5 IL10RB IL17RA IL17RB IL17RD ILDR1 JAM2 JAM3 LAMP5 LSR MPZ MPZL1 MPZL2 MPZL3 NCR3LG1 NECTIN1 NECTIN2 NECTIN4 NPTN PTPRH PVR RNF43 ROBO4 SCN1B SCN2B SCN3B SCN4B SGCA SIGLECL1 SPACA1 TACSTD2 THSD1 TMEM130 TMEM25 TNFRSF17 UPK2 UPK3A UPK3BL1 UPK3BL2 VSIG2 VSIG8 VSTM2L VSTM4 VSTM5 ZPBP,
143,cell differentiation in spinal cord,EGR1 EGR2 EGR3 EGR4 FEZF1 FEZF2 GATA2 GFI1 GFI1B INSM1 ISL1 ISL2 KLF1 KLF10 KLF11 KLF13 KLF14 KLF15 KLF16 KLF2 KLF3 KLF4 KLF5 KLF6 KLF7 KLF9 LHX1 LHX2 LHX3 LHX4 LHX5 LHX6 LHX8 LHX9 LMX1A LMX1B MAZ NR4A1 NR4A2 NR4A3 OSR1 OSR2 OVOL1 OVOL2 PRDM12 SCRT1 SCRT2 SNAI1 SNAI2 SNAI3 SP5 SP6 SP7 WT1 ZFP42 ZIC1 ZIC2 ZIC4 ZIC5 ZNF367,
389,cell junction maintenance,ABLIM1 ABLIM2 ABLIM3 AFDN AGAP1 AGAP3 ARHGAP21 ARHGAP23 AXIN1 BMPR2 C1orf87 C2CD3 C3orf20 CACNB2 CAMSAP1 CAMSAP2 CASKIN1 CASKIN2 CCDC61 CCDC85A CFAP61 CFAP70 CLASP1 CLASP2 CTNND1 CTNND2 CUX2 DAAM1 DAAM2 DAB2IP DIAPH1 DIAPH3 DLC1 DLG1 DLG2 DLGAP1 DLGAP2 DLGAP3 DLGAP4 EFCAB6 EHBP1 ERBIN ERICH6 ERICH6B EVI5 EVI5L FAM13A FAM227A FAM227B FCHO1 FHOD1 FHOD3 FMNL1 FMNL2 FRMD4A FRMD4B GRID2IP GRIP1 INF2 IQCH KAZN KIAA1217 KIF1A LIMCH1 LMNTD1 LMO7 LRRC63 MAGI1 MAGI2 MAGI3 MAP3K10 MAP3K11 MAP3K12 MAP3K13 MAP3K21 MAP3K4 MAP3K9 MAST1 MAST2 MAST3 MAST4 MICAL2 MICAL3 MPDZ MTSS1 NAV2 NAV3 NPAS3 PARD3 PARD3B PATJ PDZRN3 PDZRN4 PKP1 PKP2 PKP3 PKP4 PLEKHA5 PLEKHA6 PLEKHA7 PLEKHG3 PPP1R13B PPP1R9A PRICKLE1 PRICKLE2 PTPN13 RABGAP1L RAPGEF2 RAPH1 RASAL2 RGS22 RIMBP2 RIMS1 RIMS2 SH3PXD2A SHANK2 SHANK3 SIPA1L1 SIPA1L2 SIPA1L3 SORBS1 SORBS2 SPATA6L SPATS2 SRCIN1 STARD13 STIM1 SYNGAP1 TIAM1 TIAM2 TJP1 TJP2 TNK2 TP53BP2 VWA3A VWA3B WWC1 WWC2 XRRA1,
337,cellular response to interferon-beta,AIM2 ATL2 ATL3 BBS1 CLUH DELE1 DET1 FAM178B FKBP6 GPCPD1 HGH1 HSPBP1 IFI16 IFRD1 IFRD2 IRAK2 IRAK3 KLHDC1 LRPPRC MFN2 MNDA MORN1 MORN2 MORN3 MORN4 MORN5 MOV10L1 MTREX NOL11 OPA1 PARP6 PDCD4 PYHIN1 RSPH1 SCFD2 STXBP1 STXBP2 STXBP3 TCAIM TDRD9 TMEM102 VPS33A VPS33B VPS45,
94,cellular response to virus,C20orf204 CLCF1 CNTF CSF2 CSF3 CSH1 CSH2 CSHL1 CYTL1 EPO FAM180A FLT3LG GH1 GH2 IFNA1 IFNA10 IFNA13 IFNA14 IFNA16 IFNA17 IFNA2 IFNA21 IFNA4 IFNA5 IFNA6 IFNA7 IFNA8 IFNB1 IFNE IFNG IFNK IFNL1 IFNL2 IFNL3 IFNL4 IFNW1 IL10 IL11 IL12A IL13 IL19 IL2 IL20 IL21 IL22 IL23A IL24 IL26 IL27 IL3 IL31 IL4 IL5 IL6 IL7 IL9 LEP LIF OSM PRL,
259,centriole-centriole cohesion,ANKRD24 ANKRD35 CCDC150 CCDC158 CCDC171 CCDC18 CCDC186 CCDC30 CCDC88C CDK5RAP2 CENPE CENPF CEP112 CEP128 CEP135 CEP152 CEP290 CEP55 CEP63 CEP83 CNTLN CNTRL CROCC CROCC2 DEUP1 EEA1 FAM184A FHAD1 GCC2 GOLGA1 GOLGA2 GOLGA4 GOLGB1 HMMR KIF15 KIF20B KTN1 LEKR1 LRRCC1 NIN NINL NUMA1 ODF2 ODF2L PCNT PDE4DIP PIBF1 PMFBP1 RAI14 RRBP1 SCLT1 SDCCAG8 SPDL1 SYCP1 TPR TRIP11 TSGA10 UACA,
77,chaperonin-containing T-complex,CCT2 CCT3 CCT4 CCT5 CCT6A CCT6B CCT7 CCT8 HSPD1 TCP1,
36,chemokine activity,CCL1 CCL11 CCL13 CCL14 CCL15 CCL16 CCL17 CCL18 CCL19 CCL2 CCL20 CCL21 CCL22 CCL23 CCL24 CCL25 CCL26 CCL27 CCL28 CCL3 CCL3L1 CCL4 CCL4L2 CCL5 CCL7 CCL8 CXCL1 CXCL10 CXCL11 CXCL12 CXCL13 CXCL14 CXCL2 CXCL3 CXCL5 CXCL6 CXCL8 CXCL9 GNLY PF4 PF4V1 PPBP XCL1 XCL2,
187,chemorepellent activity,ADAM10 ANTXR1 ANTXR2 APP CACHD1 CACNA2D2 CLCA1 CLCA2 CLCA4 CREG2 DPP4 EFNA4 ENG F5 FAP FKBP7 FKBP9 HHIPL2 IMPG1 IMPG2 ITGAV LRP11 MBTPS1 NPR3 OOSP1 OOSP2 OOSP3 OOSP4A OOSP4B OVGP1 PAM PLD5 SEMA3A SEMA3B SEMA3C SEMA3E SEMA3F SEMA3G SEMA4A SEMA4B SEMA4C SEMA4D SEMA4F SEMA4G SEMA6B SEMA6C SEMA7A SEZ6 SEZ6L2 TECTB TGFBR3 TM2D1 TM2D2 TM2D3 UMODL1 VWA2 ZP1 ZP2 ZP3 ZP4 ZPLD1,
96,chylomicron,ANGPTL8 APOA1 APOA2 APOA4 APOA5 APOC1 APOC2 APOC3 APOE C3orf85 C5orf46 DCD FAM180B GUCA2A GUCA2B IL15 IL34 KITLG KRTDAP LACRT MUCL1 PLAC9 PRAP1 SCGB1A1 SCGB1C1 SCGB1C2 SCGB1D1 SCGB1D2 SCGB1D4 SCGB2A1 SCGB2A2 SCGB2B2 SCGB3A1 SCGB3A2 SFTA2 SMCO4,
250,ciliary transition zone,AK7 AMOTL1 CC2D2A CFAP221 CTTNBP2NL EFCC1 GOPC IQCK MAP7 MYCBPAP NPHP1 RPGRIP1 RSPH4A SPATA7 TAOK2 TMCC1 TMCC2 TSPOAP1,
362,ciliary transition zone,AHI1 ARHGAP39 DCAF6 EFCAB13 FBXW10 POC5 PSD4 SPATA1 TTLL5 WHRN,
426,clathrin adaptor complex,ADAT1 AEN AP1M2 AP2M1 AP4M1 CLIC1 COPS6 DDX47 EIF3B ETNK1 FAXC ILF2 MTX3 NAA50 NOC4L PDCD2L POLR1E PSMD4 RO60 TEX47 TRMT6 VPS26A YOD1,
217,collagen catabolic process,AEBP1 AFM AFP ALB APCDD1 BCAN CCDC3 CNMD CTSO ENDOU FETUB GC HAPLN4 HPX HTRA1 HTRA4 ISM1 ISM2 IZUMO1 IZUMO2 IZUMO3 IZUMO4 KAZALD1 LDLRAD2 LRRN4CL MMP1 MMP10 MMP11 MMP12 MMP13 MMP14 MMP15 MMP16 MMP17 MMP19 MMP2 MMP20 MMP21 MMP23B MMP24 MMP25 MMP26 MMP27 MMP28 MMP3 MMP7 MMP8 MMP9 SOD3 SPACA6 SPON2 TEX51 TMEM95 VTN,
91,collagen trimer,C1QTNF9 C1QTNF9B COL10A1 COL11A1 COL11A2 COL13A1 COL15A1 COL16A1 COL17A1 COL18A1 COL19A1 COL1A1 COL1A2 COL21A1 COL22A1 COL23A1 COL24A1 COL25A1 COL26A1 COL27A1 COL28A1 COL2A1 COL3A1 COL4A1 COL4A2 COL4A3 COL4A4 COL5A1 COL5A2 COL5A3 COL6A1 COL6A2 COL7A1 COL8A1 COL8A2 COL9A1 COL9A2 COL9A3 COLQ ELN EMID1 MARCO OTOL1 SFTPD,
93,collagen trimer,ADIPOQ C1QA C1QB C1QC C1QL1 C1QL2 C1QL3 C1QL4 C1QTNF1 C1QTNF12 C1QTNF2 C1QTNF3 C1QTNF4 C1QTNF5 C1QTNF6 C1QTNF7 C1QTNF8 CBLN1 CBLN2 CBLN3 CBLN4 CD70 COLEC10 COLEC11 COLEC12 CTHRC1 FASLG FCN1 FCN2 FCN3 GLDN LTA LTB MBL2 MSR1 SCARA3 SCARA5 SFTPA1 SFTPA2 TNF TNFSF10 TNFSF11 TNFSF12 TNFSF13 TNFSF13B TNFSF14 TNFSF15 TNFSF18 TNFSF4 TNFSF8 TNFSF9,
63,complement activation,APOH C4BPA C4BPB CD46 CD55 CFH CFHR1 CFHR2 CFHR3 CFHR4 CFHR5 CR1L CR2 F13B SELE SELP,
248,condensed nuclear chromosome,CCDC88A RAD50 ROCK1 SMC1B SMC2 SMC3 SMC4 SMC5 SMC6 TAX1BP1,
128,connexin complex,AMFR CALHM1 CALHM2 CALHM3 CALHM4 CALHM5 CALHM6 DCSTAMP FAM8A1 GJA1 GJA10 GJA4 GJA5 GJA8 GJA9 GJB2 GJB3 GJB4 GJB5 GJB6 GJB7 GJC1 GJC2 GJC3 GJD2 GJD3 GJD4 MPV17 MPV17L2 ORAI1 ORAI2 ORAI3 PANX1 PEX10 PEX11A PEX11B PEX11G PEX12 PEX16 PEX2 RHBDD1 RNF170 RTP1 RTP2 RTP3 RTP4 STUM TMEM199 TMEM240 TMEM88 UBAC2 VANGL1 VANGL2 ZDHHC23,
454,core mediator complex,BAG2 C4orf46 CDKN2AIPNL CINP GID8 HAUS2 IQCA1 KTI12 MED30 MED4 MED7 PSMD9 TBCC,
102,cortical actin cytoskeleton,ACTN1 ACTN2 ACTN3 ACTN4 DSP EVPL PPL SPTA1 SPTAN1 SPTB SPTBN1 SPTBN2 SPTBN4 SPTBN5 TRIO,
221,cuprous ion binding,ADIRF C4orf3 CLEC2L FAM241B FAM25A FAM25C FAM25G HMGA1 HMGA2 HMGN1 HMGN4 KLRG2 MANBAL PLIN1 PLIN2 PLIN3 PLIN5 SMKR1 SNCA SNCB SNCG TMEM263 TMEM40 TMUB2 TOMM6,
44,cyclase activator activity,AIF1 AIF1L CABP1 CABP2 CABP4 CABP5 CABP7 CALB1 CALB2 CALM1 CALM2 CALM3 CALML3 CALML4 CALML5 CALML6 CALN1 CAPSL CETN1 CETN3 CHP1 CHP2 CIB1 CIB2 CIB3 CIB4 EFCAB11 EFCAB9 EFHD1 EFHD2 GUCA1A GUCA1B GUCA1C HPCA HPCAL1 HPCAL4 KCNIP1 KCNIP2 KCNIP3 KCNIP4 MICU1 MYL1 MYL10 MYL12A MYL12B MYL2 MYL3 MYL4 MYL5 MYL6 MYL6B MYL7 MYL9 MYLPF NCALD NCS1 OCM OCM2 PPP2R3C PPP3R1 PPP3R2 PVALB PVALEF RCVRN SCGN TESC TNNC1 TNNC2 VSNL1,
81,cyclin-dependent protein serine/threonine kinase inhibitor activity,ANKDD1A ANKDD1B ANKFY1 ANKK1 ANKRA2 ANKRD16 ANKRD22 ANKRD27 ANKRD28 ANKRD29 ANKRD37 ANKRD39 ANKRD42 ANKRD44 ANKRD46 ANKRD49 ANKRD52 ANKRD55 ANKRD61 ANKRD65 ASB1 ASB10 ASB13 ASB14 ASB15 ASB16 ASB18 ASB2 ASB3 ASB4 ASB5 ASB6 ASB7 ASB8 BCL3 CDKN2A CDKN2B CDKN2C CDKN2D FANK1 ILK INVS MTPN NFKBIA NFKBIB NFKBID NFKBIE NFKBIZ NRARP PLA2G6 PPP1R27 RFXANK RIPK4 TNKS,
450,cyclin-dependent protein serine/threonine kinase regulator activity,ALKBH6 ARMC7 ASZ1 BIRC5 BTBD10 CACUL1 CARM1 CCND1 CCND2 CCND3 CCNG1 CCNG2 CCNI CCNI2 CCNJ CCNJL CCNO CDC73 CENPO CFAP300 CNTD1 DUSP11 DYNC1LI2 EIF4E1B FAM114A2 FAM221A GIPC2 GIPC3 GOLPH3 GOLPH3L HAUS3 HORMAD1 HORMAD2 KCNRG KCTD1 KCTD10 KCTD11 KCTD12 KCTD13 KCTD14 KCTD15 KCTD17 KCTD20 KCTD21 KCTD4 KCTD5 KCTD6 KCTD7 KCTD8 KIAA0513 LIX1 MAB21L1 MINDY1 NECAB1 NECAB2 NECAB3 NMT2 NSFL1C PAIP1 PCMTD2 PEX19 PHYHIPL PSMF1 RIOK3 RNASEH2B RNF41 RSPH9 SAMD12 SAMD13 SBK3 SGTA SGTB SHCBP1 SLX1A SLX1B SPATA16 SPC24 SPDYA SSUH2 SUPT7L SUV39H2 TBCB TCF25 TENT5B TMED8 TNFAIP1 TTC33 UBE2Q1 UBE2Q2 UBXN2A UBXN2B ZC3HAV1L ZMYND19 ZNHIT6,
74,cysteine-type deubiquitinase activity,DYTN ERV3-1 ERVFRD-1 ERVMER34-1 ERVV-1 ERVV-2 ERVW-1 KDM4E RECQL5 USP17L1 USP17L10 USP17L11 USP17L12 USP17L13 USP17L15 USP17L17 USP17L18 USP17L19 USP17L2 USP17L20 USP17L21 USP17L22 USP17L23 USP17L24 USP17L25 USP17L26 USP17L27 USP17L28 USP17L29 USP17L3 USP17L30 USP17L4 USP17L5 USP17L7 USP17L8 USP18 USP50,
400,cysteine-type deubiquitinase activity,ADAP1 CCDC138 CCM2 DLG4 KIF2A MPP2 OGA PIP5K1A PIP5K1B PLEKHJ1 PPIP5K1 PRMT2 PTPN1 PTPN9 RABGEF1 RAD54L2 SBNO1 SEC14L5 SYN2 TPRG1 USP28 USP33 USP35 USP48,
216,cysteine-type endopeptidase activity,C16orf89 CBLIF CTSB CTSC CTSF CTSH CTSK CTSL CTSS CTSZ LOXL1 NDNF TCN1 WSCD1,
49,cysteine-type endopeptidase inhibitor activity,AMBP APOD APOM C8G CAMP CST1 CST11 CST2 CST3 CST4 CST5 CST6 CST7 CST8 CST9L CSTL1 GKN1 GKN2 LCN1 LCN10 LCN12 LCN15 LCN2 LCN6 LCN8 LCN9 LCNL1 OBP2A OBP2B ORM1 ORM2 PAEP PIP PTGDS RARRES2 RBP4,
67,cytidine deaminase activity,AICDA APOBEC1 APOBEC2 APOBEC3A APOBEC3B APOBEC3C APOBEC3D APOBEC3F APOBEC3G APOBEC3H,
231,cytokine receptor activity,IL1R1 IL1RAP IL1RL1 IL1RL2 IL6ST LEPR LIFR OSMR SIGIRR,
232,cytokine receptor activity,IFNAR1 IFNGR1 IL12B IL12RB2 IL18R1 IL18RAP IL20RB IL22RA2 IL23R IL31RA IL7R,
233,cytokine receptor activity,AMHR2 CSF2RB CSF3R EBI3 EFNB2 EPOR F3 GHR IFNAR2 IFNGR2 IFNLR1 IL10RA IL12RB1 IL1R2 IL20RA IL21R IL22RA1 IL27RA IL2RB IL4R IL5RA IL6R MPL NECTIN3 PRLR SGCE,
283,cytolysis in another organism,CARD8 DNAJC3 GBP1 GBP2 GBP3 GBP4 GBP5 GBP6 GBP7 GIMAP1 GIMAP2 GIMAP4 GIMAP5 GIMAP6 GIMAP7 GIMAP8 GPC2 GSDMD MX1 NOX3 NUGGC WFS1,
245,cytoplasmic microtubule,CCDC112 CCDC14 CCDC181 CCDC191 CCDC34 CEP95 DNAI1 DYDC2 EFHC1 EPSTI1 FAM161A FAM161B HAP1 IQUB KIAA2012 LRRIQ3 MAP7D1 MAP9 RSPH3 SPA17 SPATA17,
263,cytoplasmic stress granule,ELAVL1 ESRP1 FUBP3 HNRNPLL IGF2BP1 IGF2BP2 IGF2BP3 PABPC1 PABPC1L PABPC3 PABPC4 PABPC4L PCBP1 PCBP2 PCBP3 PTBP1 PTBP2 PTBP3 PUF60 RBM45 RBM46 TIA1 TIAL1 TRNAU1AP,
272,cytoplasmic stress granule,AGFG1 AGFG2 AHDC1 AHR AKAP8 AKAP8L ANKRD11 ANKRD12 ANXA11 ANXA7 ARID1A ARID1B ARID2 ARID5B ARNT ARNT2 ARPP21 ASH1L ASXL1 ASXL3 ATF2 ATF7 ATF7IP ATN1 ATXN1 ATXN2 ATXN2L AUTS2 BAG4 BAZ2A BAZ2B BCL9 BCL9L BDP1 BICC1 BICRA BICRAL BMP2K BOD1L1 BPTF CAPRIN1 CASC3 CASP8AP2 CBFA2T2 CCDC200 CDK12 CDK13 CECR2 CHD1 CHD2 CHD3 CHD4 CHD5 CHD6 CHD7 CHD8 CHD9 CIC CLINT1 CLOCK CNOT2 CNOT4 CREB5 CREBBP CRTC1 CRTC2 CRTC3 DCP1A DCP1B DIDO1 DROSHA DVL2 DVL3 EIF4ENIF1 EIF4G1 EIF4G3 EMSY EP300 EPAS1 EPC1 EPC2 EPN2 EYA1 EYA2 EYA3 EYA4 FAM222B FBRS FBRSL1 FIGN FNBP4 FOXJ2 FOXJ3 FOXK1 FOXK2 FOXO3 FXR2 GATAD2A GATAD2B GIGYF1 GIGYF2 GON4L GORASP2 GPS2 GRINA GSE1 HGS HIPK1 HIPK3 HIVEP1 HIVEP2 JMJD1C KAT6A KAT6B KDM6B KHDC4 KIAA2026 KMT2B KMT2E LARP1 LARP1B LARP4 LARP4B LATS1 LENG8 LGALS3 MAML1 MAML2 MAML3 MAPK1IP1L MBD5 MBD6 MED25 MGA MLLT10 MLLT6 MN1 MPLKIP MRTFA MRTFB MYOCD MYRF NCOA1 NCOA2 NCOA3 NCOA6 NCOR1 NCOR2 NIPBL NOL4 NPAS2 NRIP1 NUFIP2 NUMB NUP153 NUP214 NUP42 NUP54 NUP58 NUP62 NUP98 OTUD4 PAN3 PATL1 PBRM1 PCM1 PEF1 PHF21B POM121 POM121C PPRC1 PRDM2 PROSER1 PRPF40B PRR12 PRRC1 PRRC2A PRRC2B PRRC2C PTPRZ1 PUM1 PUM2 PYGO1 PYGO2 QSER1 R3HDM1 R3HDM2 RAI1 RAVER2 RBM15 RBM5 RBM6 RC3H1 RC3H2 RERE RFX1 RFX2 RFX7 RNF111 RNF165 RNF38 RNF44 RPRD2 RUNX1T1 SCAF1 SCAF11 SEC16A SEC16B SEC23IP SEC24A SEC24B SEC24C SEC24D SEC31A SETBP1 SETD1A SETD1B SETD2 SETD5 SF3A1 SF3B2 SIK2 SIK3 SIN3A SMAD4 SMAP1 SMAP2 SMARCA2 SMARCA4 SMG7 SOBP SRCAP SRRT SS18 SS18L1 STAM STAM2 SUPT20H TAB2 TAF1L TCERG1 TCF20 TET2 TET3 TFG TMBIM1 TNRC18 TNRC6A TNRC6C TSC22D1 TSC22D2 UBALD1 UBAP2 UBAP2L VPS37B VPS37C WAC WBP2NL WNK1 YAP1 YEATS2 YTHDF1 YTHDF2 YTHDF3 ZFR ZFR2 ZMIZ1 ZMIZ2 ZNF318 ZNF326 ZNF608 ZNF609 ZNF638 ZNF804A ZNF804B,
20,cytosolic large ribosomal subunit,BTF3 FAU RPL10A RPL10L RPL11 RPL12 RPL13 RPL13A RPL14 RPL15 RPL17 RPL18 RPL18A RPL19 RPL21 RPL22 RPL23 RPL23A RPL24 RPL26 RPL26L1 RPL27 RPL27A RPL28 RPL29 RPL3 RPL30 RPL31 RPL32 RPL34 RPL35 RPL35A RPL36 RPL36AL RPL37 RPL37A RPL38 RPL4 RPL41 RPL5 RPL6 RPL7 RPL7A RPL8 RPL9 RPLP0 RPLP1 RPLP2 RPS10 RPS11 RPS12 RPS13 RPS14 RPS15 RPS15A RPS16 RPS17 RPS18 RPS19 RPS2 RPS20 RPS21 RPS23 RPS24 RPS25 RPS26 RPS27 RPS27A RPS28 RPS29 RPS3 RPS3A RPS5 RPS6 RPS7 RPS8 RPS9 RPSA UBA52,
220,death receptor activity,BST2 CD27 CD320 CD40 DCBLD1 EDAR FAM189A2 FAS FNDC9 IL15RA LAYN LIME1 LTBR NGFR PTCRA RELT SUSD3 SUSD6 TNFRSF10A TNFRSF10B TNFRSF10C TNFRSF10D TNFRSF11A TNFRSF11B TNFRSF13B TNFRSF14 TNFRSF18 TNFRSF19 TNFRSF1A TNFRSF1B TNFRSF21 TNFRSF25 TNFRSF4 TNFRSF8 TNFRSF9 UPK3B,
4,detoxification of copper ion,MT1A MT1B MT1E MT1F MT1G MT1H MT1HL1 MT1M MT1X MT2A MT3 MT4,
97,disruption of cellular anatomical structure in another organism,DEFA1 DEFA1B DEFA3 DEFA4 DEFA5 DEFA6 FAM237B PRND SCRG1 THPO,
162,dolichol-linked oligosaccharide biosynthetic process,AGMO ALG10B ALG3 CDS1 HHATL LBR NRM PIGW RFT1 RHBDL1 SGPP1 STEAP1B TM6SF1 TMEM161A TMEM161B TMEM19 TMEM269 TMEM41A TMEM42 XKR3,
253,dynein light intermediate chain binding,CALCOCO1 CALCOCO2 CCDC68 CCDC69 CCDC77 CCDC88B CEP131 CEP164 CEP70 CEP85 CEP89 CGN FAM81A FILIP1 FILIP1L GCC1 HOOK1 HOOK2 MYZAP OPTN PLEKHD1 RABEP2 SPAG5 TNIP1 TNIP3 TXLNA,
190,embryonic pattern specification,ARID3B C11orf53 COLCA2 CXXC4 EBF1 EBF2 EBF3 EBF4 ERG ETV4 FAM168B FLI1 FOXN1 GCM1 GCM2 GLIS3 IRF2BP1 IRF2BP2 IRF2BPL MEIS1 MEIS2 MEIS3 PAX1 PAX5 PAX8 PAX9 PBX3 POU2AF1 POU2F2 QKI RFX4 RFX6 RUNX1 RUNX2 RUNX3 SIM1 SIM2 SOX10 SOX17 SOX7 SOX8 SOX9 TBR1 TBX10 TBX15 TBX18 TBX19 TBX20 TBX21 TBX4 TBX5 TBX6 TBXT TCF7L1 TCF7L2 TOX TOX2,
194,embryonic skeletal system morphogenesis,ALX1 ALX3 ALX4 BARHL1 BARHL2 BARX1 BARX2 BSX CDX1 CDX2 CRX DBX1 DBX2 DLX1 DLX2 DLX3 DLX4 DLX5 DLX6 DMBX1 DPRX DRGX DUXA DUXB EMX1 EMX2 EN1 EVX1 EVX2 FEV FOXA2 GATA4 GATA6 GBX1 GBX2 GSC GSC2 GSX1 GSX2 HESX1 HHEX HLX HMX1 HMX2 HMX3 HOXA1 HOXA10 HOXA11 HOXA13 HOXA2 HOXA3 HOXA4 HOXA5 HOXA6 HOXA7 HOXA9 HOXB1 HOXB13 HOXB2 HOXB3 HOXB4 HOXB5 HOXB6 HOXB7 HOXB8 HOXB9 HOXC10 HOXC11 HOXC12 HOXC13 HOXC4 HOXC5 HOXC6 HOXC8 HOXC9 HOXD1 HOXD10 HOXD11 HOXD12 HOXD13 HOXD3 HOXD4 HOXD8 HOXD9 IRX1 IRX2 IRX3 IRX4 IRX5 IRX6 ISX LBX1 LBX2 MEOX1 MEOX2 MIXL1 MNX1 MSX1 MSX2 NANOGP8 NKX1-1 NKX1-2 NKX2-1 NKX2-2 NKX2-3 NKX2-4 NKX2-5 NKX2-6 NKX2-8 NKX3-1 NKX3-2 NKX6-1 NKX6-2 NKX6-3 NOTO ONECUT3 OTP OTX1 OTX2 PDX1 PHOX2A PHOX2B PITX1 PITX2 PITX3 POU1F1 POU3F1 POU3F2 POU3F3 POU4F1 POU4F2 PROP1 PRRX2 RAX RAX2 SEBOX SHOX2 TLX1 TLX2 TLX3 UNCX VAX1 VAX2 VENTX VSX1 VSX2,
149,endoplasmic reticulum organization,ARL6IP1 BCAP29 EMC3 EMC4 EMC7 GET1 GPRC5B GPRC5C LITAFD NDFIP1 PIGC REEP1 REEP2 REEP3 REEP5 SCAMP1 SCAMP2 SCAMP3 SELENOT SPCS2 TMEM185B TMEM203 TMEM221 YIF1A YIF1B YIPF1 YIPF2 YIPF3 YIPF4 YIPF5 YIPF7,
203,ephrin receptor binding,BACE1 CNTFR COCH CRLF1 CRTAC1 CUZD1 DCBLD2 DGCR2 EFNA1 EFNA2 EFNA3 EFNA5 FKBP10 GP2 HPSE2 LY86 LY96 MEP1B NLGN2 PI16 PLXDC1 PLXDC2 POSTN SULF1 SULF2 SUSD2 SUSD5 TGFBI,
123,extracellular matrix disassembly,AZU1 CELA1 CFD CMA1 CTSG ELANE GZMA GZMB GZMH GZMK GZMM KLK10 KLK11 KLK12 KLK13 KLK14 KLK15 KLK2 KLK3 KLK4 KLK5 KLK6 KLK7 KLK8 KLK9 PRSS27 PRSS57 PRSS58 PRTN3 TPSAB1 TPSB2 TPSD1,
83,extracellular matrix structural constituent conferring compression resistance,ASPN CD14 CD180 CHAD CHADL CLEC20A CPN2 DCN ECM2 EPYC FBXL8 FMOD GP5 IGFALS KERA LINGO4 LRG1 LRRC14B LRRC15 LRRC17 LRRC19 LRRC32 LRRC58 LRRC70 LRRC8A LRRC8B LRRC8C LRRC8D LRRC8E LUM MFHAS1 NRROS OGN OMD OPTC PODN PODNL1 PRELP TLR1 TLR10 TLR2 TLR3 TLR5 TLR6 TLR9 TSKU,
356,fatty acid beta-oxidation,ACAA1 ACAA2 ACAD8 ACAD9 ACADL ACADM ACADS ACADSB ACADVL ACAT1 ACAT2 ACLY ACO2 ADHFE1 AHCY AHCYL1 ALDH1A1 ALDH1A2 ALDH1A3 ALDH1B1 ALDH2 ALDH4A1 ALDH5A1 ALDH6A1 ALDH7A1 ALDH8A1 ALDH9A1 ALDOA ALDOC ASS1 ATP5F1A ATP5F1B ATP5F1C ATP5PO ATP6V1A ATP6V1B1 ATP6V1B2 AUH BCKDHA BCKDHB CKB CKM CKMT1A CKMT1B CKMT2 CRYZ CS DECR1 DLD ECH1 ECHDC1 ECHDC2 ECHS1 ECI2 EEF1G ENO1 ENO2 ENO3 ETFA ETFB FBP1 FH GCDH GLUD1 GLUL GOT1 GOT2 GPI GSTK1 HADH HADHA HADHB HIBADH HIBCH HMGCS2 HSD17B4 HSDL2 HSPA9 IDH1 IDH2 IDH3A IDH3B IMPDH2 IVD LAP3 MAT2A MCCC1 MCCC2 MDH1 MDH2 MMUT NDUFS1 NDUFS2 NDUFV1 NNT OAT OGDH OXCT2 PCCA PCCB PDHA2 PDHB PFKM PFKP PGD PGK2 PGM1 PKM PPIAL4E PPIAL4F PYGB PYGL PYGM RPL3L SCP2 SDHA SHMT1 SHMT2 SUCLA2 SUCLG1 SUCLG2 SUGCT TALDO1 TKT TUFM UQCRC2,
5,fatty acid binding,CRABP1 CRABP2 FABP1 FABP12 FABP2 FABP3 FABP4 FABP5 FABP6 FABP7 FABP9 PMP2 RBP1 RBP2 RBP5 RBP7,
157,fatty acid elongase activity,ACER1 ACER2 ACER3 ADTRP AIG1 CLN8 ELOVL1 ELOVL2 ELOVL3 ELOVL4 ELOVL5 ELOVL6 ELOVL7 FITM1 FITM2 G6PC3 LTC4S MMD MMD2 MYMK PAQR3 PAQR4 PAQR5 PAQR7 PAQR8 PGAP3 SLC50A1 TLCD1 TLCD2 TLCD3A TLCD3B TLCD5 TMEM229B TMEM86B TSPO2,
189,fatty-acyl-CoA synthase activity,ACSM1 ACSM2A ACSM2B ACSM3 ACSM4 ACSM5 ACSM6 ADH1A ADH1B ADH1C ADH4 ADH5 ADH6 ADH7 GSTZ1 PTGR1,
89,fibroblast growth factor receptor binding,CRYGN FGF1 FGF10 FGF11 FGF12 FGF17 FGF18 FGF19 FGF20 FGF21 FGF22 FGF23 FGF3 FGF4 FGF5 FGF6 FGF7 FGF8 FGF9 FSCN1 FSCN2 FSCN3,
415,filopodium assembly,ACAP1 ACAP2 ACAP3 ADD2 ADD3 ANKRD13B ANKS3 APBA1 APPL2 ARHGAP12 ARHGAP25 ARHGAP27 ARHGAP28 ARHGEF1 ARHGEF10L ARHGEF15 ARHGEF16 ARHGEF25 ARHGEF38 ARHGEF4 ASAP3 CAMTA2 CCDC141 DENND1C EPS8L1 EPS8L3 FAF1 FARP1 FARP2 FBXO38 FCHSD1 FGD2 FGD3 FRMD3 FRMD5 GARNL3 ICA1 ICA1L INPP5D KIAA0930 LRCH1 NCOA7 NET1 NIBAN1 OSBPL5 PACS2 PALM PEX5L PHLPP1 PIK3AP1 PIK3R1 PLEKHG6 PLEKHH3 PXK RALGPS2 RAP1GAP2 RAPGEF5 RASAL3 RASGRP1 RASGRP3 RGS9 SIPA1 SMG5 SNX9 SSH3 TBC1D10A TBC1D2 VAV2 VAV3 VEZT,
349,flavin adenine dinucleotide binding,ABHD11 ACAD10 ACAD11 ACOD1 ACOT13 ACOT6 ACSF3 ACY1 ACY3 AFMID AIFM2 AKR7A2 AKR7L ALAD AMACR AMDHD2 APRT ASPDH BAAT BPGM BPNT1 C19orf12 CBR1 CBR3 CLYBL COQ6 CTBP1 CTBP2 CUTC D2HGDH DDAH1 DDAH2 DGLUCY DHODH DHPS DNAJA3 ETHE1 FAAH FAHD2A FAHD2B FDXR FUOM GALE GALK1 GALM GAMT GDA GDI2 GK2 GK3P GK5 GLYCTK GMDS GNE GNMT GNPDA2 GOT1L1 GPD1L GPX2 GSR GTPBP10 HAAO HAGHL HMBS HMGCLL1 HSD3B7 HYI ILVBL IMPA1 IMPA2 INPP1 ISOC2 ISYNA1 KCNAB1 KCNAB2 KCNAB3 KHK L2HGDH LIAS MAT2B MCAT METTL26 MOCS1 MPST MRI1 MTAP MTG2 MTHFD2L MVD MVK NADK NAGK NAGS NAMPT NANS NAPRT NDUFAF6 NIT2 NMRAL1 NPL NUBPL ODC1 OSGEP PAFAH1B3 PANK1 PANK3 PAPSS1 PBLD PCYT2 PDPR PDSS1 PEBP1 PGLS PGM2 PGM2L1 PHYH PHYHD1 PIPOX PISD PMPCA PNP PPA2 PPOX PRODH2 PRPS1L1 PTER PYCR1 PYCR2 PYCR3 QDPR RBBP9 RDH14 RPE RPIA RTN4IP1 SAMM50 SAT2 SCLY SDR39U1 SDR42E2 SDSL SEPSECS SERHL2 SHPK SIRT3 SIRT5 SPTLC2 SQOR THEM5 THNSL2 TP53I3 TST TXNRD1 TXNRD2 TXNRD3 TYMP UPP1 UPP2 UROD VAT1 VDAC1 XPNPEP1,
37,frizzled binding,WNT1 WNT10A WNT10B WNT11 WNT16 WNT2 WNT2B WNT3 WNT3A WNT4 WNT5A WNT5B WNT6 WNT7A WNT7B WNT8A WNT8B WNT9A WNT9B,
88,galactoside binding,CLC GRIFIN LGALS1 LGALS12 LGALS13 LGALS14 LGALS16 LGALS2 LGALS4 LGALS7 LGALS7B LGALS8 LGALS9 LGALS9B LGALS9C LGALSL,
10,glucuronosyltransferase activity,UGT1A1 UGT1A10 UGT1A3 UGT1A4 UGT1A5 UGT1A6 UGT1A7 UGT1A8 UGT1A9 UGT2A1 UGT2A2 UGT2A3 UGT2B10 UGT2B11 UGT2B15 UGT2B17 UGT2B28 UGT2B4 UGT2B7 UGT3A1 UGT3A2 UGT8,
112,glutamate receptor activity,ABCA2 ADGRB1 ADGRB2 ADGRB3 ADGRL1 ADGRL2 CNNM3 FZD6 GABBR1 GABBR2 GRIA1 GRIA2 GRIA4 GRID1 GRID2 GRIK1 GRIK2 GRIK3 GRIK4 GRIK5 GRIN1 GRIN2C GRIN2D GRIN3A GRIN3B GRM1 GRM2 GRM3 GRM4 GRM5 GRM6 GRM7 GRM8 GUCY2D NPR2 PIEZO2 PKD1L3 RBP3,
109,glutathione transferase activity,GSTA1 GSTA2 GSTA3 GSTA4 GSTA5 GSTM1 GSTM2 GSTM3 GSTM4 GSTM5 GSTO1 GSTP1 GSTT2 GSTT4 HPGDS,
341,glycogen binding,ACBD4 BCL2L11 BCL7C BIRC7 BMERB1 BORCS6 BTG1 C1orf174 C5orf24 CAVIN1 CAVIN2 CAVIN4 CCDC106 CCDC117 CCDC71L CDKN1B CGGBP1 DPPA4 FAM110D FAM43A FAM43B FRAT1 FRAT2 FUZ GPSM3 HEXIM1 HEXIM2 INKA1 LMOD1 LMOD3 LYSMD1 MISP3 MSANTD1 NAIF1 PABPN1L PDCD7 PNRC2 POLR2M PPP1R3B PPP1R3D PPP1R3E PPP1R3G PSIP1 RFLNB RNF113B SNAPC2 TCFL5 THAP10 THAP11 THAP2 THAP3 THAP6 THAP8 TRNP1 UBAP1L UBTFL1 ZCWPW1 ZNF821,
377,growth hormone receptor signaling pathway via JAK-STAT,ANKAR C2CD2 C2CD2L CADPS DENND3 DENND5B DGKB DGKD DIP2A DIP2B DIP2C ELMO1 ESYT1 ESYT2 ESYT3 INPP4A MCTP1 MCTP2 PIK3C2A PNPLA6 PNPLA7 PPP1R21 PTPN5 SNX7 STAT1 STAT2 STAT3 STAT4 STAT5A STAT5B STAT6 SYTL1 TBC1D8 TBC1D9 TBC1D9B TECPR2,
381,heterochromatin,ADAD2 AGAP2 AGBL3 APBB1 ATAD2 BRIP1 CABLES1 CCDC50 CTDP1 CTTN DBNL DGCR8 DMWD DNMT3A DNMT3B EXD1 FAM102A FBXO41 GGA1 GGNBP2 GTF2I HELLS JMY JPH4 KDM2A KDM4A KDM4C L3MBTL2 L3MBTL3 L3MBTL4 MBTD1 MORC1 MORC2 MRE11 MTA3 MYSM1 NSMF NUP35 PARP1 PLEKHM1 PLEKHO1 POLI POLK RAVER1 RBL1 RECQL REV1 RPS6KL1 RUFY4 SCMH1 SCYL2 SENP2 SETDB2 SFMBT1 SFMBT2 SHC1 SHC3 SHD SHE SHF SHOC1 SMARCAD1 SMCR8 SPRED1 SYDE1 TAF6L TERB1 TOM1L1 TOM1L2 TOPBP1 UHRF1 UHRF2 USPL1 WDHD1 ZSWIM2,
76,heterophilic cell-cell adhesion via plasma membrane cell adhesion molecules,CEACAM1 CEACAM5 CEACAM6 CEACAM7 CEACAM8 PSG1 PSG11 PSG2 PSG3 PSG4 PSG5 PSG6 PSG7 PSG8 PSG9,
269,hippo signaling,CITED2 DACH1 FOXN3 FOXO1 GRHL1 GRHL2 GRHL3 MEF2A MEF2C MEF2D NFATC1 NFATC2 NFATC3 NFIB NFIC NFIX NOL4L SIX4 SIX5 SMAD1 SMAD5 SOX13 SRF SSBP2 TCF12 TCF3 TCF4 TEAD1 TEAD2 TEAD3 TEAD4 TFCP2 TFCP2L1 TP63 TP73 UBALD2 UBP1 VGLL4 WWTR1,
240,"histone H3K14 deacetylase activity, hydrolytic mechanism",CEP120 CFAP65 CFAP74 DCDC1 DLEC1 HDAC4 HDAC5 HDAC9 MACO1 MAP4K4 MAPK8IP3 MINK1 NDEL1 PPFIBP1 PPFIBP2 RASEF SLK SPAG9 STK10 TAOK3 TBC1D31 TNIK TRAK1 TRAK2 USO1,
395,histone H4K12 acetyltransferase activity,ANKLE2 BRD1 BRPF1 BRPF3 C18orf63 CDC6 CHAF1A CLSPN ECT2 EHMT1 EHMT2 EXO1 FAM214B GORASP1 HASPIN JADE2 KBTBD11 KDM2B KDM4B KHNYN KIAA0895 MCM10 MORC3 NBN NEIL3 NSD2 PARPBP PMS1 RAB11FIP2 RFC1 RTN2 SENP3 SETDB1 SPATA2L SYBU THAP4 TIPARP USP1 USP37 WDR76,
144,histone methyltransferase binding,ADNP ADNP2 ATMIN BCL11A BCL11B BCL6 BCL6B BNC1 CASZ1 CTCF CTCFL E4F1 FIZ1 GLIS2 GTF3A GZF1 HIC1 HIC2 HINFP IKZF1 IKZF2 IKZF3 IKZF4 IKZF5 KLF12 MECOM MSL2 MTF1 MYNN NACC1 NACC2 OVOL3 PATZ1 PLAG1 PLAGL1 PLAGL2 PRDM1 PRDM10 PRDM14 PRDM15 PRDM16 PRDM4 PRDM5 REST RREB1 SALL1 SALL2 SALL3 SALL4 TRPS1 TSHZ1 TSHZ2 TSHZ3 VEZF1 WIZ YY1 ZBTB1 ZBTB11 ZBTB12 ZBTB14 ZBTB16 ZBTB17 ZBTB18 ZBTB2 ZBTB21 ZBTB22 ZBTB24 ZBTB25 ZBTB26 ZBTB3 ZBTB32 ZBTB34 ZBTB38 ZBTB39 ZBTB4 ZBTB40 ZBTB41 ZBTB42 ZBTB43 ZBTB44 ZBTB45 ZBTB46 ZBTB47 ZBTB48 ZBTB49 ZBTB5 ZBTB6 ZBTB7A ZBTB7B ZBTB7C ZBTB8A ZBTB9 ZEB1 ZEB2 ZFAT ZFHX2 ZFP64 ZFP91 ZFPM1 ZFPM2 ZHX1 ZHX2 ZHX3 ZMYM5 ZNF131 ZNF142 ZNF143 ZNF148 ZNF217 ZNF219 ZNF236 ZNF276 ZNF280A ZNF280B ZNF280D ZNF281 ZNF296 ZNF316 ZNF319 ZNF335 ZNF341 ZNF358 ZNF362 ZNF366 ZNF384 ZNF385B ZNF385D ZNF407 ZNF408 ZNF410 ZNF423 ZNF438 ZNF462 ZNF507 ZNF513 ZNF516 ZNF518A ZNF518B ZNF521 ZNF524 ZNF526 ZNF532 ZNF536 ZNF574 ZNF575 ZNF579 ZNF580 ZNF581 ZNF592 ZNF628 ZNF646 ZNF652 ZNF653 ZNF654 ZNF668 ZNF683 ZNF687 ZNF692 ZNF710 ZNF740 ZNF76 ZNF770 ZNF784 ZNF787 ZNF800 ZNF827 ZNF865 ZXDC,
235,"hydrolase activity, acting on carbon-nitrogen (but not peptide) bonds, in linear amidines",CPT1A CPT1B CPT1C CPT2 CROT FAM187B FAM234A FAM234B FBXO24 GDPD5 KY LPCAT1 PADI1 PADI2 PADI3 PADI4 PADI6 TMEM249,
204,"hydrolase activity, hydrolyzing O-glycosyl compounds",B3GALNT2 B3GLCT CHID1 EDEM1 FKTN FUT4 GLTPD2 H6PD HYAL1 HYAL3 HYAL4 MAN1A1 MAN1A2 MAN1B1 MAN1C1 MANEAL MOGS MYORG NAGLU NDST2 NDST3 NXPE1 NXPE4 POGLUT3 SIL1 SPAM1,
164,inhibitory MHC class I receptor activity,FCAR GP6 KIR2DL1 KIR2DL3 KIR2DL4 KIR3DL1 KIR3DL2 KIR3DL3 LAIR2 LILRA1 LILRA2 LILRA4 LILRA5 LILRA6 LILRB1 LILRB2 LILRB3 LILRB4 LILRB5 NCR1,
369,inner kinetochore,ABCF1 AIDA ARPC5L ATG3 CARD18 CCDC115 CCDC90B CCNDBP1 CENPN CENPP CENPS CENPW CHTF8 CRCP DNAAF2 DNAJC24 DUSP12 EIF3D EIF3H ERCC1 FADD GEMIN2 GINS2 GINS4 GNL1 GSKIP GTF2E1 HOPX ISG20L2 MAF1 MED18 MED20 METAP2 NSMCE1 NT5M NUDC PGAM5 POLR1D PSME1 PSME2 PSME3 PYCARD PYDC1 PYDC2 REC114 RNASEH2C ROPN1 ROPN1B RPAIN RRAGC RTRAF SEC63 SF3A3 SNF8 ST13 THUMPD1 TSR3 TTC32 TYW3 UBAC1 YEATS4,
353,inner mitochondrial membrane protein complex,ACYP2 AFG1L ATPAF2 BOLA1 C6orf136 CCDC51 COMTD1 COQ3 DIABLO DMAC2 DMAC2L DNPH1 FAM185A GPX1 GRPEL2 HDDC2 HDDC3 HTD2 MCU MMAB MRPL38 MRS2 MTX1 NDUFA10 NDUFAF1 NDUFAF5 NME3 NTHL1 NUDT6 NUDT8 NUDT9 OMA1 OXNAD1 PCBD1 PDF PPIL1 PTRH2 PTS RMND1 STARD7 TIMM44 TIMM50 TK2 UQCC1 YBEY,
237,integrated stress response signaling,ANTXRL ATF3 ATF4 ATF5 ATF6 ATF6B ATOH8 BATF BATF2 BATF3 CEBPG CREB3 CREB3L1 CREB3L2 CREB3L3 CREB3L4 DBP ELK3 ELK4 ERF ETV3 FOS FOSB FOSL1 FOSL2 HLF HSF5 IER5L IRF1 IRF2 IRF3 IRF4 IRF5 IRF6 IRF7 IRF8 IRF9 JDP2 MITF MXD3 MXD4 MYC MYCL MYCN NFATC4 NFE2 NFE2L1 NFE2L2 REL RELA RELB SERTAD4 SMAD3 SMAD9 SOX30 TAL2 TEF TFAP4 TFEB TFEC TGIF1 TGIF2 TOB1 TOB2 XBP1 ZFP36 ZFP36L1 ZFP36L2,
179,integrin complex,BRINP2 BRINP3 CACNA2D3 CACNA2D4 CEMIP CEMIP2 CLSTN1 CLSTN3 CNTNAP4 DPP10 FGFRL1 FNDC3B FSTL4 FSTL5 ITGA1 ITGA10 ITGA11 ITGA2 ITGA2B ITGA3 ITGA4 ITGA5 ITGA6 ITGA7 ITGA8 ITGA9 ITGAD ITGAE ITGAL ITGAM ITGAX ITIH5 KIAA0319 KIAA0319L LRP6 PLXNC1 SEMA6A SEMA6D SEZ6L SORCS1 SORCS2 SORCS3 SORT1,
72,intercellular bridge,ACTA1 ACTA2 ACTB ACTBL2 ACTC1 ACTG1 ACTG2 EEF1A2 TUBA1A TUBA1B TUBA1C TUBA3C TUBA3D TUBA3E TUBA4A TUBA4B TUBA8 TUBAL3 TUBB TUBB1 TUBB2A TUBB2B TUBB3 TUBB4A TUBB4B TUBB6 TUBB8,
51,interleukin-1 beta production,NAIP NLRC3 NLRC4 NLRC5 NLRP1 NLRP11 NLRP12 NLRP13 NLRP14 NLRP2 NLRP3 NLRP4 NLRP5 NLRP6 NLRP7 NLRP8 NLRP9 NLRX1 NOD1 NOD2,
90,interleukin-1 receptor binding,IL18 IL1A IL1B IL1F10 IL1RN IL33 IL36A IL36B IL36G IL36RN IL37,
25,intermediate filament organization,BFSP1 BFSP2 DES GFAP IFFO1 IFFO2 INA KRT1 KRT10 KRT12 KRT13 KRT14 KRT15 KRT16 KRT17 KRT18 KRT19 KRT2 KRT20 KRT23 KRT24 KRT25 KRT26 KRT27 KRT28 KRT3 KRT31 KRT32 KRT33A KRT33B KRT34 KRT35 KRT36 KRT37 KRT38 KRT39 KRT4 KRT40 KRT5 KRT6A KRT6B KRT6C KRT7 KRT71 KRT72 KRT73 KRT74 KRT75 KRT76 KRT77 KRT78 KRT79 KRT8 KRT80 KRT81 KRT82 KRT83 KRT84 KRT85 KRT86 KRT9 LMNA LMNB1 LMNB2 NEFL PRPH VIM,
295,intraciliary transport particle,ANAPC5 ANAPC7 APPBP2 BBS4 CDC16 CDC23 CDC27 CNOT10 COPA COPB2 COPE COPS2 COPS3 COPS4 CRNKL1 CSTF3 CTR9 DDB1 DNAJC7 EIF3E EIF3K EIF3M EMC1 EMC2 GPS1 GTF3C3 IFIT1 IFIT1B IFIT2 IFIT5 IFT122 IFT140 IFT172 IFT80 IFT88 LRP2BP MAU2 NAA15 NAA16 NAPA NAPB NAPG NEURL4 NPHP3 PCID2 PRPF39 PSMD11 PSMD12 PSMD13 PSMD3 PSMD6 PSMD8 RAPSN RMDN2 SART3 SEL1L2 SEL1L3 SH3TC1 SRP68 SRP72 ST7 STIP1 TAF1A TOMM70 TPTE TPTE2 TTC13 TTC19 TTC21A TTC21B TTC22 TTC23 TTC23L TTC26 TTC29 TTC30A TTC30B TTC34 TTC37 TTC39A TTC39B TTC39C TTC6 TTC7A TTC8 UTP6 WDR19 WDR35 XAB2 ZMYND12,
186,"intramolecular oxidoreductase activity, transposing S-S bonds",CALR CALR3 CANX CASQ1 CASQ2 CLGN DNAJC16 DNAJC25 EIF2AK3 ERP27 ERP44 HSP90B1 P4HB PDIA3 PDIA4 PDIA5 PDIA6 PDILT PGRMC2 RNF103 TMX3 TXNDC16,
134,inward rectifier potassium channel activity,CNGA1 CNGA3 CNGA4 CNGB3 HCN4 KCNJ1 KCNJ10 KCNJ11 KCNJ12 KCNJ13 KCNJ14 KCNJ15 KCNJ16 KCNJ18 KCNJ2 KCNJ3 KCNJ4 KCNJ5 KCNJ8 KCNJ9,
386,junctional membrane complex,CCNF CLNK CSPG5 DBN1 DCAF5 ERCC6L2 FAM102B GGA2 HCLS1 JPH1 JPH2 JPH3 KDM7A MAPK8IP1 MAPK8IP2 PODXL2 SAMSN1 SHB TRIM66 TTLL4 TUT7 USH1G,
15,keratin filament,KRTAP10-1 KRTAP10-10 KRTAP10-11 KRTAP10-12 KRTAP10-2 KRTAP10-3 KRTAP10-4 KRTAP10-5 KRTAP10-6 KRTAP10-7 KRTAP10-8 KRTAP10-9,
18,keratin filament,KRTAP4-1 KRTAP4-11 KRTAP4-12 KRTAP4-2 KRTAP4-3 KRTAP4-4 KRTAP4-5 KRTAP4-6 KRTAP4-7 KRTAP4-8 KRTAP4-9 KRTAP9-1 KRTAP9-2 KRTAP9-3 KRTAP9-4 KRTAP9-6 KRTAP9-7 KRTAP9-8 KRTAP9-9,
19,keratin filament,KRTAP1-1 KRTAP1-3 KRTAP1-4 KRTAP1-5 KRTAP11-1 KRTAP12-1 KRTAP12-2 KRTAP12-3 KRTAP12-4 KRTAP13-1 KRTAP13-2 KRTAP13-3 KRTAP13-4 KRTAP15-1 KRTAP16-1 KRTAP2-1 KRTAP2-2 KRTAP2-3 KRTAP2-4 KRTAP24-1 KRTAP26-1 KRTAP29-1 KRTAP3-1 KRTAP3-2 KRTAP3-3 ODF1,
8,keratinization,CRCT1 LCE1A LCE1B LCE1C LCE1D LCE1E LCE1F LCE2A LCE2B LCE2C LCE2D LCE3A LCE3B LCE3C LCE3D LCE3E LCE4A LCE5A LCE6A LELP1 PRR9 SMCP SPRR1A SPRR1B SPRR2A SPRR2B SPRR2D SPRR2E SPRR2F SPRR2G SPRR3 SPRR4 SPRR5,
254,kinesin complex,AK9 AZI2 CARD10 CARD11 CARD14 CCDC149 CCDC6 CCDC92 CDC42BPG CIP2A CRACR2A DIXDC1 DLG5 KIF17 KIF19 KIF1C KIF3B KIF3C KIFC3 LRRFIP2 LRRIQ1 LUZP2 MCC MTCL1 NDE1 PHLDB2 RPGRIP1L SFI1 SHTN1 SOGA3 SPAG17 SPECC1 SPEF2 SSX2IP TMCC3,
403,kinesin complex,BACH1 BRDT C12orf40 C19orf44 DTX1 DTX2 DTX4 E2F7 E2F8 ESCO1 FAN1 FOXM1 INSYN2A KIAA1958 KIF11 KIF14 KIF18A KIF20A KIF23 KNL1 MICALL1 MICALL2 MTDH MYBL2 N4BP1 PHF20L1 RAB11FIP5 RBBP8 SGO2 SLX4 SNIP1 TAF3 TICRR ZNF839,
183,ligand-gated sodium channel activity,ASIC1 ASIC2 ASIC3 ASIC4 ASIC5 ATP1B1 ATP1B2 ATP1B3 ATP4B ERGIC2 KCNMB3 KCNMB4 P2RX1 P2RX2 P2RX3 P2RX4 P2RX5 P2RX6 P2RX7 PACC1 SCNN1A SCNN1B SCNN1D SCNN1G TMEM106A TMEM106C VWA7,
434,lipid transfer activity,CHAC2 COPZ2 CTDNEP1 CTDSP1 DUSP26 GGACT GGCT HEBP1 IDI1 IDI2 METTL1 NME6 NOA1 NTMT1 NUDT16 NUDT16L1 NUDT3 NUDT4 OARD1 PRELID1 PRELID2 PRELID3A RFK RNASEH1 RPP25L STARD4 STARD5 STARD6 TEN1,
48,lipopolysaccharide binding,BPI BPIFA1 BPIFA2 BPIFA3 BPIFB1 BPIFB2 BPIFB3 BPIFB4 BPIFB6 BPIFC CETP LBP PLTP,
169,lipoprotein metabolic process,APOL1 APOL2 APOL3 APOL4 APOL6 AUP1 ERN2 LPCAT4 PGAP1 SARAF UNC5CL,
291,lysophosphatidic acid acyltransferase activity,ABHD16B ABHD4 ABHD5 ABHD6 ADPGK AGPAT3 AGPAT4 ALG14 EPHX4 GDE1 GDPD1 GDPD3 GPAT3 GPAT4 LCLAT1 LDAH LPGAT1 MPPE1 OLAH PDXDC1 PIGX PRXL2A SELENOO SPG21 TMEM53 TMEM68,
212,lysosomal lumen,AADAC AADACL2 ABHD14A ACE ACHE ACP2 ACP4 ACP5 ACP7 ADA2 AGA ALPG ALPI ALPL ALPP AOAH AOC1 AOC2 AOC3 ARSA ARSB ARSG ARSI ARSJ ARSK ASAH1 ASAH2 B4GALNT2 BCHE BST1 BTD CA11 CA12 CA14 CA6 CA9 CD302 CDCP2 CHIT1 CNDP1 CP CPD CPED1 CPM CPQ CPVL CREG1 CTBS CTSA CYB5D2 DBH DCT DNASE1L3 DNASE2 DPEP1 DPEP2 DPEP3 DPP7 DSE DSEL ECE1 ECE2 ECEL1 EDEM2 EEF1AKMT4-ECE2 ENPEP ENPP1 ENPP2 ENPP3 ENPP4 ENPP5 ENPP6 ENPP7 ENTPD2 ENTPD3 ENTPD4 ENTPD5 ENTPD6 ENTPD7 ENTPD8 EPX FAM151A FOLH1 FOXRED2 FUCA1 FUCA2 GAA GALC GALNS GANAB GBA GBA3 GGH GGT1 GGT5 GGTLC1 GGTLC2 GGTLC3 GLB1 GLB1L GLB1L2 GLCE GLMP GM2A GNPTAB GNS GUSB HEXA HEXB HPSE IDUA IFI30 KEL KL KLB LCAT LCT LCTL LGALS3BP LGMN LIPA LIPF LIPJ LIPK LIPM LIPN LPO MAN2A1 MAN2A2 MAN2B1 MAN2B2 MANBA MANEA MME MMEL1 MPEG1 MPO NAAA NAALAD2 NAALADL1 NAALADL2 NAGA NCEH1 NCLN NCSTN NDST4 NEU1 NOTUM NPC2 NT5E OGFOD3 PCYOX1 PCYOX1L PGLYRP2 PIGS PLA2G15 PLB1 PLBD1 PLBD2 PLD3 PLD4 PM20D1 PPIC PPT1 PPT2 PRCP PTGS1 PTGS2 QPCT QPCTL QSOX1 RNASET2 SCPEP1 SDF2 SDF2L1 SELENON SGSH SIAE SLC3A1 SMPD1 SMPDL3A SMPDL3B SPAG4 SUMF1 SUMF2 SUN5 TFR2 TMEM219 TOR3A TPO TPP1 TREH TTC17 TYR TYRP1 VNN1 VNN2,
129,mannosyltransferase activity,ALG9 CASD1 CLPTM1 CLPTM1L DPY19L1 DPY19L2 DPY19L3 DPY19L4 ERMP1 FRRS1 GGCX GPR107 GPR108 HGSNAT HVCN1 KCNK18 KCNK6 LMF1 LMF2 PIGB PIGG PIGN PIGO PIGQ POMT1 POMT2 SEC61A1 SIDT1 SIDT2 SLC30A6 SLC44A1 SPPL2A SPPL2B STRA6 STT3A STT3B TM9SF1 TM9SF2 TM9SF3 TM9SF4 TMEM145 TMEM181 TMEM245 TMEM259 TMEM260 TMEM87A TMEM87B TMTC1 TMTC2 TMTC3 TMTC4 XPR1 ZDHHC13,
132,mechanosensitive monoatomic ion channel activity,ANO1 ANO10 ANO2 ANO3 ANO4 ANO5 ANO6 ANO7 ANO9 ATP6V0A1 ATP6V0A2 ATP6V0A4 CNGB1 MCOLN1 PKD2L1 RHBDF2 SLC44A2 SLC44A3 SLC44A4 SLC44A5 SPPL2C TCIRG1 TM7SF3 TMC1 TMC2 TMC3 TMC4 TMC5 TMC6 TMC7 TMC8 TMEM63A TMEM63B TMEM63C TPCN2 TRPC1 TRPC3 TRPC6 TRPM6 WLS,
352,meiotic cohesin complex,CCDC87 CDC25B CDCA3 CDCA5 CDKN2AIP EAF2 HAUS8 HDGFL2 HIRIP3 IWS1 KLHDC7A KLHDC7B LEO1 NCAPH2 NCOA4 PCLAF POLD3 POLDIP3 PPP1R15B PRDM11 PTTG1 RAD21 RAD21L1 REC8 RNF169 SFR1 SOWAHA SOWAHB SOWAHC TCOF1 TMPO TRAF3IP1,
211,metallocarboxypeptidase activity,AMY1A AMY1B AMY1C AMY2A AMY2B BACE2 CEL CPA1 CPA2 CPA3 CPA4 CPA5 CPA6 CPB1 CPB2 CPE CPN1 CPO CPXM1 CPXM2 CPZ HTRA2 LIPC LIPG LIPH LIPI LPL LTF MELTF MOXD1 PLA1A PLA2G12A PNLIP PNLIPRP1 PNLIPRP2 PNLIPRP3 SPINK5 TRABD2A TRABD2B VWA1,
198,metalloendopeptidase inhibitor activity,ADAMTSL5 CCBE1 CLEC18A CLEC18B CLEC18C CRISPLD2 DKK3 DLK2 EGFL7 EGFL8 EVA1C FBLN7 FSTL1 GFRA4 IGFBPL1 NOTCH2NLB NTN5 RECK RSPO4 SBSPON SPOCK1 SPOCK2 SPOCK3 THBD TINAGL1 TNFRSF6B VWC2L WFIKKN1 WIF1,
404,metaphase chromosome alignment,AHRR ALPK3 ARHGAP11A ATAD5 AUNIP BAZ1B BORA BUB1 BUB1B C16orf96 CBX8 CDCA2 CDCA8 CENPT CKAP2 CKAP2L DBF4 DEPDC1 DLGAP5 DUSP10 DUSP8 ELOA ESCO2 FBXO34 FIGNL1 GTSE1 HJURP HMGXB4 HSF1 KIF18B KIF22 KIF2C KIFC1 KNSTRN MLLT1 MYBL1 NAB2 NCAPH NKD2 NUSAP1 PHF20 PHF23 PROCA1 PSRC1 PWWP2A QRICH2 RAD51AP1 RFWD3 S100PBP SGO1 SKA3 SPATA22 SPOCD1 SPTY2D1 THAP5 TICAM1 TPX2 TRAIP TTK USP29 ZFAND4,
154,methyl-CpG binding,AMTN ARMH4 CCER2 CHGA MBD3L1 MBD3L2 MBD3L2B MBD3L3 MBD3L4 MBD3L5 ODAM ODAPH PHGR1 PRR27 PSORS1C2 STPG3 TGOLN2,
136,microfilament motor activity,KIF1B MYO10 MYO1A MYO1B MYO1C MYO1D MYO1E MYO1F MYO1G MYO1H MYO3A MYO3B MYO5A MYO5B MYO5C MYO6,
246,mitochondrial intermembrane space,CHCHD1 CHCHD5 CHCHD7 CMC1 CMC2 COA4 COA5 COA6 COX17 COX19 COX6B2 FAM136A NDUFA8 NDUFAF8 POP5 TIMM10 TIMM9,
287,mitochondrial ribosome,ATP5IF1 AURKAIP1 BOLA3 DNAJC19 FAM162B GADD45GIP1 MRPL1 MRPL11 MRPL12 MRPL13 MRPL14 MRPL15 MRPL16 MRPL17 MRPL18 MRPL19 MRPL2 MRPL20 MRPL21 MRPL22 MRPL23 MRPL24 MRPL27 MRPL28 MRPL3 MRPL30 MRPL32 MRPL33 MRPL34 MRPL35 MRPL36 MRPL4 MRPL40 MRPL41 MRPL45 MRPL47 MRPL48 MRPL50 MRPL51 MRPL52 MRPL54 MRPL55 MRPL57 MRPL58 MRPL9 MRPS10 MRPS11 MRPS12 MRPS14 MRPS15 MRPS16 MRPS17 MRPS18A MRPS18B MRPS18C MRPS2 MRPS21 MRPS22 MRPS23 MRPS25 MRPS26 MRPS33 MRPS35 MRPS36 MRPS6 MRPS7 MRPS9 NDUFA12 NDUFA2 NDUFA5 NDUFA6 NDUFA7 NDUFAF2 NDUFAF4 NDUFB9 NDUFS4 NDUFV3 OXA1L PAM16 SDHAF2 SLIRP SSBP1,
39,mitochondrial transmembrane transport,MTCH1 MTCH2 SFXN1 SFXN2 SFXN3 SFXN4 SFXN5 SLC25A1 SLC25A10 SLC25A11 SLC25A12 SLC25A13 SLC25A15 SLC25A16 SLC25A17 SLC25A18 SLC25A19 SLC25A2 SLC25A20 SLC25A21 SLC25A22 SLC25A23 SLC25A24 SLC25A25 SLC25A26 SLC25A27 SLC25A28 SLC25A29 SLC25A3 SLC25A30 SLC25A31 SLC25A32 SLC25A33 SLC25A34 SLC25A35 SLC25A36 SLC25A37 SLC25A38 SLC25A39 SLC25A4 SLC25A40 SLC25A41 SLC25A42 SLC25A44 SLC25A45 SLC25A46 SLC25A47 SLC25A48 SLC25A51 SLC25A52 TMEM135 UCP1 UCP2 UCP3,
399,modification of postsynaptic actin cytoskeleton,ABI3 APBB1IP APC APC2 ARHGAP32 C2CD6 CAP1 CAP2 CCDC7 CEP170B EPS8 LMTK2 LMTK3 LRRC36 MAP1S NEK4 PRC1 RAB44 RSPH6A SCAPER SHANK1 WNK4 ZBBX,
379,muscle alpha-actinin binding,AIRE AJUBA BRD7 C2CD4C DMTN DNTTIP2 DSN1 EAF1 GMNN ING3 ITGB3BP LDB3 LPXN MED19 MEPCE MIER2 MIER3 MPHOSPH8 PDLIM1 PDLIM2 PDLIM3 PDLIM4 PDLIM5 PDLIM7 PHF13 PHLDA1 PXN RSBN1 SAMD14 SIRT1 SKA1 SMTNL2 TCF19 TGFB1I1 TP53 TRIP6 TTF1 ZBTB10 ZC2HC1A ZYX,
222,myeloid cell activation involved in immune response,C1orf162 CD19 CD247 CLEC17A FCER1G GAPT GCSAM GCSAML HAVCR1 HCST LAT LAT2 LAX1 LRRC25 LST1 MCEMP1 MILR1 PAG1 RHEX SCIMP SIT1 TIMD4 TRAT1 TYROBP,
87,myosin filament,MYH1 MYH10 MYH11 MYH13 MYH14 MYH15 MYH2 MYH3 MYH4 MYH6 MYH7 MYH7B MYH8 MYH9 MYO18A MYO18B TPM1 TPM2 TPM3 TPM4,
376,negative regulation of Ras protein signal transduction,ABTB2 AGTPBP1 ALS2 ALS2CL BAIAP3 BCAS3 BTBD11 CFAP69 CLHC1 DENND5A DGKA DGKG DGKZ ELMO3 HDAC10 HDAC7 HECTD2 IQCB1 JAK1 JAK2 KIF12 LRCH4 NEDD4 PALD1 PARP8 PHTF1 PIK3CA PIK3CD PITPNM1 PLCG1 PLCG2 PTPRA PTPRE PTPRN RAPGEF3 RAPGEF4 RASA1 RASA2 RASA3 RASA4 RASA4B RASAL1 RHPN1 RIMS3 SCRIB SH3BP4 SMURF1 TBC1D12 TBC1D14 TBC1D22A TBC1D2B TECPR1 UNC13D WWP1 ZSWIM5,
298,negative regulation of amyloid-beta formation,ARID4A ARID4B CCSER1 CRYBG3 FAM117B GGA3 GLCCI1 KANSL1 KIAA1671 LRIF1 MAP2 MAP3K19 PHF14 PPARGC1A PPP1R3A RAD51AP2 RSF1 RTN3 RTN4 SETX SH3RF3 SLAIN1 SMARCC1 SREBF2 TEX15 USP36 ZCCHC7 ZFYVE16,
228,negative regulation of delayed rectifier potassium channel activity,C10orf105 C11orf87 C14orf132 C1orf210 CALY CRB3 CTXN1 CTXN2 CTXN3 CTXND1 CTXND2 DNAJC5 DNAJC5B DNAJC5G ENHO EVA1A EVA1B FAM174A FAM174B FAM174C FXYD2 FXYD7 G0S2 GYPC IFITM1 IFITM2 IFITM3 KCNE1 KCNE2 KCNE3 KCNE4 KIAA0040 LSMEM2 MRAP MRAP2 MRLN MTLN NCMAP NRG4 NRSN1 NRSN2 NSG1 NSG2 PDZK1IP1 PIANP PIGY PIK3IP1 PIRT PLAC8 PLN RELL1 RNF122 RNF24 RPRM RPRML SERTM1 SHISAL1 SHISAL2A SHISAL2B SLC51B SLN SMAGP SMIM1 SMIM13 SMIM14 SMIM18 SMIM19 SMIM22 SMIM24 SMIM27 SMIM29 SMIM3 SMIM30 SMIM31 SMIM32 SMIM33 SMIM35 SMIM36 SMIM38 SMIM39 SMIM40 SMIM41 SMIM5 SMIM6 SNN SPAAR STRIT1 TCTA TEX29 TGFA TMEM100 TMEM154 TMEM230 TMEM233 TMEM273 TMEM275 TMEM74 TMEM74B TMEM91 TMEM9B TNFRSF13C TOMM5,
267,negative regulation of mRNA metabolic process,CIRBP FUS GAR1 HNRNPA0 HNRNPA1 HNRNPA1L2 HNRNPA2B1 HNRNPA3 HNRNPAB HNRNPH3 POGZ RALY SRSF9 TAF15 ZMYM2 ZNF451 ZNF644,
374,negative regulation of small GTPase mediated signal transduction,ADD1 AFAP1L1 AFAP1L2 APBA2 ARAP2 ARHGAP22 ARHGAP24 ARHGAP45 ARHGAP5 ARHGEF10 ARHGEF17 BCAR3 BCR BIN2 DNM1 EPB41L4A FER FGD4 GMIP GPSM1 IQSEC3 KCTD19 MCF2L MCF2L2 NOSTRIN OXR1 PLEKHG5 PSD2 RALGPS1 RAPGEF1 RASGRF1 RGL1 RGS3 RIN2 RIN3 RIPOR3 RPH3A RUNDC3A RUNDC3B SH3BP5L SPIRE1 TBC1D4 TTLL7,
181,neuron recognition,ADGRA2 ADGRA3 ALCAM CADM1 CADM2 CHL1 CNTN1 CNTN2 CNTN3 CNTN4 CNTN5 CNTN6 CPAMD8 DCC DSCAM DSCAML1 KIRREL3 LSAMP MDGA2 NCAM1 NCAM2 NEO1 NFASC NRCAM NRXN1 NRXN2 NRXN3 NTM OPCML PKD1L1 PTPRD PTPRF PTPRQ PTPRS ROBO1 ROBO2 SDK1 SDK2 TENM2 TENM3 TMEM132A,
107,neuropeptide activity,ADCYAP1 ADM2 AGRP BGLAP C11orf94 C17orf67 C2orf66 C4orf48 CALCA CALCB CARTPT CCK CORT CRH ECRG4 GAL GALP GAST GCG GHRH GHRL GIP GNRH1 GNRH2 GRP HAMP HCRT IAPP INS INS-IGF2 INSL3 INSL4 INSL5 INSL6 KISS1 MGP MLN NMB NMS NMU NPB NPFF NPPA NPPB NPPC NPS NPVF NPW NPY NTS OSTN OTOS PDYN PENK PMCH PNOC PPY PRLH PTH PTH2 PYY QRFP RLN1 RLN2 RLN3 SCG2 SCG3 SCG5 SCT SPAG11A SPAG11B SPX SRGN SST TAC1 TAC3 TAC4 TRH TTR UCMA UCN UCN2 UCN3 UTS2 UTS2B VGF VIP,
68,non-membrane spanning protein tyrosine kinase activity,BLK CSK FES FGR FYN HCK ITK JAK3 LCK LYN MATK PTK6 SRC SRMS SYK TEC TXK TYK2 YES1 ZAP70,
73,nuclear receptor activity,CHN1 CHN2 ESR1 ESR2 ESRRA ESRRB ESRRG HNF4A HNF4G NR1D1 NR1D2 NR1H2 NR1H3 NR1H4 NR1I2 NR1I3 NR2C1 NR2E1 NR2E3 NR2F1 NR2F2 NR5A1 NR5A2 NR6A1 PPARA PPARD PPARG RARA RARB RARG RORA RORB RORC RXRA RXRG THRA THRB VDR,
310,nucleocytoplasmic carrier activity,AGL AP2A1 C1orf112 CAND1 CAND2 CSE1L DDX60 FANCA FANCC IPO11 IPO13 IPO5 IPO7 IPO8 IPO9 KIAA0825 KPNB1 MED24 MEI1 MMS22L MROH8 MROH9 NCAPG2 NWD2 PIK3R4 RANBP17 TBC1D32 TEX10 TNPO1 TNPO2 TNPO3 URB2 XPO1 XPO4 XPO5 XPO6 XPO7 XPOT,
422,nucleolar exosome (RNase complex),CYB5A CYB5B EIF2B2 EXOSC1 EXOSC2 EXOSC3 EXOSC4 EXOSC5 EXOSC7 FIS1 HEBP2 LRRC75A NATD1 PFN4 PLAAT2 POLR3H PRELID3B PTGES3L SEC11C SSU72 TRMT10C,
161,nucleotide-sugar transmembrane transport,CEPT1 CHPT1 MFSD13A MFSD5 NIPA1 NIPAL2 NIPAL3 OTOP1 OTOP2 SLC10A5 SLC10A7 SLC31A1 SLC33A1 SLC35A1 SLC35A4 SLC35A5 SLC35B2 SLC35B3 SLC35B4 SLC35C1 SLC35C2 SLC35D1 SLC35D2 SLC35D3 SLC35E1 SLC35E2B SLC35E4 SLC35F6 TMEM175 TMEM241 TMEM41B UBIAD1 XKR9,
71,"oxidoreductase activity, acting on paired donors, with incorporation or reduction of molecular oxygen, reduced flavin or flavoprotein as one donor, and incorporation of one atom of oxygen",CYP11A1 CYP11B1 CYP11B2 CYP17A1 CYP19A1 CYP1A1 CYP1A2 CYP1B1 CYP20A1 CYP21A2 CYP24A1 CYP26A1 CYP26B1 CYP26C1 CYP27A1 CYP27B1 CYP27C1 CYP2A13 CYP2A6 CYP2A7 CYP2B6 CYP2C18 CYP2C19 CYP2C8 CYP2C9 CYP2D6 CYP2D7 CYP2E1 CYP2F1 CYP2J2 CYP2R1 CYP2S1 CYP2U1 CYP2W1 CYP39A1 CYP3A4 CYP3A43 CYP3A5 CYP3A7 CYP46A1 CYP4A11 CYP4A22 CYP4B1 CYP4F11 CYP4F12 CYP4F2 CYP4F22 CYP4F3 CYP4F8 CYP4V2 CYP4X1 CYP4Z1 CYP51A1 CYP7A1 CYP7B1 CYP8B1 PTGIS TBXAS1,
296,"oxidoreductase activity, acting on paired donors, with incorporation or reduction of molecular oxygen, reduced pteridine as one donor, and incorporation of one atom of oxygen",ABHD13 ABHD15 AMPD1 AMPD2 AMPD3 ARMC10 CERKL DGKE DPP9 ENDOD1 ERLIN1 ERLIN2 FAR1 FAR2 FLOT1 FLOT2 GBA2 GNPAT GPAM GYS1 GYS2 HSPH1 HYOU1 LMLN LSS MEMO1 MIPEP MTHFR MVP NPHS2 OPLAH PDK2 PDK4 PGBD5 PGGHG PITRM1 PLA2G4A PLCZ1 PRNP SAMHD1 SPATA20 STOM STOML3 TH TPH1 TPH2,
146,"oxidoreductase activity, acting on paired donors, with oxidation of a pair of donors resulting in the reduction of molecular oxygen to two molecules of water",CH25H CYB561 CYB561A3 CYB561D1 CYBRD1 DEGS1 DEGS2 DRAM1 DRAM2 FA2H FADS1 FADS2 FADS3 FADS6 FAXDC2 MSMO1 PGAP2 SC5D SCD SCD5 TEDDM1 TMEM150C TMEM45A TMEM45B TMEM86A,
270,"oxidoreductase activity, acting on single donors with incorporation of molecular oxygen, incorporation of two atoms of oxygen",ABHD16A ABHD3 AGPAT5 ALOX12 ALOX12B ALOX15 ALOX15B ALOX5 ALOXE3 ASAH2B BCO1 BCO2 CA8 CRAT CWH43 FAM187A GANC GBE1 GCLC GDPD4 LACTB LPCAT2 MOCOS NLN NPEPPS PLA2G4B PLA2G4C PLA2G4D PLA2G4E PLA2G4F RNPEP RNPEPL1 RPE65 STOML1 TCAF1 THOP1 TMEM168 TMPPE TMX2,
41,oxygen carrier activity,HBA1 HBA2 HBB HBD HBE1 HBG1 HBG2 HBM HBQ1 HBZ MB,
45,pattern recognition receptor activity,ASGR1 ASGR2 CD207 CD209 CD69 CD72 CLEC10A CLEC12A CLEC12B CLEC1A CLEC1B CLEC2A CLEC2B CLEC2D CLEC4A CLEC4C CLEC4D CLEC4E CLEC4F CLEC4G CLEC4M CLEC5A CLEC6A CLEC7A CLEC9A FCER2 KLRB1 KLRC1 KLRC2 KLRC3 KLRC4 KLRF1 KLRF2 KLRG1 KLRK1 OLR1 SELL,
1,peptide antigen binding,TRAV1-1 TRAV1-2 TRAV10 TRAV12-1 TRAV12-2 TRAV12-3 TRAV13-1 TRAV13-2 TRAV14DV4 TRAV16 TRAV17 TRAV18 TRAV19 TRAV2 TRAV20 TRAV21 TRAV22 TRAV23DV6 TRAV24 TRAV25 TRAV26-1 TRAV26-2 TRAV27 TRAV29DV5 TRAV3 TRAV30 TRAV34 TRAV36DV7 TRAV38-1 TRAV38-2DV8 TRAV39 TRAV4 TRAV40 TRAV41 TRAV5 TRAV6 TRAV7 TRAV8-1 TRAV8-2 TRAV8-3 TRAV8-4 TRAV8-6 TRAV9-1 TRAV9-2 TRBV16 TRBV17 TRBV5-3 TRBV5-7 TRBV7-1 TRBV7-4 TRDV1 TRDV2 TRDV3 TRGV1 TRGV10 TRGV11 TRGV2 TRGV3 TRGV4 TRGV5 TRGV8 TRGV9,
117,peptide hormone binding,ABCG8 ADCYAP1R1 CALCR CALCRL CRHR1 CRHR2 GCGR GHRHR GIPR GLP1R GLP2R NPC1 PTH1R PTH2R SCTR SLC24A2 SLC8A2 SLC8A3 SLC9C2 VIPR1 VIPR2,
202,peptide hormone processing,ABI3BP AMN CD248 CDHR5 EFNB3 FURIN GPC1 GPC5 GPC6 HHIPL1 HJV HTRA3 MEP1A NAGPA NCAN PCOLCE PCSK1 PCSK2 PCSK4 PCSK7 PDGFRL RGMA RGMB TSPEAR VIT VSTM2A VSTM2B,
218,peptidoglycan binding,ACRBP AHSG C17orf58 CLEC19A CLU CLUL1 CRHBP CRISP1 CRISP2 CRISP3 CRISPLD1 CTSV CTSW DPT DRAXIN ECM1 FGA FIBCD1 GLG1 GLIPR1 GLIPR1L1 GLIPR1L2 GLIPR2 HAPLN1 HAPLN2 HAPLN3 HRG IL17D ITLN1 ITLN2 KNG1 LECT2 LOX LYG1 LYG2 LYZ METRN METRNL MFAP4 OAF OC90 OLFML2A OLFML2B PDGFC PDGFD PGLYRP1 PGLYRP3 PGLYRP4 PI15 PLA2G12B PLA2G3 PRG2 PRG3 PRSS23 PSAP R3HDML RARRES1 REG1A REG1B REG3A REG3G REG4 SAA1 SAA2 SAA4 SELENOP SFRP2 SFRP5 SFTPB SPACA3 SPARC SPP2 TIMP2 TIMP3 TIMP4 TNFAIP6 VMO1 ZG16 ZG16B,
409,peptidyl-glutamic acid modification,AGBL2 AGBL5 DOK1 DOK2 DOK3 DZANK1 EEF2K ERCC6 GTF2IRD1 HELB HFM1 HLTF HMGXB3 HSH2D INPP5E L3MBTL1 LASP1 LDLRAP1 LIN9 MGRN1 PAPOLG PDZD8 RANBP10 RB1 RBL2 RNF216 RUBCN SH2B1 SH2D2A SH2D5 SH2D6 SH2D7 SNX33 SPIN1 TOM1 TTLL10 TTLL3 TTLL6 UBE2O ZRANB3,
152,phosphatidate phosphatase activity,AQP12A AQP12B CDS2 DUOXA1 DUOXA2 GPR137B GPR137C LMBRD2 NINJ2 PLPP1 PLPP2 PLPP3 PLPP4 PLPP5 PLPPR1 PSEN1 PSEN2 PXMP4 REEP4 REEP6 RNF139 TMEM80 TVP23A TVP23B ZMPSTE24,
306,phosphatidylinositol dephosphorylation,AIPL1 ANKMY2 ASCC2 BZW1 CATIP EIF4G2 FIG4 GUCY1A1 GUCY1B1 INPP5B MTMR12 MTMR9 NOP9 NUP88 PATL2 RSPH10B RSPH10B2 SACM1L THEMIS2 TMEM268 TONSL,
418,"phosphatidylinositol-3,4-bisphosphate binding",ADAP2 AGAP9 ARHGAP1 CBLC DAPP1 DAXX DEPTOR FLCN GRAP HLCS IPCEF1 ITGB1BP1 LNX1 MAPKAP1 NCF4 NCK1 NCK2 OSBPL11 PLCL1 PLCL2 PLEK PLEK2 PTPN7 RASSF2 RASSF3 USP4,
260,phospholipid scramblase activity,ADIG AJAP1 APELA APOC4 ARRDC1 BRI3 C16orf54 C16orf74 C17orf78 C1orf185 C2orf74 CST9 EBLN2 FAM209A FAM240A FAM240B FTCDNL1 IL32 LENEP LITAF LSMEM1 MYMX NOP10 PLEKHB1 PLEKHB2 PLSCR1 PLSCR2 PLSCR3 PLSCR4 PLSCR5 PRCD PRRT1 PRRT1B SPTY2D1OS TEX46 TEX50 TMCO2 TMEM119 TMEM200C TNP1,
247,phosphoserine residue binding,C22orf39 CHCHD4 SFN TIMM10B TIMM13 TIMM8B TRIAP1 YWHAB YWHAE YWHAG YWHAH YWHAQ YWHAZ,
159,"phosphotransferase activity, for other substituted phosphate groups",AQP11 DPAGT1 EBPL HACD1 HACD2 HACD4 HM13 IFITM5 INSIG1 INSIG2 JKAMP LMBR1L MBOAT2 MGST1 MPV17L PIGF PIGM PLPP7 PTDSS1 PTDSS2 PTGES RCE1 SAMD8 SELENOI SERINC4 SGMS1 SGMS2 SGPP2 SLC31A2 SLC66A2 SLC66A3 SPPL3 SRD5A1 SRD5A3 TECRL TM6SF2 TMEM120A TMEM234 TMEM267 TMEM38A TMEM38B TMEM79 TP53I11 TRAM1L1 VKORC1L1,
388,pi-body,ANKRD34A ANKRD34B ANKRD34C ANKRD63 BARD1 BRD8 CDC25A CDC25C CENPU CYTIP ERI2 FBXO5 GEN1 HAUS6 ITPKB OBI1 PHF12 PHF2 RMI1 RNF214 RSBN1L SCHIP1 SLX4IP ST18,
402,piRNA processing,AIP BBS5 C9orf72 CGAS CNOT6L DHX29 EHD2 ELMOD3 FAM91A1 GLE1 INTS13 MOB4 MSH6 MTMR10 MTMR6 ODR4 PEX3 PIWIL1 PIWIL2 PIWIL3 PIWIL4 RAD54L SLFNL1 TBC1D23 TBC1D7 TDRD12 TDRD7 TTC9C,
252,plus-end-directed microtubule motor activity,BICD1 CDC42BPA CDC42BPB DCTN1 ERC2 EZR KIF16B KIF21A KIF21B KIF3A KIF5A KIF5B KIF5C PPFIA1 PPFIA2 PPFIA3 PPFIA4 RDX ROCK2 RUFY3 SPECC1L,
444,pointed-end actin filament capping,ANGEL2 ATE1 C12orf4 C5orf34 CASTOR2 CCDC126 CENPL CEP76 CHD1L CNOT6 CRBN DEPDC4 DHX36 DHX8 FBXO9 FSD1L HAUS5 KDM1B MINDY4B NGLY1 NUB1 PACRGL PEA15 PEX5 PID1 PPM1J PPM1M PRIM2 PRKAR1A PRKAR2A PRUNE1 RAD17 RPAP3 RRM2B RSPRY1 SNX3 SPOP SPOPL SRL STRADB TDRKH TICAM2 TMOD1 TMOD2 TMOD4 TTC4 TYW1B UFL1 USP30 USP39 ZWILCH,
380,poly(A) RNA polymerase activity,ADAR ANKRD33B ATG13 BIRC3 BRF1 DCAF15 DCLRE1B FBXO10 FBXO30 FBXO31 KAT14 MDM2 MDM4 MFF NT5C1B PAPOLA PARP10 PNPLA1 RAD54B RFFL RNF34 RNF4 RUBCNL SCML4 TADA2A TENT4B TTLL2 TTLL8 TUT1 UNKL ZC3H7B,
195,polypeptide N-acetylgalactosaminyltransferase activity,GALNT1 GALNT10 GALNT11 GALNT12 GALNT13 GALNT14 GALNT16 GALNT17 GALNT18 GALNT3 GALNT4 GALNT6 GALNT7 GALNT8 GALNT9 GALNTL6,
390,polyubiquitin modification-dependent protein binding,ADRM1 ARL14EPL BAG6 BRMS1 CACTIN CAMLG COIL DDI1 DMAP1 FBLL1 FBXO28 FSBP GPATCH1 HAX1 HMG20A LIN28A MLF2 RAD23A RNF5 RTF1 SUDS3 SUGP1 TADA3 UBQLN1 UBQLN3 UBQLN4 VHL ZCCHC8,
223,positive regulation of T cell proliferation,A1BG BTLA BTNL2 CD101 CD160 CD2 CD200 CD200R1 CD200R1L CD22 CD244 CD274 CD28 CD3D CD3E CD3G CD4 CD48 CD58 CD7 CD79A CD79B CD80 CD83 CD84 CD86 CD8A CD8B CD96 CEACAM18 CEACAM19 CRTAM CTLA4 FCMR FCRLA FCRLB HEPACAM2 HHLA2 ICOS ICOSLG IGSF6 IL18BP IL2RA JAML LAG3 LY6G6F MADCAM1 MPIG6B NCR3 NFAM1 PDCD1 PDCD1LG2 PECAM1 PVRIG SECTM1 SIGLEC15 SIRPA SIRPB2 SLAMF1 SLAMF6 SLAMF7 SLAMF8 SLAMF9 TAPBP TAPBPL THY1 TIGIT TMEM156 TMIGD1 TMIGD2 TMIGD3 TRAC TRBC1 TRBC2 TRDC TREM1 TREM2 TREML1 TREML2 TREML4 TRGC1 TRGC2 VCAM1 VSIR VTCN1,
209,positive regulation of cell division,ALKAL1 FGFBP1 FGFBP2 GREM2 IL17A IL17B IL17F IL25 LY6G5C PDGFA PDGFB PGF SOST SOSTDC1 TSHB VEGFA VEGFB,
370,positive regulation of p38MAPK cascade,ARPC5 C1orf43 C1orf50 CHORDC1 COPS8 DDX50 DDX52 EFCAB10 EIF4E3 GADD45A GADD45B GADD45G GINS1 MYCBP NOM1 OTUD6B RRP8 SIVA1 TRMT10A UTP25,
385,positive regulation of stem cell population maintenance,AKIRIN2 ANKRD40CL ARL14EP BABAM1 BRMS1L CAAP1 CDK11A CDK11B CHURC1 CISH CSDC2 DDX46 DMKN DND1 DPPA2 GATAD1 MBD2 MLF1 MPND MRGBP NANOS2 PPP1R14C RAD23B RFXAP SAP30 SAP30L SDE2 SMARCE1 SNX20 TERF1 TERF2 TGS1 WTAP ZFPL1 ZNF511 ZNF576,
84,positive regulation of synapse assembly,AMIGO1 AMIGO2 AMIGO3 ELFN1 FLRT1 FLRT3 GP1BA GP1BB GP9 ISLR ISLR2 LINGO1 LINGO3 LRFN1 LRFN2 LRFN3 LRFN4 LRFN5 LRIT1 LRIT2 LRIT3 LRRC24 LRRC26 LRRC3 LRRC38 LRRC3B LRRC3C LRRC4 LRRC4B LRRC4C LRRC52 LRRC55 LRRN1 LRRN2 LRRN3 LRRN4 LRRTM1 LRRTM2 LRRTM3 LRRTM4 LRTM1 LRTM2 OMG RTN4R RTN4RL1 RTN4RL2 SLITRK1 SLITRK3 SLITRK5 SLITRK6 TPBG TPBGL TRIL VASN,
273,positive regulation of transcription initiation by RNA polymerase II,ARID3A CIZ1 DEAF1 FOXP1 FOXP2 FOXP4 HNF1A HNF1B LIN54 MED15 MNT NFIA PAXIP1 PBX1 PBX2 PBX4 PHC1 PHC2 PHF21A PKNOX2 POU6F1 POU6F2 QRICH1 RAMAC RFX3 SAP130 SATB1 SATB2 SOX5 SOX6 SSBP3 SSBP4 TAF4 TAF4B TBP TOX3 TOX4 TRERF1 USF2 ZNF853,
126,potassium ion leak channel activity,BEST3 BEST4 CATSPER3 DCST1 DCST2 KCNK1 KCNK13 KCNK15 KCNK16 KCNK17 KCNK3 KCNK4 KCNK9 KCNN4 NEMP1 OCSTAMP PLPPR4 PROM1 SYVN1 TMEM266 XKR7 ZDHHC17,
121,potassium:chloride symporter activity,CLCN1 CLCN2 CLCN3 CLCN6 CLCN7 CLCNKA CLCNKB SLC12A1 SLC12A2 SLC12A3 SLC12A4 SLC12A5 SLC12A6 SLC12A7 SLC12A8 SLC12A9 SLC1A4 SLC1A5 SLC23A1 SLC26A1 SLC26A11 SLC26A2 SLC26A3 SLC26A4 SLC26A5 SLC26A6 SLC26A7 SLC26A9 SLC28A1 SLC9A8 SLC9A9,
347,preribosome,ABT1 ACBD7 ARL2BP BUD23 C10orf53 CDPF1 CENPX COMMD1 COMMD10 COMMD2 COMMD3 COMMD4 COMMD5 COMMD6 COMMD7 COMMD8 COMMD9 CYB5D1 EMG1 ENDOG EXOC1L EXOSC9 FKBP3 GTF3C6 IMP4 MRTO4 NAA20 NPM3 PIH1D1 PNO1 POLR2H POLR2J2 POP4 PRXL2C RRP7A SH3BGR SH3BGRL2 SNRPA1 TCL1A TCL1B TRAPPC4 TRAPPC6A TWF1 UBL3 UFD1 VPS25 ZSWIM7,
367,preribosome,AIMP1 BLOC1S1 BLOC1S2 C1orf131 C7orf50 CCDC59 CHRAC1 COPS9 DCTN3 HSBP1L1 IFT20 KLHDC4 KRI1 LARP7 LTV1 LZIC MAK16 MED10 MED11 MPHOSPH10 NAP1L4 NOL12 NOL7 PDCL PDCL2 PDCL3 PYM1 RRP36 SNAPIN SUB1 TINCR UTP3 ZCCHC9 ZNHIT3,
371,preribosome,AATF BCCIP BMS1 C11orf98 C8orf33 C9orf85 CCDC137 CCDC47 CCDC86 CEBPZ CMSS1 DDX10 DDX18 DDX21 DDX24 DDX27 DDX54 DRAP1 EBNA1BP2 ESF1 FTSJ3 GNL2 GNL3 GPATCH4 GTPBP4 KNOP1 KRR1 LLPH LSG1 LYAR NGDN NIFK NOC2L NOC3L NOP14 NOP53 NOP56 NOP58 NPM2 NSA2 PDC PDRG1 PES1 PFDN4 POLE4 POLR2F PTGES3 PUM3 RANBP1 RBM34 REXO4 RIOK1 RIOK2 RNF181 RPP38 RPS19BP1 RRP15 RRP1B RRS1 RSL1D1 SDAD1 SEC22B SRP19 SS18L2 SSB SURF6 TAF13 TMA16 TSR1 TXNDC9 UFM1 UTP11 UTP23,
178,prostaglandin biosynthetic process,ASIP AVP CER1 CGB1 CGB2 CGB3 CGB5 CGB7 CGB8 EDN1 EDN2 GPHA2 IGF1 IGF2 LHB,
92,prostaglandin transmembrane transporter activity,SLC22A1 SLC22A10 SLC22A11 SLC22A12 SLC22A13 SLC22A14 SLC22A16 SLC22A17 SLC22A2 SLC22A24 SLC22A25 SLC22A3 SLC22A31 SLC22A4 SLC22A5 SLC22A6 SLC22A7 SLC22A8 SLC22A9,
42,proteasome core complex,PSMA1 PSMA2 PSMA3 PSMA4 PSMA5 PSMA6 PSMA7 PSMA8 PSMB1 PSMB10 PSMB11 PSMB2 PSMB3 PSMB4 PSMB5 PSMB6 PSMB7 PSMB8 PSMB9,
325,protein destabilization,BLCAP C4orf36 CDIP1 DAZAP2 DIRC1 IGIP IGLJ1 KRTAP20-4 LLCFC1 NNAT P3R3URF SERF1A SERF1B SMIM2 WBP2,
315,protein phosphatase activator activity,AP4B1 CAB39 CAB39L COG4 ERMARD GLMN INSC INTS7 IPO4 NUP93 ORC3 PPP2R5A PPP2R5C PPP2R5D PPP4R3B RSPH14 WDPCP,
314,protein refolding,AMER2 ANHX BNIP5 C12orf50 CCDC8 CDC42EP1 CDC42EP2 CDC42EP3 CDC42EP4 CIPC CRYAA CRYAB FAM217A FAM53B FAM53C HSPB1 HSPB2 HSPB3 HSPB6 HSPB7 HSPB8 L1TD1 MAMSTR MYOZ2 MYOZ3 MYPOP OSER1 PLEKHO2 PPP1R36 PRR29 RHNO1 SAMD1 SOX12 SPINDOC SYNC TRDN,
307,protein serine/threonine phosphatase activity,AK8 CLVS2 DSTYK EHD1 EHD3 EHD4 GDAP2 M1AP MDH1B MON1B MSH3 MSH4 NEURL1B PDP1 PDP2 PIP5KL1 PPM1A PPM1F PPM1H PPM1K PPM1L PPTC7 PTEN RBPJL RNF17 SMG9 SNX16 SPAG1 SRBD1 STK31 TCP11 TCP11L1 TCP11L2 TDRD1 TMOD3 TTC31 USP13,
69,protein serine/threonine/tyrosine kinase activity,AKT1 AKT2 AKT3 AURKA AURKB AURKC BRAF BRSK1 BRSK2 CAMK1 CAMK1D CAMK1G CAMK2A CAMK2B CAMK2D CAMK2G CAMK4 CAMKK1 CAMKK2 CAMKV CDK1 CDK10 CDK14 CDK15 CDK17 CDK18 CDK19 CDK2 CDK20 CDK3 CDK4 CDK5 CDK6 CDK7 CDK8 CDK9 CDKL1 CDKL2 CDKL3 CDKL4 CHEK1 CHEK2 CLK1 CLK2 CLK3 CLK4 CSNK1A1 CSNK1A1L CSNK1D CSNK1E CSNK1G1 CSNK1G2 CSNK1G3 CSNK2A2 CSNK2A3 DAPK2 DAPK3 DCLK1 DCLK2 DCLK3 DMPK DYRK1B DYRK2 DYRK3 DYRK4 EIF2AK1 GRK1 GRK2 GRK3 GRK4 GRK5 GRK6 GRK7 GSK3A GSK3B HIPK4 HUNK IRAK4 LIMK1 LIMK2 MAK MAP2K1 MAP2K2 MAP2K3 MAP2K4 MAP2K5 MAP2K7 MAP3K2 MAP3K20 MAP3K3 MAP3K7 MAP3K8 MAP4K1 MAP4K2 MAP4K3 MAP4K5 MAPK1 MAPK10 MAPK11 MAPK12 MAPK13 MAPK14 MAPK15 MAPK3 MAPK4 MAPK6 MAPK8 MAPK9 MAPKAPK2 MAPKAPK3 MAPKAPK5 MARK1 MARK2 MARK3 MARK4 MELK MKNK1 MKNK2 MOK MOS MYLK2 MYLK3 MYLK4 NEK2 NEK3 NEK6 NEK7 NEK8 NIM1K NLK NUAK1 NUAK2 OXSR1 PAK1 PAK2 PAK4 PAK5 PAK6 PDIK1L PDPK1 PHKG1 PHKG2 PIM1 PIM3 PKN1 PKN2 PKN3 PLK1 PLK2 PLK3 PLK4 PRKAA1 PRKAA2 PRKACA PRKACB PRKACG PRKCA PRKCB PRKCD PRKCE PRKCG PRKCH PRKCI PRKCQ PRKCZ PRKD1 PRKD2 PRKD3 PRKG1 PRKG2 PSKH1 PSKH2 PTK2 PTK2B RAF1 RIPK1 RIPK2 RIPK3 RPS6KA1 RPS6KA2 RPS6KA4 RPS6KB1 RPS6KB2 RSKR SBK1 SBK2 SGK1 SGK2 SGK3 SIK1 SNRK SRPK1 SRPK2 STK11 STK16 STK17A STK17B STK24 STK25 STK3 STK32A STK32B STK32C STK33 STK35 STK38 STK38L STK39 STK4 STK40 TESK1 TESK2 TLK1 TLK2 TNK1 TSSK1B TSSK2 TSSK3 TSSK4 TSSK6 ULK1 ULK2 ULK3 VRK1 VRK2,
124,protein-cysteine S-acyltransferase activity,ADGRA1 CACNG8 DAGLA FAM171A2 FAM189A1 FAM189B GPR153 KCNK5 PANX2 PLPPR3 POPDC2 TMEM151A TMEM151B ZDHHC1 ZDHHC14 ZDHHC5 ZDHHC8,
127,protein-cysteine S-acyltransferase activity,BEST1 BEST2 CGRRF1 GJA3 MARVELD2 MUL1 OCLN PROM2 TMEM129 TTYH1 TTYH2 TTYH3 ZDHHC11 ZDHHC11B ZDHHC12 ZDHHC16 ZDHHC18 ZDHHC19 ZDHHC2 ZDHHC20 ZDHHC21 ZDHHC22 ZDHHC4 ZDHHC6 ZDHHC7,
236,protein-glutamine gamma-glutamyltransferase activity,EDEM3 EPB42 F13A1 GGT7 HSPA13 IL17RE ITM2C RNF148 SFTPC SLC3A2 SUCO TGM1 TGM2 TGM3 TGM4 TGM5 TGM6 TGM7 ZNRF4,
167,protein-hormone receptor activity,FSHR LGI1 LGR4 LGR5 LGR6 LHCGR LRIG1 LRIG2 LRIG3 RXFP1 RXFP2 SLIT1 SLIT2 SLIT3 TSHR,
205,proteoglycan biosynthetic process,A3GALT2 A4GALT A4GNT ABO ART1 ART4 ART5 B3GALNT1 B3GALT1 B3GALT2 B3GALT4 B3GALT6 B3GAT1 B3GAT2 B3GAT3 B3GNT2 B3GNT3 B3GNT4 B3GNT5 B3GNT6 B3GNT7 B3GNT8 B3GNT9 B4GALNT1 B4GALT1 B4GALT2 B4GALT3 B4GALT4 B4GALT5 B4GALT7 B4GAT1 C1GALT1 C1GALT1C1L C6orf89 CANT1 CERCAM CHPF CHPF2 CHST1 CHST10 CHST11 CHST13 CHST14 CHST15 CHST2 CHST3 CHST4 CHST5 CHST6 CHST8 CHST9 CHSY1 CHSY3 COLGALT1 COLGALT2 CSGALNACT1 CSGALNACT2 DIPK1A DIPK1B DIPK1C DIPK2A EOGT EXT1 EXT2 EXTL1 EXTL2 EXTL3 FAM20A FAM20B FAM20C FJX1 FKRP FUT1 FUT10 FUT11 FUT2 FUT3 FUT5 FUT6 FUT7 FUT8 GAL3ST1 GAL3ST2 GAL3ST3 GAL3ST4 GALNTL5 GASK1A GASK1B GBGT1 GCNT1 GCNT2 GCNT4 GCNT7 GLT6D1 GLT8D1 GLT8D2 GXYLT1 GXYLT2 HS2ST1 HS3ST1 HS3ST2 HS3ST3A1 HS3ST3B1 HS3ST4 HS3ST5 HS3ST6 HS6ST1 HS6ST3 HYAL2 IL4I1 LACTBL1 LARGE1 LARGE2 LFNG METTL24 MFNG MGAT1 MGAT3 MGAT4A MGAT4B MGAT4D MGAT5 MGAT5B NDST1 NXPE2 NXPE3 P4HA1 P4HA2 PKDCC PLOD1 PLOD2 PLOD3 POFUT1 POFUT2 POGLUT1 POGLUT2 POMGNT1 POMGNT2 POMK PXYLP1 RFNG RXYLT1 ST6GAL2 ST6GALNAC1 TPST1 TPST2 UST WSCD2 XXYLT1 XYLT1 XYLT2,
431,pseudouridine synthase activity,ACYP1 ALKBH2 ANTKMT APEX1 ARHGDIG CHAC1 DCTPP1 DHFR2 DIMT1 DPM1 DTD1 DTD2 DUSP23 EEF1AKMT3 EEF1AKMT4 ETFBKMT EXOG GLO1 IMMP1L IMMP2L ITPA METTL17 METTL21A METTL5 MOCS2 MPG MRM2 MRM3 MRPL37 MRPS30 N6AMT1 NR2C2AP NUDT1 NUDT14 NUDT15 NUDT2 NUDT4B NUDT5 NUDT7 NXT1 PPIE PTPMT1 PTRH1 PUSL1 REXO2 RFESD RPUSD1 RPUSD3 RPUSD4 STAR STARD10 TEFM TEX30 THG1L THYN1 TIMM29 TMEM11 TRMT61A TRUB2 TSTD3 YDJC,
453,purine nucleoside diphosphate biosynthetic process,ABHD14B ADI1 AK2 AK3 AK4 ALG5 B3GNTL1 BLVRA CBWD1 CBWD2 CBWD3 CCS CDO1 COA1 CPPED1 DPH6 EIF2B3 ELAC1 ERI3 FHIT FN3KRP GATB GLYATL1 GMPPB HDHD2 HTATIP2 JMJD7 L3HYPDH LYPLA1 LYPLA2 METAP1 MTFMT MTG1 NNMT NSUN6 NUDT13 PCYT1A PMM1 PPCS PRADC1 PRTFDC1 PSPH QTRT2 TATDN1 THEM6 TPK1 UROS YARS2,
284,pyroptotic inflammatory response,ALDH16A1 ASPH CASP1 CASP12 CASP14 CASP3 CASP4 CASP5 CASP7 DNAJB12 GIMD1 GSDMA GSDMB GSDMC GSDME HSPA12B MAN2C1 NOS2 PJVK PREPL RHOT2 SPART TOMM20 TOMM20L TOR4A VARS2 ZPBP2,
327,quinone biosynthetic process,ABHD10 ALKBH7 ATPAF1 COQ10B COQ4 COQ5 COQ7 COQ9 COX18 DNAJC4 DUT ECSIT FDX2 FTMT GRPEL1 HAGH HSCB LETMD1 MCEE MMAA MRPL39 MRPL46 MRPL49 MRRF MSRB2 MSRB3 MTRF1 MTRF1L NAXE NDUFA9 NDUFAF3 NIPSNAP1 NIPSNAP2 OXLD1 PCBD2 PNKD POLDIP2 PPIF PPIL3 PRDX5 RBFA RMDN1 SCO2 SURF1 THEM4 TMEM186 TSFM,
414,quinone biosynthetic process,ADCK2 COQ8A COQ8B ETNK2 FAM118A FARS2 GMPPA HEXD LACC1 MPI PFKFB4 POLG2 XPNPEP3,
452,rRNA (adenine) methyltransferase activity,ARV1 DCAKD DGUOK DHFR DPH5 ERAL1 FAIM GLOD4 HMCES HYKK IAH1 IDNK MCUB METTL23 MGMT MTHFS NAT9 NMNAT1 NMNAT3 NT5C NTPCR PLPBP PM20D2 PMVK RPEL1 TFB1M TFB2M TRMT61B,
366,receptor tyrosine kinase binding,ANKIB1 ATAD2B BANK1 CEP104 GRAMD2B GRB14 MINDY4 PPP1R37 RTKN2 SH2B3 SH2D3A SHC2 SHC4 STAC STAP1 STAP2 TOP2B TSNARE1 TTC16 USP2 USP21,
215,regulation of BMP signaling pathway,C9 CCN1 CCN2 CCN3 CCN4 CCN5 CHRDL2 FRZB FST FSTL3 GFRA1 GFRA2 GFRAL IGFBP2 IGFBP4 IGFBP7 LDLRAD1 MDK PTN RSPO1 RSPO2 RSPO3 SFRP1 SFRP4 SMOC1 SMOC2 TFPI TFPI2 VEGFC VWC2 WFIKKN2,
277,regulation of Rab protein signal transduction,ACACA ANKHD1 ANKRD17 ARFGEF1 ARFGEF2 ASCC3 CFAP46 CFAP54 CKAP5 CNOT1 CPLANE1 DENND4A DENND4B DENND4C DEPDC5 DICER1 DMXL1 DMXL2 DNAH12 DOCK1 DOCK10 DOCK2 DOCK3 DOCK4 DOCK5 DOCK7 DOCK8 DOCK9 DOP1A FRYL GAPVD1 GBF1 HECTD1 IQGAP1 IQGAP2 IQGAP3 ITPR1 KIDINS220 LRBA MADD MED12L MED13 MED13L MYO7B MYO9B NBEA PCNX2 PI4KA PIKFYVE PREX1 PRPF8 RALGAPA1 RALGAPA2 SBF2 SNRNP200 TLN1 TLN2 TRIP12 TRPM7 TSC2 TTC28 UBR1 UBR2 UBR3 UBR5 UGGT2 UNC13C UNC79 USP24 USP34 VWA8 ZSWIM8,
407,regulation of Rho protein signal transduction,AATK ABL1 ABL2 ADPRHL1 ARHGAP20 BEGAIN BLNK BTBD8 CD2AP CEP72 COBLL1 DISC1 FAM135A FHDC1 FYB1 FYB2 GAK GAREM1 INAVA IQCJ-SCHIP1 KANK1 KANK2 KANK3 LIMA1 MAPKBP1 MYOT MYPN NEXN PALLD PALMD PEAK1 PHIP PLEKHA4 PLEKHG1 PLEKHG2 PPP1R12C PPP1R9B PPP2R3A PTPN22 RPS6KC1 SH3BP2 SH3D19 SH3RF2 SHPRH SMG6 SSH2 SVIL SYTL2 TAGAP TASOR TEX14 TJAP1 TNS1 TNS3 TTBK1 TUT4 USP6NL WDR62,
188,regulation of SMAD protein signal transduction,AMH ANGPT1 ANGPT2 ANGPT4 ANGPTL1 ANGPTL2 ANGPTL3 ANGPTL4 ANGPTL5 ANGPTL6 ANGPTL7 APCS ARTN BDNF BMP10 BMP2 BMP3 BMP4 BMP5 BMP6 BMP7 BMP8A BMP8B BRICD5 CLEC11A CLEC3A CLEC3B CRP DAND5 FGB FGFBP3 FGG FGL1 FGL2 GDF1 GDF10 GDF11 GDF15 GDF2 GDF3 GDF5 GDF6 GDF7 GDF9 GDNF IL17C INHA INHBA INHBB INHBC INHBE LEFTY1 LEFTY2 MSTN MYOC NGF NODAL NOG NPTX1 NPTX2 NPTXR NRTN NTF3 NTF4 NXPH1 NXPH2 NXPH3 NXPH4 OLFM1 OLFM2 OLFM3 OLFM4 OLFML1 OLFML3 PRSS35 PSAPL1 PSPN PTX3 PTX4 TGFB1 TGFB2 TGFB3 THSD8,
313,regulation of SNARE complex assembly,COPB1 COPG1 EDRF1 ELP1 GEMIN5 HPS3 HPS5 INTS10 INTS8 NAA25 NUP107 NUP133 NUP155 NUP160 NUP85 PPP2R1A PPP2R5E PSMD1 PSMD2 TGFBRAP1 TTC27 UNC45A VPS11 VPS16 VPS18 VPS39 VPS41 VPS8 WDR11 WDR17 WDR72,
394,regulation of Toll signaling pathway,ABHD17A ABHD17C BNIP2 DDX6 FBXO36 ILKAP LONRF1 LRRC42 NEURL3 PELI1 PELI2 PELI3 PLK5 PRKAR1B PRKAR2B PRR5L TAB1 TIRAP UVSSA VRK3 WIPI2 XRN2,
264,"regulation of alternative mRNA splicing, via spliceosome",A1CF ATF1 BANP BOLL CARF CELF1 CELF2 CELF3 CELF4 CELF5 CELF6 CREB1 CREM DAZL DMTF1 ELAVL2 ELAVL3 ELAVL4 ELF1 ELF2 ESRP2 FAM168A GABPA GABPB1 GABPB2 GLI1 GLI2 GLI3 GLIS1 GMEB1 GMEB2 GTF2A1 INSM2 MBNL1 MBNL2 MSI1 MSI2 NFYA NFYC NOVA1 NOVA2 NR2C2 NRF1 PCBP4 PKNOX1 RBFOX1 RBFOX2 RBFOX3 RBM14 RBM24 RBM38 RBM4 RBM47 RBM4B RBMS1 RBMS2 RBMS3 RBPMS RBPMS2 SP1 SP2 SP3 SP4 USF1 ZC3H10 ZNF385A ZNF385C ZNF414,
368,regulation of calcium ion-dependent exocytosis,ADCY10 CLEC16A DCAF1 DOC2A DOC2B NISCH PDS5B PPP4R1 RALGAPB SYT1 SYT10 SYT11 SYT12 SYT13 SYT15 SYT17 SYT2 SYT3 SYT4 SYT5 SYT6 SYT7 SYT8 SYT9 TC2N UHRF1BP1 UHRF1BP1L VIRMA,
256,regulation of hippo signaling,BICD2 CIT CLIP1 CLIP2 ERC1 JAKMIP1 JAKMIP2 JAKMIP3 NF2 RAB11FIP4 RNF20 RNF40 RUFY1 RUFY2 SLMAP SWAP70,
120,regulation of intracellular pH,SLC1A1 SLC1A2 SLC1A3 SLC1A6 SLC1A7 SLC24A3 SLC24A4 SLC26A8 SLC4A1 SLC4A10 SLC4A11 SLC4A2 SLC4A3 SLC4A4 SLC4A5 SLC4A7 SLC4A8 SLC4A9 SLC9A1 SLC9A2 SLC9A3 SLC9A4 SLC9A5 SLC9C1,
165,"regulation of mRNA splicing, via spliceosome",ACIN1 CIR1 CWC22 CWC25 EIF3A FAM133B GPATCH8 KRCC1 NKAPD1 NKAPL NSRP1 PNN PPIG PPIL4 PRPF4B RBBP6 RBM25 RP9 SAFB SAFB2 SFSWAP SLTM SNRNP48 SNRNP70 SON SREK1IP1 THRAP3 TOPORS TTC14 U2SURP UPF3A YTHDC1 ZC3H13 ZC3H18 ZCCHC17,
166,"regulation of mRNA splicing, via spliceosome",ARGLU1 ARL6IP4 BCLAF1 CCNL1 CCNL2 CLASRP HNRNPC HNRNPCL1 HNRNPCL2 HNRNPCL3 HNRNPCL4 LUC7L LUC7L2 LUC7L3 NKTR PNISR PPHLN1 PRM1 PRM2 PRPF38A PRPF38B RALYL RBM39 RNPS1 RSRC1 RSRC2 RSRP1 SNRNP27 SREK1 SRRM1 SRRM2 SRRM3 SRRM4 SRRM5 SRSF1 SRSF10 SRSF11 SRSF12 SRSF2 SRSF3 SRSF4 SRSF5 SRSF6 SRSF7 SRSF8 TRA2A TRA2B U2AF1 ZRANB2,
280,regulation of mitochondrial membrane potential,AHSP BNIP3 BNIP3L C3orf14 CCDC127 FAM219B FAM241A MLLT11 MRFAP1 PCP4 PCP4L1 PIN1 SAYSD1 SMCO3 TMEM134 TMUB1,
276,regulation of neurotransmitter secretion,DYSF FASN FER1L5 FER1L6 FLNB FLNC LOXHD1 MYO15A MYOF OTOF PIEZO1,
43,regulation of protein neddylation,CAPNS1 CAPNS2 CAPS DCUN1D1 DCUN1D2 DCUN1D4 GCA MICU2 MICU3 PDCD6 SNTN SRI,
268,regulation of synaptic vesicle fusion to presynaptic active zone membrane,ANAPC15 ANP32A ANP32B ANP32E CBX1 CBX5 CPLX1 CPLX2 CPLX3 CPLX4 DEK ERICH2 FAM177A1 GEMIN7 HMGB1 HMGB2 HMGN2 HMGN3 LAMTOR1 NCL NUCKS1 OMP POLR3GL PTMA PTMS SET SETSIP TPD52 TPD52L2 TPD52L3,
170,release of cytochrome c from mitochondria,AOPEP APOL5 CD74 DNAJB11 FICD GGT6 IFI27 IFI27L1 IFI27L2 IFI6 IL17RC IL17REL PLD1 RNF133 TCAF2 TMCO4,
351,release of cytochrome c from mitochondria,AKIRIN1 ANKRD9 BAK1 BAX BCL2 BCL2A1 BCL2L1 BCL2L10 BCL2L2 BID BOK BUD13 C12orf57 CCDC28A CCDC28B CDK2AP1 CDK2AP2 CEP19 CTU1 DDA1 DGCR6 EFCAB2 FNDC10 GTF2F1 LYSMD2 MAP3K7CL MCRIP1 MED9 MMP24OS MZT2A MZT2B PAF1 PCNP PDXP POLD4 PPP1R14B PPP1R2 R3HCC1 RBM17 RMI2 SAC3D1 SLBP SNAPC5 SZRD1 TAF10 UBL4B UBQLNL UBTF YRDC,
163,respiratory chain complex,ATP5F1D ATP5MC1 ATP5MC2 ATP5MC3 ATP5ME ATP5MF ATP5MG ATP5MGL ATP5PB ATP5PD ATP5PF C18orf32 CEBPZOS CHCHD10 COA3 COPS5 COX14 COX16 COX20 COX4I1 COX4I2 COX5A COX5B COX6A1 COX6A2 COX6C COX7A1 COX7A2 COX7A2L COX7B2 COX7C COX8A COX8C CYC1 DMAC1 DNAJC15 DPM3 FAM162A GHITM HIGD1A HIGD1B HIGD1C HIGD2A HIGD2B ISCU MICOS10 MICOS13 MPC1 MPC2 NDUFA11 NDUFA13 NDUFA3 NDUFA4 NDUFA4L2 NDUFAB1 NDUFB1 NDUFB2 NDUFB3 NDUFB4 NDUFB5 NDUFB6 NDUFB8 NDUFC1 NDUFC2 NDUFC2-KCTD14 NDUFS3 NDUFS6 NDUFS7 NDUFS8 NDUFV2 OCIAD1 OCIAD2 PET100 PET117 PIGBOS1 PLGRKT PPIA PPIAL4A PPIAL4C PPIAL4D PPIAL4G PPIAL4H PPIB PRDX3 ROMO1 SDHB SDHC SDHD SMDT1 SMIM12 SMIM20 SMIM26 SMIM4 SMIM8 STMP1 TIMM17A TIMM22 TIMM23 TIMM23B TIMMDC1 TMEM126A TMEM126B TMEM141 TMEM14A TMEM14B TMEM14C TMEM242 TMEM256 TOMM7 UQCC3 UQCR10 UQCR11 UQCRB UQCRC1 UQCRFS1 UQCRQ,
282,respiratory electron transport chain,CHCHD2 COX6B1 ETFRF1 FMC1 LYRM1 LYRM2 LYRM4 LYRM7 LYRM9 MRPL43 MRPL53 NDUFB10 NDUFB7 NDUFS5 SDHAF3 UQCC2,
375,retromer complex,ABR ANKFN1 APPL1 BIN3 CMIP DAPK1 DENND1B DZIP3 EDC4 GPHN HECW1 HECW2 MAP3K5 MAP3K6 MICAL1 NEDD4L NEK10 PICK1 PITPNM2 PLCB2 PLCB3 PLCB4 PPP4R4 RASGRF2 RASGRP2 RPTOR SGSM1 SH3GLB1 SH3GLB2 SNX1 SNX2 SNX30 SNX32 SNX4 SNX5 SNX6 SNX8 TBC1D1 TBC1D5 TMEM232 USP32,
210,ribosomal large subunit biogenesis,BRIX1 DPY30 FAM72A FAM72B FAM72C FAM72D HSBP1 NCBP2 NOB1 PPAN RBM8A RPF1 RPF2 RPL7L1 RRP1 SNRPB2 YPEL1 YPEL2 YPEL3 YPEL4 YPEL5,
180,semaphorin receptor activity,CDH23 CELSR1 CELSR2 CELSR3 CSPG4 DCHS1 FREM1 FREM3 ITGB4 PKD1L2 PLXNA1 PLXNA2 PLXNB1 PLXNB2 PLXND1,
30,septin complex,SEPTIN1 SEPTIN10 SEPTIN11 SEPTIN12 SEPTIN14 SEPTIN2 SEPTIN3 SEPTIN4 SEPTIN5 SEPTIN7 SEPTIN8 SEPTIN9,
139,serine palmitoyltransferase complex,APH1A APH1B ARL6IP5 ARL6IP6 ATP6V0E1 ATP6V0E2 CACFD1 CNEP1R1 CNIH1 CNIH2 CNIH3 CNIH4 DAD1 DPM2 EMC6 GJE1 GOLT1A GOLT1B IER3IP1 JAGN1 KRTCAP2 LAPTM4B LEPROT LEPROTL1 MARVELD3 ORMDL1 ORMDL2 ORMDL3 OST4 OSTC PIGP PSENEN RAB5IF RABAC1 RER1 RNASEK SEC61G SFT2D1 SFT2D2 SMIM10L1 SMIM15 SMIM7 SMLR1 SPCS1 SPTSSA SPTSSB SSR3 STARD3NL SYS1 TEX261 TMBIM4 TMCO1 TMEM107 TMEM128 TMEM138 TMEM147 TMEM150A TMEM167A TMEM167B TMEM170A TMEM170B TMEM18 TMEM208 TMEM216 TMEM218 TMEM220 TMEM243 TMEM251 TMEM258 TMEM272 TMEM50A TMEM50B WDR83OS,
55,serine-type endopeptidase inhibitor activity,AGT ITIH1 ITIH2 ITIH3 ITIH4 SERPINA1 SERPINA10 SERPINA11 SERPINA12 SERPINA3 SERPINA4 SERPINA5 SERPINA6 SERPINA9 SERPINB1 SERPINB10 SERPINB11 SERPINB12 SERPINB13 SERPINB2 SERPINB3 SERPINB4 SERPINB5 SERPINB6 SERPINB7 SERPINB8 SERPINB9 SERPINC1 SERPIND1 SERPINE1 SERPINE2 SERPINE3 SERPINF1 SERPINF2 SERPING1 SERPINH1 SERPINI1 SERPINI2,
206,serine-type endopeptidase inhibitor activity,CLPS DEFB1 DEFB118 DEFB124 DEFB129 DEFB132 DEFB134 EPPIN MSMB PI3 SLPI SPESP1 SPINK1 SPINK13 SPINK14 SPINK2 SPINK4 SPINK6 SPINK7 SPINK8 SPINK9 SPINT3 SPINT4 TFF1 TFF2 TFF3 WFDC2 WFDC6 WFDC9,
339,shelterin complex,ACD AKT1S1 AP1AR C6orf47 CBY1 CCDC184 FAM167B FAM170B FAM89B HMGB4 PAIP2 PAIP2B PRDM7 SPRN TINF2 TUSC1,
391,siRNA binding,CFAP20 DDX49 DDX55 DDX56 EIF2B4 ETF1 GDAP1L1 GTF2B HAT1 IRAK1BP1 LRAT LXN METTL16 MTX2 PCNA PRKRA PTP4A1 RPA2 SNAP47 SPSB2 STYX TARBP2 THUMPD3 TRMO,
225,sialic acid binding,CD300E CD33 SIGLEC12 SIGLEC14 SIGLEC6 SIGLEC7 SIGLEC8 SIGLEC9 TARM1 VSTM1,
199,sialyltransferase activity,B4GALT6 FAM3B FAM3C FAM3D GALNT15 GALNT2 GALNT5 GCNT3 MGAT2 ST3GAL1 ST3GAL2 ST3GAL3 ST3GAL4 ST3GAL5 ST3GAL6 ST6GAL1 ST6GALNAC2 ST6GALNAC3 ST6GALNAC4 ST6GALNAC5 ST6GALNAC6 ST8SIA1 ST8SIA2 ST8SIA3 ST8SIA4 ST8SIA6,
150,signal recognition particle binding,ATP6V0B CDIPT DERL1 DERL2 DERL3 EI24 GPR89A GPR89B GPRC5A GPRC5D KDELR1 KDELR2 LMBR1 LMBRD1 RHBDD2 SCAMP4 SCAMP5 SERINC1 SERINC2 SERINC3 SLC66A1 TMBIM6 TMEM101 TMEM17 TMEM244 TMEM33 TMEM35B TMEM60 TPRA1 TSPO UNC50,
319,signal sequence binding,AP1B1 AP1G1 AP2B1 ARMC8 CTNNB1 GEMIN4 IBTK INTS4 JUP KPNA1 KPNA4 MMS19 RAB3GAP2 RANBP6 SPAG6 TAF2 TANGO6 TBCD TRAPPC10 TRAPPC8 TTI1 UNC45B,
387,signaling receptor complex adaptor activity,ARHGEF26 ARHGEF5 BCAR1 BLM CAPN15 CEP78 DNAAF1 DOK7 EFS ERCC5 ESPNL FAM120A FAM120B FAM169A FRS2 FRS3 GAB4 ICE2 MAP3K14 MYT1 NCAPG NEDD9 OTUD7A OTUD7B POLH PTPDC1 PWWP3A RUSC1 SENP1 SENP6 SH2D4A SIMC1 SNPH SPATA2 STON1 STON2 TATDN2 TENT4A TEX2 TMEM209 TOP2A TRIM33 USP53 WHAMM ZMYND11,
138,solute:sodium symporter activity,GPR155 MFSD6 OCA2 SLC11A1 SLC11A2 SLC13A1 SLC13A2 SLC13A3 SLC13A4 SLC13A5 SLC17A7 SLC18A3 SLC20A2 SLC24A5 SLC28A3 SLC32A1 SLC34A1 SLC34A2 SLC34A3 SLC35F4 SLC36A1 SLC36A2 SLC36A3 SLC36A4 SLC38A1 SLC38A11 SLC38A2 SLC38A3 SLC38A4 SLC38A6 SLC38A7 SLC38A8 SLC38A9 SLC41A1 SLC41A2 SLC47A1 SLC47A2 SLC5A3 SLC9B1 SLC9B2,
141,solute:sodium symporter activity,SLC5A4 SLC6A1 SLC6A11 SLC6A12 SLC6A13 SLC6A18 SLC6A19 SLC6A2 SLC6A20 SLC6A3 SLC6A4 SLC6A5 SLC6A6 SLC6A7 SLC6A9,
142,solute:sodium symporter activity,SLC17A6 SLC17A8 SLC23A2 SLC28A2 SLC5A1 SLC5A10 SLC5A11 SLC5A12 SLC5A2 SLC5A5 SLC5A6 SLC5A7 SLC5A8 SLC5A9 SLC6A15 SLC6A16 SLC6A17 SLC7A1 SLC7A10 SLC7A11 SLC7A14 SLC7A2 SLC7A5 SLC7A6 SLC7A7 SLC7A8 SLC7A9 SV2A SV2C,
158,sphingosine N-acyltransferase activity,ADIPOR1 ADIPOR2 CERS1 CERS2 CERS3 CERS4 CERS5 CERS6 CLN6 DHCR7 G6PC2 HACD3 PAQR6 PAQR9 SRD5A2 TECR TLCD4 TM7SF2 TMEM229A,
262,spliceosomal snRNP complex,CPSF6 CPSF7 CSTF2T DAZAP1 FUBP1 FXR1 G3BP1 G3BP2 KHSRP LCORL LSM14B NCOA5 PPP1R10 RBM12 RBM22 RBM23 RBM42 RBM7 SF1 SF3A2 SF3B4 SNRPA SNRPB SNRPC SNRPN U2AF2 YBX1 YBX2 YBX3 ZC3H4,
244,"steroid dehydrogenase activity, acting on the CH-OH group of donors, NAD or NADP as acceptor",BDH1 CAT CBR4 CES1 CES2 CES3 CES4A CES5A DHRS1 DHRS12 DHRS13 DHRS3 DHRS7 DHRS7B DHRS7C DHRS9 FMO1 FMO2 FMO3 FMO4 FMO5 HPGD HSD11B1 HSD11B1L HSD11B2 HSD17B1 HSD17B11 HSD17B12 HSD17B13 HSD17B2 HSD17B3 HSD17B6 HSD17B7 HSD3B1 HSD3B2 HSDL1 KDSR KMO MTTP RDH10 RDH11 RDH12 RDH13 RDH16 RDH5 RDH8 RETSAT SCCPDH SDR16C5 SDR42E1 SDR9C7 SELENBP1 SGPL1 SLC27A1 SLC27A3 SLC27A4 SLC27A5 SQLE WWOX,
417,sterol binding,AGAP4 AGAP5 AGAP6 ANKMY1 ANKRD13A ANKRD13D ARHGAP40 ARHGAP8 AVL9 CDC14A CERT1 CYTH3 DGKQ DOK5 DOK6 EIF2AK4 FBXO11 FERMT1 FERMT2 FRMD8 FRMPD2 GRAMD1B GRAMD1C GRAP2 GRAPL GRB10 GRB2 KRIT1 LPIN1 LPIN2 LRCH3 MPP3 MPP4 MPP7 MTMR7 NCKIPSD NPAS1 NRBP2 OSBP2 OSBPL10 OSBPL1A OSBPL2 OSBPL3 OSBPL6 OSBPL8 OSBPL9 PDZD3 PIK3R2 PIK3R5 PLEKHN1 PLEKHS1 PTPN11 PTPN3 PTPRR RAPGEFL1 RASGEF1A RASGEF1B RASSF1 RASSF4 RGL4 RGS11 RGS7 RIN1 SEC14L1 SMURF2 SNTG2 SNX18 SYTL3 USP47 USP6,
257,store-operated calcium entry,ADGB AMOTL2 BICDL1 BICDL2 C4orf50 CABCOCO1 CARD9 CCDC102A CCDC125 CCDC13 CCDC169 CCDC180 CCDC33 CCDC62 CCDC93 CCPG1 CDR2 CDR2L CEP57 CEP85L CFAP44 CKAP4 CLUAP1 CRACR2B DEF6 DZIP1 EVC GKAP1 HOMER1 HOMER2 HOMER3 IFT57 IKBIP IQCE KIF27 KIF6 KIF7 KIF9 KRT222 LCA5 LCA5L LRRFIP1 LZTFL1 LZTS1 LZTS2 LZTS3 N4BP3 NDC80 NUF2 PHLDB1 PHLDB3 RAB11FIP3 RASSF8 RILPL1 SASS6 SH2D4B TNIP2 TUFT1,
46,structural constituent of eye lens,CRYBA1 CRYBA2 CRYBA4 CRYBB1 CRYBB2 CRYBB3 CRYGA CRYGB CRYGC CRYGD CRYGS,
105,structural constituent of myelin sheath,AGTRAP APOLD1 CKLF CMTM1 CMTM2 CMTM3 CMTM4 CMTM5 CMTM6 CMTM7 CMTM8 CYBA GPM6A KRTCAP3 LAPTM4A LAPTM5 MAL MAL2 MALL MARVELD1 MLC1 MS4A10 MYADM MYADML2 NKAIN2 NKAIN4 PLLP ROM1 SLC48A1 SSPN SYNGR1 SYNGR2 SYNGR3 SYNPR SYPL1 SYPL2 TMEM125 TMEM150B TMEM179B TMEM212 TMEM238L TMEM253 TMEM262 TMEM44 TMEM54 TMEM72 TSPAN10,
66,structural constituent of postsynaptic actin cytoskeleton,ANKRD18A ANKRD18B ANKRD20A1 ANKRD26 ANKRD30A ANKRD30B ANKRD30BL ANKRD36 ANKRD36B ANKRD36C ANKRD62 ANKRD7 CCDC144A POTEB POTEB2 POTEB3 POTEC POTED POTEE POTEF POTEG POTEH POTEI POTEJ POTEM,
108,sulfation,EPHX1 SULT1A1 SULT1A2 SULT1A3 SULT1A4 SULT1B1 SULT1C2 SULT1C3 SULT1C4 SULT1E1 SULT2A1 SULT2B1 SULT4A1 SULT6B1,
28,suppression of viral release by host,BSPRY FSD1 FSD2 MEFV PML RFPL1 RFPL2 RFPL3 RFPL4A RFPL4AL1 RFPL4B RNF135 RNF151 RNF207 RNF39 TRAF1 TRAF2 TRAF3 TRAF4 TRAF5 TRAF6 TRIM10 TRIM11 TRIM13 TRIM14 TRIM15 TRIM16 TRIM17 TRIM2 TRIM21 TRIM22 TRIM25 TRIM26 TRIM27 TRIM29 TRIM3 TRIM31 TRIM32 TRIM34 TRIM35 TRIM36 TRIM38 TRIM39 TRIM4 TRIM40 TRIM41 TRIM42 TRIM43 TRIM43B TRIM45 TRIM46 TRIM47 TRIM48 TRIM49 TRIM49B TRIM49C TRIM49D1 TRIM49D2 TRIM5 TRIM50 TRIM51 TRIM54 TRIM55 TRIM56 TRIM58 TRIM59 TRIM6 TRIM60 TRIM61 TRIM62 TRIM63 TRIM64 TRIM64B TRIM64C TRIM65 TRIM67 TRIM68 TRIM69 TRIM7 TRIM71 TRIM72 TRIM73 TRIM74 TRIM77 TRIM8 TRIM9 TRIML1 TRIML2,
365,synaptic vesicle endocytosis,AFAP1 AMPH ANKS1A ARHGAP10 ARHGAP17 ARHGAP26 ARHGAP29 ARHGAP35 ARHGAP42 ARHGAP44 ARHGEF11 ARHGEF12 ARHGEF18 ARHGEF2 ARHGEF28 ARHGEF7 ASAP1 ASAP2 BAIAP2 BAIAP2L1 BAIAP2L2 BIN1 CACNB1 CACNB3 CACNB4 CAPS2 CARMIL1 CTTNBP2 DENND1A DNM2 DNM3 DNMBP DTNA DTNB EFCAB3 ENOX1 EPB41 EPB41L1 EPB41L2 EPB41L3 EPB41L4B EPB41L5 FCHO2 FCHSD2 FNBP1 FNBP1L GAS7 HIF3A HIP1 HIP1R INPPL1 IQSEC1 ITSN2 KLC1 KLC2 KLC3 KLC4 KSR1 MARF1 MTSS2 MYO16 NEBL NPHP4 PACSIN1 PACSIN2 PACSIN3 PDCD6IP PLCB1 PLCH1 PLCH2 PLEKHH1 PLEKHH2 PSTPIP1 PSTPIP2 RABGAP1 RAPGEF6 RGSL1 SH3BP1 SH3BP5 SH3GL1 SH3GL2 SH3GL3 SNX29 SOS1 SOS2 SRGAP2 SRGAP2B SRGAP2C SRGAP3 SYNJ1 SYNJ2 TANC1 TJP3 TRIP10 TTC3,
433,tRNA modification,ADAT2 AMD1 B9D2 BCDIN3D C3orf33 CDA CNPPD1 CSKMT CTDSP2 CTDSPL DCTD DTWD2 DUSP13 EEF1AKMT2 GEMIN6 GNPNAT1 GUK1 HPDL IBA57 LIPT2 MDP1 METTL18 METTL6 MITD1 MTERF3 NME7 NUDT19 PHOSPHO2 PSMG4 SPRYD4 STK19 TIGAR TRPT1 TRUB1,
436,tRNA modification,AANAT AASDHPPT ABITRAM ACP1 ADO AIMP2 ALKBH1 ANAPC10 ARL16 ARMH2 ARMT1 ATAD3C ATG10 BCS1L BMT2 C14orf28 C19orf54 C1orf74 C6orf120 C6orf62 CAMKMT CARNMT1 CDKAL1 CDKN3 CENPM CFAP161 CIAPIN1 CIDEC CLP1 CPLANE2 CTU2 CYB5RL DCK DCPS DDX28 DESI1 DNAJC28 DPH1 DRG2 DTYMK DUS3L DUSP14 DUSP18 DUSP19 DUSP22 DUSP3 EEF1E1 EIF2B1 EIF2D ELP4 ELP5 EMC8 EMC9 ERI1 EXO5 EXOSC8 FAAP24 FANCF FBXO17 FBXO2 FBXO27 FBXO44 FBXO6 FDXACB1 GDPGP1 GET3 GLYATL3 GMPS GPN2 GPN3 GUCD1 HENMT1 HIKESHI HSPBAP1 ISG20 JOSD1 JOSD2 LCMT2 MBLAC1 METTL2A METTL2B METTL8 MGME1 MKRN2OS MMACHC MOCS3 MRPL44 MTERF1 MTERF2 MUS81 MUTYH NAA60 NABP2 NEIL2 NEURL2 NHLRC1 NICN1 NIP7 NME9 NMRK2 NUDT17 NUDT18 NUDT21 NUDT22 NXNL1 OTULIN OVCA2 PARP11 PIF1 PIGH PLAAT1 PLAAT3 PLAAT4 PLD6 POLB POLD2 POLL POLR1C PPIL6 PRKAG1 PRMT6 PRMT8 PSMG1 PSMG2 PSMG3 PTP4A2 PTP4A3 PUS1 PUS10 PUS3 RAD51C RANGRF RCC2 RIOX1 RNASEH2A RNLS RPP14 RPP30 RPP40 RPUSD2 RRM1 RRM2 RWDD2A RWDD2B RWDD3 SCP2D1 SENP8 SNUPN SPRYD7 STN1 STYXL1 SWSAP1 TEPP THTPA THUMPD2 TK1 TMEM222 TOMM40 TOMM40L TP53RK TPRKB TREX1 TRMT1 TRMT11 TRMT12 TRMT44 TRMT5 TWNK TYMS TYW5 UBA5 UBLCP1 UCHL3 UFSP1 UNG XRCC2 XRCC3 YAE1 ZBTB8OS,
95,tetraspanin-enriched microdomain,CD151 CD37 CD53 CD63 CD81 CD82 CD9 TSPAN1 TSPAN11 TSPAN12 TSPAN13 TSPAN14 TSPAN15 TSPAN16 TSPAN17 TSPAN18 TSPAN19 TSPAN2 TSPAN3 TSPAN31 TSPAN32 TSPAN33 TSPAN4 TSPAN5 TSPAN8 TSPAN9 UPK1A UPK1B,
271,transcription elongation factor complex,AFF1 AFF3 AFF4 ATXN7 ATXN7L1 BAHCC1 CAMTA1 CAPRIN2 CCNT2 CNOT3 CRAMP1 DAB1 DOT1L EPN3 FAM193A FAM193B GPBP1 GPBP1L1 INTS12 IRS1 MED1 NELFA NFRKB NUMBL PER1 PER2 PER3 PICALM REPS1 SECISBP2L SMARCC2 SNAP91 SYNRG TET1 UBN1 ZCCHC14 ZCCHC2 ZMYND8 ZNF541,
239,transcription regulator inhibitor activity,ASCL2 BHLHA15 HES4 HES5 ID1 ID2 ID3 ID4 TCF15 TCF23 TCF24,
243,"translation factor activity, RNA binding",ATOX1 CYCS DBI DDTL DYNLL1 EEF1B2 EEF1D EIF1 EIF1B EIF5A EIF5A2 EIF5AL1 FKBP1A FTH1 FTL HSPE1 IMP3 MIF NACA NCBP2AS2 NME1 NME2 POP7 SELENOH SELENOW TOMM22 TPT1 TXN TXNDC17 UQCRHL ZNF593,
445,translation initiation factor activity,ACBD6 BAG1 BCAS2 C14orf119 C1D C2orf80 CDC37 DCTN2 DENR DFFA DR1 EIF1AD EIF2S2 EIF5B FKBPL LSM12 MCUR1 MED22 MED31 MED6 MZT1 OIP5 PDCD10 POLR2D PRPF18 RWDD4 SEC62 SSRP1 THOC7 TMEM98 TSEN34 TTC1 VHLL WASHC3 ZC3H8,
192,translation repressor activity,ANKRD10 ANKRD40 CBFA2T3 CPEB2 CPEB3 CPEB4 FAM222A GTF2A1L HIF1A HMBOX1 INO80E LDB1 LDB2 MLXIP MLXIPL PCED1A PCED1B PTOV1 RCOR3 SAMD4A SMARCD1 SMARCD2 UBAP1 ZNF750,
182,transmembrane receptor protein phosphatase activity,A2M A2ML1 ASTN1 ASTN2 BOC BRINP1 C3 C4A C4B C5 CACNA2D1 CD109 CDON COL20A1 DPP6 FNDC3A FNDC7 IGDCC3 IGDCC4 IGLON5 IGSF21 IGSF9 KIRREL1 LRP12 MDGA1 NETO1 NETO2 NOMO1 NOMO2 NOMO3 NRG1 NRG2 NRG3 NUP210 NUP210L PRTG PTK7 PTPRG PTPRJ PTPRK PTPRM PTPRO PTPRU PZP RNF150 ROBO3 SGCB SGCD SGCG SGCZ SHISA6 SHISA9 SMCHD1 TMEM132B TMEM132C TMEM132D TMEM132E TPP2 UNC5A UNC5B UNC5C UNC5D,
229,transmembrane receptor protein tyrosine kinase activator activity,AREG BTC CD164L2 EPGN EREG FXYD1 FXYD3 FXYD4 FXYD6 HBEGF IGFLR1 JTB NPDC1 PRIMA1 PTTG1IP RAMP1 RAMP2 RAMP3 SPINT2 TMEM81 TNFRSF12A TP53I13,
11,transmitter-gated channel activity,CHRFAM7A CHRNA1 CHRNA10 CHRNA2 CHRNA3 CHRNA4 CHRNA5 CHRNA6 CHRNA7 CHRNA9 CHRNB1 CHRNB2 CHRNB3 CHRNB4 CHRND CHRNE CHRNG GABRA1 GABRA2 GABRA4 GABRA5 GABRA6 GABRB1 GABRB2 GABRB3 GABRD GABRG1 GABRG2 GABRG3 GABRP GABRR1 GABRR2 GABRR3 GLRA1 GLRA3 GLRB HTR3A HTR3B HTR3C HTR3D HTR3E ZACN,
326,troponin complex,POLR3G SELENOK STMN1 STMN2 STMN3 STMN4 TNNI1 TNNI2 TNNI3 TNNT1 TNNT2 TNNT3 TPD52L1,
398,ubiquitin conjugating enzyme binding,ABRAXAS1 ANKLE1 ARFGAP1 ARFGAP2 ARIH2 ATG14 BRAP BRD9 CPSF4 DCTN4 DCUN1D3 DEF8 DEPDC1B FAM114A1 FAM76A FAM76B G2E3 GTF3C5 HECA KANSL2 KCMF1 KDM4D MAPRE1 MKRN1 MKRN2 OSBP PCGF1 PCGF3 PHF10 PHF11 PIP4P1 PIP4P2 PRKN RALBP1 RBCK1 RBM11 RCHY1 RNF11 RNF114 RNF115 RNF125 RNF126 RNF138 RNF144B RNF166 RNF2 RNF212B RNF8 SIAH1 SIAH2 SINHCAF SPATC1L SPRTN TRAFD1 UBXN7 UPF2 USP22 VPS37A XAF1 XRCC4 ZFAND1 ZFAND2A ZFAND2B ZMAT3 ZMAT4 ZNF277 ZNF330 ZNF346 ZNRF1 ZUP1,
312,ubiquitin ligase complex scaffold activity,AP1G2 AP5Z1 ARMC12 ATP6V1H ATRIP ATXN10 BBS9 CUL1 CUL2 CUL3 CUL5 GSAP HEATR3 HERC4 NCDN NELFCD ORC5 PPP4R3A PSMD5 RAP1GDS1 RIC8B SAAL1 SMPD4 STK36 STKLD1 TELO2 TMCO6 TMEM214 TTC12 TTC24 TTI2 VPS35 WDR97,
82,ubiquitin-dependent protein catabolic process via the C-end degron rule pathway,ANKEF1 ANKRD1 ANKRD2 ANKRD23 ANKRD50 ANKRD53 ANKRD54 ANKRD6 ANKRD66 FEM1A FEM1B FEM1C MIB1 MIB2 NFKB1 NFKB2 OSTF1 PPP1R16A PPP1R16B TNKS2 TNNI3K,
79,ubiquitin-like protein conjugating enzyme activity,AKTIP CDC34 UBE2B UBE2C UBE2D1 UBE2D2 UBE2D3 UBE2D4 UBE2E1 UBE2E2 UBE2E3 UBE2F UBE2G1 UBE2G2 UBE2H UBE2I UBE2J1 UBE2J2 UBE2K UBE2L3 UBE2L5 UBE2L6 UBE2M UBE2N UBE2QL1 UBE2R2 UBE2S UBE2T UBE2U UBE2V1 UBE2V2 UBE2W UFC1,
311,vesicle tethering complex,AGO4 ANAPC2 API5 AREL1 ATG5 AVIL CAPG CDAN1 COG7 COG8 CTNNBL1 EXOC3L1 EXOC3L2 EXOC3L4 GSN KIFAP3 LINS1 MYBBP1A NCBP1 NELFB NIBAN3 PDE2A PDE5A PDE6A PDE6B PDE6C PIDD1 PPEF2 RMDN3 RRN3 RRP12 SF3B1 THOC1 TNFAIP2 TUBGCP2 TUBGCP3 TUBGCP4 TUBGCP5 VPS51 VPS52 WDR93,
316,vesicle tethering complex,AQR COG1 COG2 EXOC2 EXOC3 EXOC4 EXOC5 EXOC7 HACE1 HEATR6 PPP2R5B RANGAP1 VPS35L ZW10,
317,vesicle tethering complex,AP2A2 AP3B1 AP3B2 AP3D1 AP4E1 ARMC3 ARMH1 ARMH3 CDK5RAP3 COG3 COG5 COG6 CTNNAL1 DYM EFR3B EXOC1 EXOC6 EXOC6B INTS3 NAA35 PDE10A PDE7B PHKB PLCD3 PPP6R1 PPP6R2 PPP6R3 RELCH RINT1 RNF123 SCAI STRIP1 STRIP2 SYMPK TBCK TIMELESS TRAPPC9 TRPC4AP UBE3B UBE3C UBE4A UBE4B ULK4 VAC14 VPS50 VPS54 WASHC4 WASHC5 ZNFX1,
279,viral translational frameshifting,AKIP1 BCL2L15 C12orf60 C17orf98 CAV1 CAV2 CAV3 CNFN CYSRT1 GRAMD2A IFITM10 LEMD1 MARCKSL1 MDFI MDFIC MDFIC2 MINAR2 MUSTN1 OAZ1 OAZ2 OAZ3 PDE6G PLAC8L1 REP15 RNF152 RNF182 RNF183 RNF186 RNF222 RNF223 RNF224 RNF225 SMCO1 SPRY1 SPRY2 SPRY4 SYNDIG1 SYNDIG1L TMEM169 TMEM265 TMIE TRARG1 TSLP,
133,voltage-gated potassium channel activity,ATG9A ATG9B BVES CATSPER2 CATSPER4 HCN2 HCN3 KCNA1 KCNA10 KCNA2 KCNA3 KCNA4 KCNA5 KCNA6 KCNA7 KCNC1 KCNC3 KCNC4 KCNF1 KCNG1 KCNG2 KCNG3 KCNG4 KCNK10 KCNK2 KCNN1 KCNQ4 KCNS1 KCNS2 KCNS3 KCNV1 KCNV2 PKD2 POPDC3 TPCN1 XKR6,
135,voltage-gated potassium channel activity,ANO8 CNNM4 GPR158 HCN1 KCNB1 KCNB2 KCNC2 KCND3 KCNH1 KCNH2 KCNH3 KCNH4 KCNH5 KCNH6 KCNH7 KCNH8 KCNN2 KCNQ1 KCNQ2 KCNQ3 KCNQ5,
99,voltage-gated sodium channel activity,CACNA1A CACNA1B CACNA1D CACNA1G CACNA1H CACNA1I CACNA1S NALCN SCN10A SCN11A SCN1A SCN2A SCN3A SCN4A SCN5A SCN7A SCN8A SCN9A,
50,water channel activity,AQP1 AQP10 AQP2 AQP3 AQP4 AQP5 AQP6 AQP7 AQP8 AQP9 MIP RHAG RHBG RHCE RHCG RHD,
148,zinc ion transmembrane transport,ANKH LPCAT3 NIPA2 NIPAL1 NIPAL4 SEC61A2 SLC10A6 SLC15A5 SLC23A3 SLC30A1 SLC30A10 SLC30A2 SLC30A3 SLC30A4 SLC30A5 SLC30A7 SLC30A8 SLC35F1 SLC35F2 SLC35F3 SLC35F5 SLC35G1 SLC39A1 SLC39A10 SLC39A11 SLC39A12 SLC39A13 SLC39A14 SLC39A2 SLC39A3 SLC39A4 SLC39A5 SLC39A6 SLC39A7 SLC39A8 SLC39A9 SLC41A3 SLC8B1 STEAP2 STEAP3 STEAP4 TMCO3 TMEM104 TMEM163 TMEM165 TMEM237 VMP1,
118,zymogen activation,C1R C1RL C1S C2 C6 C8A C8B CFB CFI F10 F11 F12 F2 F7 HABP2 HGF HGFAC HP HPN HPR KLKB1 MASP1 MASP2 MST1 OVCH2 PAMR1 PLAT PLAU PLG PROC PROZ PRSS36 PRSS53 PRSS56 ST14 TINAG TMPRSS13 TMPRSS15 TMPRSS2 TMPRSS3 TMPRSS4 TMPRSS5 TMPRSS6 TMPRSS7 TMPRSS9,
