,gene_symbol,UMAP 0,UMAP 1,hdbscan_filled_cluster
0,A1BG,16.121213912963867,33.32688903808594,223
1,A1CF,-20.499162673950195,11.073771476745605,264
2,A2M,50.52017593383789,-13.308218955993652,182
3,A2ML1,50.449684143066406,-13.3267183303833,182
4,A3GALT2,74.24874114990234,-4.674803733825684,205
5,A4GALT,74.85360717773438,-4.52088737487793,205
6,A4GNT,74.03365325927734,-4.919915199279785,205
7,AAAS,52.36729049682617,23.491100311279297,70
8,AACS,65.95144653320312,3.112323045730591,358
9,AADAC,63.00675582885742,-2.4673032760620117,212
10,AADACL2,62.84818649291992,-2.5238747596740723,212
11,AADACL3,58.77525329589844,0.08996859192848206,288
12,AADACL4,58.330013275146484,-0.12617456912994385,288
13,AADAT,63.76743698120117,3.5964901447296143,358
14,AAGAB,33.89680862426758,4.5339155197143555,443
15,AAMDC,54.651390075683594,10.339141845703125,196
16,AAMP,52.03898620605469,23.044736862182617,70
17,AANAT,45.70036697387695,7.305717468261719,436
18,AAR2,35.90182876586914,3.845400810241699,438
19,AARD,21.341415405273438,13.86641788482666,343
20,AARS2,45.239601135253906,-0.22180280089378357,208
21,AARSD1,50.57550048828125,5.6269073486328125,439
22,AASDH,37.172733306884766,1.297938346862793,432
23,AASDHPPT,42.647132873535156,7.156952857971191,436
24,AASS,64.33950805664062,3.808323860168457,358
25,AATF,36.152610778808594,12.76623821258545,371
26,AATK,2.2309961318969727,3.2220921516418457,407
27,ABAT,65.80628204345703,3.6866774559020996,358
28,ABCA1,38.44255447387695,-20.86924171447754,114
29,ABCA10,38.258583068847656,-22.907270431518555,114
30,ABCA12,37.46166229248047,-21.251218795776367,114
31,ABCA2,37.478519439697266,-20.47011947631836,112
32,ABCA3,38.03275680541992,-22.62430191040039,114
33,ABCA4,37.50942611694336,-21.461652755737305,114
34,ABCA5,37.9401969909668,-22.781452178955078,114
35,ABCA6,38.74134826660156,-22.751216888427734,114
36,ABCA7,37.165992736816406,-21.187774658203125,115
37,ABCA8,38.480712890625,-22.86182403564453,114
38,ABCA9,38.70438766479492,-22.73483657836914,114
39,ABCB1,37.79375076293945,-22.532367706298828,114
40,ABCB10,34.442787170410156,-18.213476181030273,130
41,ABCB11,37.981563568115234,-22.287948608398438,114
42,ABCB4,37.84196472167969,-22.407127380371094,114
43,ABCB5,38.20877456665039,-22.46489906311035,114
44,ABCB6,33.22407913208008,-18.864912033081055,130
45,ABCB8,33.870182037353516,-18.30769157409668,130
46,ABCB9,32.957916259765625,-19.15184211730957,130
47,ABCC1,37.87506103515625,-22.546842575073242,114
48,ABCC10,35.497982025146484,-20.018178939819336,115
49,ABCC11,37.937477111816406,-22.581134796142578,114
50,ABCC12,37.90983200073242,-22.343050003051758,114
51,ABCC2,38.41950988769531,-22.62410545349121,114
52,ABCC3,37.96577453613281,-22.487483978271484,114
53,ABCC4,37.452823638916016,-22.65386962890625,114
54,ABCC5,37.69150924682617,-22.549713134765625,114
55,ABCC6,38.052001953125,-22.423828125,114
56,ABCC8,36.88728332519531,-22.243745803833008,114
57,ABCC9,38.241050720214844,-22.421201705932617,114
58,ABCD2,36.772987365722656,-20.84966468811035,115
59,ABCD3,35.600276947021484,-20.388620376586914,115
60,ABCD4,30.763700485229492,-20.152610778808594,131
61,ABCE1,40.231563568115234,5.5376505851745605,432
62,ABCF1,35.17471694946289,11.6399564743042,369
63,ABCF2,39.767921447753906,5.191408634185791,432
64,ABCF3,40.7639274597168,4.837517738342285,432
65,ABCG1,30.209558486938477,-22.694414138793945,131
66,ABCG2,30.882404327392578,-22.39227867126465,131
67,ABCG4,31.25834083557129,-21.983566284179688,131
68,ABCG5,31.009300231933594,-22.042646408081055,131
69,ABCG8,33.12584686279297,-21.907258987426758,117
70,ABHD1,57.045379638671875,0.24393439292907715,288
71,ABHD10,57.22763442993164,9.453828811645508,327
72,ABHD11,57.78297805786133,5.6951093673706055,349
73,ABHD12,54.50462341308594,2.4057090282440186,292
74,ABHD12B,53.946197509765625,3.202852964401245,302
75,ABHD13,50.809146881103516,0.72843337059021,296
76,ABHD14A,66.23552703857422,-3.665414810180664,212
77,ABHD14B,54.171627044677734,6.5114898681640625,453
78,ABHD15,50.63117599487305,0.42429688572883606,296
79,ABHD16A,53.98094177246094,0.7229240536689758,270
80,ABHD16B,57.00558090209961,-0.9510871767997742,291
81,ABHD17A,28.084592819213867,5.873790740966797,394
82,ABHD17B,47.70341110229492,1.0608042478561401,423
83,ABHD17C,27.233118057250977,5.993875503540039,394
84,ABHD18,47.678836822509766,1.1368166208267212,423
85,ABHD2,57.76998519897461,0.050519075244665146,288
86,ABHD3,53.39228057861328,1.020208477973938,270
87,ABHD4,53.98041534423828,1.199637770652771,291
88,ABHD5,54.52300262451172,0.6140893697738647,291
89,ABHD6,55.836326599121094,0.761605441570282,291
90,ABHD8,20.847475051879883,5.495543003082275,373
91,ABI1,-1.7158747911453247,4.229389190673828,299
92,ABI2,-3.3331797122955322,4.786367416381836,299
93,ABI3,-0.24621397256851196,3.5508944988250732,399
94,ABI3BP,63.411380767822266,-13.251132011413574,202
95,ABITRAM,44.052894592285156,8.689906120300293,436
96,ABL1,2.6211917400360107,3.2280023097991943,407
97,ABL2,3.519416093826294,3.1439931392669678,407
98,ABLIM1,3.2747738361358643,0.5927215218544006,389
99,ABLIM2,5.289601802825928,0.757899284362793,389
100,ABLIM3,4.782575607299805,0.8952957391738892,389
101,ABO,74.52288818359375,-4.54406213760376,205
102,ABR,12.712961196899414,-1.1550687551498413,375
103,ABRA,10.961084365844727,12.870594024658203,330
104,ABRACL,45.584896087646484,14.783071517944336,321
105,ABRAXAS1,21.66088104248047,8.204708099365234,398
106,ABRAXAS2,23.08860969543457,7.4341607093811035,397
107,ABT1,42.52143859863281,10.899744033813477,347
108,ABTB1,35.85746765136719,2.4806859493255615,438
109,ABTB2,19.015897750854492,-0.4870927333831787,376
110,ACAA1,67.08368682861328,5.63374662399292,356
111,ACAA2,68.63976287841797,6.04263162612915,356
112,ACACA,14.227800369262695,-7.314825534820557,277
113,ACACB,65.48969268798828,3.201714277267456,358
114,ACAD10,59.058536529541016,3.5056424140930176,349
115,ACAD11,59.140228271484375,3.22941517829895,349
116,ACAD8,68.07439422607422,5.7563910484313965,356
117,ACAD9,68.41092681884766,5.60482931137085,356
118,ACADL,68.39013671875,5.8049116134643555,356
119,ACADM,70.46688842773438,6.558004856109619,356
120,ACADS,68.12096405029297,5.919142246246338,356
121,ACADSB,69.69575500488281,5.879333019256592,356
122,ACADVL,68.9825210571289,5.863382339477539,356
123,ACAN,61.20596694946289,-13.63158130645752,197
124,ACAP1,13.031135559082031,-0.11607945710420609,415
125,ACAP2,14.165369033813477,-0.22473125159740448,415
126,ACAP3,13.092697143554688,0.3561978042125702,415
127,ACAT1,68.61703491210938,6.373443603515625,356
128,ACAT2,66.6329574584961,6.083099842071533,356
129,ACBD3,28.78268814086914,12.876055717468262,442
130,ACBD4,15.600865364074707,12.456305503845215,341
131,ACBD5,21.29646110534668,4.590099334716797,373
132,ACBD6,33.401771545410156,12.375208854675293,445
133,ACBD7,42.970951080322266,13.282878875732422,347
134,ACCS,57.321250915527344,2.1592354774475098,292
135,ACCSL,62.87806701660156,3.0104615688323975,358
136,ACD,16.235855102539062,14.195443153381348,339
137,ACE,61.9347038269043,-4.350059986114502,212
138,ACER1,11.938796043395996,-24.332368850708008,157
139,ACER2,12.459078788757324,-24.253368377685547,157
140,ACER3,12.714940071105957,-24.16710090637207,157
141,ACHE,64.07073211669922,-3.7015113830566406,212
142,ACIN1,-17.990001678466797,4.885682582855225,165
143,ACKR1,-108.23477172851562,-19.249910354614258,14
144,ACKR2,-109.98770141601562,-18.814287185668945,14
145,ACKR3,-107.27727508544922,-18.742759704589844,14
146,ACKR4,-110.42022705078125,-18.57356834411621,14
147,ACLY,67.78378295898438,4.793245792388916,356
148,ACMSD,64.83352661132812,4.181614398956299,358
149,ACO1,66.84171295166016,4.28912878036499,357
150,ACO2,69.27925872802734,5.4553751945495605,356
151,ACOD1,60.048465728759766,4.224210262298584,349
152,ACOT1,58.20405578613281,1.9706670045852661,348
153,ACOT11,57.46869659423828,3.4427268505096436,348
154,ACOT12,63.09439468383789,3.646263837814331,358
155,ACOT13,57.980472564697266,7.570133209228516,349
156,ACOT2,58.72457504272461,1.960904598236084,348
157,ACOT4,58.352134704589844,2.1744656562805176,348
158,ACOT6,59.303409576416016,2.2075984477996826,349
159,ACOT7,64.08758544921875,6.385412216186523,293
160,ACOT8,48.785091400146484,6.413238525390625,456
161,ACOX1,65.11213684082031,2.9992055892944336,358
162,ACOX2,64.94244384765625,3.6752333641052246,358
163,ACOX3,65.7449951171875,3.647829294204712,358
164,ACOXL,65.63790130615234,3.8692233562469482,358
165,ACP1,44.192073822021484,9.560687065124512,436
166,ACP2,62.54192352294922,-5.439590930938721,212
167,ACP4,64.54450225830078,-5.562021255493164,212
168,ACP5,65.35517120361328,-6.158944606781006,212
169,ACP6,58.85969924926758,0.170067697763443,288
170,ACP7,64.22222900390625,-6.56563663482666,212
171,ACR,70.8326416015625,-22.231365203857422,119
172,ACRBP,71.1377182006836,-12.645293235778809,218
173,ACRV1,4.299385070800781,18.01279067993164,275
174,ACSBG1,66.73957824707031,3.4840941429138184,358
175,ACSBG2,67.61917877197266,3.286804437637329,358
176,ACSF2,67.25425720214844,3.6111791133880615,358
177,ACSF3,58.45845031738281,4.730243682861328,349
178,ACSL1,66.93832397460938,2.660249948501587,358
179,ACSL3,67.1667709350586,3.113560199737549,358
180,ACSL5,67.19871520996094,2.9328153133392334,358
181,ACSL6,66.42236328125,2.9977500438690186,358
182,ACSM1,70.73541259765625,3.1752660274505615,189
183,ACSM2A,70.70879364013672,3.365722894668579,189
184,ACSM2B,70.7094955444336,3.4185092449188232,189
185,ACSM3,70.83613586425781,3.1660242080688477,189
186,ACSM4,70.53194427490234,3.1979219913482666,189
187,ACSM5,69.97815704345703,3.4082705974578857,189
188,ACSM6,71.03748321533203,3.0488815307617188,189
189,ACSS1,66.41312408447266,3.1390485763549805,358
190,ACSS2,67.1515884399414,3.314087152481079,358
191,ACSS3,67.656982421875,3.5966086387634277,358
192,ACTA1,89.03593444824219,10.010250091552734,72
193,ACTA2,88.85680389404297,9.719209671020508,72
194,ACTB,88.67278289794922,9.945337295532227,72
195,ACTBL2,88.4468994140625,9.770427703857422,72
196,ACTC1,89.10636138916016,9.996376991271973,72
197,ACTG1,87.83557891845703,9.831222534179688,72
198,ACTG2,88.81874084472656,10.364853858947754,72
199,ACTL10,83.39070129394531,8.6806640625,75
200,ACTL6A,46.581390380859375,2.734546184539795,424
201,ACTL6B,47.28973388671875,2.452731132507324,424
202,ACTL7A,84.33668518066406,8.85680103302002,75
203,ACTL7B,84.70210266113281,8.928884506225586,75
204,ACTL8,84.74337768554688,8.607778549194336,75
205,ACTL9,84.23933410644531,9.119853973388672,75
206,ACTN1,8.380802154541016,-9.747725486755371,102
207,ACTN2,8.929603576660156,-9.613542556762695,102
208,ACTN3,8.492527961730957,-9.794281959533691,102
209,ACTN4,8.66684341430664,-9.657974243164062,102
210,ACTR10,47.03297805786133,2.6629886627197266,424
211,ACTR1A,47.7964973449707,2.658313751220703,423
212,ACTR1B,47.18427658081055,3.033073902130127,424
213,ACTR2,47.87284469604492,2.59081768989563,423
214,ACTR3,46.588714599609375,2.915411949157715,424
215,ACTR3B,48.8529052734375,2.936797618865967,423
216,ACTR3C,49.53934097290039,3.2062363624572754,423
217,ACTR5,42.70466995239258,3.88959002494812,429
218,ACTR6,47.279537200927734,2.6910057067871094,424
219,ACTR8,44.371055603027344,3.3337130546569824,435
220,ACTRT2,84.59559631347656,8.878535270690918,75
221,ACTRT3,84.35298919677734,8.909940719604492,75
222,ACVR1,66.36021423339844,33.42832946777344,65
223,ACVR1B,66.51649475097656,33.38660430908203,65
224,ACVR1C,67.03555297851562,33.08233642578125,65
225,ACVR2A,66.44206237792969,33.39511489868164,65
226,ACVR2B,66.78672790527344,32.97816467285156,65
227,ACVRL1,66.63043975830078,33.28264617919922,65
228,ACY1,60.41470718383789,4.206298351287842,349
229,ACY3,56.589900970458984,4.576746463775635,349
230,ACYP1,49.95792007446289,10.24190616607666,431
231,ACYP2,52.46630096435547,9.499224662780762,353
232,ADA,62.831092834472656,5.430278301239014,355
233,ADA2,63.30758285522461,-5.460367202758789,212
234,ADAD1,32.66826248168945,5.278844356536865,443
235,ADAD2,14.025626182556152,6.698265552520752,381
236,ADAL,50.55742645263672,6.23331356048584,457
237,ADAM10,58.68253707885742,-13.065727233886719,187
238,ADAM11,59.50767135620117,-15.066895484924316,197
239,ADAM12,60.9801139831543,-15.475708961486816,197
240,ADAM15,60.61137771606445,-15.455156326293945,197
241,ADAM17,59.511444091796875,-13.308466911315918,197
242,ADAM18,59.37101364135742,-15.505326271057129,197
243,ADAM19,60.202362060546875,-15.38620376586914,197
244,ADAM2,59.3715934753418,-15.585977554321289,197
245,ADAM20,59.32248306274414,-15.585260391235352,197
246,ADAM21,59.37751770019531,-15.63683032989502,197
247,ADAM22,57.79608917236328,-14.447270393371582,197
248,ADAM23,58.76942443847656,-14.521768569946289,197
249,ADAM28,59.843597412109375,-15.181937217712402,197
250,ADAM29,59.27245330810547,-15.839293479919434,197
251,ADAM30,59.617919921875,-15.676419258117676,197
252,ADAM32,58.962642669677734,-15.294047355651855,197
253,ADAM33,60.32060241699219,-15.22689437866211,197
254,ADAM7,59.02842330932617,-15.274682998657227,197
255,ADAM8,59.80147933959961,-15.295915603637695,197
256,ADAM9,59.98248291015625,-15.156595230102539,197
257,ADAMDEC1,60.713226318359375,-14.333681106567383,197
258,ADAMTS1,62.06590270996094,-15.17529582977295,197
259,ADAMTS10,60.51760482788086,-15.548154830932617,197
260,ADAMTS12,60.4719123840332,-15.966849327087402,197
261,ADAMTS13,60.379024505615234,-15.48652458190918,197
262,ADAMTS14,60.22809600830078,-15.867539405822754,197
263,ADAMTS15,61.21406555175781,-15.279606819152832,197
264,ADAMTS16,60.890377044677734,-15.761012077331543,197
265,ADAMTS17,61.33345413208008,-15.586679458618164,197
266,ADAMTS18,60.90562438964844,-15.791306495666504,197
267,ADAMTS19,61.678367614746094,-15.742464065551758,197
268,ADAMTS2,60.75075149536133,-15.538187980651855,197
269,ADAMTS20,60.805362701416016,-16.393047332763672,197
270,ADAMTS3,61.28369903564453,-15.404892921447754,197
271,ADAMTS4,63.75990676879883,-14.04487133026123,197
272,ADAMTS5,62.25503921508789,-15.041651725769043,197
273,ADAMTS6,61.2208366394043,-15.96455192565918,197
274,ADAMTS7,60.103206634521484,-16.025915145874023,197
275,ADAMTS8,61.65829086303711,-15.355719566345215,197
276,ADAMTS9,60.53009796142578,-16.246896743774414,197
277,ADAMTSL1,60.94432830810547,-16.37967300415039,197
278,ADAMTSL2,61.894630432128906,-15.693093299865723,197
279,ADAMTSL3,60.72610092163086,-16.168087005615234,197
280,ADAMTSL4,62.76186752319336,-15.574667930603027,197
281,ADAMTSL5,66.15379333496094,-13.714865684509277,198
282,ADAP1,21.810741424560547,1.8151787519454956,400
283,ADAP2,18.850269317626953,1.8888359069824219,418
284,ADAR,17.07398223876953,5.581653594970703,380
285,ADARB1,19.717304229736328,5.752807140350342,372
286,ADARB2,24.251493453979492,5.66780948638916,421
287,ADAT1,38.31511688232422,6.478507995605469,426
288,ADAT2,47.7804069519043,7.124819278717041,433
289,ADAT3,47.2173957824707,5.518240928649902,419
290,ADCK1,51.46855163574219,3.9277727603912354,439
291,ADCK2,50.468666076660156,4.321450710296631,414
292,ADCK5,52.033538818359375,3.8760123252868652,302
293,ADCY10,17.548730850219727,-3.9294326305389404,368
294,ADCY2,32.612213134765625,-19.01078987121582,130
295,ADCY3,33.48530960083008,-19.030847549438477,130
296,ADCY4,33.38053512573242,-18.94900131225586,130
297,ADCY5,32.62652587890625,-18.915884017944336,130
298,ADCY6,32.900299072265625,-18.734006881713867,130
299,ADCY7,33.09284591674805,-18.924997329711914,130
300,ADCY8,32.702030181884766,-18.91006851196289,130
301,ADCY9,32.15113067626953,-18.798582077026367,130
302,ADCYAP1,91.8384780883789,-16.576026916503906,107
303,ADCYAP1R1,33.67544174194336,-23.32288932800293,117
304,ADD1,11.364800453186035,0.28999340534210205,374
305,ADD2,13.714759826660156,0.11996275931596756,415
306,ADD3,13.080824851989746,0.3393329381942749,415
307,ADGB,-5.7149810791015625,-0.5344008207321167,257
308,ADGRA1,23.314712524414062,-16.438549041748047,124
309,ADGRA2,46.05849838256836,-17.950916290283203,181
310,ADGRA3,46.719051361083984,-18.049598693847656,181
311,ADGRB1,38.69919204711914,-18.791719436645508,112
312,ADGRB2,38.875999450683594,-19.248411178588867,112
313,ADGRB3,39.9720458984375,-18.363313674926758,112
314,ADGRD1,34.353431701660156,-22.724632263183594,116
315,ADGRD2,35.063846588134766,-22.071861267089844,116
316,ADGRE1,35.260704040527344,-22.62920570373535,116
317,ADGRE2,35.06064224243164,-22.533950805664062,116
318,ADGRE3,35.13286209106445,-22.546932220458984,116
319,ADGRE5,35.47520065307617,-22.500123977661133,116
320,ADGRF1,34.951133728027344,-22.781774520874023,116
321,ADGRF3,35.907222747802734,-21.908279418945312,116
322,ADGRF4,35.1464729309082,-22.441017150878906,116
323,ADGRF5,35.63304138183594,-22.74908447265625,116
324,ADGRG1,34.59842300415039,-22.500104904174805,116
325,ADGRG3,33.70414352416992,-22.22614860534668,116
326,ADGRG5,34.87081527709961,-22.175678253173828,116
327,ADGRG6,35.032875061035156,-22.600849151611328,116
328,ADGRG7,35.67525100708008,-22.87192153930664,116
329,ADGRL1,38.727882385253906,-18.88115119934082,112
330,ADGRL2,39.14328384399414,-18.852123260498047,112
331,ADGRL4,35.277313232421875,-22.737369537353516,116
332,ADH1A,72.0660171508789,3.980440616607666,189
333,ADH1B,72.04718017578125,4.050582408905029,189
334,ADH1C,72.37836456298828,3.982313871383667,189
335,ADH4,72.19974517822266,4.048052787780762,189
336,ADH5,72.71460723876953,3.9806630611419678,189
337,ADH6,71.0645523071289,3.9920146465301514,189
338,ADH7,72.59658813476562,4.10142707824707,189
339,ADHFE1,67.79277038574219,5.381000995635986,356
340,ADI1,53.9253044128418,6.584146499633789,453
341,ADIG,18.943256378173828,21.80584144592285,260
342,ADIPOQ,95.32572937011719,-11.22689151763916,93
343,ADIPOR1,13.947681427001953,-24.11411476135254,158
344,ADIPOR2,13.3921537399292,-24.094303131103516,158
345,ADIRF,23.992050170898438,18.308185577392578,221
346,ADK,55.75978088378906,4.624316215515137,440
347,ADM,85.57734680175781,-15.262263298034668,110
348,ADM2,89.38147735595703,-15.892170906066895,107
349,ADM5,79.34019470214844,-15.870952606201172,200
350,ADNP,-26.789865493774414,9.996427536010742,144
351,ADNP2,-26.28803062438965,9.96755313873291,144
352,ADO,43.57373046875,8.39798355102539,436
353,ADORA1,-104.71865844726562,-18.584848403930664,14
354,ADORA2A,-104.55645751953125,-19.038103103637695,14
355,ADORA2B,-105.10521697998047,-18.644283294677734,14
356,ADORA3,-104.87396240234375,-18.491954803466797,14
357,ADPGK,56.27631759643555,0.1956867128610611,291
358,ADPRH,47.09792709350586,1.707255482673645,424
359,ADPRHL1,2.435795783996582,4.946446418762207,407
360,ADPRM,49.11869812011719,5.7342610359191895,446
361,ADRA1A,-102.98222351074219,-18.649404525756836,14
362,ADRA1B,-103.32957458496094,-18.14653778076172,14
363,ADRA1D,-103.42989349365234,-18.402666091918945,14
364,ADRA2A,-102.61041259765625,-17.949106216430664,14
365,ADRA2B,-102.87324523925781,-17.864498138427734,14
366,ADRA2C,-102.64427185058594,-18.61849021911621,14
367,ADRB1,-103.9717025756836,-18.767459869384766,14
368,ADRB2,-105.08905029296875,-18.395671844482422,14
369,ADRB3,-103.85760498046875,-19.36310577392578,14
370,ADRM1,24.130178451538086,9.969404220581055,390
371,ADSL,65.90403747558594,5.402975082397461,358
372,ADTRP,12.392663955688477,-24.43575096130371,157
373,AEBP1,66.45233917236328,-10.89736557006836,217
374,AEBP2,14.59715461730957,7.98859977722168,359
375,AEN,38.62200164794922,7.635469913482666,426
376,AFAP1,8.597737312316895,1.6449756622314453,365
377,AFAP1L1,10.863921165466309,2.043942928314209,374
378,AFAP1L2,10.768196105957031,1.6875940561294556,374
379,AFDN,4.200058937072754,-0.6765348315238953,389
380,AFF1,-4.244713306427002,6.9247846603393555,271
381,AFF3,-5.372219562530518,6.543473243713379,271
382,AFF4,-6.006760597229004,6.9137349128723145,271
383,AFG1L,55.5816650390625,7.830240726470947,353
384,AFG3L2,44.095489501953125,2.3247034549713135,435
385,AFM,68.54532623291016,-11.198065757751465,217
386,AFMID,56.881534576416016,4.682750701904297,349
387,AFP,68.37348937988281,-11.424966812133789,217
388,AFTPH,2.1294405460357666,6.245203495025635,412
389,AGA,64.23507690429688,-4.712924480438232,212
390,AGAP1,6.15711784362793,-0.03806598111987114,389
391,AGAP2,11.368467330932617,4.738957405090332,381
392,AGAP3,5.725912570953369,0.43283236026763916,389
393,AGAP4,17.514184951782227,1.692129135131836,417
394,AGAP5,17.76189422607422,1.7733964920043945,417
395,AGAP6,17.402063369750977,1.6839418411254883,417
396,AGAP9,19.13528823852539,2.1068286895751953,418
397,AGBL2,16.085718154907227,4.074984073638916,409
398,AGBL3,12.748787879943848,4.092587947845459,381
399,AGBL4,23.869699478149414,0.23770685493946075,305
400,AGBL5,17.557727813720703,4.1734232902526855,409
401,AGER,19.125633239746094,32.54834747314453,227
402,AGFG1,-7.173317909240723,8.180031776428223,272
403,AGFG2,-6.636262893676758,8.143221855163574,272
404,AGGF1,23.63188362121582,9.179204940795898,392
405,AGK,51.7368278503418,3.2134666442871094,302
406,AGL,23.359970092773438,-4.699357509613037,310
407,AGMAT,61.89287567138672,5.3268327713012695,355
408,AGMO,17.374387741088867,-22.747690200805664,162
409,AGO4,27.52802276611328,0.18080049753189087,311
410,AGPAT1,58.447120666503906,0.14702415466308594,288
411,AGPAT2,60.0001335144043,0.18340128660202026,288
412,AGPAT3,56.14495086669922,0.09651322662830353,291
413,AGPAT4,56.272769927978516,-0.12388885766267776,291
414,AGPAT5,54.4951171875,0.3212764859199524,270
415,AGPS,55.83507537841797,2.632397413253784,292
416,AGR2,57.48122787475586,-5.8909478187561035,185
417,AGR3,57.97395324707031,-5.953001499176025,185
418,AGRN,54.37417221069336,-17.83743667602539,168
419,AGRP,90.11103057861328,-16.270511627197266,107
420,AGT,72.97199249267578,-40.88835525512695,55
421,AGTPBP1,19.54461669921875,0.36461031436920166,376
422,AGTR1,-110.53800964355469,-18.786863327026367,14
423,AGTRAP,3.5815443992614746,-21.674789428710938,105
424,AGXT,66.00302124023438,3.446380853652954,358
425,AGXT2,66.31470489501953,3.881803035736084,358
426,AHCTF1,11.988353729248047,-5.245856761932373,177
427,AHCY,68.58049011230469,6.893192768096924,356
428,AHCYL1,67.2529525756836,5.599183559417725,356
429,AHCYL2,64.09166717529297,4.889016151428223,358
430,AHDC1,-7.901223182678223,7.7166290283203125,272
431,AHI1,9.286201477050781,2.572277784347534,362
432,AHR,-6.061699867248535,9.58149242401123,272
433,AHRR,5.342166900634766,8.131839752197266,404
434,AHSA1,39.10997772216797,10.12777328491211,361
435,AHSG,70.24615478515625,-11.978023529052734,218
436,AHSP,21.607934951782227,15.980783462524414,280
437,AICDA,92.72975158691406,4.639206409454346,67
438,AIDA,34.811153411865234,7.877379417419434,369
439,AIF1,-40.76130676269531,-7.357917308807373,44
440,AIF1L,-41.1463508605957,-7.239314556121826,44
441,AIFM2,59.452571868896484,3.689084768295288,349
442,AIFM3,62.141136169433594,4.39217472076416,355
443,AIG1,12.189064025878906,-24.141489028930664,157
444,AIM2,33.61479187011719,0.8342592120170593,337
445,AIMP1,34.00498580932617,12.46318531036377,367
446,AIMP2,43.89070129394531,8.007546424865723,436
447,AIP,31.408676147460938,2.7929108142852783,402
448,AIPL1,29.734230041503906,-0.9564002156257629,306
449,AIRE,13.484237670898438,10.131467819213867,379
450,AJAP1,16.792835235595703,20.76528549194336,260
451,AJM1,3.5368146896362305,10.476462364196777,320
452,AJUBA,13.257145881652832,9.290657997131348,379
453,AK1,49.68600845336914,6.686563968658447,457
454,AK2,53.88658142089844,7.568517208099365,453
455,AK3,53.62843322753906,7.30623722076416,453
456,AK4,53.67034149169922,7.169532299041748,453
457,AK5,34.80219650268555,4.090203285217285,443
458,AK6,49.522850036621094,6.740854740142822,457
459,AK7,-2.2908332347869873,0.15584854781627655,250
460,AK8,28.700008392333984,3.3243908882141113,307
461,AK9,-3.5967047214508057,-0.7012607455253601,254
462,AKAIN1,15.390195846557617,15.8662109375,338
463,AKAP1,5.604557514190674,5.649690628051758,363
464,AKAP10,20.866653442382812,1.4234267473220825,350
465,AKAP11,-2.8248214721679688,5.448812007904053,299
466,AKAP12,11.039384841918945,15.70818042755127,342
467,AKAP3,0.9304803013801575,9.872952461242676,320
468,AKAP5,11.02345085144043,15.88017749786377,342
469,AKAP7,26.768142700195312,9.27737045288086,447
470,AKAP8,-9.452008247375488,6.540897369384766,272
471,AKAP8L,-8.514520645141602,6.443509578704834,272
472,AKIP1,18.212291717529297,18.231210708618164,279
473,AKIRIN1,24.4855899810791,11.845770835876465,351
474,AKIRIN2,21.097980499267578,10.760769844055176,385
475,AKNA,-0.5133531093597412,9.157275199890137,320
476,AKNAD1,0.7500835657119751,6.252681255340576,411
477,AKR1A1,73.70001983642578,2.5555567741394043,113
478,AKR1B1,74.45115661621094,2.3664257526397705,113
479,AKR1B10,74.83265686035156,2.3806040287017822,113
480,AKR1B15,74.69286346435547,2.362020969390869,113
481,AKR1C1,73.59877014160156,2.513047695159912,113
482,AKR1C2,74.29844665527344,2.1240389347076416,113
483,AKR1C3,74.83094787597656,2.4272449016571045,113
484,AKR1C4,75.36113739013672,2.503140449523926,113
485,AKR1D1,73.04705047607422,1.9430137872695923,113
486,AKR1E2,74.31377410888672,2.2951712608337402,113
487,AKR7A2,60.42668151855469,4.720731735229492,349
488,AKR7A3,61.88119888305664,3.9306349754333496,355
489,AKR7L,60.246219635009766,3.2853798866271973,349
490,AKT1,59.36481475830078,36.84840774536133,69
491,AKT1S1,16.715656280517578,14.148579597473145,339
492,AKT2,57.8599739074707,37.09560775756836,69
493,AKT3,58.58110046386719,37.187374114990234,69
494,AKTIP,36.51091384887695,-8.574440956115723,79
495,ALAD,59.45610809326172,4.945775032043457,349
496,ALAS1,65.93972778320312,4.439733982086182,358
497,ALB,68.30389404296875,-11.235925674438477,217
498,ALCAM,47.961116790771484,-14.931979179382324,181
499,ALDH16A1,41.24897003173828,-1.3862674236297607,284
500,ALDH18A1,61.39914321899414,5.146761894226074,355
501,ALDH1A1,69.60429382324219,4.916409492492676,356
502,ALDH1A2,68.38418579101562,5.022966384887695,356
503,ALDH1A3,69.54332733154297,5.248871326446533,356
504,ALDH1B1,69.61786651611328,5.486693382263184,356
505,ALDH1L1,67.48632049560547,4.576385498046875,357
506,ALDH1L2,68.0176010131836,4.028286457061768,357
507,ALDH2,69.45366668701172,5.322924613952637,356
508,ALDH3A1,68.00588989257812,4.125559329986572,357
509,ALDH3A2,67.17780303955078,4.14316463470459,357
510,ALDH3B1,64.5960693359375,4.216461181640625,358
511,ALDH3B2,65.11827850341797,3.8079071044921875,358
512,ALDH4A1,69.31541442871094,5.0668864250183105,356
513,ALDH5A1,69.0947494506836,5.344834327697754,356
514,ALDH6A1,68.65371704101562,4.954901218414307,356
515,ALDH7A1,68.7115707397461,5.107484817504883,356
516,ALDH8A1,68.43606567382812,5.032109260559082,356
517,ALDH9A1,68.4664077758789,5.170261859893799,356
518,ALDOA,69.06509399414062,7.394232749938965,356
519,ALDOB,67.52041625976562,4.153563022613525,357
520,ALDOC,69.60726165771484,7.102015018463135,356
521,ALG1,53.86463928222656,2.3582870960235596,302
522,ALG10,18.08111000061035,-22.470317840576172,160
523,ALG10B,17.055923461914062,-22.682632446289062,162
524,ALG11,52.030029296875,2.3403234481811523,302
525,ALG12,17.84562873840332,-22.036739349365234,160
526,ALG14,54.058345794677734,2.4188218116760254,291
527,ALG1L2,48.387451171875,6.478797435760498,456
528,ALG2,48.34060287475586,3.9315738677978516,423
529,ALG3,16.952903747558594,-23.148231506347656,162
530,ALG5,53.53847122192383,6.789398193359375,453
531,ALG6,18.906864166259766,-22.63486099243164,160
532,ALG8,18.853837966918945,-22.44178009033203,160
533,ALG9,20.747211456298828,-22.05674934387207,129
534,ALK,68.11996459960938,32.524192810058594,64
535,ALKAL1,77.52339935302734,-14.392558097839355,209
536,ALKAL2,75.60682678222656,-12.989689826965332,219
537,ALKBH1,44.72478103637695,4.90875244140625,436
538,ALKBH2,51.21055603027344,7.81202507019043,431
539,ALKBH3,49.185577392578125,5.536989688873291,446
540,ALKBH4,48.70726776123047,6.6996965408325195,456
541,ALKBH5,23.317441940307617,9.179790496826172,392
542,ALKBH6,29.4841251373291,7.6298651695251465,450
543,ALKBH7,56.67190933227539,10.296582221984863,327
544,ALKBH8,41.9742317199707,4.8090362548828125,432
545,ALLC,49.91262435913086,6.6470489501953125,457
546,ALOX12,54.40228271484375,-2.1686108112335205,270
547,ALOX12B,54.76195526123047,-2.6500039100646973,270
548,ALOX15,54.77263641357422,-2.100390672683716,270
549,ALOX15B,55.353057861328125,-2.187594175338745,270
550,ALOX5,55.24951171875,-2.4049010276794434,270
551,ALOX5AP,13.420619010925293,-22.963178634643555,156
552,ALOXE3,54.62002182006836,-2.0966453552246094,270
553,ALPG,64.1996078491211,-5.977616786956787,212
554,ALPI,64.45983123779297,-5.704495906829834,212
555,ALPK1,5.1714653968811035,2.8712496757507324,354
556,ALPK2,0.7871891260147095,5.780247211456299,411
557,ALPK3,6.185135364532471,8.390885353088379,404
558,ALPL,64.55867004394531,-6.0458784103393555,212
559,ALPP,64.09249877929688,-6.691194534301758,212
560,ALS2,19.775726318359375,-1.9868167638778687,376
561,ALS2CL,18.523250579833984,-0.9277792572975159,376
562,ALX1,-22.972858428955078,20.054553985595703,194
563,ALX3,-22.62030601501465,20.775249481201172,194
564,ALX4,-23.639385223388672,20.567169189453125,194
565,ALYREF,-20.7492733001709,7.457784652709961,266
566,AMACR,59.52064895629883,3.9661824703216553,349
567,AMBN,4.166501522064209,19.472110748291016,275
568,AMBP,-10.641310691833496,-16.274085998535156,49
569,AMBRA1,10.4971923828125,2.5628881454467773,378
570,AMD1,46.587738037109375,6.68656063079834,433
571,AMDHD1,61.55257797241211,5.314471244812012,355
572,AMDHD2,59.744075775146484,5.517135143280029,349
573,AMER2,8.273270606994629,12.727508544921875,314
574,AMER3,0.7064683437347412,10.141575813293457,320
575,AMFR,20.034303665161133,-18.23155975341797,128
576,AMH,76.88926696777344,-11.007641792297363,188
577,AMHR2,22.235193252563477,29.41881561279297,233
578,AMIGO1,95.72289276123047,19.30259895324707,84
579,AMIGO2,94.98595428466797,19.544883728027344,84
580,AMIGO3,94.84270477294922,19.633533477783203,84
581,AMMECR1L,25.634056091308594,5.896607875823975,421
582,AMN,62.38063049316406,-11.830830574035645,202
583,AMN1,89.6904067993164,19.804107666015625,86
584,AMOTL1,-1.5177826881408691,-0.4620242416858673,250
585,AMOTL2,-7.10231876373291,-1.91791832447052,257
586,AMPD1,49.412628173828125,-0.30402228236198425,296
587,AMPD2,47.712764739990234,-0.3080759048461914,296
588,AMPD3,49.408870697021484,-0.018685955554246902,296
589,AMPH,9.48154354095459,0.1921139359474182,365
590,AMT,61.28683853149414,5.081095218658447,355
591,AMTN,5.055294513702393,20.89452362060547,154
592,AMY1A,65.2673568725586,-8.350872993469238,211
593,AMY1B,64.4217300415039,-8.609251976013184,211
594,AMY1C,65.63115692138672,-8.539251327514648,211
595,AMY2A,65.57682800292969,-8.72087287902832,211
596,AMY2B,65.08243560791016,-8.562714576721191,211
597,AMZ1,36.90861511230469,5.189136028289795,360
598,AMZ2,38.616695404052734,4.813656330108643,432
599,ANAPC1,16.725984573364258,-7.018603801727295,278
600,ANAPC10,43.02439880371094,7.685669898986816,436
601,ANAPC11,47.20461654663086,14.83028793334961,322
602,ANAPC13,18.909080505371094,16.61237335205078,344
603,ANAPC15,28.813329696655273,14.895888328552246,268
604,ANAPC16,29.52664566040039,11.655298233032227,427
605,ANAPC2,28.251060485839844,-1.3185958862304688,311
606,ANAPC4,31.626943588256836,-1.4588980674743652,336
607,ANAPC5,32.40612030029297,-5.276446342468262,295
608,ANAPC7,33.544918060302734,-5.006246089935303,295
609,ANG,85.30150604248047,-13.487042427062988,110
610,ANGEL1,40.41429138183594,3.1349005699157715,432
611,ANGEL2,32.50849533081055,3.7777740955352783,444
612,ANGPT1,76.816650390625,-11.017041206359863,188
613,ANGPT2,77.04179382324219,-11.07719612121582,188
614,ANGPT4,76.52496337890625,-10.91849422454834,188
615,ANGPTL1,77.0765609741211,-11.176084518432617,188
616,ANGPTL2,75.4858627319336,-10.85571575164795,188
617,ANGPTL3,76.30525970458984,-11.346314430236816,188
618,ANGPTL4,77.36048126220703,-10.731898307800293,188
619,ANGPTL5,76.74614715576172,-11.28571891784668,188
620,ANGPTL6,75.85749053955078,-10.843668937683105,188
621,ANGPTL7,76.36835479736328,-11.203202247619629,188
622,ANGPTL8,29.924413681030273,22.96148681640625,96
623,ANHX,7.939168930053711,15.458880424499512,314
624,ANK1,16.53597068786621,-8.539596557617188,278
625,ANKAR,19.50092315673828,-4.118101596832275,377
626,ANKDD1A,69.6920394897461,24.585311889648438,81
627,ANKDD1B,69.46757507324219,24.53510284423828,81
628,ANKEF1,68.55752563476562,24.12178611755371,82
629,ANKFN1,13.686623573303223,-1.877073884010315,375
630,ANKFY1,69.34921264648438,24.429378509521484,81
631,ANKH,21.763347625732422,-23.814891815185547,148
632,ANKHD1,11.317920684814453,-5.71301794052124,277
633,ANKIB1,13.89134407043457,2.4927451610565186,366
634,ANKK1,69.80516052246094,24.616287231445312,81
635,ANKLE1,21.190513610839844,7.077215194702148,398
636,ANKLE2,11.511007308959961,6.179171562194824,395
637,ANKMY1,18.131393432617188,2.8244035243988037,417
638,ANKMY2,29.976755142211914,0.25790393352508545,306
639,ANKRA2,69.31300354003906,24.43803596496582,81
640,ANKRD1,68.82025909423828,24.289854049682617,82
641,ANKRD10,-4.285908222198486,11.659534454345703,192
642,ANKRD11,-7.905380725860596,5.289302825927734,272
643,ANKRD12,-6.966466903686523,5.204921722412109,272
644,ANKRD13A,16.803874969482422,1.4376635551452637,417
645,ANKRD13B,14.466645240783691,1.5362972021102905,415
646,ANKRD13C,24.874176025390625,4.933159828186035,421
647,ANKRD13D,16.502822875976562,1.2875144481658936,417
648,ANKRD16,69.74085998535156,24.62339973449707,81
649,ANKRD17,11.826239585876465,-5.942896842956543,277
650,ANKRD18A,-20.936847686767578,-5.747878074645996,66
651,ANKRD18B,-22.099781036376953,-6.101853370666504,66
652,ANKRD2,68.76522827148438,24.344453811645508,82
653,ANKRD20A1,-23.15152359008789,-6.136053562164307,66
654,ANKRD22,69.54293060302734,24.40765380859375,81
655,ANKRD23,68.7746353149414,24.295913696289062,82
656,ANKRD24,-13.758530616760254,-3.3426592350006104,259
657,ANKRD26,-21.168039321899414,-5.799130439758301,66
658,ANKRD27,69.11946868896484,24.367469787597656,81
659,ANKRD28,69.98204040527344,24.678314208984375,81
660,ANKRD29,69.64680480957031,24.577392578125,81
661,ANKRD30A,-23.751867294311523,-6.649028778076172,66
662,ANKRD30B,-23.152074813842773,-6.387477874755859,66
663,ANKRD30BL,-24.315673828125,-7.248943328857422,66
664,ANKRD31,0.7403751611709595,5.434397220611572,411
665,ANKRD33,12.805256843566895,14.222208023071289,342
666,ANKRD33B,16.82094383239746,5.538769245147705,380
667,ANKRD34A,8.287332534790039,7.830541610717773,388
668,ANKRD34B,7.569504737854004,7.531940937042236,388
669,ANKRD34C,8.357137680053711,7.7855119705200195,388
670,ANKRD35,-13.70004653930664,-3.6144399642944336,259
671,ANKRD36,-23.718915939331055,-6.62934684753418,66
672,ANKRD36B,-23.436141967773438,-6.53118371963501,66
673,ANKRD36C,-23.52330207824707,-6.572575569152832,66
674,ANKRD37,69.63127899169922,24.545530319213867,81
675,ANKRD39,69.60635375976562,24.87319564819336,81
676,ANKRD40,-3.8509035110473633,11.607701301574707,192
677,ANKRD40CL,21.69672203063965,11.288163185119629,385
678,ANKRD42,69.47969055175781,24.455379486083984,81
679,ANKRD44,69.73655700683594,24.579486846923828,81
680,ANKRD45,31.126909255981445,6.595057010650635,451
681,ANKRD46,69.43773651123047,24.422653198242188,81
682,ANKRD49,69.52291870117188,24.51493263244629,81
683,ANKRD50,68.53064727783203,24.068984985351562,82
684,ANKRD52,69.59736633300781,24.54823112487793,81
685,ANKRD53,68.6698226928711,24.656620025634766,82
686,ANKRD54,68.6594009399414,24.116775512695312,82
687,ANKRD55,69.46646118164062,24.554542541503906,81
688,ANKRD6,68.6987075805664,24.27358627319336,82
689,ANKRD60,27.756532669067383,9.167612075805664,447
690,ANKRD61,69.68479919433594,24.616527557373047,81
691,ANKRD62,-23.2962703704834,-6.162935256958008,66
692,ANKRD63,8.504478454589844,8.025066375732422,388
693,ANKRD65,70.16619873046875,24.623502731323242,81
694,ANKRD66,67.76669311523438,23.62522315979004,82
695,ANKRD7,-24.296234130859375,-6.861423969268799,66
696,ANKRD9,23.922119140625,13.296500205993652,351
697,ANKS1A,8.669705390930176,0.489108681678772,365
698,ANKS1B,6.999822616577148,1.010058045387268,354
699,ANKS3,14.511151313781738,1.5865627527236938,415
700,ANKS4B,11.832557678222656,8.402009010314941,396
701,ANKS6,6.877623081207275,1.9823174476623535,354
702,ANKUB1,10.232928276062012,2.4976065158843994,378
703,ANKZF1,27.66611671447754,4.103618621826172,308
704,ANLN,5.387833118438721,7.431203365325928,405
705,ANO1,28.705442428588867,-22.46274757385254,132
706,ANO10,27.4952449798584,-22.404874801635742,132
707,ANO2,28.64181137084961,-22.32066535949707,132
708,ANO3,29.15454864501953,-22.30853271484375,132
709,ANO4,29.174829483032227,-22.065916061401367,132
710,ANO5,28.264911651611328,-22.39224624633789,132
711,ANO6,28.7559757232666,-22.650096893310547,132
712,ANO7,29.376588821411133,-22.115537643432617,132
713,ANO8,29.566560745239258,-18.5654239654541,135
714,ANO9,28.247756958007812,-22.411212921142578,132
715,ANP32A,30.19692039489746,15.908856391906738,268
716,ANP32B,29.82821273803711,15.919453620910645,268
717,ANP32D,90.999267578125,20.49591064453125,85
718,ANP32E,30.157546997070312,15.8534574508667,268
719,ANPEP,60.551570892333984,-4.464221954345703,214
720,ANTKMT,51.38934326171875,7.968979358673096,431
721,ANTXR1,56.9401969909668,-12.059738159179688,187
722,ANTXR2,57.26524353027344,-11.38733196258545,187
723,ANTXRL,-8.770163536071777,16.81399917602539,237
724,ANXA1,33.75770568847656,-46.81371307373047,38
725,ANXA10,33.770484924316406,-46.85075759887695,38
726,ANXA11,-9.16227912902832,11.05253791809082,272
727,ANXA13,33.36224365234375,-46.808067321777344,38
728,ANXA2,33.25529479980469,-47.299713134765625,38
729,ANXA2R,13.517590522766113,16.608795166015625,333
730,ANXA3,33.83945846557617,-47.21160888671875,38
731,ANXA4,33.28901290893555,-47.122802734375,38
732,ANXA5,33.6171875,-47.382667541503906,38
733,ANXA6,33.66582107543945,-46.62096405029297,38
734,ANXA7,-9.305741310119629,10.850593566894531,272
735,ANXA8,33.20454788208008,-47.24214172363281,38
736,ANXA8L1,33.374881744384766,-46.91737747192383,38
737,ANXA9,33.2991828918457,-47.06259536743164,38
738,AOAH,62.57188034057617,-5.712468147277832,212
739,AOC1,64.08466339111328,-4.8046674728393555,212
740,AOC2,63.51909637451172,-4.680509567260742,212
741,AOC3,63.90292739868164,-5.0001726150512695,212
742,AOPEP,48.79258346557617,-2.222836494445801,170
743,AOX1,67.11605834960938,3.594297409057617,358
744,AP1AR,17.183530807495117,13.173357963562012,339
745,AP1B1,25.99115562438965,-4.6921281814575195,319
746,AP1G1,26.40812873840332,-4.625884056091309,319
747,AP1G2,28.7159423828125,-3.6488149166107178,312
748,AP1M2,39.06841278076172,6.7416181564331055,426
749,AP1S1,44.651123046875,11.79853630065918,304
750,AP1S3,44.657691955566406,11.474930763244629,304
751,AP2A1,25.19861602783203,-4.57311487197876,310
752,AP2A2,24.94420623779297,-4.297295570373535,317
753,AP2B1,26.675451278686523,-4.396561145782471,319
754,AP2M1,38.78019714355469,7.633357048034668,426
755,AP2S1,45.60797882080078,12.071980476379395,304
756,AP3B1,23.905315399169922,-2.9519834518432617,317
757,AP3B2,23.958539962768555,-3.8863697052001953,317
758,AP3D1,24.946144104003906,-3.407630205154419,317
759,AP3M1,37.51583480834961,7.5134687423706055,425
760,AP3M2,37.54130935668945,7.770530700683594,425
761,AP3S1,44.81599426269531,11.491334915161133,304
762,AP3S2,44.47010803222656,11.27361011505127,304
763,AP4B1,27.590137481689453,-3.588524103164673,315
764,AP4E1,24.532100677490234,-4.504580974578857,317
765,AP4M1,39.11881637573242,6.5598931312561035,426
766,AP4S1,44.55073547363281,11.74864387512207,304
767,AP5B1,33.79865646362305,-1.9287418127059937,294
768,AP5M1,41.50593185424805,1.5925886631011963,334
769,AP5S1,41.44894790649414,6.330134868621826,432
770,AP5Z1,29.12746810913086,-2.440735340118408,312
771,APAF1,50.501461029052734,22.533571243286133,70
772,APBA1,12.511604309082031,1.3402973413467407,415
773,APBA2,11.089153289794922,1.3227990865707397,374
774,APBA3,17.594554901123047,2.9957761764526367,408
775,APBB1,12.043055534362793,3.538740396499634,381
776,APBB1IP,0.28280115127563477,2.9738118648529053,399
777,APBB2,6.747193336486816,1.4085423946380615,354
778,APBB3,16.00884246826172,3.033764600753784,413
779,APC,-0.7107658982276917,3.2812883853912354,399
780,APC2,0.2656663656234741,3.2810862064361572,399
781,APCDD1,67.33809661865234,-10.594286918640137,217
782,APCDD1L,67.22078704833984,-9.064793586730957,201
783,APCS,74.25594329833984,-10.77326488494873,188
784,APEH,47.49458694458008,-0.7918893098831177,208
785,APELA,17.394412994384766,20.91883087158203,260
786,APEX1,50.071903228759766,7.772044658660889,431
787,APH1A,10.920984268188477,-21.5798397064209,139
788,APH1B,9.598559379577637,-21.027551651000977,139
789,API5,29.072263717651367,-0.8006811141967773,311
790,APIP,54.5254020690918,6.811190128326416,441
791,APLF,12.059531211853027,7.922970294952393,396
792,APLNR,-108.83821105957031,-18.950693130493164,14
793,APLP1,56.86518096923828,-8.76332950592041,185
794,APLP2,57.19812774658203,-9.043471336364746,185
795,APMAP,59.249237060546875,-1.0010943412780762,288
796,APOA1,29.132400512695312,22.63580894470215,96
797,APOA2,29.06045913696289,24.412668228149414,96
798,APOA4,29.31060791015625,22.494274139404297,96
799,APOA5,29.241621017456055,22.410322189331055,96
800,APOBEC1,92.56657409667969,4.627685070037842,67
801,APOBEC2,92.16789245605469,4.665448188781738,67
802,APOBEC3A,92.66288757324219,4.599032878875732,67
803,APOBEC3B,92.55064392089844,4.679340839385986,67
804,APOBEC3C,92.82484436035156,4.641700744628906,67
805,APOBEC3D,92.80707550048828,4.604155540466309,67
806,APOBEC3F,92.79918670654297,4.641205787658691,67
807,APOBEC3G,92.90509796142578,5.0493483543396,67
808,APOBEC3H,92.76576232910156,4.672124862670898,67
809,APOBEC4,12.693069458007812,15.632501602172852,342
810,APOBR,2.1583547592163086,14.030908584594727,289
811,APOC1,28.402273178100586,24.227914810180664,96
812,APOC2,26.998361587524414,23.831096649169922,96
813,APOC3,28.596843719482422,24.062103271484375,96
814,APOC4,18.51590347290039,20.02997589111328,260
815,APOD,-11.989834785461426,-16.19772720336914,49
816,APOE,28.903146743774414,22.085956573486328,96
817,APOF,44.7567138671875,-1.4778692722320557,208
818,APOH,30.621591567993164,35.107723236083984,63
819,APOL1,45.7348747253418,-3.6149837970733643,169
820,APOL2,46.156097412109375,-3.676734447479248,169
821,APOL3,46.137535095214844,-3.7058773040771484,169
822,APOL4,46.018280029296875,-3.9297356605529785,169
823,APOL5,47.650474548339844,-3.7183821201324463,170
824,APOL6,46.31173324584961,-3.8152971267700195,169
825,APOLD1,2.927520513534546,-20.15145492553711,105
826,APOM,-11.670698165893555,-16.04823875427246,49
827,APP,57.60683059692383,-9.146383285522461,187
828,APPBP2,34.53737258911133,-4.866147518157959,295
829,APPL1,13.042387008666992,-1.01910400390625,375
830,APPL2,13.178647994995117,0.010571076534688473,415
831,APRT,57.41375732421875,7.8169331550598145,349
832,APTX,47.70876693725586,5.7256574630737305,419
833,AQP1,-29.209346771240234,-17.915613174438477,50
834,AQP10,-28.884384155273438,-18.1014461517334,50
835,AQP11,14.534564971923828,-22.519119262695312,159
836,AQP12A,16.308048248291016,-21.577831268310547,152
837,AQP12B,16.189014434814453,-21.25751495361328,152
838,AQP2,-28.752050399780273,-18.108694076538086,50
839,AQP3,-28.60759735107422,-17.708982467651367,50
840,AQP4,-28.874906539916992,-18.36850357055664,50
841,AQP5,-28.803447723388672,-18.42816734313965,50
842,AQP6,-28.71021842956543,-18.13156509399414,50
843,AQP7,-28.693971633911133,-18.166236877441406,50
844,AQP8,-28.69526481628418,-18.16317367553711,50
845,AQP9,-28.669139862060547,-18.146982192993164,50
846,AQR,25.894248962402344,-3.1227266788482666,316
847,ARAP1,21.14261817932129,-1.5374842882156372,297
848,ARAP2,10.934834480285645,0.4752441346645355,374
849,ARAP3,21.446571350097656,-1.8862264156341553,297
850,ARC,19.2894344329834,12.782502174377441,346
851,ARCN1,33.50264358520508,7.955532073974609,364
852,AREG,20.394332885742188,25.906152725219727,229
853,AREL1,27.650314331054688,-1.7118492126464844,311
854,ARF1,-12.741998672485352,-45.139530181884766,27
855,ARF3,-13.575455665588379,-45.51447296142578,27
856,ARF4,-12.427385330200195,-45.04812240600586,27
857,ARF5,-12.932894706726074,-45.269100189208984,27
858,ARF6,-11.746902465820312,-45.20515823364258,27
859,ARFGAP1,21.14348793029785,8.469658851623535,398
860,ARFGAP2,20.630922317504883,9.180885314941406,398
861,ARFGAP3,18.405759811401367,8.926445007324219,384
862,ARFGEF1,14.23261547088623,-6.675879955291748,277
863,ARFGEF2,14.986519813537598,-6.7032856941223145,277
864,ARFIP1,22.31150245666504,1.0525377988815308,301
865,ARFIP2,25.201820373535156,2.8282577991485596,308
866,ARFRP1,-11.300548553466797,-44.56586456298828,27
867,ARG1,64.95248413085938,4.343227386474609,358
868,ARG2,61.9889030456543,4.950872898101807,355
869,ARGFX,-17.6553955078125,19.634531021118164,191
870,ARGLU1,-20.052471160888672,4.477481842041016,166
871,ARHGAP1,19.20850944519043,2.362637519836426,418
872,ARHGAP10,8.522576332092285,-1.4456020593643188,365
873,ARHGAP11A,5.842953681945801,8.247467994689941,404
874,ARHGAP11B,29.054550170898438,5.544889450073242,451
875,ARHGAP12,14.029648780822754,0.5962362289428711,415
876,ARHGAP15,15.344239234924316,1.3832049369812012,416
877,ARHGAP17,8.220982551574707,-0.6894309520721436,365
878,ARHGAP18,15.530255317687988,1.3877366781234741,416
879,ARHGAP19,16.110675811767578,6.294590473175049,359
880,ARHGAP20,4.431299209594727,4.259250640869141,407
881,ARHGAP21,5.238764762878418,-0.17752692103385925,389
882,ARHGAP22,10.59070110321045,0.3863651156425476,374
883,ARHGAP23,5.335703372955322,1.536700963973999,389
884,ARHGAP24,11.151493072509766,0.28275004029273987,374
885,ARHGAP25,12.939743041992188,0.9731640219688416,415
886,ARHGAP26,9.045879364013672,-1.523538589477539,365
887,ARHGAP27,13.908373832702637,1.0902208089828491,415
888,ARHGAP28,12.58497142791748,1.4225653409957886,415
889,ARHGAP29,8.466409683227539,0.5323335528373718,365
890,ARHGAP30,2.258472442626953,14.078638076782227,289
891,ARHGAP31,0.6688944697380066,4.221103191375732,406
892,ARHGAP32,0.4456673860549927,3.0852487087249756,399
893,ARHGAP33,6.685987949371338,1.2866524457931519,354
894,ARHGAP35,8.707022666931152,1.199459195137024,365
895,ARHGAP39,9.573680877685547,2.4435184001922607,362
896,ARHGAP40,15.907840728759766,1.2220900058746338,417
897,ARHGAP42,8.79144287109375,-1.2624150514602661,365
898,ARHGAP44,8.853241920471191,-0.7866042852401733,365
899,ARHGAP45,11.710833549499512,0.025370020419359207,374
900,ARHGAP5,10.543214797973633,-0.07320800423622131,374
901,ARHGAP8,16.96402359008789,1.1568149328231812,417
902,ARHGAP9,14.802759170532227,0.655680775642395,416
903,ARHGDIA,38.397979736328125,8.125934600830078,425
904,ARHGDIB,39.672142028808594,9.052221298217773,361
905,ARHGDIG,50.65287780761719,9.608662605285645,431
906,ARHGEF1,13.813755989074707,-0.37407201528549194,415
907,ARHGEF10,9.863191604614258,1.0477124452590942,374
908,ARHGEF10L,12.926018714904785,0.4031839370727539,415
909,ARHGEF11,7.177554607391357,-0.9788949489593506,365
910,ARHGEF12,6.823172092437744,-2.1585030555725098,365
911,ARHGEF15,13.133562088012695,1.582837462425232,415
912,ARHGEF16,13.188619613647461,0.7345249652862549,415
913,ARHGEF17,10.493062973022461,1.50335693359375,374
914,ARHGEF18,7.988561630249023,-0.10970503091812134,365
915,ARHGEF19,14.917980194091797,1.3377108573913574,416
916,ARHGEF2,9.427079200744629,0.07797405123710632,365
917,ARHGEF25,14.261978149414062,0.11785978078842163,415
918,ARHGEF26,8.623063087463379,3.0538415908813477,387
919,ARHGEF28,9.95389175415039,-0.4582984149456024,365
920,ARHGEF3,15.636771202087402,0.7395586371421814,416
921,ARHGEF33,6.657351016998291,4.508528232574463,363
922,ARHGEF35,3.467061996459961,14.635801315307617,289
923,ARHGEF37,15.852004051208496,0.04627407714724541,393
924,ARHGEF38,14.102168083190918,1.172607660293579,415
925,ARHGEF39,26.21031951904297,4.186403751373291,308
926,ARHGEF4,13.687309265136719,0.31041789054870605,415
927,ARHGEF40,12.400716781616211,2.498162269592285,378
928,ARHGEF5,8.098124504089355,3.9454362392425537,387
929,ARHGEF7,8.681722640991211,-1.1134153604507446,365
930,ARID1A,-13.003246307373047,9.86862850189209,272
931,ARID1B,-13.131778717041016,10.05504322052002,272
932,ARID2,-12.264245986938477,9.167500495910645,272
933,ARID3A,-14.861422538757324,13.528556823730469,273
934,ARID3B,-16.692628860473633,12.876264572143555,190
935,ARID3C,-10.423354148864746,15.230643272399902,242
936,ARID4A,-1.450384497642517,6.563436508178711,298
937,ARID4B,-2.0440211296081543,6.251490592956543,298
938,ARID5A,-2.066128969192505,13.833748817443848,145
939,ARID5B,-6.502864837646484,6.1040449142456055,272
940,ARIH2,20.280244827270508,7.6782732009887695,398
941,ARIH2OS,12.659552574157715,20.50438690185547,324
942,ARL1,-11.140508651733398,-44.89022445678711,27
943,ARL10,-10.714803695678711,-43.92179870605469,27
944,ARL11,-11.793794631958008,-44.83881378173828,27
945,ARL13B,-11.751439094543457,-44.37008285522461,27
946,ARL14,-11.584938049316406,-44.55125427246094,27
947,ARL14EP,22.181243896484375,10.661287307739258,385
948,ARL14EPL,23.45012855529785,11.690947532653809,390
949,ARL15,-10.504323959350586,-44.18193817138672,27
950,ARL16,47.26719284057617,9.21772575378418,436
951,ARL17A,-12.426825523376465,-45.453941345214844,27
952,ARL17B,-12.044705390930176,-44.935970306396484,27
953,ARL2,-11.828222274780273,-44.81772994995117,27
954,ARL2BP,41.5792350769043,11.271592140197754,347
955,ARL3,-11.261534690856934,-44.5748291015625,27
956,ARL4A,-11.452760696411133,-44.68435287475586,27
957,ARL4C,-11.358667373657227,-44.60791778564453,27
958,ARL4D,-11.051796913146973,-44.51402282714844,27
959,ARL5A,-11.847884178161621,-45.115413665771484,27
960,ARL5B,-11.499016761779785,-44.616905212402344,27
961,ARL5C,-12.031359672546387,-44.91718673706055,27
962,ARL6,-10.439098358154297,-44.232303619384766,27
963,ARL6IP1,12.742838859558105,-20.718286514282227,149
964,ARL6IP4,-21.058504104614258,4.397358417510986,166
965,ARL6IP5,11.503316879272461,-20.318119049072266,139
966,ARL6IP6,10.82163143157959,-20.56949234008789,139
967,ARL8A,-12.224557876586914,-44.95713424682617,27
968,ARL8B,-11.947571754455566,-44.85066223144531,27
969,ARL9,-10.317959785461426,-44.092105865478516,27
970,ARMC1,34.10832214355469,8.026262283325195,364
971,ARMC10,51.2091178894043,2.3034989833831787,296
972,ARMC12,29.317625045776367,-2.2176921367645264,312
973,ARMC2,21.886642456054688,-2.5932512283325195,297
974,ARMC3,24.032381057739258,-4.1053948402404785,317
975,ARMC5,32.376956939697266,-0.9172182083129883,336
976,ARMC6,31.654380798339844,-0.8023783564567566,336
977,ARMC7,28.439470291137695,6.321906566619873,450
978,ARMC8,27.049449920654297,-4.213899612426758,319
979,ARMC9,22.056577682495117,-2.5189809799194336,297
980,ARMH1,23.8599910736084,-2.384899377822876,317
981,ARMH2,46.08024978637695,7.5340495109558105,436
982,ARMH3,24.323225021362305,-3.7677671909332275,317
983,ARMH4,5.919328212738037,21.275537490844727,154
984,ARMS2,12.566570281982422,20.687036514282227,324
985,ARMT1,45.59157180786133,5.455450057983398,436
986,ARNT,-10.779518127441406,9.22746753692627,272
987,ARNT2,-8.188158988952637,9.586036682128906,272
988,ARNTL,16.24768829345703,2.967207670211792,413
989,ARNTL2,16.623069763183594,2.7273752689361572,413
990,ARPC1A,50.8747444152832,22.956350326538086,70
991,ARPC1B,49.48118209838867,21.950227737426758,70
992,ARPC2,38.418216705322266,8.156429290771484,425
993,ARPC3,47.143741607666016,14.33898639678955,322
994,ARPC4,41.34453201293945,9.975534439086914,361
995,ARPC5,38.074241638183594,11.245940208435059,370
996,ARPC5L,36.11475372314453,11.194725036621094,369
997,ARPIN,41.97871780395508,9.346146583557129,361
998,ARPP19,25.068395614624023,15.208011627197266,290
999,ARPP21,-11.802640914916992,9.303261756896973,272
1000,ARRB1,34.278114318847656,3.375211715698242,437
1001,ARRB2,36.96273422241211,4.171586036682129,438
1002,ARRDC1,16.078542709350586,19.815841674804688,260
1003,ARRDC2,39.81909942626953,3.6293551921844482,432
1004,ARRDC3,38.352909088134766,3.630988597869873,430
1005,ARRDC4,39.39801025390625,3.6445207595825195,432
1006,ARRDC5,40.25516128540039,2.770569324493408,432
1007,ARSA,64.3958969116211,-5.54860258102417,212
1008,ARSB,63.8997802734375,-5.185947418212891,212
1009,ARSG,63.416603088378906,-5.508211135864258,212
1010,ARSI,64.44976043701172,-5.279391765594482,212
1011,ARSJ,65.86028289794922,-6.671079635620117,212
1012,ARSK,63.812286376953125,-5.061041831970215,212
1013,ART1,70.6561508178711,-6.209722995758057,205
1014,ART3,59.29847717285156,-3.6855435371398926,213
1015,ART4,70.5489730834961,-5.98153829574585,205
1016,ART5,70.30509185791016,-6.595204830169678,205
1017,ARTN,78.5104751586914,-11.291962623596191,188
1018,ARV1,52.1519775390625,6.816089153289795,452
1019,ARVCF,7.435499668121338,1.170434594154358,354
1020,AS3MT,50.0134162902832,5.593969345092773,446
1021,ASAH1,64.081787109375,-5.334836959838867,212
1022,ASAH2,63.52562713623047,-4.727470397949219,212
1023,ASAH2B,55.349971771240234,-3.3091557025909424,270
1024,ASAP1,7.586652755737305,-1.0574114322662354,365
1025,ASAP2,9.585307121276855,-0.4393062889575958,365
1026,ASAP3,13.113208770751953,-0.2554088234901428,415
1027,ASB1,69.48099517822266,24.78762435913086,81
1028,ASB10,70.00786590576172,24.68837547302246,81
1029,ASB13,69.51555633544922,24.502605438232422,81
1030,ASB14,70.15475463867188,25.059799194335938,81
1031,ASB15,69.87699890136719,24.659805297851562,81
1032,ASB16,69.82732391357422,24.347726821899414,81
1033,ASB17,36.58528137207031,7.765740871429443,425
1034,ASB18,70.50692749023438,24.929149627685547,81
1035,ASB2,70.9310302734375,25.133039474487305,81
1036,ASB3,69.9062271118164,24.69040870666504,81
1037,ASB4,69.06360626220703,24.296451568603516,81
1038,ASB5,69.6060562133789,24.17658233642578,81
1039,ASB6,69.71163940429688,24.580242156982422,81
1040,ASB7,69.83494567871094,24.624422073364258,81
1041,ASB8,70.19081115722656,24.779926300048828,81
1042,ASCC1,48.26408386230469,5.8829264640808105,419
1043,ASCC2,30.465505599975586,-0.792140543460846,306
1044,ASCC3,15.119218826293945,-6.5196709632873535,277
1045,ASCL1,-10.062846183776855,18.69563102722168,241
1046,ASCL2,-8.29233169555664,18.593271255493164,239
1047,ASCL3,-11.457253456115723,18.4329891204834,242
1048,ASCL4,-8.911145210266113,18.29769515991211,241
1049,ASCL5,-9.298970222473145,18.07554817199707,241
1050,ASDURF,16.021228790283203,18.15880012512207,338
1051,ASF1A,38.248714447021484,9.193952560424805,425
1052,ASF1B,39.58790588378906,8.779995918273926,361
1053,ASGR1,-19.282468795776367,-30.04120445251465,45
1054,ASGR2,-18.818557739257812,-30.28451919555664,45
1055,ASH1L,-7.976984024047852,5.346475601196289,272
1056,ASH2L,25.702938079833984,4.3815016746521,308
1057,ASIC1,51.78783416748047,-10.231573104858398,183
1058,ASIC2,51.63699722290039,-11.226581573486328,183
1059,ASIC3,51.994651794433594,-10.531970977783203,183
1060,ASIC4,52.04816818237305,-10.548258781433105,183
1061,ASIC5,51.50823211669922,-9.872261047363281,183
1062,ASIP,81.91905975341797,-16.142940521240234,178
1063,ASL,66.2920150756836,5.004985332489014,358
1064,ASNS,55.54680252075195,2.370821952819824,292
1065,ASNSD1,43.0689582824707,4.056479454040527,429
1066,ASPA,56.484981536865234,2.015124559402466,292
1067,ASPDH,57.17488479614258,6.1882123947143555,349
1068,ASPG,58.37255096435547,3.022184371948242,348
1069,ASPH,42.39164733886719,-1.5846725702285767,284
1070,ASPHD1,49.22026824951172,2.2066752910614014,423
1071,ASPHD2,44.5766487121582,3.2915377616882324,435
1072,ASPM,1.8016502857208252,6.850311756134033,412
1073,ASPN,94.35061645507812,21.262283325195312,83
1074,ASPRV1,41.99777603149414,3.6734981536865234,432
1075,ASPSCR1,23.987638473510742,3.463963270187378,301
1076,ASRGL1,64.91085052490234,4.545254230499268,358
1077,ASS1,68.75603485107422,5.497452259063721,356
1078,ASTE1,37.130455017089844,0.9144909977912903,432
1079,ASTL,6.9138054847717285,15.482659339904785,332
1080,ASTN1,49.87584686279297,-12.675992012023926,182
1081,ASTN2,50.090885162353516,-12.768084526062012,182
1082,ASXL1,-7.386852264404297,6.966285228729248,272
1083,ASXL3,-8.14658260345459,6.252191066741943,272
1084,ASZ1,28.785602569580078,7.380958557128906,450
1085,ATAD1,38.95293045043945,1.9745619297027588,432
1086,ATAD2,14.335226058959961,4.946770668029785,381
1087,ATAD2B,14.77000617980957,3.40417742729187,366
1088,ATAD3A,43.062255859375,4.656093120574951,429
1089,ATAD3B,43.0367317199707,3.550210475921631,429
1090,ATAD3C,44.435970306396484,3.8177077770233154,436
1091,ATAD5,6.796605587005615,7.637290000915527,404
1092,ATAT1,17.62786293029785,9.245047569274902,384
1093,ATCAY,24.798105239868164,6.042113304138184,421
1094,ATE1,30.650999069213867,5.084381580352783,444
1095,ATF1,-18.603361129760742,11.832845687866211,264
1096,ATF2,-12.1343355178833,10.4063720703125,272
1097,ATF3,-7.762489318847656,16.337200164794922,237
1098,ATF4,-7.196043968200684,15.944781303405762,237
1099,ATF5,-3.947209358215332,15.482681274414062,237
1100,ATF6,-8.468427658081055,12.743831634521484,237
1101,ATF6B,-6.712532043457031,14.891234397888184,237
1102,ATF7,-12.502467155456543,10.468954086303711,272
1103,ATF7IP,-8.977434158325195,8.507611274719238,272
1104,ATF7IP2,2.8592453002929688,6.942855358123779,412
1105,ATG10,44.444793701171875,5.711273193359375,436
1106,ATG101,39.497562408447266,9.831835746765137,361
1107,ATG12,31.956645965576172,10.147193908691406,428
1108,ATG13,17.40177345275879,5.324700355529785,380
1109,ATG14,22.093921661376953,7.08432149887085,398
1110,ATG16L1,50.38200378417969,22.873781204223633,70
1111,ATG16L2,49.8530158996582,22.5143985748291,70
1112,ATG2A,17.181236267089844,-8.11905574798584,278
1113,ATG3,34.86623764038086,8.915018081665039,369
1114,ATG4B,39.352386474609375,3.3341455459594727,432
1115,ATG4C,36.807098388671875,2.913116693496704,438
1116,ATG4D,42.805076599121094,4.287607669830322,429
1117,ATG5,27.175962448120117,0.01926518976688385,311
1118,ATG7,41.086151123046875,2.8165249824523926,334
1119,ATG9A,27.31409454345703,-17.944032669067383,133
1120,ATG9B,27.03323745727539,-17.92363739013672,133
1121,ATIC,62.785438537597656,5.146796226501465,355
1122,ATL1,31.726335525512695,-0.565223217010498,336
1123,ATL2,33.85934829711914,-0.10929768532514572,337
1124,ATL3,34.05978012084961,-0.1482507884502411,337
1125,ATMIN,-27.68588638305664,10.453526496887207,144
1126,ATN1,-9.44926643371582,8.079708099365234,272
1127,ATOH1,-10.455275535583496,18.509733200073242,241
1128,ATOH7,-6.278278827667236,18.153196334838867,238
1129,ATOH8,-6.59762716293335,16.948972702026367,237
1130,ATOX1,48.88385009765625,13.501830101013184,243
1131,ATP10A,38.69987869262695,-24.819501876831055,111
1132,ATP10B,38.661659240722656,-24.83092498779297,111
1133,ATP10D,38.69536590576172,-24.848234176635742,111
1134,ATP11A,38.64923858642578,-24.723051071166992,111
1135,ATP11B,38.73665237426758,-24.836776733398438,111
1136,ATP12A,38.23908615112305,-24.844863891601562,111
1137,ATP13A1,37.9832649230957,-24.321392059326172,111
1138,ATP13A2,37.99476623535156,-23.906400680541992,111
1139,ATP13A3,38.50249099731445,-24.710487365722656,111
1140,ATP13A4,38.18743133544922,-24.45541763305664,111
1141,ATP13A5,38.25483703613281,-24.566923141479492,111
1142,ATP1A1,37.712459564208984,-25.100221633911133,111
1143,ATP1A2,37.80033493041992,-25.298473358154297,111
1144,ATP1A3,37.990875244140625,-25.34636116027832,111
1145,ATP1A4,38.20429992675781,-25.087522506713867,111
1146,ATP1B1,51.37822341918945,-8.538426399230957,183
1147,ATP1B2,51.305328369140625,-8.756915092468262,183
1148,ATP1B3,51.3121223449707,-8.71753215789795,183
1149,ATP23,43.47433853149414,4.33319616317749,429
1150,ATP2A1,37.88530349731445,-25.21458625793457,111
1151,ATP2A2,38.32159423828125,-25.145978927612305,111
1152,ATP2A3,37.976654052734375,-24.926498413085938,111
1153,ATP2B1,37.687435150146484,-24.795543670654297,111
1154,ATP2B2,37.645713806152344,-25.093734741210938,111
1155,ATP2B4,37.61714172363281,-25.00664710998535,111
1156,ATP2C1,38.16410827636719,-24.63038444519043,111
1157,ATP2C2,38.08004379272461,-24.65176773071289,111
1158,ATP4A,38.2320671081543,-25.13585662841797,111
1159,ATP4B,51.24956512451172,-9.047191619873047,183
1160,ATP5F1A,69.79678344726562,7.434957504272461,356
1161,ATP5F1B,69.5657730102539,7.447168827056885,356
1162,ATP5F1C,68.82317352294922,9.515872955322266,356
1163,ATP5F1D,64.98019409179688,13.878046989440918,163
1164,ATP5F1E,44.53105926513672,16.633499145507812,173
1165,ATP5IF1,62.84461212158203,14.614030838012695,287
1166,ATP5MC1,66.2773208618164,14.953713417053223,163
1167,ATP5MC2,66.34037017822266,15.114400863647461,163
1168,ATP5MC3,65.79203796386719,14.739913940429688,163
1169,ATP5ME,67.68274688720703,16.512937545776367,163
1170,ATP5MF,66.75086975097656,16.571025848388672,163
1171,ATP5MG,66.45578002929688,16.046405792236328,163
1172,ATP5MGL,65.6922836303711,15.93718433380127,163
1173,ATP5PB,64.64606475830078,11.880148887634277,163
1174,ATP5PD,65.07197570800781,15.059986114501953,163
1175,ATP5PF,66.51966094970703,15.845087051391602,163
1176,ATP5PO,67.32014465332031,9.505772590637207,356
1177,ATP6V0A1,28.433910369873047,-22.846288681030273,132
1178,ATP6V0A2,29.732013702392578,-22.93337631225586,132
1179,ATP6V0A4,29.50602912902832,-22.857215881347656,132
1180,ATP6V0B,12.360623359680176,-22.211145401000977,150
1181,ATP6V0C,13.379899024963379,-22.931608200073242,156
1182,ATP6V0D1,37.28253173828125,2.3801093101501465,438
1183,ATP6V0D2,44.95531463623047,0.9728293418884277,208
1184,ATP6V0E1,8.454999923706055,-20.35256004333496,139
1185,ATP6V0E2,8.961907386779785,-20.59375762939453,139
1186,ATP6V1A,68.8941421508789,5.781485557556152,356
1187,ATP6V1B1,69.03714752197266,6.809108257293701,356
1188,ATP6V1B2,69.02300262451172,6.900463104248047,356
1189,ATP6V1C1,34.70979309082031,7.0703935623168945,364
1190,ATP6V1C2,34.28776931762695,7.3776726722717285,364
1191,ATP6V1D,39.42470932006836,15.418624877929688,171
1192,ATP6V1E1,38.033878326416016,16.22294044494629,171
1193,ATP6V1E2,37.488861083984375,16.592138290405273,171
1194,ATP6V1F,45.487430572509766,13.654107093811035,321
1195,ATP6V1FNB,5.840374946594238,16.81699562072754,332
1196,ATP6V1G1,39.15766143798828,16.652111053466797,171
1197,ATP6V1G2,37.453853607177734,16.701560974121094,171
1198,ATP6V1G3,38.35945129394531,16.64518928527832,171
1199,ATP6V1H,28.019920349121094,-3.3025994300842285,312
1200,ATP7B,36.86644744873047,-23.939611434936523,111
1201,ATP8A1,38.991607666015625,-24.92061424255371,111
1202,ATP8A2,38.621036529541016,-24.72075653076172,111
1203,ATP8B1,38.705650329589844,-24.747751235961914,111
1204,ATP8B2,38.60983657836914,-24.743045806884766,111
1205,ATP8B3,38.15379333496094,-24.45012664794922,111
1206,ATP8B4,38.83816909790039,-24.955280303955078,111
1207,ATP9A,38.42549514770508,-24.820453643798828,111
1208,ATP9B,38.8136100769043,-24.882892608642578,111
1209,ATPAF1,57.131080627441406,10.326202392578125,327
1210,ATPAF2,54.76514434814453,7.923630714416504,353
1211,ATPSCKMT,51.22642135620117,6.1723151206970215,439
1212,ATR,19.836719512939453,-7.074459075927734,278
1213,ATRAID,55.39669418334961,-7.417834281921387,185
1214,ATRIP,29.556900024414062,-2.191654920578003,312
1215,ATRN,59.410953521728516,-15.841166496276855,197
1216,ATRNL1,56.68415069580078,-14.965256690979004,197
1217,ATXN1,-11.202841758728027,10.248059272766113,272
1218,ATXN10,28.458972930908203,-2.8242385387420654,312
1219,ATXN1L,10.813651084899902,8.116586685180664,396
1220,ATXN2,-11.30351734161377,8.258243560791016,272
1221,ATXN2L,-10.776623725891113,8.508509635925293,272
1222,ATXN3,26.021032333374023,7.427394390106201,420
1223,ATXN7,-3.53114652633667,7.755207538604736,271
1224,ATXN7L1,-4.471330642700195,7.6056671142578125,271
1225,ATXN7L2,-0.7000417709350586,8.833083152770996,320
1226,ATXN7L3,14.203582763671875,8.786221504211426,382
1227,ATXN7L3B,41.24565505981445,10.885529518127441,361
1228,AUH,67.39352416992188,6.495630264282227,356
1229,AUNIP,6.014802932739258,8.191479682922363,404
1230,AUP1,46.52753448486328,-3.1314995288848877,169
1231,AURKA,54.64041519165039,37.95665740966797,69
1232,AURKAIP1,61.22852325439453,14.243825912475586,287
1233,AURKB,55.18682861328125,38.08277893066406,69
1234,AURKC,55.66389846801758,38.14553451538086,69
1235,AUTS2,-9.611285209655762,7.280198097229004,272
1236,AVEN,20.022960662841797,10.510645866394043,383
1237,AVIL,25.331525802612305,-0.49777498841285706,311
1238,AVL9,18.5585880279541,0.5900401473045349,417
1239,AVP,83.30644989013672,-16.232810974121094,178
1240,AVPI1,14.128105163574219,18.36650276184082,323
1241,AVPR1A,-104.82408142089844,-18.712356567382812,14
1242,AVPR1B,-104.53692626953125,-19.425132751464844,14
1243,AXDND1,-8.696513175964355,-0.45598429441452026,251
1244,AXIN1,3.628793716430664,2.304774284362793,389
1245,AXIN2,4.793022632598877,2.1209583282470703,354
1246,AXL,68.42845916748047,32.60740661621094,64
1247,AZGP1,-2.4736545085906982,49.13778305053711,34
1248,AZI2,-4.473929405212402,0.10638517886400223,254
1249,AZIN1,57.63789367675781,3.1473774909973145,348
1250,AZIN2,55.422725677490234,3.964115858078003,440
1251,AZU1,72.71360778808594,-24.560832977294922,123
1252,B2M,8.44707202911377,53.50603485107422,35
1253,B3GALNT1,75.33573150634766,-5.063758373260498,205
1254,B3GALNT2,68.50070190429688,-4.9825825691223145,204
1255,B3GALT1,76.5458755493164,-4.79221248626709,205
1256,B3GALT2,75.72077941894531,-5.563549995422363,205
1257,B3GALT4,73.13615417480469,-4.828903675079346,205
1258,B3GALT6,73.29915618896484,-5.26105260848999,205
1259,B3GAT1,75.69598388671875,-4.801182270050049,205
1260,B3GAT2,74.50967407226562,-4.981172561645508,205
1261,B3GAT3,73.20259857177734,-5.08702278137207,205
1262,B3GLCT,69.5289077758789,-5.152707576751709,204
1263,B3GNT2,76.71598052978516,-4.940385341644287,205
1264,B3GNT3,74.7304458618164,-4.803267478942871,205
1265,B3GNT4,73.6620101928711,-4.900729656219482,205
1266,B3GNT5,76.50720977783203,-4.901961326599121,205
1267,B3GNT6,73.85763549804688,-4.969770908355713,205
1268,B3GNT7,75.43463134765625,-4.961746692657471,205
1269,B3GNT8,74.06651306152344,-4.69152307510376,205
1270,B3GNT9,73.97325897216797,-5.35634708404541,205
1271,B3GNTL1,52.86946487426758,6.431848049163818,453
1272,B4GALNT1,70.01255798339844,-6.636987686157227,205
1273,B4GALNT2,60.0236930847168,-6.466761112213135,212
1274,B4GALNT3,10.805658340454102,2.892397403717041,378
1275,B4GALNT4,12.2011079788208,1.350034475326538,378
1276,B4GALT1,76.18580627441406,-4.852384567260742,205
1277,B4GALT2,74.86978912353516,-4.970606327056885,205
1278,B4GALT3,74.2593765258789,-5.108760833740234,205
1279,B4GALT4,75.79542541503906,-5.032299041748047,205
1280,B4GALT5,76.775146484375,-4.824843883514404,205
1281,B4GALT6,77.62346649169922,-4.904158115386963,199
1282,B4GALT7,73.43639373779297,-4.972043514251709,205
1283,B4GAT1,74.85507202148438,-5.045956611633301,205
1284,B9D1,-9.622525215148926,-43.422332763671875,27
1285,B9D2,46.90675354003906,7.057358741760254,433
1286,BAALC,15.582886695861816,16.354393005371094,338
1287,BAAT,61.44886016845703,1.2393299341201782,349
1288,BABAM1,22.334375381469727,11.7674560546875,385
1289,BABAM2,38.61689376831055,3.0136382579803467,432
1290,BACE1,62.590599060058594,-9.1403226852417,203
1291,BACE2,63.465171813964844,-9.036399841308594,211
1292,BACH1,3.353522539138794,7.472416400909424,403
1293,BACH2,4.32097864151001,7.550910472869873,405
1294,BAD,19.227767944335938,15.690836906433105,344
1295,BAG1,33.27188491821289,10.625779151916504,445
1296,BAG2,31.287256240844727,11.401637077331543,454
1297,BAG3,6.052996635437012,12.77906608581543,330
1298,BAG4,-8.517626762390137,10.694329261779785,272
1299,BAG5,38.5109748840332,0.5360813140869141,432
1300,BAG6,24.13463592529297,9.874039649963379,390
1301,BAHCC1,-5.344202518463135,7.7524003982543945,271
1302,BAHD1,1.8193522691726685,9.60091495513916,320
1303,BAIAP2,9.6342134475708,-1.9209483861923218,365
1304,BAIAP2L1,8.828706741333008,-0.9415875673294067,365
1305,BAIAP2L2,8.882882118225098,-0.7914100885391235,365
1306,BAIAP3,18.8297119140625,-1.2238706350326538,376
1307,BAK1,25.222503662109375,11.786337852478027,351
1308,BAMBI,73.3813705444336,-14.4656400680542,219
1309,BANF1,45.549163818359375,14.748282432556152,321
1310,BANF2,42.3837776184082,15.550027847290039,174
1311,BANK1,14.116074562072754,2.880171060562134,366
1312,BANP,-20.1519775390625,11.967228889465332,264
1313,BAP1,11.723918914794922,6.624383926391602,396
1314,BARD1,8.27338981628418,7.403352737426758,388
1315,BARHL1,-22.07282066345215,20.831974029541016,194
1316,BARHL2,-23.3905029296875,20.167409896850586,194
1317,BARX1,-22.110445022583008,20.72630500793457,194
1318,BARX2,-19.984516143798828,20.522794723510742,194
1319,BASP1,14.822426795959473,16.679475784301758,338
1320,BATF,-5.945581912994385,16.754892349243164,237
1321,BATF2,-8.213973045349121,16.82398796081543,237
1322,BATF3,-5.329719066619873,17.13153076171875,237
1323,BAX,25.011808395385742,12.288553237915039,351
1324,BAZ1A,2.285526752471924,5.644199371337891,411
1325,BAZ1B,6.7511372566223145,7.10321569442749,404
1326,BAZ2A,-8.279619216918945,5.802437782287598,272
1327,BAZ2B,-8.353387832641602,5.457831859588623,272
1328,BBC3,12.935951232910156,14.868643760681152,342
1329,BBIP1,29.75165367126465,12.159140586853027,449
1330,BBOF1,-12.3889741897583,-0.7299525737762451,255
1331,BBOX1,54.484962463378906,5.587826251983643,441
1332,BBS1,34.09965515136719,0.8797179460525513,337
1333,BBS10,41.6607780456543,3.535902738571167,432
1334,BBS12,43.64829635620117,3.4714643955230713,435
1335,BBS2,31.129810333251953,-2.2901175022125244,303
1336,BBS4,34.09646224975586,-5.215206623077393,295
1337,BBS5,32.53045654296875,2.6539790630340576,402
1338,BBS7,30.88216781616211,-1.604689359664917,303
1339,BBS9,29.46809196472168,-2.1706290245056152,312
1340,BBX,0.7168428897857666,7.776458740234375,411
1341,BCAM,18.615922927856445,32.56967544555664,227
1342,BCAN,65.5103988647461,-12.024040222167969,217
1343,BCAP29,12.422857284545898,-19.621362686157227,149
1344,BCAR1,8.867962837219238,4.275311470031738,387
1345,BCAR3,10.801198959350586,1.4645452499389648,374
1346,BCAS1,11.25881290435791,15.097049713134766,342
1347,BCAS2,32.02589797973633,11.100232124328613,445
1348,BCAS3,18.69404411315918,-1.1959890127182007,376
1349,BCAS4,28.611629486083984,12.357755661010742,442
1350,BCAT1,62.22247314453125,3.849945545196533,355
1351,BCAT2,63.4605827331543,4.783510684967041,355
1352,BCCIP,37.463138580322266,13.267467498779297,371
1353,BCDIN3D,46.43390655517578,6.493260383605957,433
1354,BCHE,65.89476776123047,-4.530611991882324,212
1355,BCKDHA,67.24978637695312,7.091287136077881,356
1356,BCKDHB,66.80416107177734,6.35407018661499,356
1357,BCKDK,52.12078094482422,2.2287826538085938,302
1358,BCL10,29.920047760009766,5.7240071296691895,451
1359,BCL11A,-29.040069580078125,10.965928077697754,144
1360,BCL11B,-28.938627243041992,11.513179779052734,144
1361,BCL2,24.10582733154297,11.948454856872559,351
1362,BCL2A1,25.233083724975586,12.03739070892334,351
1363,BCL2L1,25.90781593322754,12.092362403869629,351
1364,BCL2L10,25.55181121826172,12.49413013458252,351
1365,BCL2L11,15.618607521057129,12.72866439819336,341
1366,BCL2L12,12.635202407836914,15.165550231933594,342
1367,BCL2L13,20.59830093383789,6.167495250701904,372
1368,BCL2L14,18.539567947387695,16.588665008544922,344
1369,BCL2L15,19.72954559326172,17.60721778869629,279
1370,BCL2L2,25.487756729125977,12.261541366577148,351
1371,BCL3,69.46068572998047,24.48044204711914,81
1372,BCL6,-32.65189743041992,11.108516693115234,144
1373,BCL6B,-33.22861099243164,12.360637664794922,144
1374,BCL7A,19.94095230102539,13.336226463317871,345
1375,BCL7B,20.514934539794922,12.637117385864258,345
1376,BCL7C,15.93952465057373,12.8461275100708,341
1377,BCL9,-13.073402404785156,8.737585067749023,272
1378,BCL9L,-12.443795204162598,8.796104431152344,272
1379,BCLAF1,-20.286762237548828,4.45518159866333,166
1380,BCO1,56.39537811279297,-1.400969386100769,270
1381,BCO2,56.045204162597656,-2.9720561504364014,270
1382,BCR,10.977757453918457,-0.09583768248558044,374
1383,BCS1L,42.596900939941406,5.822964668273926,436
1384,BDH1,64.20980072021484,1.8797439336776733,244
1385,BDH2,67.99186706542969,4.470067024230957,357
1386,BDKRB1,-108.88526916503906,-18.93595314025879,14
1387,BDKRB2,-107.16956329345703,-18.835084915161133,14
1388,BDNF,78.26043701171875,-11.670960426330566,188
1389,BDP1,-7.1304216384887695,5.174254894256592,272
1390,BEAN1,17.045146942138672,25.112112045288086,224
1391,BECN1,24.54750633239746,7.8417253494262695,420
1392,BECN2,25.646625518798828,8.868969917297363,392
1393,BEGAIN,2.5178027153015137,5.015140533447266,407
1394,BEND3,8.866049766540527,11.3845853805542,330
1395,BEND4,9.626259803771973,11.666206359863281,330
1396,BEND5,12.810850143432617,12.43808650970459,335
1397,BEND6,17.427982330322266,10.530169486999512,384
1398,BEND7,12.203877449035645,14.295372009277344,342
1399,BEST1,22.277219772338867,-18.023351669311523,127
1400,BEST2,21.79801368713379,-18.053258895874023,127
1401,BEST3,24.569719314575195,-18.439485549926758,126
1402,BEST4,22.64877700805664,-17.954544067382812,126
1403,BET1,35.36380386352539,18.200876235961914,172
1404,BET1L,36.33271789550781,18.034482955932617,172
1405,BFAR,19.600658416748047,-19.902633666992188,140
1406,BFSP1,158.90457153320312,8.931047439575195,25
1407,BFSP2,160.04437255859375,8.792839050292969,25
1408,BGLAP,90.6041030883789,-16.08310317993164,107
1409,BHLHA15,-8.164388656616211,18.701583862304688,239
1410,BHLHA9,-7.16146183013916,18.14383316040039,238
1411,BHLHE22,-15.58596420288086,18.850934982299805,191
1412,BHLHE23,-9.490768432617188,18.813749313354492,241
1413,BHLHE40,-10.514348983764648,16.62088394165039,242
1414,BHLHE41,-15.436847686767578,17.512821197509766,191
1415,BHMT,64.18717193603516,3.9357454776763916,358
1416,BHMT2,63.8983039855957,4.688681125640869,358
1417,BICC1,-8.855128288269043,9.904550552368164,272
1418,BICD1,-5.201399326324463,-2.848505973815918,252
1419,BICD2,-7.031260013580322,-2.7088520526885986,256
1420,BICDL1,-6.326715469360352,-2.290048599243164,257
1421,BICDL2,-7.527839183807373,-1.9188053607940674,257
1422,BICRA,-11.623053550720215,9.446647644042969,272
1423,BICRAL,-12.53388786315918,9.874075889587402,272
1424,BID,25.265928268432617,11.292984008789062,351
1425,BIK,15.269342422485352,16.77220344543457,338
1426,BIN1,9.877213478088379,-1.8895071744918823,365
1427,BIN2,10.443901062011719,-1.1443253755569458,374
1428,BIN3,13.790645599365234,-1.7633240222930908,375
1429,BIRC2,19.480741500854492,6.687562465667725,372
1430,BIRC3,16.6207218170166,6.372459411621094,380
1431,BIRC5,26.01943588256836,8.638811111450195,450
1432,BIRC7,16.525907516479492,12.739025115966797,341
1433,BIVM,32.590843200683594,4.942894458770752,443
1434,BLCAP,13.739518165588379,20.4335994720459,325
1435,BLID,14.59538745880127,19.64505958557129,323
1436,BLK,62.99708557128906,36.088409423828125,68
1437,BLM,8.842676162719727,6.568206310272217,387
1438,BLMH,41.60603713989258,4.72083854675293,432
1439,BLNK,4.391661167144775,4.122517108917236,407
1440,BLOC1S1,35.31431198120117,13.967565536499023,367
1441,BLOC1S2,34.20958709716797,12.905874252319336,367
1442,BLOC1S3,19.39361572265625,13.179838180541992,346
1443,BLOC1S4,22.083553314208984,13.147701263427734,343
1444,BLOC1S5,31.259199142456055,11.645856857299805,455
1445,BLOC1S6,31.170108795166016,12.107189178466797,455
1446,BLVRA,53.33289337158203,6.152421951293945,453
1447,BLVRB,61.87849807739258,5.187199115753174,355
1448,BLZF1,22.84898567199707,7.5923686027526855,397
1449,BMERB1,16.006046295166016,13.72162914276123,341
1450,BMF,12.88831901550293,15.80452823638916,342
1451,BMI1,16.725826263427734,7.986271381378174,359
1452,BMP1,61.38530731201172,-15.302026748657227,197
1453,BMP10,77.80174255371094,-11.069381713867188,188
1454,BMP2,78.90568542480469,-11.104331016540527,188
1455,BMP2K,-9.76859188079834,9.437101364135742,272
1456,BMP3,78.45211029052734,-11.18901252746582,188
1457,BMP4,78.4057846069336,-11.169472694396973,188
1458,BMP5,77.76139068603516,-11.292473793029785,188
1459,BMP6,77.91156768798828,-10.89513874053955,188
1460,BMP7,78.0366439819336,-11.069494247436523,188
1461,BMP8A,78.5804672241211,-11.158157348632812,188
1462,BMP8B,77.40129089355469,-10.99614429473877,188
1463,BMPER,63.4969367980957,-16.817638397216797,197
1464,BMPR1A,66.72432708740234,33.0333366394043,65
1465,BMPR1B,67.4939193725586,33.0120849609375,64
1466,BMPR2,3.289052724838257,2.4170427322387695,389
1467,BMS1,36.072662353515625,12.353485107421875,371
1468,BMT2,43.3416633605957,6.821292400360107,436
1469,BNC1,-28.585023880004883,10.319422721862793,144
1470,BNIP1,36.14271926879883,17.778154373168945,172
1471,BNIP2,27.189443588256836,6.174519062042236,394
1472,BNIP3,21.752161026000977,15.893611907958984,280
1473,BNIP3L,21.536203384399414,17.177000045776367,280
1474,BNIP5,7.4043169021606445,14.2245512008667,314
1475,BNIPL,23.020030975341797,7.27640438079834,397
1476,BOC,49.89559555053711,-13.9995756149292,182
1477,BOD1,27.024269104003906,10.71081829071045,410
1478,BOD1L1,-8.268948554992676,5.123648643493652,272
1479,BOD1L2,27.612180709838867,10.641071319580078,427
1480,BOK,24.696521759033203,12.447103500366211,351
1481,BOLA1,52.06778335571289,10.626583099365234,353
1482,BOLA2,47.172576904296875,13.458648681640625,322
1483,BOLA2B,46.20876693725586,13.75876522064209,321
1484,BOLA3,60.49766159057617,12.48922061920166,287
1485,BOLL,-19.20841407775879,13.23255729675293,264
1486,BOP1,50.2394905090332,22.432727813720703,70
1487,BORA,6.471295356750488,8.697002410888672,404
1488,BORCS5,28.91739273071289,11.238825798034668,427
1489,BORCS6,14.418486595153809,13.860808372497559,341
1490,BORCS7,31.246061325073242,12.152311325073242,455
1491,BORCS8,32.509681701660156,13.025983810424805,448
1492,BPGM,58.80807113647461,7.129720687866211,349
1493,BPHL,62.208778381347656,5.817760467529297,355
1494,BPI,-17.181442260742188,-16.891401290893555,48
1495,BPIFA1,-17.019014358520508,-16.85301971435547,48
1496,BPIFA2,-17.142776489257812,-16.870769500732422,48
1497,BPIFA3,-15.500495910644531,-16.46417808532715,48
1498,BPIFB1,-17.191608428955078,-16.439111709594727,48
1499,BPIFB2,-17.153799057006836,-16.886171340942383,48
1500,BPIFB3,-17.036527633666992,-16.434051513671875,48
1501,BPIFB4,-16.803325653076172,-16.794084548950195,48
1502,BPIFB6,-17.202098846435547,-16.879579544067383,48
1503,BPIFC,-17.45246124267578,-16.728572845458984,48
1504,BPNT1,60.1431884765625,4.940792560577393,349
1505,BPTF,-8.624781608581543,4.891452789306641,272
1506,BRAF,58.79994583129883,36.066123962402344,69
1507,BRAP,22.412939071655273,7.657746315002441,398
1508,BRAT1,30.368032455444336,-2.6116881370544434,303
1509,BRCA1,1.7779333591461182,7.032540798187256,412
1510,BRCA2,0.9910390377044678,6.751655101776123,411
1511,BRD1,10.668408393859863,6.644570350646973,395
1512,BRD2,-1.2202718257904053,9.578972816467285,320
1513,BRD3,3.1552326679229736,9.947802543640137,320
1514,BRD3OS,23.9447021484375,16.009435653686523,290
1515,BRD4,-13.220905303955078,7.792367935180664,261
1516,BRD7,13.850940704345703,8.749838829040527,379
1517,BRD8,7.5409464836120605,6.338377952575684,388
1518,BRD9,20.17095947265625,8.697395324707031,398
1519,BRDT,3.4354701042175293,8.24207878112793,403
1520,BRF1,17.4193172454834,6.279284954071045,380
1521,BRF2,34.416866302490234,7.301300525665283,364
1522,BRI3,16.101783752441406,21.381834030151367,260
1523,BRI3BP,17.435224533081055,-20.349821090698242,140
1524,BRICD5,76.98516845703125,-10.418582916259766,188
1525,BRINP1,50.63528060913086,-12.089838027954102,182
1526,BRINP2,52.26466751098633,-11.986916542053223,179
1527,BRINP3,51.40972137451172,-12.206707000732422,179
1528,BRIP1,11.819419860839844,5.74440860748291,381
1529,BRIX1,40.08473587036133,12.558737754821777,210
1530,BRK1,43.75453567504883,14.361091613769531,321
1531,BRMS1,24.34443473815918,10.963316917419434,390
1532,BRMS1L,23.081947326660156,9.918195724487305,385
1533,BROX,16.659622192382812,-0.5892264246940613,393
1534,BRPF1,10.127639770507812,6.8286261558532715,395
1535,BRPF3,10.85091495513916,6.667748928070068,395
1536,BRSK1,56.77227783203125,36.833797454833984,69
1537,BRSK2,57.609413146972656,36.79871368408203,69
1538,BSCL2,27.516494750976562,-11.969250679016113,98
1539,BSDC1,19.008392333984375,5.782928943634033,372
1540,BSG,20.036705017089844,30.507352828979492,230
1541,BSND,16.52114486694336,24.202608108520508,224
1542,BSPH1,76.70732879638672,-16.507381439208984,200
1543,BSPRY,-59.3838005065918,4.166264057159424,28
1544,BST1,62.75483703613281,-6.055553913116455,212
1545,BST2,15.028888702392578,28.12570571899414,220
1546,BSX,-22.83622169494629,21.07497787475586,194
1547,BTAF1,15.923049926757812,-6.859681606292725,278
1548,BTBD1,32.562591552734375,6.0373969078063965,443
1549,BTBD10,28.19162368774414,7.106078624725342,450
1550,BTBD11,19.03209686279297,-0.13226284086704254,376
1551,BTBD16,33.51819610595703,4.533088684082031,443
1552,BTBD17,68.74491882324219,-6.5255913734436035,201
1553,BTBD18,2.9015743732452393,12.988482475280762,289
1554,BTBD19,60.54862976074219,-31.616411209106445,53
1555,BTBD2,29.214183807373047,6.040286064147949,451
1556,BTBD3,30.3414249420166,5.72177267074585,451
1557,BTBD6,31.02623748779297,5.88896369934082,451
1558,BTBD7,7.289003372192383,3.8071367740631104,363
1559,BTBD8,3.739846706390381,4.730690002441406,407
1560,BTBD9,23.687667846679688,1.2777519226074219,301
1561,BTC,20.74689483642578,25.683349609375,229
1562,BTD,65.14443969726562,-5.834218978881836,212
1563,BTF3,120.71376037597656,8.910161972045898,20
1564,BTF3L4,47.605194091796875,15.301824569702148,322
1565,BTG1,14.226534843444824,11.447834968566895,341
1566,BTG2,12.763152122497559,11.840578079223633,335
1567,BTG3,17.0106143951416,10.41706371307373,384
1568,BTG4,18.612829208374023,10.443197250366211,384
1569,BTLA,14.199414253234863,31.64145278930664,223
1570,BTN1A1,14.77976131439209,35.737979888916016,176
1571,BTN2A1,14.815686225891113,35.50997543334961,176
1572,BTN2A2,14.69390869140625,35.441993713378906,176
1573,BTN3A1,14.697592735290527,35.97572708129883,176
1574,BTN3A2,14.392144203186035,34.40401840209961,176
1575,BTN3A3,14.658702850341797,35.5021858215332,176
1576,BTNL2,16.08683967590332,33.3621940612793,223
1577,BTNL3,14.707706451416016,35.41575241088867,176
1578,BTNL8,14.639840126037598,35.25947189331055,176
1579,BTNL9,14.524530410766602,35.288169860839844,176
1580,BTRC,51.195556640625,23.31869888305664,70
1581,BUB1,4.882495403289795,8.874800682067871,404
1582,BUB1B,4.595689296722412,8.907238006591797,404
1583,BUB3,51.7111701965332,23.434406280517578,70
1584,BUD13,24.07000160217285,11.775934219360352,351
1585,BUD23,43.904422760009766,10.74732780456543,347
1586,BUD31,44.040340423583984,13.513322830200195,321
1587,BVES,27.891204833984375,-17.826757431030273,133
1588,BYSL,39.6479377746582,9.315659523010254,361
1589,BZW1,30.925498962402344,-0.44079676270484924,306
1590,BZW2,30.77716827392578,-1.4872585535049438,303
1591,C10orf105,19.88172721862793,23.569684982299805,228
1592,C10orf120,7.853132247924805,16.103776931762695,331
1593,C10orf143,11.660009384155273,20.466033935546875,324
1594,C10orf53,42.75243377685547,10.129823684692383,347
1595,C10orf55,12.323081970214844,20.40911293029785,324
1596,C10orf62,12.42473030090332,17.898303985595703,342
1597,C10orf67,-8.706644058227539,-0.6145661473274231,251
1598,C10orf82,2.3217220306396484,18.99989891052246,275
1599,C10orf90,2.369446277618408,5.7100419998168945,411
1600,C10orf95,11.701956748962402,18.923641204833984,342
1601,C11orf1,3.425748586654663,18.544721603393555,275
1602,C11orf16,9.611736297607422,15.320760726928711,330
1603,C11orf21,12.551691055297852,20.568403244018555,324
1604,C11orf24,8.509939193725586,25.54340171813965,147
1605,C11orf42,12.220135688781738,15.598095893859863,342
1606,C11orf52,14.029279708862305,18.93638038635254,323
1607,C11orf53,-16.4407901763916,15.96901798248291,190
1608,C11orf54,54.227054595947266,4.055860996246338,440
1609,C11orf68,26.815670013427734,10.335387229919434,410
1610,C11orf71,12.879652976989746,20.008121490478516,324
1611,C11orf86,14.381802558898926,16.497116088867188,338
1612,C11orf87,18.68874168395996,22.948984146118164,228
1613,C11orf91,10.580412864685059,16.446495056152344,342
1614,C11orf94,90.38977813720703,-16.257844924926758,107
1615,C11orf96,12.20302677154541,14.006939888000488,335
1616,C11orf97,18.334583282470703,15.195510864257812,344
1617,C11orf98,37.35981750488281,13.799927711486816,371
1618,C12orf29,43.78301239013672,4.151028633117676,429
1619,C12orf4,32.50740051269531,3.610752820968628,444
1620,C12orf40,3.646495819091797,7.015691757202148,403
1621,C12orf42,10.53847885131836,18.433208465576172,329
1622,C12orf50,7.776084899902344,15.442864418029785,314
1623,C12orf54,12.612092018127441,18.10020637512207,342
1624,C12orf56,22.984495162963867,2.74385666847229,301
1625,C12orf57,26.053165435791016,13.548672676086426,351
1626,C12orf60,20.2515811920166,16.68710708618164,279
1627,C12orf71,11.784279823303223,17.81386375427246,342
1628,C12orf76,12.589746475219727,20.525745391845703,324
1629,C13orf42,10.03169059753418,13.269180297851562,330
1630,C13orf46,9.821654319763184,16.51361656188965,329
1631,C14orf119,31.85420036315918,10.607644081115723,445
1632,C14orf132,20.532136917114258,22.337749481201172,228
1633,C14orf178,11.927610397338867,20.628318786621094,324
1634,C14orf28,43.600135803222656,5.743447303771973,436
1635,C14orf93,12.53194522857666,11.977638244628906,335
1636,C15orf39,-0.04839225485920906,10.497981071472168,320
1637,C15orf40,54.54918670654297,11.301006317138672,196
1638,C15orf61,51.0443115234375,11.54625415802002,196
1639,C15orf62,9.839078903198242,13.90301513671875,330
1640,C16orf46,10.235210418701172,17.464475631713867,329
1641,C16orf54,17.69297218322754,22.31356430053711,260
1642,C16orf72,19.153728485107422,10.873929977416992,384
1643,C16orf74,17.352201461791992,18.148681640625,260
1644,C16orf78,7.1713151931762695,16.522720336914062,331
1645,C16orf82,11.492486953735352,17.248271942138672,329
1646,C16orf86,14.021127700805664,15.329097747802734,342
1647,C16orf87,17.025638580322266,10.829512596130371,384
1648,C16orf89,69.8094253540039,-10.340304374694824,216
1649,C16orf90,10.799576759338379,15.586810111999512,342
1650,C16orf95,12.367047309875488,19.87879180908203,324
1651,C16orf96,5.286818504333496,10.414582252502441,404
1652,C17orf100,11.865838050842285,18.723155975341797,342
1653,C17orf107,17.12710189819336,17.849609375,340
1654,C17orf113,8.836898803710938,12.034276962280273,330
1655,C17orf50,16.04890251159668,15.783356666564941,340
1656,C17orf58,70.96699523925781,-11.739419937133789,218
1657,C17orf64,13.827817916870117,14.467720031738281,342
1658,C17orf67,89.76902770996094,-16.099409103393555,107
1659,C17orf75,30.791078567504883,8.954663276672363,428
1660,C17orf78,17.055265426635742,18.94650650024414,260
1661,C17orf80,2.2331066131591797,9.513870239257812,320
1662,C17orf98,18.795059204101562,17.92949676513672,279
1663,C17orf99,17.53350830078125,32.18368148803711,227
1664,C18orf21,28.692502975463867,11.331958770751953,427
1665,C18orf25,19.132081985473633,7.737558841705322,383
1666,C18orf32,65.50301361083984,16.432714462280273,163
1667,C18orf63,9.017809867858887,7.410427570343018,395
1668,C19orf12,56.605098724365234,4.739866256713867,349
1669,C19orf18,16.32858657836914,24.675477981567383,224
1670,C19orf25,29.77423667907715,12.961925506591797,449
1671,C19orf44,3.4226486682891846,7.068332672119141,403
1672,C19orf47,8.483451843261719,11.34188461303711,330
1673,C19orf53,44.48334884643555,16.55031394958496,173
1674,C19orf54,43.996360778808594,6.922693252563477,436
1675,C19orf67,18.50916290283203,12.876657485961914,346
1676,C19orf71,4.170287132263184,18.11429214477539,275
1677,C19orf73,11.983684539794922,20.343549728393555,324
1678,C19orf81,24.15524673461914,15.115558624267578,290
1679,C19orf84,12.454778671264648,17.79267120361328,342
1680,C19orf85,7.285019874572754,16.617521286010742,331
1681,C1D,34.07328796386719,11.324065208435059,445
1682,C1GALT1,76.62781524658203,-4.981739521026611,205
1683,C1GALT1C1L,75.5064468383789,-4.972737789154053,205
1684,C1QA,95.80826568603516,-11.219208717346191,93
1685,C1QB,96.39884185791016,-11.271320343017578,93
1686,C1QBP,59.76304244995117,11.430642127990723,328
1687,C1QC,95.86582946777344,-11.204985618591309,93
1688,C1QL1,93.96672821044922,-10.776351928710938,93
1689,C1QL2,93.72543334960938,-10.723161697387695,93
1690,C1QL3,93.93922424316406,-10.66492748260498,93
1691,C1QL4,94.21212005615234,-10.730574607849121,93
1692,C1QTNF1,94.73497009277344,-10.93526554107666,93
1693,C1QTNF12,88.88590240478516,-9.969685554504395,93
1694,C1QTNF2,97.06339263916016,-11.273893356323242,93
1695,C1QTNF3,94.59445190429688,-11.172182083129883,93
1696,C1QTNF4,92.65824890136719,-10.285764694213867,93
1697,C1QTNF5,95.59510040283203,-11.249029159545898,93
1698,C1QTNF6,93.92963409423828,-10.873137474060059,93
1699,C1QTNF7,98.12039184570312,-11.649206161499023,93
1700,C1QTNF8,92.80119323730469,-10.4330415725708,93
1701,C1QTNF9,101.58665466308594,-12.260930061340332,91
1702,C1QTNF9B,102.80011749267578,-12.432185173034668,91
1703,C1R,68.47818756103516,-19.11448860168457,118
1704,C1RL,68.67648315429688,-19.843734741210938,118
1705,C1S,68.07794952392578,-18.995874404907227,118
1706,C1orf100,3.8933870792388916,18.447010040283203,275
1707,C1orf105,6.0714640617370605,17.65708351135254,332
1708,C1orf109,30.019742965698242,10.201394081115723,427
1709,C1orf112,24.540977478027344,-5.107580661773682,310
1710,C1orf115,22.83628273010254,14.872895240783691,290
1711,C1orf122,19.40399742126465,14.417428970336914,344
1712,C1orf127,3.1482677459716797,12.505697250366211,320
1713,C1orf131,35.214656829833984,13.506051063537598,367
1714,C1orf141,7.409711837768555,16.55818748474121,331
1715,C1orf159,17.088993072509766,24.844404220581055,224
1716,C1orf162,12.91315746307373,31.85186195373535,222
1717,C1orf167,2.3792734146118164,11.031697273254395,320
1718,C1orf174,15.066481590270996,11.964873313903809,341
1719,C1orf185,17.835655212402344,19.515993118286133,260
1720,C1orf198,11.772183418273926,13.205221176147461,335
1721,C1orf21,18.36033058166504,15.683372497558594,344
1722,C1orf210,20.089296340942383,23.8835391998291,228
1723,C1orf216,14.125229835510254,14.736502647399902,342
1724,C1orf226,9.56581974029541,14.581697463989258,330
1725,C1orf232,18.142709732055664,16.521705627441406,344
1726,C1orf43,37.088035583496094,10.995742797851562,370
1727,C1orf50,38.57583999633789,10.790078163146973,370
1728,C1orf52,30.667724609375,12.099990844726562,455
1729,C1orf53,58.6099853515625,11.874160766601562,328
1730,C1orf54,12.812393188476562,25.5643253326416,147
1731,C1orf74,43.87498092651367,6.006646633148193,436
1732,C1orf87,0.878324031829834,0.7482474446296692,389
1733,C1orf94,-2.5506911277770996,15.617835998535156,145
1734,C2,68.01875305175781,-18.87507438659668,118
1735,C20orf141,16.601015090942383,-18.881576538085938,153
1736,C20orf144,14.459601402282715,17.293663024902344,338
1737,C20orf173,14.122446060180664,19.761871337890625,323
1738,C20orf202,14.786271095275879,15.981335639953613,338
1739,C20orf203,11.929931640625,20.737674713134766,324
1740,C20orf204,35.35975646972656,28.26268196105957,94
1741,C20orf27,48.39270782470703,6.371252059936523,456
1742,C20orf85,3.7157340049743652,18.070079803466797,275
1743,C20orf96,-11.860381126403809,-0.3353970944881439,255
1744,C21orf58,9.962913513183594,14.575799942016602,330
1745,C21orf62,41.03303146362305,8.80608081817627,361
1746,C22orf15,11.164011001586914,14.417689323425293,330
1747,C22orf23,10.000019073486328,16.299930572509766,342
1748,C22orf31,9.819609642028809,17.327009201049805,329
1749,C22orf39,50.814292907714844,15.641345977783203,247
1750,C22orf42,5.184709072113037,19.132144927978516,274
1751,C2CD2,17.398290634155273,-2.985175132751465,377
1752,C2CD2L,16.70265007019043,-2.062143564224243,377
1753,C2CD3,3.762284278869629,1.433260440826416,389
1754,C2CD4A,13.119230270385742,13.232965469360352,335
1755,C2CD4B,13.011982917785645,13.197413444519043,335
1756,C2CD4C,11.23717975616455,9.869330406188965,379
1757,C2CD4D,12.831717491149902,12.496667861938477,335
1758,C2CD5,21.128925323486328,-2.4240942001342773,297
1759,C2CD6,1.0261132717132568,3.3719727993011475,399
1760,C2orf15,14.804064750671387,18.243101119995117,323
1761,C2orf42,33.62194061279297,5.950570583343506,364
1762,C2orf49,27.376989364624023,12.431402206420898,442
1763,C2orf50,17.459680557250977,15.650245666503906,340
1764,C2orf66,90.14832305908203,-16.17462730407715,107
1765,C2orf68,18.679521560668945,14.986422538757324,344
1766,C2orf69,44.21401596069336,3.3913955688476562,435
1767,C2orf72,21.91562271118164,13.109354019165039,343
1768,C2orf73,4.072992324829102,17.67604637145996,275
1769,C2orf74,17.229290008544922,21.831560134887695,260
1770,C2orf76,45.327728271484375,13.61048412322998,321
1771,C2orf78,0.904534101486206,15.060688018798828,281
1772,C2orf80,32.60270309448242,10.261540412902832,445
1773,C2orf81,2.0797641277313232,12.422806739807129,320
1774,C2orf88,16.779748916625977,16.881683349609375,340
1775,C2orf92,9.23631477355957,19.99396514892578,329
1776,C3,50.025787353515625,-13.532879829406738,182
1777,C3AR1,-108.21873474121094,-18.61594009399414,14
1778,C3orf14,22.703176498413086,15.670950889587402,280
1779,C3orf18,18.501333236694336,23.80997085571289,224
1780,C3orf20,2.5316264629364014,1.0081825256347656,389
1781,C3orf22,12.044678688049316,20.009904861450195,324
1782,C3orf33,47.95143508911133,7.888072490692139,433
1783,C3orf38,31.26338005065918,6.747912883758545,451
1784,C3orf49,12.286016464233398,16.055322647094727,342
1785,C3orf56,10.182315826416016,17.88352394104004,329
1786,C3orf62,15.030655860900879,18.844646453857422,323
1787,C3orf70,17.911714553833008,14.957706451416016,344
1788,C3orf80,14.699673652648926,16.08039093017578,338
1789,C3orf84,3.473261594772339,18.524457931518555,275
1790,C3orf85,25.6597900390625,23.40804100036621,96
1791,C4A,50.24649429321289,-13.376360893249512,182
1792,C4B,50.4828987121582,-13.424607276916504,182
1793,C4BPA,30.134727478027344,35.07820510864258,63
1794,C4BPB,30.396286010742188,35.11210250854492,63
1795,C4orf17,7.024502277374268,16.82564926147461,331
1796,C4orf19,10.718704223632812,13.88757610321045,330
1797,C4orf3,25.07023048400879,20.26074981689453,221
1798,C4orf33,48.21744155883789,5.314716339111328,419
1799,C4orf36,13.67839241027832,19.864952087402344,325
1800,C4orf45,4.485981464385986,17.566082000732422,275
1801,C4orf46,31.04035186767578,11.1987886428833,454
1802,C4orf47,2.647151231765747,18.659215927124023,275
1803,C4orf48,91.60893249511719,-16.729249954223633,107
1804,C4orf50,-6.356289386749268,-1.0360772609710693,257
1805,C4orf51,5.4452924728393555,18.473814010620117,274
1806,C4orf54,-1.6510554552078247,8.899380683898926,320
1807,C5,50.3447151184082,-13.56513786315918,182
1808,C5AR1,-110.62054443359375,-18.614131927490234,14
1809,C5AR2,-108.52855682373047,-19.392194747924805,14
1810,C5orf22,40.44137954711914,4.833691120147705,432
1811,C5orf24,16.18410873413086,13.378923416137695,341
1812,C5orf34,33.104427337646484,3.417802095413208,444
1813,C5orf38,12.031012535095215,20.514331817626953,324
1814,C5orf46,28.46675682067871,24.74274444580078,96
1815,C5orf47,16.59245491027832,17.9389591217041,340
1816,C5orf49,3.278592586517334,18.431358337402344,275
1817,C5orf52,9.13896656036377,17.966073989868164,329
1818,C5orf58,19.6800537109375,12.797478675842285,345
1819,C5orf63,15.817154884338379,19.01152229309082,323
1820,C5orf67,11.95565414428711,20.430864334106445,324
1821,C6,67.6148681640625,-17.246627807617188,118
1822,C6orf118,-11.175588607788086,-0.05402451753616333,255
1823,C6orf120,44.246063232421875,7.890138149261475,436
1824,C6orf132,0.6180704832077026,10.888382911682129,320
1825,C6orf136,53.60009765625,9.532319068908691,353
1826,C6orf141,13.58527946472168,17.08637237548828,333
1827,C6orf15,3.892674684524536,19.267980575561523,275
1828,C6orf163,-12.734519004821777,-1.8172013759613037,255
1829,C6orf223,12.132990837097168,20.322721481323242,324
1830,C6orf226,23.651683807373047,14.424628257751465,290
1831,C6orf47,17.04370880126953,14.4059419631958,339
1832,C6orf52,10.49947452545166,16.541975021362305,329
1833,C6orf62,41.93241882324219,6.646054744720459,436
1834,C6orf89,71.20510864257812,-4.738186359405518,205
1835,C7,66.05387115478516,-17.04587173461914,197
1836,C7orf25,38.90631866455078,4.766911029815674,432
1837,C7orf31,3.1808228492736816,18.923290252685547,275
1838,C7orf33,12.439082145690918,20.669649124145508,324
1839,C7orf50,34.00126647949219,13.312929153442383,367
1840,C7orf57,3.92435884475708,18.36354637145996,275
1841,C7orf61,14.512126922607422,18.71455955505371,323
1842,C7orf77,12.395018577575684,20.551225662231445,324
1843,C8A,68.6955795288086,-17.342849731445312,118
1844,C8B,68.72698211669922,-17.650239944458008,118
1845,C8G,-11.580202102661133,-16.002965927124023,49
1846,C8orf33,36.14026641845703,13.532876968383789,371
1847,C8orf34,7.606029987335205,12.180745124816895,330
1848,C8orf48,8.495733261108398,16.099130630493164,331
1849,C8orf58,12.496475219726562,15.223836898803711,342
1850,C8orf74,20.00416374206543,15.44495964050293,344
1851,C8orf76,36.1087532043457,5.699265003204346,360
1852,C8orf82,21.482147216796875,13.32587718963623,343
1853,C8orf86,12.278642654418945,20.852867126464844,324
1854,C8orf88,14.653901100158691,15.630221366882324,338
1855,C8orf89,8.398754119873047,16.223743438720703,331
1856,C9,69.08332824707031,-16.251527786254883,215
1857,C9orf131,1.0582722425460815,15.415938377380371,281
1858,C9orf152,11.258562088012695,16.691404342651367,329
1859,C9orf153,14.467740058898926,18.481351852416992,323
1860,C9orf40,20.99393081665039,13.031861305236816,343
1861,C9orf43,6.487823486328125,16.77922821044922,332
1862,C9orf50,11.905680656433105,16.37066650390625,342
1863,C9orf57,77.77045440673828,-16.448759078979492,200
1864,C9orf64,51.27644729614258,5.15351676940918,439
1865,C9orf72,32.2993278503418,2.240715503692627,402
1866,C9orf78,30.033830642700195,13.187606811523438,449
1867,C9orf85,38.538028717041016,12.17849349975586,371
1868,C9orf92,12.28837776184082,20.725162506103516,324
1869,CA1,59.393714904785156,-2.669748067855835,213
1870,CA10,59.55754470825195,-3.299001932144165,213
1871,CA11,60.58491897583008,-6.059539794921875,212
1872,CA12,61.61386489868164,-5.442221164703369,212
1873,CA13,58.63978576660156,-2.7347655296325684,213
1874,CA14,60.97058868408203,-5.1877522468566895,212
1875,CA2,59.53530502319336,-2.5835695266723633,213
1876,CA3,59.58666229248047,-2.968397378921509,213
1877,CA4,59.743099212646484,-4.526736736297607,214
1878,CA5A,59.844032287597656,-3.016789197921753,213
1879,CA6,62.22425079345703,-5.971453666687012,212
1880,CA7,59.276824951171875,-2.9013867378234863,213
1881,CA8,53.03825759887695,0.2735463082790375,270
1882,CA9,60.539939880371094,-5.804220199584961,212
1883,CAAP1,21.36440658569336,10.379219055175781,385
1884,CAB39,27.61977767944336,-3.937746286392212,315
1885,CAB39L,27.465036392211914,-3.6423585414886475,315
1886,CABCOCO1,-6.078017234802246,-0.03239718824625015,257
1887,CABIN1,17.619882583618164,-7.792581081390381,278
1888,CABLES1,12.403664588928223,6.035409450531006,381
1889,CABLES2,16.410104751586914,8.559786796569824,359
1890,CABP1,-41.95844268798828,-7.454497814178467,44
1891,CABP2,-41.955623626708984,-7.431689739227295,44
1892,CABP4,-41.48457717895508,-7.238199710845947,44
1893,CABP5,-41.894439697265625,-7.415606498718262,44
1894,CABP7,-41.659767150878906,-7.119340896606445,44
1895,CABS1,5.99872350692749,17.465377807617188,332
1896,CABYR,3.8024039268493652,17.09642791748047,275
1897,CACFD1,8.150557518005371,-21.498857498168945,139
1898,CACHD1,56.38983917236328,-11.621846199035645,187
1899,CACNA1A,40.034820556640625,-21.760501861572266,99
1900,CACNA1B,40.399757385253906,-21.88845443725586,99
1901,CACNA1D,39.94688034057617,-21.67896270751953,99
1902,CACNA1G,40.06040573120117,-21.71889305114746,99
1903,CACNA1H,40.61927795410156,-21.655038833618164,99
1904,CACNA1I,39.96873474121094,-21.51155662536621,99
1905,CACNA1S,40.425907135009766,-21.636354446411133,99
1906,CACNA2D1,51.227577209472656,-12.84439754486084,182
1907,CACNA2D2,55.18004608154297,-12.060839653015137,187
1908,CACNA2D3,53.63188934326172,-12.44525146484375,179
1909,CACNA2D4,53.614715576171875,-12.108572959899902,179
1910,CACNB1,9.088815689086914,1.2762885093688965,365
1911,CACNB2,5.866248607635498,-0.1510908603668213,389
1912,CACNB3,8.462782859802246,1.065565586090088,365
1913,CACNB4,8.68976879119873,0.07497944682836533,365
1914,CACNG1,-0.6305133700370789,-23.569955825805664,104
1915,CACNG2,-0.9771267175674438,-23.613384246826172,104
1916,CACNG3,-0.8301949501037598,-23.56661033630371,104
1917,CACNG4,-0.313130646944046,-23.29343032836914,104
1918,CACNG5,-0.19599677622318268,-23.258886337280273,104
1919,CACNG6,-1.3142163753509521,-23.51964569091797,104
1920,CACNG7,-0.42335256934165955,-23.37569808959961,104
1921,CACNG8,25.474170684814453,-17.47349739074707,124
1922,CACTIN,23.72185707092285,10.798638343811035,390
1923,CACUL1,27.49444007873535,7.753450393676758,450
1924,CACYBP,38.96561813354492,10.078814506530762,361
1925,CAD,17.227218627929688,-8.404199600219727,278
1926,CADM1,47.95568084716797,-15.319003105163574,181
1927,CADM2,47.62871170043945,-14.907275199890137,181
1928,CADM3,19.432106018066406,30.001245498657227,230
1929,CADM4,19.62383460998535,30.32538604736328,230
1930,CADPS,17.22596549987793,-3.0131144523620605,377
1931,CADPS2,19.992000579833984,-2.9473540782928467,297
1932,CAGE1,-11.407503128051758,-0.8026344180107117,255
1933,CALB1,-41.615203857421875,-7.368478775024414,44
1934,CALB2,-41.926815032958984,-7.165643692016602,44
1935,CALCA,92.37427520751953,-16.839570999145508,107
1936,CALCB,92.12520599365234,-16.79026222229004,107
1937,CALCOCO1,-10.940325736999512,-3.126220226287842,253
1938,CALCOCO2,-8.793900489807129,-2.9487226009368896,253
1939,CALCR,33.6926155090332,-23.313579559326172,117
1940,CALCRL,33.044124603271484,-23.332794189453125,117
1941,CALD1,1.499595284461975,4.442192554473877,406
1942,CALHM1,19.675186157226562,-17.814186096191406,128
1943,CALHM2,17.463043212890625,-17.471717834472656,128
1944,CALHM3,19.35834312438965,-17.559080123901367,128
1945,CALHM4,17.4340763092041,-17.714731216430664,128
1946,CALHM5,18.233898162841797,-17.241825103759766,128
1947,CALHM6,17.450380325317383,-17.4617862701416,128
1948,CALM1,-42.167415618896484,-7.555659294128418,44
1949,CALM2,-42.47264099121094,-7.71368932723999,44
1950,CALM3,-42.2183837890625,-7.565250873565674,44
1951,CALML3,-42.05635452270508,-7.493100643157959,44
1952,CALML4,-40.68879318237305,-7.0696635246276855,44
1953,CALML5,-41.813533782958984,-7.4084696769714355,44
1954,CALML6,-42.286373138427734,-7.55453634262085,44
1955,CALN1,-41.3717041015625,-7.325202465057373,44
1956,CALR,55.199729919433594,-4.591088771820068,186
1957,CALR3,54.25041580200195,-4.323122501373291,186
1958,CALU,57.40419387817383,-8.050918579101562,185
1959,CALY,19.236751556396484,24.448726654052734,228
1960,CAMK1,55.33614730834961,38.22648620605469,69
1961,CAMK1D,56.83894348144531,37.51266860961914,69
1962,CAMK1G,55.21134948730469,38.16386795043945,69
1963,CAMK2A,57.589534759521484,37.579776763916016,69
1964,CAMK2B,57.4279899597168,37.61983108520508,69
1965,CAMK2D,57.40027618408203,37.51719284057617,69
1966,CAMK2G,57.4522819519043,37.71626281738281,69
1967,CAMK2N1,16.764936447143555,17.393186569213867,340
1968,CAMK2N2,15.86166000366211,17.998491287231445,338
1969,CAMK4,56.591209411621094,37.58708953857422,69
1970,CAMKK1,57.75859451293945,37.090084075927734,69
1971,CAMKK2,57.10496139526367,37.408653259277344,69
1972,CAMKMT,44.251548767089844,5.351504325866699,436
1973,CAMKV,55.36956024169922,37.77084732055664,69
1974,CAMLG,23.96365737915039,10.925583839416504,390
1975,CAMP,-11.595484733581543,-15.51562786102295,49
1976,CAMSAP1,1.0584174394607544,0.9822307229042053,389
1977,CAMSAP2,1.697126865386963,0.6012462973594666,389
1978,CAMSAP3,-1.3460853099822998,1.903313159942627,300
1979,CAMTA1,-5.520984649658203,7.562076091766357,271
1980,CAMTA2,12.832812309265137,0.047407835721969604,415
1981,CAND1,25.459884643554688,-5.570577144622803,310
1982,CAND2,25.299301147460938,-4.926028728485107,310
1983,CANT1,72.2123794555664,-3.9902970790863037,205
1984,CANX,54.43798828125,-4.7448248863220215,186
1985,CAP1,0.4603882431983948,3.222855806350708,399
1986,CAP2,-0.7801492214202881,2.7219316959381104,399
1987,CAPG,25.913421630859375,-0.2923159599304199,311
1988,CAPN1,39.99995803833008,-3.036656618118286,286
1989,CAPN10,40.557044982910156,-1.6858717203140259,285
1990,CAPN11,39.48351287841797,-3.0492093563079834,286
1991,CAPN12,39.272579193115234,-2.7557809352874756,286
1992,CAPN13,40.37803268432617,-2.9110586643218994,286
1993,CAPN14,40.44411849975586,-3.136557102203369,286
1994,CAPN15,8.93382453918457,5.786656856536865,387
1995,CAPN2,39.550682067871094,-2.6369025707244873,286
1996,CAPN3,39.9395637512207,-3.000187873840332,286
1997,CAPN5,37.78110122680664,-2.6344985961914062,285
1998,CAPN7,45.37492752075195,-9.244367599487305,151
1999,CAPN8,40.50554656982422,-3.0204150676727295,286
2000,CAPN9,40.45827102661133,-2.8948397636413574,286
2001,CAPNS1,-38.430564880371094,-6.24444580078125,43
2002,CAPNS2,-39.014732360839844,-6.457799911499023,43
2003,CAPRIN1,-12.245933532714844,9.585661888122559,272
2004,CAPRIN2,-5.745425224304199,7.758474349975586,271
2005,CAPS,-38.916175842285156,-6.57813024520874,43
2006,CAPS2,9.272199630737305,1.3810542821884155,365
2007,CAPSL,-40.936546325683594,-7.121729850769043,44
2008,CAPZA1,35.89973068237305,6.449981689453125,360
2009,CAPZA2,35.268619537353516,6.061374664306641,364
2010,CAPZA3,36.40311813354492,7.26309061050415,360
2011,CAPZB,38.134971618652344,8.113008499145508,425
2012,CARD10,-3.156568765640259,-1.0220015048980713,254
2013,CARD11,-2.240642547607422,-1.5116304159164429,254
2014,CARD14,-2.4215404987335205,-1.2200597524642944,254
2015,CARD16,40.9325065612793,0.6353674530982971,334
2016,CARD18,34.930450439453125,8.214804649353027,369
2017,CARD19,4.338977336883545,16.931583404541016,275
2018,CARD6,6.831758975982666,11.892427444458008,330
2019,CARD8,42.002750396728516,-3.042451858520508,283
2020,CARD9,-7.188395023345947,-2.067675828933716,257
2021,CARF,-19.66803550720215,12.007855415344238,264
2022,CARHSP1,28.65691375732422,9.306224822998047,447
2023,CARM1,28.143596649169922,6.378478527069092,450
2024,CARMIL1,9.240983963012695,1.4684654474258423,365
2025,CARMIL2,7.3980512619018555,0.9125756025314331,354
2026,CARMIL3,7.4797282218933105,1.148842692375183,354
2027,CARNMT1,43.646305084228516,6.159893989562988,436
2028,CARNS1,38.62859344482422,-1.1947073936462402,285
2029,CARS2,52.83740997314453,2.095468044281006,302
2030,CARTPT,90.98529052734375,-16.481754302978516,107
2031,CASC3,-11.87954044342041,8.359749794006348,272
2032,CASD1,23.378074645996094,-21.9222469329834,129
2033,CASKIN1,1.746235966682434,2.2799971103668213,389
2034,CASKIN2,3.5854885578155518,1.9901952743530273,389
2035,CASP1,41.819374084472656,-1.7444216012954712,284
2036,CASP10,39.845863342285156,-1.7153058052062988,285
2037,CASP12,42.386390686035156,-1.4626896381378174,284
2038,CASP14,42.2700080871582,-1.8017903566360474,284
2039,CASP2,40.446266174316406,1.305078387260437,334
2040,CASP3,42.776981353759766,-1.0409272909164429,284
2041,CASP4,42.37516403198242,-1.591458797454834,284
2042,CASP5,42.624942779541016,-1.8828364610671997,284
2043,CASP6,43.12213134765625,-0.20206861197948456,208
2044,CASP7,43.13800048828125,-1.0598571300506592,284
2045,CASP8,40.79319763183594,-1.8479363918304443,286
2046,CASP8AP2,-6.521015167236328,5.46742582321167,272
2047,CASP9,42.43486404418945,2.339458703994751,334
2048,CASQ1,55.44829559326172,-5.397550106048584,186
2049,CASQ2,54.54261779785156,-5.045403957366943,186
2050,CASR,36.05865478515625,-20.384366989135742,115
2051,CASS4,7.860123157501221,3.282968521118164,354
2052,CAST,4.308249473571777,9.777634620666504,320
2053,CASTOR1,38.13151550292969,3.8369181156158447,430
2054,CASTOR2,29.95451545715332,4.598601341247559,444
2055,CASZ1,-29.10932731628418,10.710519790649414,144
2056,CAT,62.95250701904297,1.8514522314071655,244
2057,CATIP,29.341646194458008,0.7184849977493286,306
2058,CATSPER1,2.44199538230896,16.999605178833008,275
2059,CATSPER2,27.11492919921875,-19.567913055419922,133
2060,CATSPER3,26.216426849365234,-19.315147399902344,126
2061,CATSPER4,27.28973960876465,-19.961671829223633,133
2062,CATSPERB,44.2469596862793,-6.108246326446533,151
2063,CATSPERD,44.15885925292969,-5.665936470031738,151
2064,CATSPERE,44.626365661621094,-6.246725082397461,151
2065,CATSPERG,44.48801803588867,-6.254394054412842,151
2066,CATSPERZ,19.65460205078125,15.635310173034668,344
2067,CAV1,22.072669982910156,18.66556739807129,279
2068,CAV2,21.936660766601562,18.84638214111328,279
2069,CAV3,22.07786750793457,19.006505966186523,279
2070,CAVIN1,15.914106369018555,13.800704956054688,341
2071,CAVIN2,15.276280403137207,14.045478820800781,341
2072,CAVIN3,18.163854598999023,14.116541862487793,344
2073,CAVIN4,16.03668785095215,12.990948677062988,341
2074,CBARP,10.49669075012207,14.391709327697754,330
2075,CBFA2T2,-6.316690444946289,10.199798583984375,272
2076,CBFA2T3,-4.578294277191162,9.802785873413086,192
2077,CBFB,20.831539154052734,4.516919136047363,373
2078,CBL,1.5904663801193237,4.31701135635376,406
2079,CBLB,-1.5795483589172363,3.347904920578003,299
2080,CBLC,18.446203231811523,2.2627482414245605,418
2081,CBLIF,68.94124603271484,-9.864989280700684,216
2082,CBLL1,-13.05429458618164,7.807424545288086,261
2083,CBLN1,93.13448333740234,-10.460121154785156,93
2084,CBLN2,92.96327209472656,-10.461742401123047,93
2085,CBLN3,91.48180389404297,-10.497289657592773,93
2086,CBLN4,93.35128784179688,-10.543148040771484,93
2087,CBR1,60.335044860839844,4.02543306350708,349
2088,CBR3,56.9409065246582,4.428956508636475,349
2089,CBR4,65.71807098388672,2.2748422622680664,244
2090,CBS,64.56058502197266,4.987123012542725,358
2091,CBWD1,52.88875961303711,5.4580793380737305,453
2092,CBWD2,52.14592361450195,5.2839860916137695,453
2093,CBWD3,52.733036041259766,5.187785625457764,453
2094,CBWD5,51.16645812988281,5.090719223022461,439
2095,CBWD6,51.53899002075195,4.986302852630615,439
2096,CBX1,26.752222061157227,14.572279930114746,268
2097,CBX2,4.864015579223633,10.621352195739746,320
2098,CBX3,30.551673889160156,14.563772201538086,448
2099,CBX4,4.189875602722168,10.223413467407227,320
2100,CBX5,26.89067268371582,14.848422050476074,268
2101,CBX6,11.240655899047852,11.316245079040527,330
2102,CBX7,12.067155838012695,10.722456932067871,335
2103,CBX8,5.638734817504883,10.831551551818848,404
2104,CBY1,17.224489212036133,13.555279731750488,339
2105,CBY3,12.287717819213867,18.125280380249023,342
2106,CC2D1A,20.480731964111328,4.101184844970703,373
2107,CC2D1B,19.891752243041992,5.527436256408691,372
2108,CC2D2A,-1.8070361614227295,-0.3931232988834381,250
2109,CC2D2B,7.160960674285889,0.897918164730072,354
2110,CCAR1,-12.73714828491211,7.4737324714660645,261
2111,CCAR2,24.152074813842773,2.5750505924224854,301
2112,CCBE1,66.48985290527344,-16.44657325744629,198
2113,CCDC102A,-7.919161319732666,-2.4517815113067627,257
2114,CCDC102B,-11.871193885803223,-2.969194173812866,258
2115,CCDC103,28.35464859008789,10.86977481842041,427
2116,CCDC105,-16.674287796020508,0.5205181241035461,249
2117,CCDC106,15.59829330444336,13.586931228637695,341
2118,CCDC107,20.51907730102539,16.427410125732422,344
2119,CCDC110,-10.548038482666016,-0.10805554687976837,255
2120,CCDC112,-6.490426063537598,1.356666922569275,245
2121,CCDC113,-13.145819664001465,-0.26184356212615967,255
2122,CCDC115,35.86671447753906,11.622275352478027,369
2123,CCDC116,-0.07396912574768066,11.143186569213867,320
2124,CCDC117,15.353499412536621,13.102547645568848,341
2125,CCDC12,30.678844451904297,13.934876441955566,448
2126,CCDC121,-11.477104187011719,-1.115653395652771,255
2127,CCDC122,-11.825069427490234,-1.2616620063781738,255
2128,CCDC124,32.00362014770508,14.052543640136719,448
2129,CCDC125,-7.290913105010986,-1.3059779405593872,257
2130,CCDC126,33.19620895385742,3.6440865993499756,444
2131,CCDC127,22.355348587036133,16.02545166015625,280
2132,CCDC13,-8.494674682617188,-2.0323381423950195,257
2133,CCDC134,29.30748176574707,9.340154647827148,427
2134,CCDC136,-11.606182098388672,-2.8698606491088867,258
2135,CCDC137,36.27711868286133,13.709545135498047,371
2136,CCDC138,20.30423927307129,2.328803300857544,400
2137,CCDC14,-5.59921932220459,0.6332773566246033,245
2138,CCDC140,12.634186744689941,20.703712463378906,324
2139,CCDC141,12.836413383483887,0.2855863869190216,415
2140,CCDC142,31.62086296081543,-0.9780109524726868,336
2141,CCDC144A,-21.08268165588379,-5.696981430053711,66
2142,CCDC146,-13.2131986618042,-1.089016318321228,255
2143,CCDC148,-8.446548461914062,0.32959070801734924,251
2144,CCDC149,-4.341678619384766,-0.5905752778053284,254
2145,CCDC15,-2.920348882675171,5.150209426879883,299
2146,CCDC150,-14.124239921569824,-3.6103198528289795,259
2147,CCDC152,-11.943429946899414,-2.256486177444458,258
2148,CCDC153,-13.76412296295166,-0.44042667746543884,255
2149,CCDC154,-11.9324951171875,-1.799975872039795,255
2150,CCDC157,-9.008927345275879,-0.7906672954559326,251
2151,CCDC158,-14.959653854370117,-3.5452489852905273,259
2152,CCDC159,11.759956359863281,15.249034881591797,342
2153,CCDC163,15.514215469360352,19.064167022705078,323
2154,CCDC166,20.650390625,14.234936714172363,346
2155,CCDC167,36.67106246948242,17.695030212402344,172
2156,CCDC169,-6.766587734222412,-0.888113796710968,257
2157,CCDC17,6.517673969268799,12.040599822998047,330
2158,CCDC170,-14.079764366149902,-2.3458921909332275,249
2159,CCDC171,-13.923164367675781,-3.691795587539673,259
2160,CCDC172,-11.778682708740234,-1.1098260879516602,255
2161,CCDC174,29.84549331665039,13.294129371643066,449
2162,CCDC175,-12.314231872558594,-1.228170394897461,255
2163,CCDC177,-8.871277809143066,-0.9768384695053101,251
2164,CCDC178,-12.12827205657959,-0.834028422832489,255
2165,CCDC179,14.049553871154785,19.53329086303711,323
2166,CCDC18,-14.489083290100098,-3.6771600246429443,259
2167,CCDC180,-6.314698696136475,-0.6495200395584106,257
2168,CCDC181,-6.130964756011963,1.9426982402801514,245
2169,CCDC182,20.41179656982422,15.175803184509277,344
2170,CCDC183,-14.132889747619629,-0.4317968785762787,255
2171,CCDC184,16.707252502441406,14.476555824279785,339
2172,CCDC185,-10.183362007141113,0.1340494453907013,255
2173,CCDC186,-12.575235366821289,-3.4950356483459473,259
2174,CCDC187,0.3164639472961426,10.16871166229248,320
2175,CCDC188,12.913487434387207,15.106287002563477,342
2176,CCDC190,10.340010643005371,15.413101196289062,342
2177,CCDC191,-6.658146381378174,1.321225643157959,245
2178,CCDC192,-11.626689910888672,-2.032540798187256,258
2179,CCDC194,20.88324737548828,14.457297325134277,346
2180,CCDC195,11.652873039245605,16.233322143554688,342
2181,CCDC196,-14.797587394714355,-0.7690820693969727,249
2182,CCDC197,21.748125076293945,14.899677276611328,290
2183,CCDC198,5.736926555633545,16.914146423339844,332
2184,CCDC200,-12.961116790771484,10.882156372070312,272
2185,CCDC201,12.789705276489258,17.477771759033203,342
2186,CCDC24,13.459491729736328,14.017772674560547,342
2187,CCDC25,30.923572540283203,13.371220588684082,448
2188,CCDC27,-8.898903846740723,-0.22968631982803345,251
2189,CCDC28A,24.52232551574707,12.912829399108887,351
2190,CCDC28B,24.921794891357422,13.98427963256836,351
2191,CCDC3,68.05571746826172,-11.665201187133789,217
2192,CCDC30,-12.809028625488281,-3.1056039333343506,259
2193,CCDC32,14.561487197875977,17.55890464782715,338
2194,CCDC33,-5.776423454284668,-0.5203602910041809,257
2195,CCDC34,-6.6141815185546875,1.6029541492462158,245
2196,CCDC38,-11.23139762878418,-0.3136332929134369,255
2197,CCDC40,-13.244104385375977,-0.8505479693412781,255
2198,CCDC42,-13.144994735717773,-0.38797900080680847,255
2199,CCDC43,29.712425231933594,12.685778617858887,449
2200,CCDC47,36.71199035644531,12.083578109741211,371
2201,CCDC50,11.447968482971191,5.312041282653809,381
2202,CCDC51,54.486846923828125,9.072484016418457,353
2203,CCDC54,14.879621505737305,18.031356811523438,323
2204,CCDC57,-11.67141056060791,-2.618190050125122,258
2205,CCDC59,34.13512420654297,13.683736801147461,367
2206,CCDC6,-4.052656173706055,-0.4541266858577728,254
2207,CCDC60,5.02996826171875,16.598339080810547,275
2208,CCDC61,1.634312391281128,1.6581910848617554,389
2209,CCDC62,-7.3541259765625,-0.4131176471710205,257
2210,CCDC63,-14.00954532623291,-0.6780296564102173,255
2211,CCDC65,-13.565105438232422,-0.7032392621040344,255
2212,CCDC66,-4.593688011169434,3.1806843280792236,300
2213,CCDC68,-10.157621383666992,-2.113497257232666,253
2214,CCDC69,-10.202009201049805,-2.3722612857818604,253
2215,CCDC7,-0.6969947218894958,2.956150770187378,399
2216,CCDC70,14.51338005065918,19.082664489746094,323
2217,CCDC71,1.8859524726867676,15.475921630859375,281
2218,CCDC71L,15.420877456665039,13.712138175964355,341
2219,CCDC73,-8.905338287353516,0.32367709279060364,251
2220,CCDC74A,9.312623023986816,15.85646915435791,329
2221,CCDC74B,8.94933032989502,16.04085922241211,329
2222,CCDC77,-10.644743919372559,-2.616593599319458,253
2223,CCDC78,-12.05229377746582,-0.11006665974855423,255
2224,CCDC8,7.549190998077393,14.326730728149414,314
2225,CCDC81,-10.076879501342773,0.17494893074035645,251
2226,CCDC82,10.31749439239502,8.653244018554688,396
2227,CCDC83,-12.884072303771973,-0.6074676513671875,255
2228,CCDC85A,2.8989098072052,0.9219208359718323,389
2229,CCDC85B,18.490787506103516,14.032685279846191,346
2230,CCDC86,36.966495513916016,12.918790817260742,371
2231,CCDC87,7.473832130432129,9.709692001342773,352
2232,CCDC88A,-8.382049560546875,-4.025238513946533,248
2233,CCDC88B,-11.011873245239258,-2.4867522716522217,253
2234,CCDC88C,-12.461250305175781,-3.7817296981811523,259
2235,CCDC89,-11.52666187286377,-2.7348992824554443,258
2236,CCDC9,1.3907583951950073,10.529308319091797,320
2237,CCDC90B,34.92573928833008,10.819725036621094,369
2238,CCDC91,-12.272604942321777,-2.557297706604004,258
2239,CCDC92,-4.308635711669922,-1.0248969793319702,254
2240,CCDC93,-7.840425491333008,-1.396300196647644,257
2241,CCDC96,-13.285008430480957,-0.7081323862075806,255
2242,CCDC97,27.51174545288086,12.410171508789062,442
2243,CCDC9B,3.018061876296997,11.573773384094238,320
2244,CCER1,13.071552276611328,13.011580467224121,335
2245,CCER2,7.826961517333984,19.371929168701172,154
2246,CCHCR1,-11.632080078125,-2.4481146335601807,258
2247,CCIN,61.69491195678711,-32.27476501464844,53
2248,CCK,91.87278747558594,-16.703954696655273,107
2249,CCKAR,-103.49697875976562,-18.16017723083496,14
2250,CCKBR,-103.41160583496094,-18.62431526184082,14
2251,CCL1,103.22418212890625,-28.36908531188965,36
2252,CCL11,102.81331634521484,-28.547935485839844,36
2253,CCL13,103.02481842041016,-28.285764694213867,36
2254,CCL14,103.59870910644531,-28.53736686706543,36
2255,CCL15,103.38778686523438,-28.4504337310791,36
2256,CCL16,102.8633804321289,-28.19698143005371,36
2257,CCL17,103.32472229003906,-28.413362503051758,36
2258,CCL18,103.28646850585938,-28.397899627685547,36
2259,CCL19,103.47315979003906,-28.614805221557617,36
2260,CCL2,103.87569427490234,-28.430606842041016,36
2261,CCL20,102.37789154052734,-28.00733757019043,36
2262,CCL21,102.49967193603516,-28.029197692871094,36
2263,CCL22,103.15264892578125,-28.331302642822266,36
2264,CCL23,103.1383285522461,-28.502464294433594,36
2265,CCL24,103.27371215820312,-28.50041389465332,36
2266,CCL25,103.63377380371094,-28.541288375854492,36
2267,CCL26,103.1737289428711,-28.203907012939453,36
2268,CCL27,103.29480743408203,-28.40654182434082,36
2269,CCL28,102.8588638305664,-28.163482666015625,36
2270,CCL3,103.19361877441406,-28.825353622436523,36
2271,CCL3L1,103.46029663085938,-28.481279373168945,36
2272,CCL4,104.22872924804688,-28.810373306274414,36
2273,CCL4L2,103.52106475830078,-28.509180068969727,36
2274,CCL5,103.78495788574219,-28.33953285217285,36
2275,CCL7,103.29672241210938,-27.928186416625977,36
2276,CCL8,103.24615478515625,-28.857105255126953,36
2277,CCM2,19.66461944580078,2.2264342308044434,400
2278,CCM2L,11.244791030883789,8.01807689666748,396
2279,CCN1,71.76028442382812,-15.60710334777832,215
2280,CCN2,71.46304321289062,-15.582451820373535,215
2281,CCN3,71.43376922607422,-15.367263793945312,215
2282,CCN4,71.45296478271484,-15.506939888000488,215
2283,CCN5,71.01414489746094,-15.891210556030273,215
2284,CCN6,73.72694396972656,-15.882216453552246,219
2285,CCNA1,15.044453620910645,7.799500942230225,359
2286,CCNA2,14.432389259338379,7.856326103210449,359
2287,CCNB1,13.361379623413086,7.682087421417236,396
2288,CCNB1IP1,24.64982795715332,9.212782859802246,392
2289,CCNB2,13.759871482849121,7.455425262451172,396
2290,CCNC,33.82374572753906,7.6625142097473145,364
2291,CCND1,26.71489143371582,7.321976661682129,450
2292,CCND2,27.145109176635742,7.1198835372924805,450
2293,CCND3,27.206327438354492,7.508417129516602,450
2294,CCNDBP1,34.39722442626953,9.81628131866455,369
2295,CCNE1,25.247196197509766,7.128814697265625,420
2296,CCNE2,25.418676376342773,7.638513565063477,420
2297,CCNF,9.752930641174316,5.49708890914917,386
2298,CCNG1,28.403837203979492,7.636451244354248,450
2299,CCNG2,27.933862686157227,7.285717964172363,450
2300,CCNH,36.781429290771484,7.335536003112793,425
2301,CCNI,27.54926109313965,7.582249641418457,450
2302,CCNI2,27.657384872436523,7.47641134262085,450
2303,CCNJ,27.1103515625,6.9314141273498535,450
2304,CCNJL,27.725421905517578,6.499504566192627,450
2305,CCNK,-13.207414627075195,7.9233598709106445,261
2306,CCNL1,-22.324565887451172,4.3823394775390625,166
2307,CCNL2,-21.763830184936523,4.438957214355469,166
2308,CCNO,26.785831451416016,7.824212074279785,450
2309,CCNT1,0.2439543902873993,7.445737838745117,411
2310,CCNT2,-3.441990375518799,7.610851764678955,271
2311,CCNY,25.331947326660156,1.4187569618225098,308
2312,CCNYL1,25.223533630371094,1.9941272735595703,308
2313,CCP110,1.837252140045166,6.348811626434326,412
2314,CCPG1,-5.4845123291015625,-1.0312832593917847,257
2315,CCR1,-110.56959533691406,-18.41303825378418,14
2316,CCR10,-107.9251937866211,-19.349319458007812,14
2317,CCR2,-109.99341583251953,-18.509803771972656,14
2318,CCR3,-109.4450912475586,-18.496334075927734,14
2319,CCR4,-110.333251953125,-18.19784927368164,14
2320,CCR5,-110.3270492553711,-18.44774055480957,14
2321,CCR6,-110.34481048583984,-18.47482681274414,14
2322,CCR7,-109.62403106689453,-18.630046844482422,14
2323,CCR8,-110.5342025756836,-18.467388153076172,14
2324,CCR9,-109.91439056396484,-18.476774215698242,14
2325,CCRL2,-110.54827880859375,-18.528165817260742,14
2326,CCS,53.157772064208984,6.371423244476318,453
2327,CCSAP,11.055490493774414,13.691243171691895,330
2328,CCSER1,-1.6206903457641602,5.820358753204346,298
2329,CCSER2,-3.689791679382324,5.658522129058838,299
2330,CCT2,75.28602600097656,8.862016677856445,77
2331,CCT3,75.85313415527344,9.273460388183594,77
2332,CCT4,75.43343353271484,8.904275894165039,77
2333,CCT5,75.69087982177734,8.782187461853027,77
2334,CCT6A,75.3090591430664,8.933541297912598,77
2335,CCT6B,75.27136993408203,8.892059326171875,77
2336,CCT7,75.61006927490234,8.94556713104248,77
2337,CCT8,76.09880065917969,9.100799560546875,77
2338,CCT8L2,46.02939987182617,3.0361440181732178,424
2339,CCZ1,37.87863540649414,5.473377704620361,432
2340,CCZ1B,36.94172286987305,5.128880023956299,360
2341,CD101,16.416120529174805,32.63748550415039,223
2342,CD109,51.03935241699219,-12.801629066467285,182
2343,CD14,93.67771911621094,20.48180389404297,83
2344,CD151,-3.0762503147125244,-21.18683433532715,95
2345,CD160,14.606283187866211,32.34082794189453,223
2346,CD163,63.087493896484375,-16.80202865600586,197
2347,CD163L1,62.80057144165039,-16.701370239257812,197
2348,CD164,9.815797805786133,26.001436233520508,147
2349,CD164L2,20.850587844848633,26.57598876953125,229
2350,CD177,78.91840362548828,-16.638174057006836,200
2351,CD180,94.17543029785156,20.469959259033203,83
2352,CD19,13.940400123596191,30.61290740966797,222
2353,CD1A,-2.330497980117798,48.59489440917969,34
2354,CD1B,-2.3996570110321045,48.69546127319336,34
2355,CD1C,-2.6596477031707764,48.355140686035156,34
2356,CD1D,-2.160341262817383,49.06340789794922,34
2357,CD1E,-2.2936034202575684,48.58642578125,34
2358,CD2,14.474929809570312,32.43629455566406,223
2359,CD200,16.457683563232422,31.910249710083008,223
2360,CD200R1,15.991891860961914,32.23720932006836,223
2361,CD200R1L,16.12690544128418,32.221527099609375,223
2362,CD207,-18.909072875976562,-30.206880569458008,45
2363,CD209,-18.43965721130371,-29.590322494506836,45
2364,CD22,14.827821731567383,34.10708999633789,223
2365,CD24,16.179412841796875,25.34273910522461,224
2366,CD244,13.63735580444336,32.96910858154297,223
2367,CD247,13.166485786437988,30.446475982666016,222
2368,CD248,63.52356719970703,-13.094437599182129,202
2369,CD27,17.271217346191406,27.40806007385254,220
2370,CD274,15.47957706451416,32.649681091308594,223
2371,CD276,18.29477310180664,31.028993606567383,230
2372,CD28,14.322510719299316,32.54266357421875,223
2373,CD2AP,3.493034601211548,3.2181012630462646,407
2374,CD2BP2,28.278181076049805,12.133938789367676,442
2375,CD300A,11.399347305297852,35.036067962646484,226
2376,CD300C,11.509530067443848,34.96036911010742,226
2377,CD300E,10.885527610778809,35.328670501708984,225
2378,CD300H,11.87735366821289,34.52393341064453,226
2379,CD300LB,11.93680477142334,34.576316833496094,226
2380,CD300LD,11.77788257598877,34.556766510009766,226
2381,CD300LF,11.664257049560547,34.84468460083008,226
2382,CD300LG,11.486340522766113,34.845279693603516,226
2383,CD302,63.725730895996094,-6.358761787414551,212
2384,CD320,18.315587997436523,27.74004554748535,220
2385,CD33,10.887824058532715,34.99356460571289,225
2386,CD34,9.646929740905762,25.85752296447754,147
2387,CD36,53.920040130615234,-9.256627082824707,184
2388,CD37,-3.006589889526367,-21.26693344116211,95
2389,CD38,57.149044036865234,-6.153347969055176,185
2390,CD3D,14.661380767822266,32.52310562133789,223
2391,CD3E,12.98794937133789,32.901031494140625,223
2392,CD3G,14.178678512573242,32.691898345947266,223
2393,CD4,15.852307319641113,32.94551086425781,223
2394,CD40,17.25627899169922,27.750503540039062,220
2395,CD44,12.16102123260498,24.70244789123535,147
2396,CD46,29.764291763305664,34.806671142578125,63
2397,CD47,19.567575454711914,29.78694725036621,230
2398,CD48,14.608235359191895,32.89289093017578,223
2399,CD5,17.330331802368164,31.118566513061523,227
2400,CD52,17.65403175354004,25.17714500427246,224
2401,CD53,-2.711103916168213,-21.234434127807617,95
2402,CD55,29.223773956298828,34.43254852294922,63
2403,CD58,15.411314964294434,32.61324691772461,223
2404,CD59,79.25931549072266,-16.734956741333008,200
2405,CD5L,65.2411117553711,-17.132932662963867,197
2406,CD6,17.799461364746094,30.56536293029785,230
2407,CD63,-3.456315517425537,-21.116573333740234,95
2408,CD68,9.14579963684082,26.184858322143555,147
2409,CD69,-19.348466873168945,-29.87444305419922,45
2410,CD7,13.673789024353027,33.0567626953125,223
2411,CD70,93.87869262695312,-9.67891788482666,93
2412,CD72,-19.085233688354492,-29.924327850341797,45
2413,CD74,49.47810745239258,-6.143406867980957,170
2414,CD79A,15.63706111907959,31.9842586517334,223
2415,CD79B,15.096226692199707,32.44487762451172,223
2416,CD80,15.763863563537598,32.3670539855957,223
2417,CD81,-3.3431520462036133,-21.24254608154297,95
2418,CD82,-3.1444859504699707,-21.211000442504883,95
2419,CD83,16.442039489746094,31.829662322998047,223
2420,CD84,13.757181167602539,32.14912414550781,223
2421,CD86,15.177785873413086,32.39984893798828,223
2422,CD8A,13.107510566711426,33.124874114990234,223
2423,CD8B,13.487456321716309,33.15707015991211,223
2424,CD8B2,11.8839750289917,33.91524124145508,226
2425,CD9,-3.4823672771453857,-21.146692276000977,95
2426,CD93,64.34352111816406,-13.707206726074219,197
2427,CD96,15.45518684387207,32.170894622802734,223
2428,CDA,48.1829719543457,7.73215389251709,433
2429,CDADC1,35.020843505859375,6.3158392906188965,364
2430,CDAN1,26.72287368774414,-1.212653398513794,311
2431,CDC123,39.176551818847656,3.656812906265259,432
2432,CDC14A,16.54534912109375,1.3805426359176636,417
2433,CDC14B,23.44847869873047,2.5984153747558594,301
2434,CDC14C,33.21810531616211,6.803404808044434,364
2435,CDC16,33.632110595703125,-5.472309589385986,295
2436,CDC20,51.50914001464844,23.365360260009766,70
2437,CDC20B,51.57984161376953,23.116411209106445,70
2438,CDC23,34.86210632324219,-5.386719226837158,295
2439,CDC25A,8.552868843078613,8.81564998626709,388
2440,CDC25B,9.437948226928711,8.818011283874512,352
2441,CDC25C,7.863658428192139,8.658071517944336,388
2442,CDC26,29.329708099365234,14.339587211608887,449
2443,CDC27,33.767921447753906,-5.331603050231934,295
2444,CDC34,37.1802978515625,-9.985480308532715,79
2445,CDC37,32.32648849487305,11.551932334899902,445
2446,CDC37L1,30.678739547729492,9.029705047607422,428
2447,CDC40,50.14588928222656,22.4384765625,70
2448,CDC42,-13.159001350402832,-45.31519317626953,27
2449,CDC42BPA,-4.870799541473389,-4.01166296005249,252
2450,CDC42BPB,-5.470081806182861,-3.992464542388916,252
2451,CDC42BPG,-3.810157299041748,-2.1796672344207764,254
2452,CDC42EP1,8.238354682922363,13.765124320983887,314
2453,CDC42EP2,7.905987739562988,14.067527770996094,314
2454,CDC42EP3,6.6666107177734375,13.84695816040039,314
2455,CDC42EP4,7.5254740715026855,14.244610786437988,314
2456,CDC42EP5,-7.448853015899658,17.382720947265625,238
2457,CDC42SE1,18.894800186157227,14.976513862609863,344
2458,CDC42SE2,20.854637145996094,2.992016553878784,373
2459,CDC45,39.0804557800293,3.6213581562042236,432
2460,CDC5L,29.03742790222168,12.396710395812988,442
2461,CDC6,10.143218040466309,6.840494155883789,395
2462,CDC7,25.78968048095703,6.597317695617676,421
2463,CDC73,26.669740676879883,8.224692344665527,450
2464,CDCA2,5.479310989379883,8.575383186340332,404
2465,CDCA3,6.994533061981201,10.258849143981934,352
2466,CDCA4,0.9878864288330078,14.467679023742676,281
2467,CDCA5,8.069658279418945,9.3509521484375,352
2468,CDCA7,16.353464126586914,7.802837371826172,359
2469,CDCA7L,16.31850814819336,7.669583797454834,359
2470,CDCA8,6.656744003295898,8.979911804199219,404
2471,CDCP1,17.349048614501953,31.52629852294922,227
2472,CDCP2,59.8397331237793,-6.9245405197143555,212
2473,CDH1,49.36862564086914,-30.031232833862305,52
2474,CDH10,49.50592803955078,-29.710567474365234,52
2475,CDH11,49.38350296020508,-30.496633529663086,52
2476,CDH12,49.183223724365234,-30.18230628967285,52
2477,CDH13,49.57398986816406,-30.066770553588867,52
2478,CDH15,49.56897735595703,-29.896024703979492,52
2479,CDH16,49.67970275878906,-29.362552642822266,52
2480,CDH17,49.63071060180664,-29.679513931274414,52
2481,CDH18,49.71282958984375,-29.67290687561035,52
2482,CDH19,49.60560989379883,-30.070232391357422,52
2483,CDH2,49.51420974731445,-30.04198455810547,52
2484,CDH20,49.69776916503906,-29.836320877075195,52
2485,CDH22,49.63520812988281,-29.956531524658203,52
2486,CDH23,49.20768356323242,-16.61412239074707,180
2487,CDH24,49.5994873046875,-29.972131729125977,52
2488,CDH26,49.57864761352539,-29.978744506835938,52
2489,CDH3,49.5529899597168,-29.997385025024414,52
2490,CDH4,49.83137130737305,-30.247501373291016,52
2491,CDH5,49.60099792480469,-30.00667953491211,52
2492,CDH6,49.889408111572266,-30.115890502929688,52
2493,CDH7,49.630435943603516,-29.972370147705078,52
2494,CDH8,49.65142059326172,-30.08717918395996,52
2495,CDH9,49.60152053833008,-30.1240291595459,52
2496,CDHR1,49.8075065612793,-29.57628059387207,52
2497,CDHR2,49.8556022644043,-29.16783905029297,52
2498,CDHR3,49.65510177612305,-29.75279426574707,52
2499,CDHR4,50.11231994628906,-28.825490951538086,52
2500,CDHR5,64.05835723876953,-12.410565376281738,202
2501,CDIP1,15.04012680053711,21.9029598236084,325
2502,CDIPT,11.610254287719727,-23.034440994262695,150
2503,CDK1,55.06843948364258,38.225318908691406,69
2504,CDK10,55.91829299926758,37.857242584228516,69
2505,CDK11A,21.31566047668457,10.15644359588623,385
2506,CDK11B,23.02090072631836,9.844953536987305,385
2507,CDK12,-11.242591857910156,6.982574462890625,272
2508,CDK13,-7.9823527336120605,7.037787914276123,272
2509,CDK14,57.37196731567383,37.56764602661133,69
2510,CDK15,57.160888671875,37.45071029663086,69
2511,CDK17,58.50992202758789,36.78667449951172,69
2512,CDK18,57.575172424316406,37.31139373779297,69
2513,CDK19,56.79985809326172,37.72296905517578,69
2514,CDK2,55.60490798950195,38.16455078125,69
2515,CDK20,55.638572692871094,38.25053405761719,69
2516,CDK2AP1,24.635133743286133,11.715599060058594,351
2517,CDK2AP2,26.286087036132812,12.676546096801758,351
2518,CDK3,55.62109375,38.367897033691406,69
2519,CDK4,56.424041748046875,38.381744384765625,69
2520,CDK5,55.31248474121094,38.51346969604492,69
2521,CDK5R1,16.3795166015625,9.437326431274414,382
2522,CDK5R2,17.83023452758789,10.715631484985352,384
2523,CDK5RAP1,48.81648635864258,4.45569372177124,423
2524,CDK5RAP2,-13.109281539916992,-3.917781114578247,259
2525,CDK5RAP3,24.56817626953125,-2.117100477218628,317
2526,CDK6,57.001625061035156,37.73078155517578,69
2527,CDK7,55.262306213378906,38.409908294677734,69
2528,CDK8,57.031925201416016,37.96674728393555,69
2529,CDK9,55.668949127197266,38.39113998413086,69
2530,CDKAL1,45.12336730957031,3.622776508331299,436
2531,CDKL1,55.81433868408203,38.007137298583984,69
2532,CDKL2,54.95556640625,37.9517707824707,69
2533,CDKL3,55.169944763183594,38.022579193115234,69
2534,CDKL4,54.868072509765625,38.58632278442383,69
2535,CDKN1A,11.76442813873291,12.894543647766113,330
2536,CDKN1B,14.604818344116211,12.021462440490723,341
2537,CDKN1C,4.792112827301025,14.798968315124512,289
2538,CDKN2A,69.86505889892578,24.74519920349121,81
2539,CDKN2AIP,9.201266288757324,10.324854850769043,352
2540,CDKN2AIPNL,30.959043502807617,11.021589279174805,454
2541,CDKN2B,70.06143188476562,24.75763702392578,81
2542,CDKN2C,70.30484771728516,24.373645782470703,81
2543,CDKN2D,69.91675567626953,24.671735763549805,81
2544,CDKN3,42.82599639892578,6.058509826660156,436
2545,CDNF,57.997501373291016,-7.146053791046143,185
2546,CDO1,53.657649993896484,6.4384446144104,453
2547,CDON,49.87727355957031,-13.994100570678711,182
2548,CDPF1,42.64365005493164,11.834400177001953,347
2549,CDR2,-5.357353687286377,-1.4764134883880615,257
2550,CDR2L,-5.736455917358398,-1.8813496828079224,257
2551,CDRT15,10.710433959960938,17.74159812927246,329
2552,CDRT15L2,10.447937965393066,17.70938491821289,329
2553,CDRT4,8.194245338439941,17.536760330200195,331
2554,CDS1,17.607574462890625,-22.95015525817871,162
2555,CDS2,14.592472076416016,-22.1138858795166,152
2556,CDSN,1.9531856775283813,17.597497940063477,275
2557,CDT1,15.242895126342773,9.35142707824707,382
2558,CDV3,19.564647674560547,10.559897422790527,383
2559,CDX1,-23.6124267578125,20.416358947753906,194
2560,CDX2,-23.560287475585938,19.68161392211914,194
2561,CDYL,18.85243797302246,5.31813383102417,372
2562,CDYL2,19.738910675048828,3.9550766944885254,373
2563,CEACAM1,14.866312026977539,39.486942291259766,76
2564,CEACAM16,17.855039596557617,33.30853271484375,227
2565,CEACAM18,16.34033966064453,32.839324951171875,223
2566,CEACAM19,15.211369514465332,32.22801208496094,223
2567,CEACAM20,18.094154357910156,33.52286911010742,227
2568,CEACAM21,12.926480293273926,36.81947326660156,226
2569,CEACAM3,12.220194816589355,35.524131774902344,226
2570,CEACAM4,12.548446655273438,35.27946090698242,226
2571,CEACAM5,14.947342872619629,39.670047760009766,76
2572,CEACAM6,14.925947189331055,39.59702682495117,76
2573,CEACAM7,14.905224800109863,39.54465103149414,76
2574,CEACAM8,15.068473815917969,39.69816970825195,76
2575,CEBPA,-12.4812650680542,17.744060516357422,242
2576,CEBPB,-10.247007369995117,17.566442489624023,242
2577,CEBPD,-10.168641090393066,17.755300521850586,242
2578,CEBPE,-8.835006713867188,17.62212562561035,241
2579,CEBPG,-5.382198333740234,17.117361068725586,237
2580,CEBPZ,37.121829986572266,12.278801918029785,371
2581,CEBPZOS,66.75895690917969,16.63578224182129,163
2582,CECR2,-10.22555923461914,7.679040431976318,272
2583,CEL,63.215049743652344,-7.54176139831543,211
2584,CELA1,73.27152252197266,-24.828535079956055,123
2585,CELA2A,73.84442138671875,-25.26673698425293,122
2586,CELA2B,73.85423278808594,-25.241418838500977,122
2587,CELA3A,74.058837890625,-25.31929588317871,122
2588,CELA3B,73.95240020751953,-25.27982521057129,122
2589,CELF1,-20.24505615234375,11.73453140258789,264
2590,CELF2,-20.150346755981445,12.105440139770508,264
2591,CELF3,-20.406444549560547,11.777441024780273,264
2592,CELF4,-20.215904235839844,12.13472843170166,264
2593,CELF5,-20.38084602355957,12.106191635131836,264
2594,CELF6,-20.128582000732422,12.043703079223633,264
2595,CELSR1,50.75791549682617,-17.078227996826172,180
2596,CELSR2,49.40928649902344,-16.969501495361328,180
2597,CELSR3,49.503395080566406,-16.86890411376953,180
2598,CEMIP,53.98769760131836,-12.56165599822998,179
2599,CEMIP2,52.84014129638672,-12.225398063659668,179
2600,CEMP1,12.182574272155762,20.498327255249023,324
2601,CEND1,17.523786544799805,17.83051872253418,340
2602,CENPA,28.06272315979004,10.223706245422363,427
2603,CENPB,9.951279640197754,12.233665466308594,330
2604,CENPC,5.401696681976318,7.12686014175415,405
2605,CENPE,-14.140811920166016,-3.7153263092041016,259
2606,CENPF,-14.477478981018066,-4.054653167724609,259
2607,CENPH,27.01953887939453,10.213884353637695,410
2608,CENPJ,1.3381272554397583,6.272810459136963,411
2609,CENPK,14.90880012512207,9.148245811462402,382
2610,CENPL,31.344385147094727,4.8396897315979,444
2611,CENPM,42.77882766723633,8.057174682617188,436
2612,CENPN,34.880523681640625,9.503902435302734,369
2613,CENPO,30.646093368530273,7.000592231750488,450
2614,CENPP,35.06560134887695,7.8413405418396,369
2615,CENPQ,14.32754898071289,8.839216232299805,382
2616,CENPS,34.39344024658203,10.856393814086914,369
2617,CENPT,6.2746477127075195,10.440174102783203,404
2618,CENPU,8.438695907592773,8.824361801147461,388
2619,CENPV,29.863710403442383,9.959137916564941,427
2620,CENPW,35.52042007446289,10.951571464538574,369
2621,CENPX,43.939971923828125,13.13555908203125,347
2622,CEP104,14.210204124450684,3.0097439289093018,366
2623,CEP112,-14.811223983764648,-3.6681270599365234,259
2624,CEP120,0.8221578001976013,-0.4890957474708557,240
2625,CEP126,-2.4032976627349854,4.503695487976074,299
2626,CEP128,-13.983587265014648,-3.5523979663848877,259
2627,CEP131,-10.170632362365723,-2.4109480381011963,253
2628,CEP135,-14.668683052062988,-3.7507266998291016,259
2629,CEP152,-13.00106430053711,-3.3170440196990967,259
2630,CEP162,-11.560866355895996,-3.127959728240967,258
2631,CEP164,-10.312980651855469,-2.19240665435791,253
2632,CEP170,-0.8521047830581665,3.7228550910949707,299
2633,CEP170B,-0.08338732272386551,4.111321449279785,399
2634,CEP19,24.032737731933594,12.612648963928223,351
2635,CEP192,0.6343610882759094,6.459657669067383,411
2636,CEP290,-14.750329971313477,-4.071046829223633,259
2637,CEP295,-3.4490737915039062,4.5410847663879395,299
2638,CEP295NL,3.6386537551879883,12.177234649658203,320
2639,CEP41,38.625,4.455812931060791,432
2640,CEP44,16.008512496948242,7.6218132972717285,359
2641,CEP55,-13.11370849609375,-3.5901939868927,259
2642,CEP57,-7.650465488433838,-1.033969759941101,257
2643,CEP63,-13.05463981628418,-3.2427635192871094,259
2644,CEP68,4.994973182678223,7.457622051239014,405
2645,CEP70,-10.573078155517578,-3.0609617233276367,253
2646,CEP72,2.394653797149658,4.220269680023193,407
2647,CEP76,33.092411041259766,3.5138723850250244,444
2648,CEP78,8.69517707824707,3.5899386405944824,387
2649,CEP83,-14.784220695495605,-3.6072652339935303,259
2650,CEP85,-10.116083145141602,-1.9943197965621948,253
2651,CEP85L,-7.751580715179443,-0.41182833909988403,257
2652,CEP89,-10.194951057434082,-2.55474591255188,253
2653,CEP95,-5.012085437774658,0.7630952596664429,245
2654,CEP97,6.117822647094727,5.05399227142334,363
2655,CEPT1,17.64871597290039,-23.644712448120117,161
2656,CER1,80.682373046875,-14.017682075500488,178
2657,CERCAM,71.68524932861328,-5.376929759979248,205
2658,CERK,52.15596389770508,2.0021095275878906,302
2659,CERKL,51.019500732421875,2.4483635425567627,296
2660,CERS1,13.391862869262695,-24.038516998291016,158
2661,CERS2,13.772825241088867,-24.22047996520996,158
2662,CERS3,13.511476516723633,-24.147884368896484,158
2663,CERS4,14.305309295654297,-24.281639099121094,158
2664,CERS5,14.249156951904297,-23.84164047241211,158
2665,CERS6,13.903472900390625,-24.34622573852539,158
2666,CERT1,18.455106735229492,1.115639090538025,417
2667,CES1,67.11637115478516,-0.9442142844200134,244
2668,CES2,66.43496704101562,-0.7403948307037354,244
2669,CES3,64.52412414550781,-0.7016263008117676,244
2670,CES4A,64.90223693847656,-1.669857144355774,244
2671,CES5A,65.59612274169922,-1.2092785835266113,244
2672,CETN1,-41.74645233154297,-7.433129787445068,44
2673,CETN3,-41.31330490112305,-7.256583213806152,44
2674,CETP,-17.486326217651367,-17.247766494750977,48
2675,CFAP100,-12.763333320617676,-0.4651239812374115,255
2676,CFAP126,4.947499752044678,17.890056610107422,275
2677,CFAP157,-12.578261375427246,-0.1791442185640335,255
2678,CFAP161,42.051780700683594,7.534672737121582,436
2679,CFAP20,39.80513000488281,7.779816150665283,391
2680,CFAP206,-4.222988128662109,1.0437012910842896,300
2681,CFAP221,-2.8174147605895996,-0.23394209146499634,250
2682,CFAP298,31.859086990356445,11.310919761657715,455
2683,CFAP299,36.30363082885742,8.360737800598145,425
2684,CFAP300,30.90369415283203,7.214203834533691,450
2685,CFAP36,28.506935119628906,11.884523391723633,442
2686,CFAP410,89.26785278320312,19.90386962890625,86
2687,CFAP43,-10.149382591247559,-0.7050427794456482,251
2688,CFAP44,-6.735918998718262,-0.6722949743270874,257
2689,CFAP45,-13.065414428710938,-1.0388094186782837,255
2690,CFAP46,14.8750581741333,-7.663247585296631,277
2691,CFAP52,51.47359085083008,23.345001220703125,70
2692,CFAP53,-12.721512794494629,-1.1546621322631836,255
2693,CFAP54,11.96151065826416,-6.7134175300598145,277
2694,CFAP57,-12.662318229675293,-0.9131870865821838,255
2695,CFAP58,-13.75149154663086,-1.597326397895813,249
2696,CFAP61,5.873925685882568,0.19703082740306854,389
2697,CFAP65,1.7119531631469727,-1.6948896646499634,240
2698,CFAP69,19.053625106811523,-2.090960741043091,376
2699,CFAP70,6.174925327301025,-0.2903977036476135,389
2700,CFAP73,-13.62955093383789,-0.06917611509561539,255
2701,CFAP74,0.6330288052558899,-1.22688889503479,240
2702,CFAP77,3.4516682624816895,17.3134765625,275
2703,CFAP97,26.954309463500977,12.17897891998291,442
2704,CFAP97D1,8.106724739074707,18.163999557495117,331
2705,CFAP97D2,6.823963165283203,17.612672805786133,331
2706,CFAP99,-11.369012832641602,0.010541707277297974,255
2707,CFB,68.4671859741211,-19.084951400756836,118
2708,CFC1,74.17644500732422,-14.567056655883789,219
2709,CFC1B,73.9327621459961,-14.848926544189453,219
2710,CFD,72.74696350097656,-24.494815826416016,123
2711,CFDP1,26.630155563354492,12.852357864379883,442
2712,CFH,30.31719398498535,35.13471603393555,63
2713,CFHR1,29.94535255432129,35.40507888793945,63
2714,CFHR2,30.323410034179688,34.78806686401367,63
2715,CFHR3,30.218027114868164,35.1192626953125,63
2716,CFHR4,30.264760971069336,35.16645050048828,63
2717,CFHR5,30.24881362915039,35.129981994628906,63
2718,CFI,68.80138397216797,-19.247377395629883,118
2719,CFL1,48.1251335144043,13.598753929138184,322
2720,CFL2,45.54204177856445,12.157651901245117,304
2721,CFTR,37.71038818359375,-22.52439308166504,114
2722,CGA,79.02411651611328,-15.211703300476074,200
2723,CGAS,31.23406982421875,2.414205312728882,402
2724,CGB1,81.20783996582031,-15.314197540283203,178
2725,CGB2,81.17770385742188,-15.474952697753906,178
2726,CGB3,81.05152130126953,-15.33879566192627,178
2727,CGB5,81.0979995727539,-15.325125694274902,178
2728,CGB7,81.47086334228516,-15.329046249389648,178
2729,CGB8,80.63140869140625,-15.466897964477539,178
2730,CGGBP1,15.405135154724121,12.092962265014648,341
2731,CGN,-10.530891418457031,-3.468867540359497,253
2732,CGNL1,-11.503399848937988,-3.332270622253418,258
2733,CGREF1,6.666874885559082,18.75242805480957,274
2734,CGRRF1,20.63121223449707,-14.605481147766113,127
2735,CH25H,11.441795349121094,-24.73400115966797,146
2736,CHAC1,50.11094284057617,7.7550554275512695,431
2737,CHAC2,48.61499786376953,9.129982948303223,434
2738,CHAD,93.32964324951172,21.137920379638672,83
2739,CHADL,93.8781967163086,20.694074630737305,83
2740,CHAF1A,10.288593292236328,7.03587532043457,395
2741,CHAF1B,49.407352447509766,22.255786895751953,70
2742,CHAMP1,1.1604610681533813,15.065043449401855,281
2743,CHAT,41.53091812133789,1.1801681518554688,334
2744,CHCHD1,54.73863220214844,15.674454689025879,246
2745,CHCHD10,64.81490325927734,14.279470443725586,163
2746,CHCHD2,58.83086395263672,15.073022842407227,282
2747,CHCHD3,31.179248809814453,13.939247131347656,448
2748,CHCHD4,50.711021423339844,15.667648315429688,247
2749,CHCHD5,52.99333572387695,15.873712539672852,246
2750,CHCHD6,31.166006088256836,14.351181030273438,448
2751,CHCHD7,53.41539001464844,16.031545639038086,246
2752,CHD1,-5.400315761566162,5.299649238586426,272
2753,CHD1L,31.178972244262695,4.111003398895264,444
2754,CHD2,-5.419073104858398,5.241209506988525,272
2755,CHD3,-7.73634147644043,4.652427673339844,272
2756,CHD4,-6.45806884765625,4.443693161010742,272
2757,CHD5,-7.753137111663818,4.250077247619629,272
2758,CHD6,-5.972886562347412,4.944484710693359,272
2759,CHD7,-7.8827056884765625,4.725543022155762,272
2760,CHD8,-7.253174781799316,4.924187183380127,272
2761,CHD9,-7.880988597869873,4.90120792388916,272
2762,CHDH,63.11564254760742,3.3975393772125244,358
2763,CHEK1,55.02740478515625,37.9649658203125,69
2764,CHEK2,55.68069076538086,37.48928451538086,69
2765,CHERP,-14.09949016571045,7.73537015914917,261
2766,CHFR,19.618545532226562,4.684011936187744,372
2767,CHGA,7.23798131942749,19.284265518188477,154
2768,CHGB,5.443893909454346,19.205245971679688,274
2769,CHI3L1,67.21124267578125,-7.716516017913818,201
2770,CHI3L2,67.26661682128906,-7.546770095825195,201
2771,CHIA,66.50852966308594,-7.859560966491699,201
2772,CHIC2,31.10108184814453,9.10728645324707,428
2773,CHID1,68.489013671875,-4.6615705490112305,204
2774,CHIT1,66.17601776123047,-7.1404032707214355,212
2775,CHKA,47.217647552490234,4.168597221374512,424
2776,CHKB,49.219425201416016,3.1844394207000732,423
2777,CHL1,47.94044876098633,-15.160557746887207,181
2778,CHML,33.36276626586914,7.596529960632324,364
2779,CHMP1A,37.574851989746094,16.979103088378906,171
2780,CHMP1B,37.439857482910156,17.09111785888672,171
2781,CHMP2A,38.299842834472656,17.166719436645508,171
2782,CHMP2B,37.97114181518555,17.28682518005371,171
2783,CHMP3,38.11174011230469,16.93628692626953,171
2784,CHMP4A,38.14703369140625,16.757484436035156,171
2785,CHMP4B,38.22801971435547,17.342174530029297,171
2786,CHMP4C,37.09919357299805,17.639497756958008,172
2787,CHMP5,38.766056060791016,16.78792381286621,171
2788,CHMP6,36.52067184448242,17.23912239074707,172
2789,CHMP7,37.72121810913086,5.29442024230957,360
2790,CHN1,-35.3825798034668,15.619816780090332,73
2791,CHN2,-36.388031005859375,16.087966918945312,73
2792,CHODL,65.30077362060547,-14.026617050170898,197
2793,CHORDC1,37.280975341796875,9.79835319519043,370
2794,CHP1,-41.47466278076172,-7.267961502075195,44
2795,CHP2,-40.92097854614258,-7.075536251068115,44
2796,CHPF,74.23894500732422,-5.190624713897705,205
2797,CHPF2,73.16952514648438,-4.960898399353027,205
2798,CHPT1,18.299165725708008,-24.43412971496582,161
2799,CHRAC1,35.02583312988281,12.284347534179688,367
2800,CHRD,60.99082565307617,-14.866556167602539,197
2801,CHRDL2,69.94174194335938,-15.230929374694824,215
2802,CHRFAM7A,123.66586303710938,-32.40084457397461,11
2803,CHRM1,-102.82086181640625,-17.879854202270508,14
2804,CHRM2,-102.73497772216797,-17.801944732666016,14
2805,CHRM3,-101.73824310302734,-17.387174606323242,14
2806,CHRM4,-102.50452423095703,-17.647127151489258,14
2807,CHRM5,-102.87189483642578,-17.93244171142578,14
2808,CHRNA1,123.84344482421875,-32.592594146728516,11
2809,CHRNA10,123.90870666503906,-32.45363235473633,11
2810,CHRNA2,123.45183563232422,-32.508243560791016,11
2811,CHRNA3,123.50601959228516,-32.4859619140625,11
2812,CHRNA4,123.09896850585938,-32.659236907958984,11
2813,CHRNA5,123.2789535522461,-32.56595230102539,11
2814,CHRNA6,123.09026336669922,-32.40463638305664,11
2815,CHRNA7,123.68824768066406,-32.36231994628906,11
2816,CHRNA9,123.56153106689453,-32.469879150390625,11
2817,CHRNB1,123.1258316040039,-32.57862091064453,11
2818,CHRNB2,123.90311431884766,-32.46469497680664,11
2819,CHRNB3,123.43894958496094,-32.22267532348633,11
2820,CHRNB4,123.71998596191406,-32.0971794128418,11
2821,CHRND,124.0438003540039,-32.46573257446289,11
2822,CHRNE,123.52950286865234,-32.40104293823242,11
2823,CHRNG,123.51412963867188,-32.37275695800781,11
2824,CHST1,74.84164428710938,-4.8541693687438965,205
2825,CHST10,75.54930114746094,-4.904103755950928,205
2826,CHST11,76.2115707397461,-4.78391695022583,205
2827,CHST13,74.68135833740234,-4.783878326416016,205
2828,CHST14,74.78781127929688,-5.081089496612549,205
2829,CHST15,73.31019592285156,-4.589929103851318,205
2830,CHST2,74.0660629272461,-5.202053546905518,205
2831,CHST3,73.48875427246094,-4.998867988586426,205
2832,CHST4,75.182373046875,-4.927506923675537,205
2833,CHST5,74.237548828125,-4.850257873535156,205
2834,CHST6,74.21137237548828,-5.087220668792725,205
2835,CHST8,76.13130950927734,-4.866687774658203,205
2836,CHST9,74.68724822998047,-4.97199010848999,205
2837,CHSY1,74.37648010253906,-5.087812900543213,205
2838,CHSY3,74.9373779296875,-5.025633335113525,205
2839,CHTF18,36.39715576171875,2.2789409160614014,438
2840,CHTF8,35.17955780029297,10.489510536193848,369
2841,CHTOP,-19.382007598876953,7.489597797393799,265
2842,CHUK,24.901004791259766,2.5136563777923584,308
2843,CHURC1,22.012468338012695,9.359169960021973,385
2844,CIAO1,51.77394485473633,23.283891677856445,70
2845,CIAO2A,53.85212326049805,11.599031448364258,196
2846,CIAO2B,45.72706604003906,13.213071823120117,321
2847,CIAO3,47.59184265136719,3.928173780441284,424
2848,CIAPIN1,43.59286880493164,6.692300796508789,436
2849,CIART,9.005265235900879,18.89588165283203,329
2850,CIB1,-41.24068069458008,-7.164982318878174,44
2851,CIB2,-41.48435592651367,-7.255975723266602,44
2852,CIB3,-41.01233673095703,-7.197354793548584,44
2853,CIB4,-41.069976806640625,-6.963204860687256,44
2854,CIC,-8.52584171295166,7.695617198944092,272
2855,CIDEA,41.19002914428711,5.891359806060791,432
2856,CIDEB,56.06657028198242,2.756267786026001,292
2857,CIDEC,43.378204345703125,5.617351531982422,436
2858,CILP,58.33625030517578,-15.215432167053223,197
2859,CILP2,57.85041046142578,-15.116414070129395,197
2860,CINP,31.597026824951172,10.914775848388672,454
2861,CIP2A,-3.2438783645629883,-1.6425994634628296,254
2862,CIPC,7.418813705444336,13.714072227478027,314
2863,CIR1,-17.6616153717041,4.736762523651123,165
2864,CIRBP,-21.7357177734375,7.376328468322754,267
2865,CISD1,57.881103515625,12.552069664001465,328
2866,CISD2,58.51303482055664,12.677032470703125,328
2867,CISD3,54.44011306762695,12.079610824584961,196
2868,CISH,23.643754959106445,10.10750961303711,385
2869,CIT,-6.2878289222717285,-4.1702046394348145,256
2870,CITED2,-13.364377975463867,13.739500045776367,269
2871,CITED4,-9.162285804748535,17.546405792236328,241
2872,CIZ1,-14.875365257263184,9.949666976928711,273
2873,CKAP2,5.138079643249512,8.288310050964355,404
2874,CKAP2L,5.945960521697998,8.945352554321289,404
2875,CKAP4,-7.8611626625061035,-2.5024092197418213,257
2876,CKAP5,15.734105110168457,-6.636847019195557,277
2877,CKB,70.09017181396484,5.760702610015869,356
2878,CKLF,1.649772047996521,-21.697139739990234,105
2879,CKM,71.13150787353516,5.569774627685547,356
2880,CKMT1A,70.19300842285156,6.141878128051758,356
2881,CKMT1B,70.02033996582031,6.142929553985596,356
2882,CKMT2,70.08075714111328,5.574357509613037,356
2883,CKS1B,45.20188903808594,13.91379165649414,321
2884,CKS2,46.10482406616211,14.158910751342773,321
2885,CLASP1,6.77164888381958,-1.4554777145385742,389
2886,CLASP2,5.928640842437744,-1.801680326461792,389
2887,CLASRP,-21.142004013061523,4.406577110290527,166
2888,CLBA1,12.200342178344727,17.28540802001953,342
2889,CLC,94.2186279296875,-4.551250457763672,88
2890,CLCA1,57.69024658203125,-11.633220672607422,187
2891,CLCA2,56.97211837768555,-11.824481010437012,187
2892,CLCA4,57.271270751953125,-11.093770027160645,187
2893,CLCC1,28.646678924560547,-12.241898536682129,98
2894,CLCF1,35.41316604614258,28.24859619140625,94
2895,CLCN1,27.38983726501465,-26.332605361938477,121
2896,CLCN2,27.47981071472168,-26.233699798583984,121
2897,CLCN3,27.1962890625,-26.166982650756836,121
2898,CLCN6,28.044368743896484,-25.981143951416016,121
2899,CLCN7,27.258153915405273,-26.548389434814453,121
2900,CLCNKA,27.166635513305664,-26.72393035888672,121
2901,CLCNKB,26.968490600585938,-26.733308792114258,121
2902,CLDN1,-1.6943342685699463,-23.755359649658203,104
2903,CLDN10,-1.7740856409072876,-23.79607582092285,104
2904,CLDN11,-1.1237155199050903,-23.62517738342285,104
2905,CLDN12,-0.7214503884315491,-23.449087142944336,104
2906,CLDN14,-1.9721579551696777,-23.84499168395996,104
2907,CLDN15,-1.7593910694122314,-23.795011520385742,104
2908,CLDN16,-1.1433038711547852,-23.639251708984375,104
2909,CLDN17,-2.5075838565826416,-24.076580047607422,104
2910,CLDN18,-1.5706182718276978,-23.714385986328125,104
2911,CLDN19,-1.2595934867858887,-23.65314292907715,104
2912,CLDN20,-1.6981728076934814,-23.812170028686523,104
2913,CLDN22,-0.6124551892280579,-23.415233612060547,104
2914,CLDN23,-0.9181904792785645,-23.553892135620117,104
2915,CLDN24,-0.8078894019126892,-23.503013610839844,104
2916,CLDN25,-1.0345988273620605,-23.631635665893555,104
2917,CLDN3,-2.079662561416626,-23.965526580810547,104
2918,CLDN4,-2.612516164779663,-24.133438110351562,104
2919,CLDN5,-2.203167676925659,-23.95157814025879,104
2920,CLDN6,-1.812233328819275,-23.798786163330078,104
2921,CLDN7,-2.1904516220092773,-24.035621643066406,104
2922,CLDN8,-1.7824617624282837,-23.855899810791016,104
2923,CLDN9,-1.3237268924713135,-23.718360900878906,104
2924,CLDND1,-0.8354580402374268,-23.393613815307617,104
2925,CLDND2,-0.9524600505828857,-23.729116439819336,104
2926,CLEC10A,-19.14259910583496,-29.97283935546875,45
2927,CLEC11A,75.66909790039062,-10.71728229522705,188
2928,CLEC12A,-19.35689926147461,-30.359220504760742,45
2929,CLEC12B,-19.630096435546875,-30.207298278808594,45
2930,CLEC14A,65.70936584472656,-13.587583541870117,197
2931,CLEC16A,16.15622329711914,-3.0399553775787354,368
2932,CLEC17A,13.401742935180664,30.559568405151367,222
2933,CLEC18A,68.11332702636719,-14.817291259765625,198
2934,CLEC18B,67.36486053466797,-15.152688026428223,198
2935,CLEC18C,67.55439758300781,-15.232330322265625,198
2936,CLEC19A,70.24698638916016,-11.623055458068848,218
2937,CLEC1A,-19.023229598999023,-29.670618057250977,45
2938,CLEC1B,-19.216022491455078,-30.12525177001953,45
2939,CLEC20A,92.73922729492188,17.967721939086914,83
2940,CLEC2A,-20.026365280151367,-30.075075149536133,45
2941,CLEC2B,-19.280542373657227,-30.115406036376953,45
2942,CLEC2D,-19.26797866821289,-29.985078811645508,45
2943,CLEC2L,24.538259506225586,18.22385025024414,221
2944,CLEC3A,76.09056854248047,-11.99693489074707,188
2945,CLEC3B,76.2240219116211,-11.42813491821289,188
2946,CLEC4A,-19.210187911987305,-30.135080337524414,45
2947,CLEC4C,-19.370946884155273,-30.45685386657715,45
2948,CLEC4D,-19.451906204223633,-30.123891830444336,45
2949,CLEC4E,-19.165340423583984,-30.017980575561523,45
2950,CLEC4F,-18.674604415893555,-29.795175552368164,45
2951,CLEC4G,-19.213695526123047,-30.22624397277832,45
2952,CLEC4M,-18.59815216064453,-29.7211856842041,45
2953,CLEC5A,-19.763771057128906,-30.414655685424805,45
2954,CLEC6A,-19.414531707763672,-30.126901626586914,45
2955,CLEC7A,-19.484033584594727,-30.142942428588867,45
2956,CLEC9A,-19.526155471801758,-29.860292434692383,45
2957,CLGN,53.71513748168945,-4.580188274383545,186
2958,CLHC1,19.540019989013672,-1.6444380283355713,376
2959,CLIC1,38.520992279052734,7.448317527770996,426
2960,CLIC3,38.01881408691406,7.571557998657227,425
2961,CLIC4,37.227500915527344,6.616511344909668,425
2962,CLIC5,36.086631774902344,6.594621181488037,360
2963,CLIC6,7.115267753601074,12.463500022888184,330
2964,CLINT1,-7.599574089050293,8.507529258728027,272
2965,CLIP1,-7.029935836791992,-3.1531898975372314,256
2966,CLIP2,-6.4015069007873535,-3.1557083129882812,256
2967,CLIP3,23.557382583618164,4.822981834411621,421
2968,CLIP4,19.74268341064453,5.0517048835754395,372
2969,CLK1,54.991458892822266,37.53984069824219,69
2970,CLK2,54.81367492675781,37.67643737792969,69
2971,CLK3,54.34004592895508,37.85791015625,69
2972,CLK4,55.10050582885742,37.62535858154297,69
2973,CLMP,19.065099716186523,29.73683738708496,230
2974,CLN3,19.318653106689453,-28.213178634643555,137
2975,CLN5,59.64933776855469,-5.078193187713623,214
2976,CLN6,14.457768440246582,-24.15648651123047,158
2977,CLN8,12.35537338256836,-24.40915298461914,157
2978,CLNK,9.210275650024414,4.420651435852051,386
2979,CLNS1A,31.828235626220703,13.22303295135498,448
2980,CLOCK,-12.1292085647583,9.625873565673828,272
2981,CLP1,43.78570556640625,6.599684238433838,436
2982,CLPB,45.531105041503906,2.5333261489868164,424
2983,CLPP,60.7296028137207,8.049775123596191,355
2984,CLPS,79.95729064941406,-17.746599197387695,206
2985,CLPSL1,78.75894927978516,-17.012130737304688,200
2986,CLPSL2,78.26612091064453,-16.467334747314453,200
2987,CLPTM1,24.155702590942383,-22.633432388305664,129
2988,CLPTM1L,24.096065521240234,-22.46485137939453,129
2989,CLPX,42.851959228515625,2.403705596923828,334
2990,CLRN1,-0.5491396188735962,-23.301700592041016,104
2991,CLRN2,-0.8566734790802002,-23.77866554260254,104
2992,CLRN3,-0.8331760764122009,-23.3104248046875,104
2993,CLSPN,9.333161354064941,7.602550506591797,395
2994,CLSTN1,54.09694290161133,-12.302472114562988,179
2995,CLSTN3,55.21952819824219,-12.931601524353027,179
2996,CLTA,30.48957061767578,13.256392478942871,449
2997,CLTB,29.982959747314453,13.256341934204102,449
2998,CLTC,17.02861976623535,-7.226101875305176,278
2999,CLTCL1,19.645586013793945,-7.647398471832275,278
3000,CLU,70.74308013916016,-12.256152153015137,218
3001,CLUAP1,-6.270700931549072,-0.8125196099281311,257
3002,CLUH,35.889522552490234,-0.834135115146637,337
3003,CLUL1,70.97032928466797,-11.533478736877441,218
3004,CLVS1,26.370349884033203,2.6480228900909424,308
3005,CLVS2,28.878664016723633,1.6612447500228882,307
3006,CLYBL,59.43000411987305,7.029820442199707,349
3007,CMA1,72.70354461669922,-24.524219512939453,123
3008,CMAS,48.14812469482422,5.310131072998047,419
3009,CMBL,64.7085189819336,3.5233359336853027,358
3010,CMC1,54.001956939697266,15.96923828125,246
3011,CMC2,54.24468994140625,15.98393726348877,246
3012,CMIP,14.498857498168945,-1.5732589960098267,375
3013,CMKLR1,-110.25625610351562,-18.745086669921875,14
3014,CMPK1,50.13058853149414,2.895911693572998,423
3015,CMPK2,46.441017150878906,3.8252487182617188,424
3016,CMSS1,38.860843658447266,12.095863342285156,371
3017,CMTM1,1.5546931028366089,-21.665531158447266,105
3018,CMTM2,1.9214619398117065,-21.21535301208496,105
3019,CMTM3,1.39089035987854,-22.07828712463379,105
3020,CMTM4,2.0715067386627197,-22.183658599853516,105
3021,CMTM5,1.2159545421600342,-21.96417999267578,105
3022,CMTM6,2.5017364025115967,-21.665006637573242,105
3023,CMTM7,1.639918565750122,-21.879777908325195,105
3024,CMTM8,1.08253014087677,-21.98807144165039,105
3025,CMTR1,34.200382232666016,2.761240243911743,437
3026,CMTR2,43.32521438598633,4.396073818206787,429
3027,CNBD1,7.848264694213867,1.8376972675323486,354
3028,CNBD2,11.441492080688477,2.179138660430908,378
3029,CNBP,18.04104995727539,8.766639709472656,384
3030,CNDP1,63.25016403198242,-3.399261474609375,212
3031,CNDP2,64.21004486083984,4.088368892669678,358
3032,CNEP1R1,9.231486320495605,-19.92249870300293,139
3033,CNFN,21.613487243652344,19.687091827392578,279
3034,CNGA1,29.97100257873535,-16.899005889892578,134
3035,CNGA3,29.47149658203125,-17.616069793701172,134
3036,CNGA4,29.584197998046875,-17.322832107543945,134
3037,CNGB1,28.89743423461914,-21.85738754272461,132
3038,CNGB3,29.920997619628906,-17.736791610717773,134
3039,CNIH1,9.33032512664795,-20.736160278320312,139
3040,CNIH2,9.22539234161377,-20.565414428710938,139
3041,CNIH3,10.593788146972656,-20.2691593170166,139
3042,CNIH4,9.38839054107666,-20.678003311157227,139
3043,CNKSR1,16.66686248779297,0.26310327649116516,416
3044,CNMD,69.13284301757812,-11.808991432189941,217
3045,CNN1,25.20824432373047,3.8287017345428467,308
3046,CNN2,24.803762435913086,3.2862508296966553,308
3047,CNN3,24.35041046142578,3.5174875259399414,301
3048,CNNM1,33.36273956298828,-18.851652145385742,130
3049,CNNM3,35.79171371459961,-17.31178092956543,112
3050,CNNM4,31.433317184448242,-18.446592330932617,135
3051,CNOT1,14.634406089782715,-7.39820671081543,277
3052,CNOT10,32.54568099975586,-5.038089275360107,295
3053,CNOT11,25.627552032470703,7.542335033416748,420
3054,CNOT2,-9.751726150512695,10.967621803283691,272
3055,CNOT3,-5.942046642303467,7.4992451667785645,271
3056,CNOT4,-9.702901840209961,8.953667640686035,272
3057,CNOT6,32.4996452331543,3.4093446731567383,444
3058,CNOT6L,32.03036880493164,2.312591552734375,402
3059,CNOT7,36.8982048034668,2.6173653602600098,438
3060,CNOT8,38.83991241455078,2.8739631175994873,432
3061,CNOT9,27.571474075317383,-4.982347011566162,318
3062,CNP,42.86262893676758,0.1146351620554924,208
3063,CNPPD1,47.9670524597168,7.826251029968262,433
3064,CNPY1,57.52033615112305,-6.108203411102295,185
3065,CNPY2,57.06276321411133,-6.958164215087891,185
3066,CNPY3,57.022544860839844,-7.061544895172119,185
3067,CNPY4,57.31480026245117,-6.948361873626709,185
3068,CNR1,-105.80500793457031,-18.792539596557617,14
3069,CNR2,-106.51757049560547,-18.94316291809082,14
3070,CNRIP1,37.62028121948242,8.485818862915039,425
3071,CNST,0.6058031320571899,6.743525505065918,411
3072,CNTD1,27.60663414001465,7.257906913757324,450
3073,CNTF,35.60991668701172,28.154155731201172,94
3074,CNTFR,61.40222930908203,-11.698675155639648,203
3075,CNTLN,-13.605095863342285,-3.667654514312744,259
3076,CNTN1,47.72310256958008,-15.19112777709961,181
3077,CNTN2,48.413734436035156,-14.2454195022583,181
3078,CNTN3,47.855960845947266,-15.242058753967285,181
3079,CNTN4,47.82490921020508,-15.085930824279785,181
3080,CNTN5,47.608028411865234,-15.139676094055176,181
3081,CNTN6,47.8118896484375,-15.170575141906738,181
3082,CNTNAP1,58.84120559692383,-13.273591995239258,197
3083,CNTNAP2,52.893707275390625,-15.39026165008545,168
3084,CNTNAP3B,59.42579650878906,-14.887272834777832,197
3085,CNTNAP4,55.617122650146484,-14.79406452178955,179
3086,CNTNAP5,55.30268096923828,-15.169388771057129,168
3087,CNTRL,-13.860261917114258,-3.96124005317688,259
3088,CNTROB,-12.296981811523438,-2.1325087547302246,258
3089,COA1,53.52241897583008,5.804831027984619,453
3090,COA3,66.1728515625,16.64313507080078,163
3091,COA4,52.47020721435547,15.877214431762695,246
3092,COA5,52.4603385925293,15.8369722366333,246
3093,COA6,52.97659683227539,15.742387771606445,246
3094,COA7,40.09394073486328,5.692629337310791,432
3095,COA8,56.314334869384766,12.585700988769531,196
3096,COASY,54.5291748046875,5.5305914878845215,441
3097,COBL,0.8145401477813721,4.3425188064575195,406
3098,COBLL1,2.880733013153076,2.7773947715759277,407
3099,COCH,61.38731384277344,-12.363039016723633,203
3100,COG1,25.957426071166992,-2.7097394466400146,316
3101,COG2,25.784337997436523,-2.9782090187072754,316
3102,COG3,24.32376480102539,-2.467407703399658,317
3103,COG4,27.22057342529297,-2.8991644382476807,315
3104,COG5,24.915409088134766,-2.953155755996704,317
3105,COG6,24.802082061767578,-3.132049560546875,317
3106,COG7,26.517057418823242,-2.443753242492676,311
3107,COG8,27.00540542602539,-1.4576528072357178,311
3108,COIL,23.391969680786133,11.718087196350098,390
3109,COL10A1,105.21015930175781,-12.840070724487305,91
3110,COL11A1,107.14073944091797,-13.200825691223145,91
3111,COL11A2,107.1656494140625,-13.189108848571777,91
3112,COL12A1,53.436954498291016,-17.42230224609375,168
3113,COL13A1,106.78158569335938,-13.083525657653809,91
3114,COL14A1,54.06736755371094,-17.590906143188477,168
3115,COL15A1,105.66045379638672,-12.947449684143066,91
3116,COL16A1,107.01949310302734,-13.129956245422363,91
3117,COL17A1,105.22063446044922,-12.881365776062012,91
3118,COL18A1,105.90931701660156,-12.971399307250977,91
3119,COL19A1,106.39848327636719,-13.049002647399902,91
3120,COL1A1,107.44174194335938,-13.259483337402344,91
3121,COL1A2,107.7172622680664,-13.054622650146484,91
3122,COL20A1,50.582069396972656,-14.256855010986328,182
3123,COL21A1,106.9635009765625,-13.190234184265137,91
3124,COL22A1,106.60348510742188,-13.006762504577637,91
3125,COL23A1,106.82333374023438,-13.079277992248535,91
3126,COL24A1,106.89678955078125,-13.131953239440918,91
3127,COL25A1,106.39559936523438,-13.021995544433594,91
3128,COL26A1,101.30133056640625,-12.545851707458496,91
3129,COL27A1,106.74425506591797,-13.101386070251465,91
3130,COL28A1,106.83650970458984,-13.182920455932617,91
3131,COL2A1,107.56316375732422,-13.32026195526123,91
3132,COL3A1,107.3125,-13.635491371154785,91
3133,COL4A1,106.0965347290039,-12.967331886291504,91
3134,COL4A2,106.1265869140625,-12.977558135986328,91
3135,COL4A3,105.69185638427734,-12.91419792175293,91
3136,COL4A4,105.98615264892578,-12.961284637451172,91
3137,COL5A1,107.34561157226562,-13.275968551635742,91
3138,COL5A2,107.08946990966797,-13.181777000427246,91
3139,COL5A3,107.0792236328125,-13.132150650024414,91
3140,COL6A1,107.0898666381836,-13.161420822143555,91
3141,COL6A2,107.45751953125,-13.410163879394531,91
3142,COL6A3,53.42400360107422,-17.66952133178711,168
3143,COL6A5,53.95520782470703,-17.408933639526367,168
3144,COL6A6,53.97998046875,-17.561336517333984,168
3145,COL7A1,106.50432586669922,-13.0863618850708,91
3146,COL8A1,105.22545623779297,-12.823664665222168,91
3147,COL8A2,105.11079406738281,-12.816615104675293,91
3148,COL9A1,106.65641784667969,-13.072900772094727,91
3149,COL9A2,106.92452239990234,-13.12266731262207,91
3150,COL9A3,106.99723052978516,-13.149605751037598,91
3151,COLCA2,-16.33521270751953,15.838618278503418,190
3152,COLEC10,93.53971862792969,-11.411664009094238,93
3153,COLEC11,94.64875793457031,-11.470053672790527,93
3154,COLEC12,91.37904357910156,-11.512670516967773,93
3155,COLGALT1,72.89862823486328,-5.2516937255859375,205
3156,COLGALT2,72.4215316772461,-5.455109119415283,205
3157,COLQ,105.0337142944336,-12.843039512634277,91
3158,COMMD1,42.448570251464844,11.62207317352295,347
3159,COMMD10,42.82180404663086,11.587004661560059,347
3160,COMMD2,42.569095611572266,11.17269515991211,347
3161,COMMD3,43.24165344238281,11.606818199157715,347
3162,COMMD4,42.69612121582031,12.339357376098633,347
3163,COMMD5,43.10799789428711,11.195992469787598,347
3164,COMMD6,43.626163482666016,12.297358512878418,347
3165,COMMD7,43.00999450683594,11.755914688110352,347
3166,COMMD8,42.9029541015625,11.542776107788086,347
3167,COMMD9,42.688140869140625,11.789814949035645,347
3168,COMP,62.56447982788086,-16.350196838378906,197
3169,COMT,58.0799674987793,1.0676078796386719,288
3170,COMTD1,54.80006790161133,8.966265678405762,353
3171,COP1,18.896549224853516,6.381074905395508,372
3172,COPA,33.17870330810547,-5.238254547119141,295
3173,COPB1,28.464750289916992,-4.696630477905273,313
3174,COPB2,31.474327087402344,-4.861273288726807,295
3175,COPE,34.42544174194336,-4.448385715484619,295
3176,COPG1,28.89388656616211,-4.633677005767822,313
3177,COPG2,27.3833065032959,-4.765537738800049,318
3178,COPRS,15.039889335632324,15.740933418273926,338
3179,COPS2,33.3004264831543,-3.814725637435913,295
3180,COPS3,33.61707305908203,-4.19210147857666,295
3181,COPS4,33.41020202636719,-4.393637657165527,295
3182,COPS5,64.50957489013672,9.619633674621582,163
3183,COPS6,39.11323547363281,7.586151123046875,426
3184,COPS7A,32.64646911621094,4.7555670738220215,443
3185,COPS7B,32.9647102355957,4.850015163421631,443
3186,COPS8,36.981903076171875,10.773009300231934,370
3187,COPS9,34.07126998901367,15.748602867126465,367
3188,COPZ1,46.4906005859375,12.008328437805176,304
3189,COPZ2,48.40095138549805,10.557964324951172,434
3190,COQ10A,59.271793365478516,11.177059173583984,328
3191,COQ10B,57.715599060058594,10.738375663757324,327
3192,COQ2,58.8723258972168,10.445821762084961,328
3193,COQ3,54.48701858520508,9.00686264038086,353
3194,COQ4,57.49536895751953,10.364131927490234,327
3195,COQ5,56.759193420410156,9.386717796325684,327
3196,COQ6,57.503929138183594,5.331836700439453,349
3197,COQ7,57.69409942626953,10.735611915588379,327
3198,COQ8A,50.35752868652344,4.26704740524292,414
3199,COQ8B,50.094947814941406,4.172208786010742,414
3200,COQ9,57.93265914916992,10.442272186279297,327
3201,CORIN,63.159278869628906,-16.716394424438477,197
3202,CORO1A,49.73966598510742,22.518903732299805,70
3203,CORO1B,49.498348236083984,22.456296920776367,70
3204,CORO1C,49.57148361206055,22.4818058013916,70
3205,CORO2A,49.006919860839844,22.382436752319336,70
3206,CORO2B,49.53364181518555,22.4925537109375,70
3207,CORO6,49.023250579833984,22.097379684448242,70
3208,CORO7,49.14754867553711,22.263832092285156,70
3209,CORT,91.52252197265625,-16.567276000976562,107
3210,COTL1,48.23274230957031,12.625226020812988,322
3211,COX10,58.98741149902344,10.756731986999512,328
3212,COX11,58.54359817504883,10.901473045349121,328
3213,COX14,67.06005859375,16.697616577148438,163
3214,COX15,59.45155715942383,10.65921688079834,328
3215,COX16,66.89875030517578,16.650344848632812,163
3216,COX17,52.87998962402344,16.031354904174805,246
3217,COX18,57.753578186035156,9.917269706726074,327
3218,COX19,52.506229400634766,15.833334922790527,246
3219,COX20,66.9809341430664,16.613595962524414,163
3220,COX4I1,65.94466400146484,15.851591110229492,163
3221,COX4I2,64.26006317138672,15.037970542907715,163
3222,COX5A,64.51827239990234,13.406683921813965,163
3223,COX5B,65.30177307128906,14.677860260009766,163
3224,COX6A1,66.3612289428711,16.007400512695312,163
3225,COX6A2,66.59098815917969,16.394241333007812,163
3226,COX6B1,59.38043212890625,16.316848754882812,282
3227,COX6B2,53.21498107910156,16.01604461669922,246
3228,COX6C,67.09071350097656,16.474933624267578,163
3229,COX7A1,67.05963897705078,16.420068740844727,163
3230,COX7A2,67.26681518554688,16.422529220581055,163
3231,COX7A2L,66.21131896972656,16.143226623535156,163
3232,COX7B2,66.74596405029297,16.36455535888672,163
3233,COX7C,66.92447662353516,16.43756866455078,163
3234,COX8A,66.88922882080078,16.409358978271484,163
3235,COX8C,64.03160858154297,14.717169761657715,163
3236,CP,60.48168182373047,-6.719646453857422,212
3237,CPA1,65.60244750976562,-8.223273277282715,211
3238,CPA2,65.2636947631836,-8.225589752197266,211
3239,CPA3,64.9020004272461,-7.484157562255859,211
3240,CPA4,64.90201568603516,-7.757940292358398,211
3241,CPA5,65.07420349121094,-7.582457065582275,211
3242,CPA6,65.0565414428711,-7.737912654876709,211
3243,CPAMD8,49.023677825927734,-14.028564453125,181
3244,CPB1,65.33036804199219,-8.0099458694458,211
3245,CPB2,64.24032592773438,-7.51399040222168,211
3246,CPD,62.028289794921875,-6.461940765380859,212
3247,CPE,63.89524459838867,-9.037370681762695,211
3248,CPEB1,22.152435302734375,3.2538833618164062,301
3249,CPEB2,-4.59551477432251,9.593626022338867,192
3250,CPEB3,-4.791839599609375,9.612735748291016,192
3251,CPEB4,-5.609296798706055,10.262823104858398,192
3252,CPED1,66.33641815185547,-4.888769626617432,212
3253,CPHXL,0.3236001431941986,17.802793502807617,275
3254,CPLANE1,14.522732734680176,-7.431546688079834,277
3255,CPLANE2,46.15428924560547,5.989782333374023,436
3256,CPLX1,27.43323516845703,16.37900161743164,268
3257,CPLX2,27.733613967895508,15.657835960388184,268
3258,CPLX3,28.307754516601562,15.703866004943848,268
3259,CPLX4,28.674022674560547,15.207530975341797,268
3260,CPM,64.21511840820312,-6.60239315032959,212
3261,CPN1,65.19464111328125,-7.672557830810547,211
3262,CPN2,94.25898742675781,20.89386558532715,83
3263,CPNE1,27.317893981933594,-8.180815696716309,98
3264,CPNE2,27.15884780883789,-8.134995460510254,98
3265,CPNE3,28.15372657775879,-8.117903709411621,98
3266,CPNE4,27.430437088012695,-8.233954429626465,98
3267,CPNE5,27.182373046875,-7.824373245239258,98
3268,CPNE6,27.33476448059082,-8.211736679077148,98
3269,CPNE7,27.582923889160156,-8.301641464233398,98
3270,CPNE8,27.97410774230957,-8.248263359069824,98
3271,CPNE9,27.499122619628906,-7.985837936401367,98
3272,CPO,64.86937713623047,-7.851167678833008,211
3273,CPOX,54.05992889404297,2.8969039916992188,302
3274,CPPED1,52.98088455200195,5.358311653137207,453
3275,CPQ,63.56130599975586,-3.582474708557129,212
3276,CPS1,66.3757095336914,3.4430289268493652,358
3277,CPSF1,33.2350959777832,-2.1437880992889404,294
3278,CPSF3,39.54100036621094,2.71504545211792,432
3279,CPSF4,20.628231048583984,8.538179397583008,398
3280,CPSF4L,18.099735260009766,9.35573959350586,384
3281,CPSF6,-15.802338600158691,7.681898593902588,262
3282,CPSF7,-14.686148643493652,7.6496357917785645,262
3283,CPT1A,51.21229553222656,-1.551764965057373,235
3284,CPT1B,51.82327651977539,-1.875999093055725,235
3285,CPT1C,51.80270767211914,-2.429248809814453,235
3286,CPT2,52.0894660949707,-1.2254115343093872,235
3287,CPTP,29.876134872436523,9.782801628112793,427
3288,CPVL,63.84184646606445,-5.575159072875977,212
3289,CPXM1,65.7839126586914,-9.497706413269043,211
3290,CPXM2,64.84434509277344,-9.579957962036133,211
3291,CPZ,65.23839569091797,-8.816694259643555,211
3292,CR1,53.66733169555664,-17.070531845092773,168
3293,CR1L,30.2338809967041,35.06277847290039,63
3294,CR2,29.35835838317871,34.764892578125,63
3295,CRABP1,-132.3834991455078,-41.65684127807617,5
3296,CRABP2,-132.050048828125,-41.09489822387695,5
3297,CRACR2A,-3.8261709213256836,-0.9758992791175842,254
3298,CRACR2B,-5.7974629402160645,-1.449054479598999,257
3299,CRADD,34.04594421386719,7.959977149963379,364
3300,CRAMP1,-3.508735418319702,7.757091045379639,271
3301,CRAT,53.97921371459961,-1.8537393808364868,270
3302,CRB1,62.846435546875,-16.631465911865234,197
3303,CRB2,64.65753936767578,-15.766073226928711,197
3304,CRB3,20.120981216430664,24.97846031188965,228
3305,CRBN,31.943918228149414,5.037984371185303,444
3306,CRCP,34.26935577392578,11.076147079467773,369
3307,CRCT1,-100.85247039794922,-45.411251068115234,8
3308,CREB1,-18.57488250732422,11.775567054748535,264
3309,CREB3,-6.791003704071045,15.426097869873047,237
3310,CREB3L1,-6.3788981437683105,15.050257682800293,237
3311,CREB3L2,-7.032974720001221,15.283459663391113,237
3312,CREB3L3,-6.773050785064697,15.402674674987793,237
3313,CREB3L4,-7.106987953186035,15.814361572265625,237
3314,CREB5,-11.989768981933594,11.470067977905273,272
3315,CREBBP,-13.894403457641602,10.055459976196289,272
3316,CREBL2,20.960472106933594,14.792462348937988,346
3317,CREBRF,3.1210684776306152,11.7589750289917,320
3318,CREBZF,12.525705337524414,13.3211088180542,335
3319,CREG1,62.114479064941406,-5.69410514831543,212
3320,CREG2,59.89079666137695,-7.298183441162109,187
3321,CRELD1,64.74630737304688,-16.108217239379883,197
3322,CRELD2,64.64168548583984,-15.840553283691406,197
3323,CREM,-18.47450828552246,11.88623332977295,264
3324,CRH,91.62525177001953,-16.579816818237305,107
3325,CRHBP,71.6180191040039,-13.216902732849121,218
3326,CRHR1,33.65615463256836,-23.35521697998047,117
3327,CRHR2,33.855308532714844,-23.450302124023438,117
3328,CRIM1,62.68058776855469,-17.007413864135742,197
3329,CRIP1,15.59074878692627,9.485206604003906,382
3330,CRIP2,14.808721542358398,9.414912223815918,382
3331,CRIP3,15.43586254119873,9.574889183044434,382
3332,CRIPT,45.8384895324707,14.136981964111328,321
3333,CRISP1,71.51055908203125,-12.955240249633789,218
3334,CRISP2,71.5329818725586,-12.761919975280762,218
3335,CRISP3,72.44790649414062,-12.483880996704102,218
3336,CRISPLD1,68.83985137939453,-13.143421173095703,218
3337,CRISPLD2,67.52985382080078,-13.400246620178223,198
3338,CRK,20.91832160949707,4.736985206604004,373
3339,CRKL,20.47806739807129,5.658023834228516,372
3340,CRLF1,62.23649215698242,-12.591283798217773,203
3341,CRLF3,34.85924530029297,4.156475067138672,443
3342,CRLS1,59.43174362182617,10.806927680969238,328
3343,CRMP1,62.893104553222656,5.9055047035217285,355
3344,CRNKL1,32.438575744628906,-4.359667778015137,295
3345,CRNN,2.585378885269165,18.400894165039062,275
3346,CROCC,-13.237693786621094,-3.576258897781372,259
3347,CROCC2,-13.403518676757812,-3.4706125259399414,259
3348,CROT,51.7794075012207,-1.3924951553344727,235
3349,CRP,74.35271453857422,-10.494898796081543,188
3350,CRPPA,54.85928726196289,6.288079738616943,441
3351,CRTAC1,62.338932037353516,-10.820772171020508,203
3352,CRTAM,15.885469436645508,32.152462005615234,223
3353,CRTAP,68.01117706298828,-6.696986675262451,201
3354,CRTC1,-10.72492790222168,10.691566467285156,272
3355,CRTC2,-10.216009140014648,10.307687759399414,272
3356,CRTC3,-9.494760513305664,9.994874954223633,272
3357,CRX,-22.17930030822754,21.139413833618164,194
3358,CRY1,30.40559959411621,6.052068710327148,451
3359,CRY2,29.62801742553711,5.942063808441162,451
3360,CRYAA,6.5866618156433105,14.391302108764648,314
3361,CRYAB,6.821866035461426,14.30828857421875,314
3362,CRYBA1,-27.847732543945312,-37.27842330932617,46
3363,CRYBA2,-28.373062133789062,-37.99064636230469,46
3364,CRYBA4,-28.300039291381836,-37.97751998901367,46
3365,CRYBB1,-27.567838668823242,-37.5394172668457,46
3366,CRYBB2,-27.987571716308594,-37.23775863647461,46
3367,CRYBB3,-27.690649032592773,-37.52429962158203,46
3368,CRYBG1,2.731255292892456,5.367559432983398,411
3369,CRYBG2,4.856826305389404,5.501683712005615,401
3370,CRYBG3,-0.5574761629104614,5.9669623374938965,298
3371,CRYGA,-27.83989715576172,-37.42047119140625,46
3372,CRYGB,-27.935871124267578,-37.64727783203125,46
3373,CRYGC,-28.012483596801758,-37.40718460083008,46
3374,CRYGD,-28.204011917114258,-37.50238037109375,46
3375,CRYGN,91.25164031982422,-6.885298252105713,89
3376,CRYGS,-28.31218910217285,-37.561500549316406,46
3377,CRYL1,63.622432708740234,4.431551933288574,358
3378,CRYM,61.49039840698242,5.550777912139893,355
3379,CRYZ,70.02796936035156,4.262680530548096,356
3380,CRYZL1,55.495845794677734,4.983480930328369,440
3381,CS,70.08728790283203,6.252468585968018,356
3382,CSAD,64.1823959350586,3.1624295711517334,358
3383,CSDC2,23.035371780395508,10.06571102142334,385
3384,CSDE1,39.939571380615234,1.2811936140060425,432
3385,CSE1L,24.7734375,-6.165596961975098,310
3386,CSF1,10.487588882446289,24.2021541595459,147
3387,CSF1R,68.61868286132812,32.59007263183594,64
3388,CSF2,36.09508514404297,28.737651824951172,94
3389,CSF2RB,21.387819290161133,30.957870483398438,233
3390,CSF3,35.38017272949219,28.304590225219727,94
3391,CSF3R,21.072628021240234,31.166160583496094,233
3392,CSGALNACT1,75.0281982421875,-4.7448906898498535,205
3393,CSGALNACT2,75.84681701660156,-4.7922749519348145,205
3394,CSH1,36.77207565307617,29.17523765563965,94
3395,CSH2,36.99793243408203,29.192462921142578,94
3396,CSHL1,36.809486389160156,29.082538604736328,94
3397,CSK,62.75210189819336,36.16004180908203,68
3398,CSKMT,47.82319641113281,7.773717880249023,433
3399,CSN1S1,5.612353324890137,23.477060317993164,155
3400,CSN2,5.1029791831970215,23.292205810546875,155
3401,CSN3,4.91520881652832,23.369543075561523,155
3402,CSNK1A1,57.305633544921875,38.219234466552734,69
3403,CSNK1A1L,56.59819793701172,38.266090393066406,69
3404,CSNK1D,55.99552536010742,38.64456558227539,69
3405,CSNK1E,56.846858978271484,38.57150650024414,69
3406,CSNK1G1,56.80658721923828,38.1408576965332,69
3407,CSNK1G2,56.44952392578125,38.46358108520508,69
3408,CSNK1G3,57.039127349853516,38.401832580566406,69
3409,CSNK2A2,56.89875030517578,38.02783966064453,69
3410,CSNK2A3,56.81778335571289,37.8626594543457,69
3411,CSNK2B,44.983253479003906,13.133565902709961,321
3412,CSNKA2IP,1.8283220529556274,15.917837142944336,281
3413,CSPG4,49.64131546020508,-16.926061630249023,180
3414,CSPG5,9.40954875946045,4.466859817504883,386
3415,CSPP1,-3.6652700901031494,2.062595844268799,300
3416,CSRNP1,2.189603567123413,10.601400375366211,320
3417,CSRNP2,12.344095230102539,7.912269592285156,396
3418,CSRNP3,11.373137474060059,7.707672119140625,396
3419,CSRP1,15.439212799072266,9.491053581237793,382
3420,CSRP2,15.110736846923828,9.21076488494873,382
3421,CSRP3,15.366928100585938,9.273658752441406,382
3422,CST1,-11.60090160369873,-15.608819007873535,49
3423,CST11,-10.840686798095703,-15.86163330078125,49
3424,CST2,-11.247146606445312,-15.620308876037598,49
3425,CST3,-11.237946510314941,-15.941513061523438,49
3426,CST4,-11.174250602722168,-15.616131782531738,49
3427,CST5,-11.4302396774292,-15.45488452911377,49
3428,CST6,-11.407487869262695,-15.950567245483398,49
3429,CST7,-10.989559173583984,-15.636601448059082,49
3430,CST8,-10.920475006103516,-15.897445678710938,49
3431,CST9,16.55451774597168,19.764379501342773,260
3432,CST9L,-10.547914505004883,-15.515597343444824,49
3433,CSTA,47.221275329589844,12.250990867614746,304
3434,CSTB,47.80926513671875,13.395182609558105,322
3435,CSTF1,51.13090896606445,23.191194534301758,70
3436,CSTF2T,-16.144948959350586,8.20460319519043,262
3437,CSTF3,32.132545471191406,-4.3661088943481445,295
3438,CSTL1,-10.96818733215332,-15.286303520202637,49
3439,CT62,12.267661094665527,20.9040584564209,324
3440,CTAGE1,19.239944458007812,-36.82761001586914,137
3441,CTAGE15,19.393573760986328,-36.50714111328125,137
3442,CTAGE4,18.975446701049805,-36.61525344848633,137
3443,CTAGE6,19.314708709716797,-36.95476150512695,137
3444,CTAGE8,19.109163284301758,-37.10087585449219,137
3445,CTAGE9,19.337926864624023,-36.46840286254883,137
3446,CTBP1,60.02330780029297,5.160174369812012,349
3447,CTBP2,59.18856430053711,4.862651824951172,349
3448,CTBS,63.371795654296875,-5.474435806274414,212
3449,CTC1,30.730131149291992,-1.5307097434997559,303
3450,CTCF,-30.462177276611328,11.133783340454102,144
3451,CTCFL,-31.47699546813965,10.95383071899414,144
3452,CTDNEP1,49.07949447631836,7.913135528564453,434
3453,CTDP1,13.293684005737305,6.003990173339844,381
3454,CTDSP1,49.628273010253906,7.668213844299316,434
3455,CTDSP2,47.3294677734375,7.635547161102295,433
3456,CTDSPL,47.379127502441406,7.302945137023926,433
3457,CTDSPL2,18.700244903564453,5.527939796447754,372
3458,CTF1,21.855459213256836,13.375579833984375,343
3459,CTH,65.87310791015625,4.728770732879639,358
3460,CTHRC1,94.40455627441406,-10.603597640991211,93
3461,CTIF,5.952265739440918,5.028083324432373,363
3462,CTLA4,15.640503883361816,32.23079299926758,223
3463,CTNNA1,20.820037841796875,-6.768296241760254,278
3464,CTNNA2,20.073823928833008,-7.315759658813477,278
3465,CTNNA3,20.138195037841797,-7.367532253265381,278
3466,CTNNAL1,23.391456604003906,-2.909487247467041,317
3467,CTNNB1,26.70816421508789,-5.192300319671631,319
3468,CTNNBIP1,23.125293731689453,15.055913925170898,290
3469,CTNNBL1,27.899829864501953,-2.2405037879943848,311
3470,CTNND1,5.888751983642578,0.434584379196167,389
3471,CTNND2,3.248530864715576,-0.6768282651901245,389
3472,CTNS,18.224573135375977,-22.848949432373047,160
3473,CTPS1,51.2368049621582,3.6188576221466064,439
3474,CTR9,34.584415435791016,-5.229142189025879,295
3475,CTRB1,74.18186950683594,-25.391571044921875,122
3476,CTRB2,73.99812316894531,-25.305583953857422,122
3477,CTRC,73.6078872680664,-25.082340240478516,122
3478,CTRL,73.80744934082031,-25.212711334228516,122
3479,CTSA,64.32499694824219,-6.012843132019043,212
3480,CTSB,69.33092498779297,-9.704959869384766,216
3481,CTSC,69.4344253540039,-9.413774490356445,216
3482,CTSD,66.71098327636719,-8.153766632080078,201
3483,CTSE,67.01290130615234,-8.453042984008789,201
3484,CTSF,69.40945434570312,-10.402841567993164,216
3485,CTSG,72.72505187988281,-24.60633659362793,123
3486,CTSH,69.14936065673828,-9.597908020019531,216
3487,CTSK,70.3338623046875,-9.694768905639648,216
3488,CTSL,69.80171966552734,-9.923211097717285,216
3489,CTSO,67.72260284423828,-10.444193840026855,217
3490,CTSS,69.54248046875,-9.796762466430664,216
3491,CTSV,71.3807601928711,-10.278125762939453,218
3492,CTSW,70.46773529052734,-11.981889724731445,218
3493,CTSZ,69.05128479003906,-9.35573959350586,216
3494,CTTN,13.83910846710205,5.022401332855225,381
3495,CTTNBP2,9.41504955291748,-2.11468768119812,365
3496,CTTNBP2NL,-2.822935104370117,-0.09600743651390076,250
3497,CTU1,24.85416603088379,12.457658767700195,351
3498,CTU2,44.726375579833984,4.30489444732666,436
3499,CTXN1,21.243896484375,23.824905395507812,228
3500,CTXN2,20.582801818847656,23.53364372253418,228
3501,CTXN3,21.370553970336914,23.21965789794922,228
3502,CTXND1,20.94571876525879,23.44572639465332,228
3503,CTXND2,20.73590660095215,23.203126907348633,228
3504,CUBN,52.418182373046875,-17.263832092285156,168
3505,CUEDC1,17.823598861694336,9.0785493850708,384
3506,CUEDC2,27.865007400512695,10.528319358825684,427
3507,CUL1,29.016454696655273,-3.3621816635131836,312
3508,CUL2,29.281522750854492,-3.3047802448272705,312
3509,CUL3,28.928722381591797,-3.334662914276123,312
3510,CUL4A,30.41254425048828,-1.8033076524734497,303
3511,CUL5,29.801462173461914,-2.858158826828003,312
3512,CUL7,18.051733016967773,-7.458029270172119,278
3513,CUL9,17.784317016601562,-8.587185859680176,278
3514,CUTA,58.493064880371094,11.835840225219727,328
3515,CUTC,57.12834930419922,5.31896448135376,349
3516,CUX2,2.6791651248931885,0.03436034917831421,389
3517,CUZD1,61.86825942993164,-10.753104209899902,203
3518,CWC15,29.78551483154297,13.482222557067871,449
3519,CWC22,-17.868803024291992,4.637815952301025,165
3520,CWC25,-16.52828025817871,4.942993640899658,165
3521,CWC27,29.805908203125,13.405149459838867,449
3522,CWF19L1,37.267704010009766,3.0662617683410645,438
3523,CWF19L2,28.07806396484375,12.267643928527832,442
3524,CWH43,55.14070129394531,-1.8847535848617554,270
3525,CX3CL1,10.495259284973145,23.665237426757812,147
3526,CX3CR1,-110.78126525878906,-18.37769889831543,14
3527,CXADR,19.829608917236328,30.083433151245117,230
3528,CXCL1,102.69862365722656,-28.301090240478516,36
3529,CXCL10,102.89230346679688,-28.22183609008789,36
3530,CXCL11,103.02510070800781,-28.008216857910156,36
3531,CXCL12,103.04396057128906,-28.26535415649414,36
3532,CXCL13,103.13121795654297,-28.321130752563477,36
3533,CXCL14,102.96285247802734,-28.224987030029297,36
3534,CXCL16,10.85549259185791,26.713850021362305,147
3535,CXCL17,79.12451934814453,-17.376571655273438,200
3536,CXCL2,103.70557403564453,-28.552072525024414,36
3537,CXCL3,103.05842590332031,-28.576303482055664,36
3538,CXCL5,102.98999786376953,-28.254018783569336,36
3539,CXCL6,102.79735565185547,-28.388080596923828,36
3540,CXCL8,102.67533111572266,-28.358728408813477,36
3541,CXCL9,102.67784881591797,-28.476303100585938,36
3542,CXCR1,-109.49029541015625,-18.78493309020996,14
3543,CXCR2,-110.21237182617188,-18.527406692504883,14
3544,CXCR4,-108.6117935180664,-18.77121925354004,14
3545,CXCR5,-109.04157257080078,-19.001310348510742,14
3546,CXCR6,-110.85315704345703,-18.36720848083496,14
3547,CXXC1,15.859312057495117,8.70543098449707,359
3548,CXXC4,-18.36412811279297,16.15730094909668,190
3549,CXXC5,-20.79901885986328,16.195144653320312,191
3550,CYB561,10.89460277557373,-24.27465057373047,146
3551,CYB561A3,9.97768783569336,-24.164003372192383,146
3552,CYB561D1,10.589158058166504,-24.361591339111328,146
3553,CYB5A,45.05628967285156,9.871973037719727,422
3554,CYB5B,45.03694152832031,9.91642951965332,422
3555,CYB5D1,42.95529556274414,9.42668628692627,347
3556,CYB5D2,62.383583068847656,-7.758455276489258,212
3557,CYB5R1,58.15939712524414,1.5601493120193481,288
3558,CYB5R2,58.21894836425781,3.6327064037323,348
3559,CYB5R3,58.02111053466797,2.7130417823791504,348
3560,CYB5R4,40.74247741699219,3.6263153553009033,432
3561,CYB5RL,46.74519348144531,5.651804447174072,436
3562,CYBA,1.7989858388900757,-22.836896896362305,105
3563,CYBC1,40.87595748901367,5.850841522216797,432
3564,CYBRD1,10.69163703918457,-24.397626876831055,146
3565,CYC1,65.28457641601562,11.974467277526855,163
3566,CYCS,50.14818572998047,14.454383850097656,243
3567,CYFIP1,20.53662109375,-3.391324758529663,297
3568,CYFIP2,20.293054580688477,-3.2846429347991943,297
3569,CYGB,30.70258903503418,8.663776397705078,428
3570,CYHR1,19.621089935302734,8.445985794067383,383
3571,CYLC2,7.258123874664307,16.30970001220703,331
3572,CYLD,19.8067626953125,4.867800712585449,372
3573,CYP11A1,96.33666229248047,0.003294020425528288,71
3574,CYP11B1,97.3418197631836,0.0580608993768692,71
3575,CYP11B2,96.58303833007812,-0.17431038618087769,71
3576,CYP17A1,97.16854858398438,-0.0015156087465584278,71
3577,CYP19A1,95.89598846435547,-0.19217906892299652,71
3578,CYP1A1,96.99226379394531,-0.0002569066418800503,71
3579,CYP1A2,96.47443389892578,-0.038170989602804184,71
3580,CYP1B1,96.60771179199219,-0.06415843218564987,71
3581,CYP20A1,96.3702392578125,0.03047783114016056,71
3582,CYP21A2,97.19352722167969,-0.021931683644652367,71
3583,CYP24A1,96.75096893310547,-0.015691576525568962,71
3584,CYP26A1,96.44413757324219,-0.06726652383804321,71
3585,CYP26B1,96.08808898925781,-0.11524353921413422,71
3586,CYP26C1,94.79386901855469,-0.144438236951828,71
3587,CYP27A1,96.68864440917969,-0.020139234140515327,71
3588,CYP27B1,96.89689636230469,-0.01685251295566559,71
3589,CYP27C1,95.87239837646484,0.05368438735604286,71
3590,CYP2A13,97.58565521240234,-0.02475793845951557,71
3591,CYP2A6,97.64188385009766,-0.0329710878431797,71
3592,CYP2A7,97.51913452148438,-0.05636447295546532,71
3593,CYP2B6,97.59888458251953,-0.04792822152376175,71
3594,CYP2C18,97.30361938476562,-0.051494479179382324,71
3595,CYP2C19,97.14318084716797,-0.15966732800006866,71
3596,CYP2C8,97.80712127685547,0.007376729976385832,71
3597,CYP2C9,98.00230407714844,-0.2945050001144409,71
3598,CYP2D6,97.48224639892578,-0.020172925665974617,71
3599,CYP2D7,97.14875793457031,-0.022970765829086304,71
3600,CYP2E1,97.47154235839844,-0.12119483202695847,71
3601,CYP2F1,97.4208984375,-0.016753962263464928,71
3602,CYP2J2,97.43792724609375,0.00567553099244833,71
3603,CYP2R1,96.4759521484375,0.00735230278223753,71
3604,CYP2S1,97.16029357910156,-0.01330950390547514,71
3605,CYP2U1,96.23413848876953,0.12019636482000351,71
3606,CYP2W1,96.6373519897461,-0.08667384088039398,71
3607,CYP39A1,96.35144805908203,0.03456868231296539,71
3608,CYP3A4,97.71390533447266,0.008412330411374569,71
3609,CYP3A43,98.0852279663086,0.13661256432533264,71
3610,CYP3A5,97.9093017578125,-0.003911157604306936,71
3611,CYP3A7,97.83201599121094,0.023126089945435524,71
3612,CYP46A1,97.2665023803711,0.10069280117750168,71
3613,CYP4A11,97.4833984375,0.06314652413129807,71
3614,CYP4A22,97.29573059082031,0.08898419886827469,71
3615,CYP4B1,96.9049072265625,0.12580057978630066,71
3616,CYP4F11,97.45712280273438,0.06719514727592468,71
3617,CYP4F12,97.5210189819336,0.12415722012519836,71
3618,CYP4F2,97.77169799804688,0.22931008040905,71
3619,CYP4F22,97.68891143798828,0.2236470729112625,71
3620,CYP4F3,97.91295623779297,-0.15457777678966522,71
3621,CYP4F8,97.64215850830078,0.06935333460569382,71
3622,CYP4V2,96.68472290039062,0.11045131832361221,71
3623,CYP4X1,97.32764434814453,0.08002481609582901,71
3624,CYP4Z1,97.37499237060547,0.06002776324748993,71
3625,CYP51A1,95.90974426269531,-0.06392078101634979,71
3626,CYP7A1,95.62716674804688,0.015154402703046799,71
3627,CYP7B1,95.71929168701172,0.24183589220046997,71
3628,CYP8B1,97.25334930419922,0.24550390243530273,71
3629,CYREN,18.626468658447266,14.359618186950684,344
3630,CYS1,20.125253677368164,14.065469741821289,346
3631,CYSLTR2,-109.75505065917969,-18.588701248168945,14
3632,CYSRT1,20.11020278930664,19.233488082885742,279
3633,CYSTM1,11.729010581970215,21.64841079711914,324
3634,CYTH1,21.57155418395996,0.9288609623908997,350
3635,CYTH2,22.900774002075195,2.8644189834594727,301
3636,CYTH3,19.077802658081055,1.0000288486480713,417
3637,CYTH4,20.950876235961914,1.0946120023727417,350
3638,CYTIP,7.770505428314209,6.927674770355225,388
3639,CYTL1,35.90211868286133,28.478107452392578,94
3640,CYYR1,16.372121810913086,24.238767623901367,224
3641,CZIB,46.80051803588867,13.37937068939209,322
3642,D2HGDH,59.4334716796875,4.565976142883301,349
3643,DAAM1,1.607047200202942,1.375105857849121,389
3644,DAAM2,3.0961248874664307,1.3094393014907837,389
3645,DAB1,-5.240602016448975,6.776233673095703,271
3646,DAB2,-2.7843785285949707,5.31802225112915,299
3647,DAB2IP,5.53279972076416,0.32770898938179016,389
3648,DACH1,-9.516472816467285,12.06556224822998,269
3649,DACT1,2.86242413520813,10.829428672790527,320
3650,DACT2,0.02645207569003105,9.857634544372559,320
3651,DACT3,5.6199774742126465,11.355958938598633,330
3652,DAD1,9.089804649353027,-20.51004409790039,139
3653,DAG1,9.1377534866333,25.747644424438477,147
3654,DAGLA,25.08268165588379,-16.844404220581055,124
3655,DAGLB,38.91227722167969,-3.4661033153533936,286
3656,DALRD3,46.7923698425293,3.8940346240997314,424
3657,DAND5,77.13654327392578,-12.528679847717285,188
3658,DAO,58.466365814208984,3.675790309906006,348
3659,DAOA,14.019598007202148,19.0183048248291,323
3660,DAP,17.782588958740234,16.04534149169922,340
3661,DAP3,48.1865348815918,5.655850887298584,419
3662,DAPK1,11.989989280700684,-2.8635947704315186,375
3663,DAPK2,55.603023529052734,37.877986907958984,69
3664,DAPK3,56.3226318359375,37.76644515991211,69
3665,DAPL1,14.294559478759766,18.701570510864258,323
3666,DAPP1,18.498069763183594,2.323314666748047,418
3667,DARS2,48.21348571777344,3.5513272285461426,423
3668,DAW1,52.31000518798828,23.85489273071289,70
3669,DAXX,18.995386123657227,1.982837438583374,418
3670,DAZAP1,-18.333646774291992,7.902158737182617,262
3671,DAZAP2,13.696767807006836,21.747928619384766,325
3672,DAZL,-19.684185028076172,13.661355972290039,264
3673,DBF4,7.308868408203125,7.502505302429199,404
3674,DBF4B,13.180401802062988,13.367220878601074,335
3675,DBH,62.64141082763672,-5.59067440032959,212
3676,DBI,49.22023010253906,13.162896156311035,243
3677,DBN1,9.782200813293457,5.016519546508789,386
3678,DBNDD1,14.618075370788574,14.939704895019531,342
3679,DBNDD2,17.93994140625,14.898765563964844,344
3680,DBNL,12.338172912597656,4.3979644775390625,381
3681,DBP,-7.209783554077148,16.66543197631836,237
3682,DBR1,34.11250305175781,6.501753807067871,364
3683,DBT,64.07127380371094,7.108081340789795,293
3684,DBX1,-22.4338436126709,21.012651443481445,194
3685,DBX2,-19.83171844482422,20.14808464050293,194
3686,DCAF1,16.958168029785156,-5.030950546264648,368
3687,DCAF10,50.632442474365234,22.88079261779785,70
3688,DCAF11,51.04697799682617,22.940771102905273,70
3689,DCAF12,50.34223556518555,22.671707153320312,70
3690,DCAF13,50.806983947753906,23.43195343017578,70
3691,DCAF15,16.68198013305664,5.904899597167969,380
3692,DCAF16,14.111075401306152,15.023216247558594,342
3693,DCAF17,38.17395782470703,0.9717303514480591,432
3694,DCAF4,51.72787094116211,23.29894256591797,70
3695,DCAF4L1,51.60986328125,23.241443634033203,70
3696,DCAF4L2,52.150489807128906,23.174379348754883,70
3697,DCAF5,9.72245979309082,4.261567115783691,386
3698,DCAF6,9.62557315826416,2.4305663108825684,362
3699,DCAF7,51.60991668701172,23.343154907226562,70
3700,DCAF8,49.57571792602539,22.22140121459961,70
3701,DCAKD,51.672908782958984,6.359049320220947,452
3702,DCANP1,12.16416072845459,20.464696884155273,324
3703,DCBLD1,18.524898529052734,27.714719772338867,220
3704,DCBLD2,61.44667053222656,-12.571971893310547,203
3705,DCC,48.31711196899414,-14.849043846130371,181
3706,DCD,29.41195297241211,24.89596176147461,96
3707,DCDC1,0.9066709876060486,-1.4858620166778564,240
3708,DCDC2,6.308046817779541,10.750072479248047,330
3709,DCDC2B,9.816707611083984,13.919475555419922,330
3710,DCDC2C,8.216207504272461,10.928487777709961,330
3711,DCHS1,49.48891067504883,-16.839656829833984,180
3712,DCK,42.880428314208984,5.917844772338867,436
3713,DCLK1,59.02247619628906,36.14241027832031,69
3714,DCLK2,58.49592590332031,36.435306549072266,69
3715,DCLK3,55.99817657470703,37.362083435058594,69
3716,DCLRE1A,1.944387435913086,7.04111909866333,412
3717,DCLRE1B,16.994401931762695,6.704166889190674,380
3718,DCLRE1C,11.727717399597168,6.446300983428955,396
3719,DCN,93.93873596191406,21.181238174438477,83
3720,DCP1A,-7.204660415649414,9.26388168334961,272
3721,DCP1B,-8.543764114379883,10.271830558776855,272
3722,DCP2,13.091628074645996,7.577123165130615,396
3723,DCPS,45.156131744384766,5.633265018463135,436
3724,DCST1,25.630348205566406,-18.817716598510742,126
3725,DCST2,24.626678466796875,-18.503511428833008,126
3726,DCSTAMP,19.3323974609375,-18.25986671447754,128
3727,DCT,62.17768859863281,-6.218238353729248,212
3728,DCTD,48.64015197753906,7.958848476409912,433
3729,DCTN1,-5.060007572174072,-3.4251301288604736,252
3730,DCTN2,32.75156021118164,12.524871826171875,445
3731,DCTN3,33.693050384521484,12.924184799194336,367
3732,DCTN4,21.053184509277344,7.847195148468018,398
3733,DCTN5,47.791748046875,4.356531143188477,423
3734,DCTN6,44.81723403930664,11.302461624145508,304
3735,DCTPP1,51.792572021484375,8.966388702392578,431
3736,DCUN1D1,-39.268226623535156,-6.619961738586426,43
3737,DCUN1D2,-38.824432373046875,-6.389588832855225,43
3738,DCUN1D3,21.414188385009766,8.286471366882324,398
3739,DCUN1D4,-39.184207916259766,-6.5980119705200195,43
3740,DCXR,67.32417297363281,3.4571311473846436,358
3741,DDA1,25.78108024597168,14.28642749786377,351
3742,DDAH1,56.44281005859375,6.369729518890381,349
3743,DDAH2,55.84912109375,6.993130683898926,349
3744,DDB1,33.215824127197266,-3.0288825035095215,295
3745,DDB2,51.93598175048828,23.52145004272461,70
3746,DDC,67.15992736816406,4.2913079261779785,357
3747,DDHD2,36.51285171508789,1.3055444955825806,432
3748,DDI1,25.039865493774414,10.865336418151855,390
3749,DDI2,24.166213989257812,8.769892692565918,392
3750,DDIAS,5.571910381317139,7.579809188842773,405
3751,DDIT3,12.583138465881348,13.911506652832031,335
3752,DDIT4,12.564380645751953,13.291545867919922,335
3753,DDIT4L,12.559381484985352,17.708820343017578,342
3754,DDN,4.20884370803833,12.06472396850586,320
3755,DDO,56.68096923828125,3.840439558029175,292
3756,DDOST,55.76047897338867,-7.27087926864624,185
3757,DDR1,68.65361022949219,32.54167175292969,64
3758,DDR2,68.4669189453125,32.387718200683594,64
3759,DDRGK1,31.43623161315918,13.370537757873535,448
3760,DDT,51.46146774291992,11.970948219299316,196
3761,DDTL,49.87319564819336,12.03860855102539,243
3762,DDX1,38.46272277832031,3.719996690750122,430
3763,DDX10,37.4537467956543,12.602810859680176,371
3764,DDX11,35.981117248535156,3.100822687149048,438
3765,DDX17,-19.3735408782959,7.546936988830566,265
3766,DDX18,37.55692672729492,11.992701530456543,371
3767,DDX19A,39.896610260009766,4.223268508911133,432
3768,DDX19B,37.80611038208008,5.198700904846191,360
3769,DDX20,26.46908187866211,4.735655307769775,308
3770,DDX21,38.32304382324219,11.873478889465332,371
3771,DDX23,29.035436630249023,8.928057670593262,447
3772,DDX24,36.53879928588867,11.655905723571777,371
3773,DDX25,39.00670623779297,4.636519908905029,432
3774,DDX27,37.03120803833008,11.720317840576172,371
3775,DDX28,45.49459457397461,6.264718532562256,436
3776,DDX31,39.15410232543945,5.462221145629883,432
3777,DDX39A,40.59309387207031,5.061822891235352,432
3778,DDX39B,39.2205810546875,5.2909722328186035,432
3779,DDX4,34.45746994018555,3.964972734451294,443
3780,DDX41,40.34712600708008,5.668806076049805,432
3781,DDX42,34.56498718261719,3.382420301437378,437
3782,DDX43,35.706539154052734,5.620715141296387,360
3783,DDX46,22.65959358215332,9.964750289916992,385
3784,DDX47,38.41367721557617,5.9343156814575195,426
3785,DDX49,39.91118621826172,7.208110332489014,391
3786,DDX5,-19.585369110107422,7.30120325088501,265
3787,DDX50,37.25043869018555,10.991462707519531,370
3788,DDX51,40.2784423828125,9.009990692138672,361
3789,DDX52,37.86202621459961,10.888517379760742,370
3790,DDX54,39.545127868652344,11.903812408447266,371
3791,DDX55,40.22848892211914,6.829492092132568,391
3792,DDX56,41.56025314331055,7.032264709472656,391
3793,DDX58,40.03359603881836,-3.4745023250579834,286
3794,DDX59,36.36610412597656,3.576117753982544,438
3795,DDX6,28.40363883972168,5.213065147399902,394
3796,DDX60,23.18701171875,-6.737326622009277,310
3797,DDX60L,21.320533752441406,-6.993795394897461,278
3798,DEAF1,-16.05417823791504,11.930924415588379,273
3799,DECR1,68.75996398925781,6.324747562408447,356
3800,DECR2,65.8053207397461,3.6720757484436035,358
3801,DEDD,28.012874603271484,8.40185832977295,447
3802,DEDD2,16.7542781829834,11.419432640075684,384
3803,DEF6,-7.250023365020752,-2.0668997764587402,257
3804,DEF8,22.507266998291016,7.8941144943237305,398
3805,DEFA1,32.994415283203125,26.063093185424805,97
3806,DEFA1B,33.0138053894043,26.05792236328125,97
3807,DEFA3,32.68097686767578,25.977643966674805,97
3808,DEFA4,33.01893615722656,26.037450790405273,97
3809,DEFA5,33.070289611816406,26.06558609008789,97
3810,DEFA6,33.114437103271484,26.06863784790039,97
3811,DEFB1,81.96719360351562,-19.236478805541992,206
3812,DEFB103A,83.34166717529297,-20.04650115966797,207
3813,DEFB103B,83.32280731201172,-19.82423973083496,207
3814,DEFB104A,83.48858642578125,-20.07128143310547,207
3815,DEFB104B,83.85258483886719,-19.940725326538086,207
3816,DEFB105A,82.46456146240234,-19.542648315429688,207
3817,DEFB105B,82.94315338134766,-19.72782325744629,207
3818,DEFB106A,83.4126205444336,-20.060441970825195,207
3819,DEFB106B,83.21656799316406,-19.930959701538086,207
3820,DEFB107A,82.84627532958984,-19.579574584960938,207
3821,DEFB107B,82.89131164550781,-19.63333511352539,207
3822,DEFB108B,82.2704086303711,-19.37268829345703,207
3823,DEFB110,83.27571868896484,-19.984905242919922,207
3824,DEFB112,77.88660430908203,-17.09663200378418,200
3825,DEFB113,83.10648345947266,-19.84916114807129,207
3826,DEFB114,83.358154296875,-20.116100311279297,207
3827,DEFB115,83.01604461669922,-19.803857803344727,207
3828,DEFB116,82.75350952148438,-19.71500587463379,207
3829,DEFB118,80.92196655273438,-18.30573081970215,206
3830,DEFB119,83.130126953125,-19.83199691772461,207
3831,DEFB121,82.94094848632812,-19.58677864074707,207
3832,DEFB123,83.85257720947266,-20.233047485351562,207
3833,DEFB124,81.66756439208984,-19.013978958129883,206
3834,DEFB125,82.04998779296875,-19.089937210083008,207
3835,DEFB126,82.92977905273438,-19.718246459960938,207
3836,DEFB127,83.05437469482422,-19.927677154541016,207
3837,DEFB128,83.34276580810547,-19.971908569335938,207
3838,DEFB129,81.62012481689453,-18.398162841796875,206
3839,DEFB130A,83.4376449584961,-20.0216064453125,207
3840,DEFB130B,83.1448745727539,-19.881168365478516,207
3841,DEFB131A,82.80602264404297,-19.483057022094727,207
3842,DEFB131B,82.83428955078125,-19.675765991210938,207
3843,DEFB132,81.10160064697266,-18.5076904296875,206
3844,DEFB134,81.52558135986328,-18.914758682250977,206
3845,DEFB135,83.01644134521484,-19.85368537902832,207
3846,DEFB136,82.79757690429688,-19.780445098876953,207
3847,DEFB4A,83.14840698242188,-20.021127700805664,207
3848,DEFB4B,83.92120361328125,-20.342632293701172,207
3849,DEGS1,11.659205436706543,-24.818483352661133,146
3850,DEGS2,11.736859321594238,-24.993183135986328,146
3851,DEK,28.056589126586914,15.389859199523926,268
3852,DELE1,31.82852554321289,0.2528466582298279,337
3853,DENND10,49.49460983276367,4.928873538970947,446
3854,DENND11,24.62869644165039,0.8488723039627075,308
3855,DENND1A,8.411734580993652,-0.20577912032604218,365
3856,DENND1B,12.638862609863281,-0.5195435285568237,375
3857,DENND1C,13.830706596374512,0.055174168199300766,415
3858,DENND2A,6.409971714019775,4.214812278747559,363
3859,DENND2C,5.292042255401611,4.601701259613037,363
3860,DENND2D,23.133167266845703,0.3798029124736786,305
3861,DENND3,18.123332977294922,-2.2460222244262695,377
3862,DENND4A,12.659327507019043,-5.70594596862793,277
3863,DENND4B,15.054465293884277,-5.056089878082275,277
3864,DENND4C,12.810639381408691,-6.119441509246826,277
3865,DENND5A,19.171009063720703,-2.069922924041748,376
3866,DENND5B,16.232439041137695,-2.260542392730713,377
3867,DENND6A,23.065921783447266,-0.7303869724273682,305
3868,DENND6B,20.976518630981445,0.11864391714334488,350
3869,DENR,33.92057800292969,11.201899528503418,445
3870,DEPDC1,7.325713157653809,8.863200187683105,404
3871,DEPDC1B,21.213953018188477,7.350751876831055,398
3872,DEPDC4,29.862640380859375,4.797877788543701,444
3873,DEPDC5,13.849411010742188,-5.106053352355957,277
3874,DEPDC7,29.07337188720703,5.079704284667969,451
3875,DEPP1,9.615443229675293,15.237017631530762,330
3876,DEPTOR,18.999073028564453,2.0784695148468018,418
3877,DERA,64.24868774414062,5.613028049468994,293
3878,DERL1,11.526835441589355,-21.505020141601562,150
3879,DERL2,11.821873664855957,-21.40650177001953,150
3880,DERL3,12.578956604003906,-21.973241806030273,150
3881,DERPC,-0.6045143604278564,16.720624923706055,145
3882,DES,159.82022094726562,8.784086227416992,25
3883,DESI1,43.02893829345703,8.659757614135742,436
3884,DESI2,40.078773498535156,8.435486793518066,361
3885,DET1,34.94154357910156,0.6793128252029419,337
3886,DEUP1,-13.272688865661621,-3.319014310836792,259
3887,DEXI,13.363015174865723,17.94007682800293,333
3888,DFFA,32.382694244384766,11.117383003234863,445
3889,DFFB,30.26948356628418,5.649360179901123,451
3890,DGAT1,18.343698501586914,-22.876867294311523,160
3891,DGAT2,59.673213958740234,0.3094486594200134,288
3892,DGCR2,60.13267517089844,-11.927789688110352,203
3893,DGCR6,25.714584350585938,13.60274600982666,351
3894,DGCR6L,27.347322463989258,13.24682331085205,442
3895,DGCR8,13.52849292755127,6.63853645324707,381
3896,DGKA,18.604637145996094,-1.7514394521713257,376
3897,DGKB,18.17308807373047,-2.288224220275879,377
3898,DGKD,17.593711853027344,-1.9672977924346924,377
3899,DGKE,48.134193420410156,1.1431503295898438,296
3900,DGKG,18.63953971862793,-1.9285062551498413,376
3901,DGKQ,17.283161163330078,0.44203662872314453,417
3902,DGKZ,17.336729049682617,-1.1008284091949463,376
3903,DGLUCY,59.05192947387695,4.003042697906494,349
3904,DGUOK,53.3308219909668,7.581872463226318,452
3905,DHCR24,59.10114288330078,-0.309094101190567,288
3906,DHCR7,14.026601791381836,-24.352819442749023,158
3907,DHDDS,48.0026969909668,4.280772686004639,423
3908,DHDH,63.2406120300293,4.610008239746094,355
3909,DHFR,52.25287628173828,6.643054962158203,452
3910,DHFR2,50.55424880981445,7.470757961273193,431
3911,DHH,69.4820785522461,-7.362918376922607,201
3912,DHODH,58.17991638183594,5.8256354331970215,349
3913,DHPS,58.633941650390625,5.530581951141357,349
3914,DHRS1,65.4876937866211,1.7249890565872192,244
3915,DHRS11,64.7679443359375,4.557185173034668,358
3916,DHRS12,63.44480514526367,2.316103458404541,244
3917,DHRS13,64.6404800415039,1.1108373403549194,244
3918,DHRS2,67.14787292480469,3.237154960632324,358
3919,DHRS3,66.2940902709961,0.9208926558494568,244
3920,DHRS4,67.59858703613281,3.8913145065307617,358
3921,DHRS4L2,67.03937530517578,3.4791126251220703,358
3922,DHRS7,65.39295196533203,1.2857707738876343,244
3923,DHRS7B,65.54878234863281,1.1692991256713867,244
3924,DHRS7C,66.30397033691406,0.860867440700531,244
3925,DHRS9,66.93682098388672,1.255812406539917,244
3926,DHTKD1,66.17851257324219,3.9838132858276367,358
3927,DHX15,32.09724044799805,-0.5748082399368286,336
3928,DHX16,33.40016174316406,5.099915504455566,443
3929,DHX29,31.425533294677734,2.0052144527435303,402
3930,DHX30,36.098819732666016,2.763040065765381,438
3931,DHX32,36.38822555541992,2.6302731037139893,438
3932,DHX33,38.225830078125,4.1283745765686035,430
3933,DHX34,37.707550048828125,1.7192343473434448,438
3934,DHX35,37.93538284301758,2.939779043197632,438
3935,DHX36,33.56255340576172,2.743023157119751,444
3936,DHX37,37.7465705871582,5.303646564483643,360
3937,DHX38,32.47935485839844,5.525846481323242,443
3938,DHX40,36.077186584472656,3.1427676677703857,438
3939,DHX57,36.3695068359375,2.560859441757202,438
3940,DHX58,38.439544677734375,2.070488214492798,432
3941,DHX8,32.763511657714844,4.033075332641602,444
3942,DHX9,35.044681549072266,2.868516206741333,437
3943,DIABLO,55.67692947387695,8.899683952331543,353
3944,DIAPH1,1.0601717233657837,1.3375256061553955,389
3945,DIAPH3,2.9064416885375977,1.949507474899292,389
3946,DICER1,12.628396034240723,-4.8586297035217285,277
3947,DIDO1,-9.3268461227417,6.616745471954346,272
3948,DIMT1,50.47464370727539,8.606371879577637,431
3949,DIO1,58.75400161743164,-2.2475321292877197,213
3950,DIO2,57.70092010498047,-1.8655924797058105,213
3951,DIO3,58.80611801147461,-3.8693621158599854,213
3952,DIP2A,17.683948516845703,-2.869213342666626,377
3953,DIP2B,17.183425903320312,-2.801584005355835,377
3954,DIP2C,17.718917846679688,-3.2003817558288574,377
3955,DIPK1A,72.94219970703125,-5.6704559326171875,205
3956,DIPK1B,71.86222076416016,-5.970774173736572,205
3957,DIPK1C,72.08924865722656,-5.613954067230225,205
3958,DIPK2A,72.1792221069336,-5.70963191986084,205
3959,DIRAS1,-10.83753490447998,-44.37312698364258,27
3960,DIRAS2,-11.580286026000977,-44.2326774597168,27
3961,DIRAS3,-11.252279281616211,-44.18709182739258,27
3962,DIRC1,13.102168083190918,19.917322158813477,325
3963,DIS3,37.952476501464844,1.966497540473938,438
3964,DIS3L,39.51519775390625,1.8867037296295166,432
3965,DIS3L2,40.32157516479492,1.8783693313598633,432
3966,DISC1,2.8580448627471924,3.2710015773773193,407
3967,DISP1,33.72209548950195,-21.346837997436523,116
3968,DISP3,36.428932189941406,-22.499238967895508,116
3969,DIXDC1,-4.323040008544922,-1.4523799419403076,254
3970,DKK1,73.32213592529297,-15.231637001037598,219
3971,DKK2,72.40583801269531,-15.248316764831543,219
3972,DKK3,68.88858795166016,-13.70131778717041,198
3973,DKK4,75.5445785522461,-16.102554321289062,219
3974,DKKL1,15.596671104431152,19.5017032623291,323
3975,DLAT,64.27014923095703,6.733839511871338,293
3976,DLC1,4.992440700531006,0.8924767971038818,389
3977,DLD,69.19281768798828,6.427823543548584,356
3978,DLEC1,2.3302829265594482,-1.824156403541565,240
3979,DLEU7,23.10923957824707,12.717649459838867,290
3980,DLG1,6.647589683532715,-0.8565298914909363,389
3981,DLG2,5.345617771148682,-0.9638894200325012,389
3982,DLG4,21.06455421447754,2.2241954803466797,400
3983,DLG5,-2.4520375728607178,-1.56938636302948,254
3984,DLGAP1,4.289228439331055,0.24630522727966309,389
3985,DLGAP2,3.9404516220092773,-0.2977994382381439,389
3986,DLGAP3,3.2667076587677,1.7508352994918823,389
3987,DLGAP4,3.146394729614258,1.592904806137085,389
3988,DLGAP5,5.5080671310424805,8.758513450622559,404
3989,DLK1,64.20150756835938,-16.21161460876465,197
3990,DLK2,66.3147201538086,-15.288983345031738,198
3991,DLL1,62.59659957885742,-16.942829132080078,197
3992,DLL3,64.65681457519531,-14.871687889099121,197
3993,DLL4,61.95976638793945,-17.347604751586914,197
3994,DLST,64.12299346923828,6.971806526184082,293
3995,DLX1,-25.06934356689453,20.402263641357422,194
3996,DLX2,-22.889902114868164,19.57514762878418,194
3997,DLX3,-22.302160263061523,19.289993286132812,194
3998,DLX4,-22.822996139526367,20.96041488647461,194
3999,DLX5,-23.384798049926758,20.089046478271484,194
4000,DLX6,-23.679264068603516,19.834518432617188,194
4001,DMAC1,66.72968292236328,16.630794525146484,163
4002,DMAC2,55.36107635498047,9.364912033081055,353
4003,DMAC2L,53.68036651611328,9.817234992980957,353
4004,DMAP1,23.577682495117188,10.403109550476074,390
4005,DMBT1,53.296539306640625,-17.060758590698242,168
4006,DMBX1,-21.930631637573242,20.18642807006836,194
4007,DMC1,41.51612854003906,5.903346538543701,432
4008,DMGDH,64.5920181274414,3.1941709518432617,358
4009,DMKN,21.87549591064453,10.278834342956543,385
4010,DMP1,4.80124044418335,18.93118667602539,274
4011,DMPK,55.241661071777344,37.68544387817383,69
4012,DMRT1,-16.693313598632812,18.384979248046875,191
4013,DMRT2,-13.090880393981934,17.349687576293945,234
4014,DMRT3,-15.887398719787598,18.62609100341797,191
4015,DMRTA1,-15.255895614624023,18.206592559814453,191
4016,DMRTA2,-16.654844284057617,17.813196182250977,191
4017,DMRTB1,-13.087957382202148,17.771480560302734,234
4018,DMRTC2,-12.277864456176758,18.65730094909668,242
4019,DMTF1,-19.142494201660156,11.713809967041016,264
4020,DMTN,11.803584098815918,9.060864448547363,379
4021,DMWD,13.14907455444336,6.387070178985596,381
4022,DMXL1,13.749504089355469,-7.3885955810546875,277
4023,DMXL2,14.105772972106934,-7.682969570159912,277
4024,DNA2,23.138614654541016,4.258972644805908,373
4025,DNAAF1,8.329318046569824,5.3414740562438965,387
4026,DNAAF2,35.03229522705078,9.134759902954102,369
4027,DNAAF3,20.70513343811035,4.49760103225708,373
4028,DNAAF4,29.041595458984375,10.990450859069824,427
4029,DNAAF5,31.339359283447266,-2.1087169647216797,303
4030,DNAH12,12.413293838500977,-7.395700454711914,277
4031,DNAI1,-7.586472034454346,0.8049780130386353,245
4032,DNAI2,-8.906383514404297,0.816307783126831,251
4033,DNAJA1,46.21206283569336,-1.5317556858062744,208
4034,DNAJA2,45.60660934448242,-1.2861407995224,208
4035,DNAJA3,56.7570686340332,7.895358562469482,349
4036,DNAJA4,46.00883483886719,-1.4401607513427734,208
4037,DNAJB1,46.55192565917969,-1.5381455421447754,208
4038,DNAJB11,47.89120864868164,-2.3567452430725098,170
4039,DNAJB12,42.68292999267578,-0.9460324048995972,284
4040,DNAJB13,46.32194137573242,-1.8239881992340088,208
4041,DNAJB14,44.19951248168945,-2.393847942352295,208
4042,DNAJB2,44.810611724853516,-1.847412109375,208
4043,DNAJB4,45.96608352661133,-1.6470705270767212,208
4044,DNAJB5,46.003623962402344,-1.9083282947540283,208
4045,DNAJB6,45.454097747802734,-2.392909288406372,208
4046,DNAJB7,45.226200103759766,-2.3711025714874268,208
4047,DNAJB8,45.189701080322266,-2.1850290298461914,208
4048,DNAJB9,45.457027435302734,-2.259978771209717,208
4049,DNAJC1,54.72773742675781,-6.37623405456543,185
4050,DNAJC11,43.6159782409668,3.4679806232452393,435
4051,DNAJC12,27.621124267578125,8.551806449890137,447
4052,DNAJC13,15.938892364501953,-7.3146138191223145,278
4053,DNAJC14,13.179769515991211,7.6975417137146,396
4054,DNAJC15,63.723182678222656,14.952741622924805,163
4055,DNAJC16,55.54876708984375,-4.836757183074951,186
4056,DNAJC17,30.04931640625,13.256209373474121,449
4057,DNAJC18,44.75366973876953,-1.9463903903961182,208
4058,DNAJC19,61.79415512084961,14.574726104736328,287
4059,DNAJC2,29.98834991455078,13.098042488098145,449
4060,DNAJC21,30.103120803833008,12.72755241394043,449
4061,DNAJC22,18.428857803344727,-20.377702713012695,140
4062,DNAJC24,35.9661750793457,10.791549682617188,369
4063,DNAJC25,53.46403503417969,-4.296792030334473,186
4064,DNAJC27,-9.541275024414062,-43.71043014526367,27
4065,DNAJC28,45.558448791503906,7.624531269073486,436
4066,DNAJC3,42.93318557739258,-5.2566752433776855,283
4067,DNAJC30,56.067955017089844,11.487920761108398,196
4068,DNAJC4,57.37422561645508,11.301658630371094,327
4069,DNAJC5,18.895360946655273,24.58284568786621,228
4070,DNAJC5B,18.81890869140625,24.6778621673584,228
4071,DNAJC5G,19.381690979003906,24.325828552246094,228
4072,DNAJC6,1.400150179862976,4.353048324584961,406
4073,DNAJC7,35.835716247558594,-4.896928310394287,295
4074,DNAJC8,30.033288955688477,13.277368545532227,449
4075,DNAJC9,28.99685287475586,10.94831371307373,427
4076,DNAL1,90.38013458251953,20.42694664001465,86
4077,DNAL4,44.420509338378906,12.883305549621582,304
4078,DNALI1,-9.151233673095703,0.5506719350814819,251
4079,DNASE1,68.24420928955078,-7.174393653869629,201
4080,DNASE1L2,68.48515319824219,-6.898662567138672,201
4081,DNASE1L3,66.42378234863281,-6.771639347076416,212
4082,DNASE2,65.733154296875,-6.0321221351623535,212
4083,DNASE2B,67.91830444335938,-6.362973213195801,201
4084,DND1,21.765207290649414,10.775754928588867,385
4085,DNER,64.59915161132812,-15.946782112121582,197
4086,DNLZ,52.280338287353516,11.231470108032227,196
4087,DNM1,10.848672866821289,-0.7112886309623718,374
4088,DNM1L,37.881431579589844,0.9058381915092468,432
4089,DNM2,9.014129638671875,-0.558783233165741,365
4090,DNM3,8.304130554199219,-0.6881717443466187,365
4091,DNMBP,8.518209457397461,0.8867001533508301,365
4092,DNMT1,12.357985496520996,6.534204483032227,396
4093,DNMT3A,13.61275577545166,6.2052130699157715,381
4094,DNMT3B,14.295654296875,6.61542272567749,381
4095,DNMT3L,40.19491958618164,3.855637311935425,432
4096,DNPEP,56.296287536621094,4.5815205574035645,440
4097,DNPH1,55.13711166381836,8.695871353149414,353
4098,DNTT,47.67973327636719,4.660337924957275,423
4099,DNTTIP1,25.224706649780273,10.378913879394531,410
4100,DNTTIP2,13.66266918182373,10.019887924194336,379
4101,DOC2A,17.204240798950195,-4.025668144226074,368
4102,DOC2B,16.73461151123047,-4.204721927642822,368
4103,DOCK1,10.938765525817871,-6.471824645996094,277
4104,DOCK10,12.143806457519531,-6.836289405822754,277
4105,DOCK2,12.32967758178711,-6.641997337341309,277
4106,DOCK3,11.47131633758545,-6.565152645111084,277
4107,DOCK4,10.525064468383789,-6.326693534851074,277
4108,DOCK5,10.868234634399414,-6.0743207931518555,277
4109,DOCK6,17.532480239868164,-8.884227752685547,278
4110,DOCK7,13.066354751586914,-6.91049337387085,277
4111,DOCK8,12.194103240966797,-7.427453994750977,277
4112,DOCK9,12.341681480407715,-7.13902473449707,277
4113,DOHH,34.946754455566406,6.437357425689697,364
4114,DOK1,15.562718391418457,4.101670742034912,409
4115,DOK2,16.11781120300293,3.7935714721679688,409
4116,DOK3,16.303932189941406,4.062270641326904,409
4117,DOK4,21.29192352294922,3.079042434692383,373
4118,DOK5,18.047170639038086,1.505591869354248,417
4119,DOK6,18.708765029907227,1.0415960550308228,417
4120,DOK7,8.400232315063477,5.978403568267822,387
4121,DOLK,18.00571060180664,-22.845630645751953,160
4122,DOLPP1,12.790800094604492,-23.41814422607422,156
4123,DONSON,30.986757278442383,6.231123447418213,451
4124,DOP1A,14.542420387268066,-7.583380222320557,277
4125,DOP1B,17.08026123046875,-7.973373889923096,278
4126,DOT1L,-6.073440074920654,7.871554374694824,271
4127,DPAGT1,15.955835342407227,-23.34152603149414,159
4128,DPCD,33.85200119018555,9.064605712890625,364
4129,DPEP1,64.84554290771484,-5.316200256347656,212
4130,DPEP2,65.16014099121094,-5.2883076667785645,212
4131,DPEP2NB,14.313870429992676,18.624494552612305,323
4132,DPEP3,64.57718658447266,-5.436218738555908,212
4133,DPF1,16.85174560546875,9.11507797241211,384
4134,DPF2,18.180171966552734,8.693926811218262,384
4135,DPF3,15.821613311767578,8.303060531616211,359
4136,DPH1,45.268795013427734,4.070976257324219,436
4137,DPH2,46.567962646484375,4.2705793380737305,424
4138,DPH3,46.30255126953125,12.407076835632324,304
4139,DPH5,52.46100997924805,5.961843967437744,452
4140,DPH6,53.200286865234375,5.702281475067139,453
4141,DPH7,52.22898483276367,23.045217514038086,70
4142,DPM1,50.968753814697266,7.947494983673096,431
4143,DPM2,8.723404884338379,-20.228879928588867,139
4144,DPM3,66.41719818115234,16.750778198242188,163
4145,DPP10,51.65857696533203,-12.239365577697754,179
4146,DPP3,52.37838363647461,1.9684253931045532,302
4147,DPP4,60.097904205322266,-7.913496971130371,187
4148,DPP6,50.16001510620117,-12.564040184020996,182
4149,DPP7,64.30060577392578,-5.480128288269043,212
4150,DPP8,44.988502502441406,-0.6461892127990723,208
4151,DPP9,48.34346008300781,-0.8515112996101379,296
4152,DPPA2,20.486772537231445,10.841262817382812,385
4153,DPPA3,13.599538803100586,17.18164825439453,333
4154,DPPA4,15.58661937713623,14.536463737487793,341
4155,DPPA5,19.096269607543945,15.881211280822754,344
4156,DPRX,-20.894041061401367,21.268230438232422,194
4157,DPT,72.82325744628906,-12.18865966796875,218
4158,DPY19L1,22.39881134033203,-22.203941345214844,129
4159,DPY19L2,22.846057891845703,-22.372270584106445,129
4160,DPY19L3,22.146934509277344,-21.51126480102539,129
4161,DPY19L4,22.171232223510742,-21.74604606628418,129
4162,DPY30,40.215389251708984,12.019811630249023,210
4163,DPYD,67.12744140625,3.6954336166381836,358
4164,DPYS,63.16803741455078,4.466076850891113,355
4165,DPYSL2,63.43146896362305,5.982214450836182,355
4166,DPYSL3,63.55927658081055,5.970033168792725,293
4167,DPYSL4,63.438568115234375,5.728246688842773,355
4168,DPYSL5,64.6244125366211,6.3298563957214355,293
4169,DQX1,40.83705520629883,-1.740906000137329,286
4170,DR1,33.082252502441406,11.426451683044434,445
4171,DRAM1,9.444992065429688,-24.163021087646484,146
4172,DRAM2,11.251504898071289,-24.146699905395508,146
4173,DRAP1,35.867427825927734,14.927037239074707,371
4174,DRAXIN,70.15705108642578,-12.404729843139648,218
4175,DRC1,-12.618206977844238,-0.7337023019790649,255
4176,DRC3,88.68180084228516,20.087844848632812,86
4177,DRC7,-11.377401351928711,0.0899689793586731,255
4178,DRD1,-104.25721740722656,-18.52033233642578,14
4179,DRD2,-103.29931640625,-18.116283416748047,14
4180,DRD3,-102.94122314453125,-18.31343650817871,14
4181,DRD4,-103.35638427734375,-18.725311279296875,14
4182,DRD5,-103.80300903320312,-18.34935760498047,14
4183,DRG1,39.604339599609375,6.334997653961182,432
4184,DRG2,42.05671310424805,6.494009017944336,436
4185,DRGX,-23.6682186126709,20.396406173706055,194
4186,DRICH1,5.193995475769043,19.057876586914062,274
4187,DROSHA,-8.32900619506836,8.437948226928711,272
4188,DSC1,49.521480560302734,-29.918371200561523,52
4189,DSC3,49.20356750488281,-29.816333770751953,52
4190,DSCAM,48.02301025390625,-15.533270835876465,181
4191,DSCAML1,48.209354400634766,-15.485613822937012,181
4192,DSCC1,37.228370666503906,8.510929107666016,425
4193,DSE,65.9507064819336,-4.455193996429443,212
4194,DSEL,64.57100677490234,-4.237255096435547,212
4195,DSG1,49.53496170043945,-29.965137481689453,52
4196,DSG2,49.542598724365234,-29.978361129760742,52
4197,DSG3,49.468414306640625,-29.9027099609375,52
4198,DSG4,49.51575469970703,-29.98363494873047,52
4199,DSN1,13.020108222961426,8.89344310760498,379
4200,DSP,7.160637378692627,-10.502907752990723,102
4201,DSPP,4.910585403442383,18.18853759765625,275
4202,DSTN,46.59477996826172,12.59344482421875,304
4203,DSTYK,28.960248947143555,3.900949001312256,307
4204,DTD1,49.891319274902344,7.432957649230957,431
4205,DTD2,50.153106689453125,8.51187801361084,431
4206,DTHD1,23.312007904052734,-0.4601180851459503,305
4207,DTL,11.861498832702637,6.719722747802734,396
4208,DTNA,8.568242073059082,-0.9558224081993103,365
4209,DTNB,8.805240631103516,-0.6148446798324585,365
4210,DTNBP1,24.40851593017578,8.887218475341797,392
4211,DTWD2,48.145301818847656,7.592185020446777,433
4212,DTX1,2.096674680709839,8.232571601867676,403
4213,DTX2,2.7720017433166504,8.742772102355957,403
4214,DTX3,33.17103958129883,7.906586170196533,364
4215,DTX3L,39.225303649902344,-2.8777084350585938,286
4216,DTX4,2.084591865539551,8.585822105407715,403
4217,DTYMK,46.330570220947266,8.179659843444824,436
4218,DUOX1,33.85004806518555,-20.73442840576172,115
4219,DUOX2,33.95846176147461,-20.956172943115234,115
4220,DUOXA1,15.517882347106934,-21.436622619628906,152
4221,DUOXA2,14.53597640991211,-21.085250854492188,152
4222,DUS1L,49.90884017944336,5.3267598152160645,446
4223,DUS2,49.92659378051758,5.057316780090332,446
4224,DUS3L,45.07146072387695,4.580191612243652,436
4225,DUS4L,48.81589126586914,6.467040538787842,456
4226,DUSP1,16.47384262084961,10.777849197387695,384
4227,DUSP10,5.456860542297363,9.786376953125,404
4228,DUSP11,30.23293113708496,6.886584758758545,450
4229,DUSP12,35.955570220947266,8.156256675720215,369
4230,DUSP13,47.45446014404297,8.827719688415527,433
4231,DUSP14,43.33797073364258,7.910566329956055,436
4232,DUSP15,9.338357925415039,18.63498878479004,329
4233,DUSP16,6.280148029327393,5.017908096313477,363
4234,DUSP18,43.19968032836914,7.830259323120117,436
4235,DUSP19,44.01895523071289,7.6054301261901855,436
4236,DUSP2,18.495391845703125,10.649178504943848,384
4237,DUSP22,42.44767379760742,9.01587200164795,436
4238,DUSP23,51.92135238647461,9.438196182250977,431
4239,DUSP26,48.2696647644043,9.091095924377441,434
4240,DUSP28,38.9776496887207,9.936580657958984,361
4241,DUSP3,43.516456604003906,8.590463638305664,436
4242,DUSP4,17.48868751525879,10.239076614379883,384
4243,DUSP5,17.309358596801758,10.657451629638672,384
4244,DUSP6,16.521039962768555,10.443740844726562,384
4245,DUSP7,15.813355445861816,10.084540367126465,382
4246,DUSP8,6.451456546783447,7.21291446685791,404
4247,DUT,57.384300231933594,10.593419075012207,327
4248,DUX4,-17.2569637298584,20.343015670776367,191
4249,DUXA,-20.89139747619629,21.170490264892578,194
4250,DUXB,-20.637466430664062,21.027610778808594,194
4251,DVL1,-2.419654130935669,4.567809104919434,299
4252,DVL2,-6.906792163848877,5.801309585571289,272
4253,DVL3,-7.930908679962158,5.768990993499756,272
4254,DXO,41.76213836669922,5.944457054138184,432
4255,DYDC1,-9.300077438354492,0.8213515877723694,251
4256,DYDC2,-7.592368125915527,0.7670434713363647,245
4257,DYM,24.694551467895508,-3.0605695247650146,317
4258,DYNAP,10.725247383117676,25.599119186401367,147
4259,DYNC1I1,50.15937042236328,22.629825592041016,70
4260,DYNC1I2,49.694725036621094,22.42102813720703,70
4261,DYNC1LI1,36.013648986816406,5.469888687133789,360
4262,DYNC1LI2,26.882408142089844,7.368517875671387,450
4263,DYNC2LI1,-10.071596145629883,-44.08858108520508,27
4264,DYNLL1,49.60033416748047,14.780835151672363,243
4265,DYNLL2,48.46707534790039,14.48775863647461,322
4266,DYNLRB1,45.594051361083984,13.939616203308105,321
4267,DYNLRB2,45.91472625732422,13.599217414855957,321
4268,DYNLT1,45.507389068603516,13.387614250183105,321
4269,DYRK1B,54.43341064453125,37.46172332763672,69
4270,DYRK2,55.760284423828125,37.744483947753906,69
4271,DYRK3,55.38645553588867,37.74630355834961,69
4272,DYRK4,55.945743560791016,37.827266693115234,69
4273,DYSF,19.172130584716797,-10.218555450439453,276
4274,DYTN,36.998626708984375,22.871517181396484,74
4275,DZANK1,16.417875289916992,3.5185141563415527,409
4276,DZIP1,-7.715609550476074,-0.5432421565055847,257
4277,DZIP1L,-8.9014892578125,-0.37642017006874084,251
4278,DZIP3,13.95079517364502,-2.371264934539795,375
4279,E2F1,3.638568162918091,11.306751251220703,320
4280,E2F2,3.4689218997955322,10.63607406616211,320
4281,E2F3,2.5203351974487305,11.286775588989258,320
4282,E2F4,4.99755859375,11.430182456970215,320
4283,E2F5,5.855207920074463,11.673856735229492,330
4284,E2F6,8.302594184875488,11.134374618530273,330
4285,E2F7,4.179982662200928,8.39781665802002,403
4286,E2F8,3.3981666564941406,8.71461009979248,403
4287,E4F1,-31.760873794555664,10.882078170776367,144
4288,EAF1,11.222221374511719,10.619515419006348,379
4289,EAF2,9.497926712036133,10.224882125854492,352
4290,EAPP,29.572471618652344,12.948453903198242,449
4291,EARS2,48.419708251953125,3.966136932373047,423
4292,EBAG9,28.73615074157715,12.773030281066895,442
4293,EBF1,-18.023836135864258,14.372923851013184,190
4294,EBF2,-18.359222412109375,14.506427764892578,190
4295,EBF3,-18.753877639770508,14.458982467651367,190
4296,EBF4,-17.611358642578125,14.713398933410645,190
4297,EBI3,20.78386878967285,31.698060989379883,233
4298,EBLN1,17.868751525878906,17.539384841918945,340
4299,EBLN2,16.972612380981445,18.303598403930664,260
4300,EBNA1BP2,37.67255401611328,12.825511932373047,371
4301,EBPL,14.582842826843262,-23.455615997314453,159
4302,ECD,34.45927429199219,7.012941837310791,364
4303,ECE1,61.21918487548828,-3.5636584758758545,212
4304,ECE2,61.79526138305664,-3.7898643016815186,212
4305,ECEL1,62.22875213623047,-3.760972738265991,212
4306,ECH1,67.81425476074219,6.0788068771362305,356
4307,ECHDC1,68.2140121459961,6.117743492126465,356
4308,ECHDC2,67.80115509033203,6.097777366638184,356
4309,ECHDC3,64.43374633789062,6.712060451507568,293
4310,ECHS1,68.06632995605469,6.868704319000244,356
4311,ECI1,60.6956672668457,8.281070709228516,355
4312,ECI2,67.17859649658203,6.348948955535889,356
4313,ECM1,68.97868347167969,-12.448262214660645,218
4314,ECM2,94.94573211669922,21.48223114013672,83
4315,ECPAS,17.590822219848633,-7.11283016204834,278
4316,ECRG4,86.74234771728516,-15.428739547729492,107
4317,ECSCR,11.712443351745605,25.639225006103516,147
4318,ECSIT,57.28748321533203,10.120646476745605,327
4319,ECT2,11.186949729919434,6.586156845092773,395
4320,ECT2L,22.246116638183594,3.1053273677825928,301
4321,EDAR,17.62502670288086,27.297327041625977,220
4322,EDARADD,14.669994354248047,14.82976245880127,342
4323,EDC3,37.833984375,4.482858657836914,430
4324,EDC4,12.998291015625,-0.5011807680130005,375
4325,EDDM13,76.50930786132812,-14.794095039367676,219
4326,EDDM3A,40.24603271484375,8.663612365722656,361
4327,EDDM3B,85.24820709228516,-13.423466682434082,110
4328,EDEM1,68.08773803710938,-5.252472877502441,204
4329,EDEM2,64.99497985839844,-5.069194793701172,212
4330,EDEM3,52.415504455566406,-5.029483795166016,236
4331,EDF1,45.64631271362305,15.766944885253906,173
4332,EDIL3,61.41856002807617,-15.012636184692383,197
4333,EDN1,82.26700592041016,-15.074480056762695,178
4334,EDN2,83.11723327636719,-15.338288307189941,178
4335,EDN3,76.63813018798828,-14.750503540039062,219
4336,EDNRA,-105.36754608154297,-18.82505989074707,14
4337,EDNRB,-105.14775848388672,-18.762733459472656,14
4338,EDRF1,29.553028106689453,-4.494343280792236,313
4339,EEA1,-14.058369636535645,-3.863229513168335,259
4340,EED,50.16510772705078,22.57048988342285,70
4341,EEF1A1,81.86167907714844,9.240399360656738,75
4342,EEF1A2,88.09243774414062,9.872657775878906,72
4343,EEF1AKMT1,48.67163848876953,6.560211181640625,456
4344,EEF1AKMT2,47.21747589111328,6.664771556854248,433
4345,EEF1AKMT3,50.67478561401367,7.097488880157471,431
4346,EEF1AKMT4,50.09709548950195,7.8664703369140625,431
4347,EEF1AKMT4-ECE2,61.365257263183594,-3.5404157638549805,212
4348,EEF1B2,50.202911376953125,14.487305641174316,243
4349,EEF1D,51.146751403808594,14.545292854309082,243
4350,EEF1E1,43.55133056640625,8.804664611816406,436
4351,EEF1G,67.70416259765625,8.863759994506836,356
4352,EEF2,79.4183578491211,9.02728271484375,78
4353,EEF2K,16.630325317382812,3.8748960494995117,409
4354,EEF2KMT,49.49939727783203,6.811108589172363,457
4355,EEFSEC,46.19962692260742,3.941648006439209,424
4356,EEPD1,20.829059600830078,4.322525501251221,373
4357,EFCAB10,36.905330657958984,10.784539222717285,370
4358,EFCAB11,-40.475032806396484,-7.019372940063477,44
4359,EFCAB12,4.637319087982178,15.658445358276367,275
4360,EFCAB13,8.576934814453125,2.7584922313690186,362
4361,EFCAB14,38.37144088745117,-1.195259928703308,285
4362,EFCAB2,24.468177795410156,12.733577728271484,351
4363,EFCAB3,8.943994522094727,2.019953727722168,365
4364,EFCAB5,7.737541675567627,1.9613869190216064,354
4365,EFCAB6,3.8478262424468994,-0.014765252359211445,389
4366,EFCAB7,22.850200653076172,1.0064001083374023,301
4367,EFCAB8,50.43240737915039,22.25735855102539,70
4368,EFCAB9,-40.78038024902344,-7.099973201751709,44
4369,EFCC1,-2.376157760620117,-0.4754631519317627,250
4370,EFEMP1,64.57054138183594,-16.838584899902344,197
4371,EFEMP2,64.07662963867188,-16.8257999420166,197
4372,EFHB,1.9702017307281494,18.24090576171875,275
4373,EFHC1,-6.490900993347168,1.1166571378707886,245
4374,EFHD1,-40.63109588623047,-7.016031265258789,44
4375,EFHD2,-40.15990447998047,-6.900327682495117,44
4376,EFL1,39.25110626220703,1.990196943283081,432
4377,EFNA1,61.720245361328125,-10.21032428741455,203
4378,EFNA2,61.120304107666016,-9.894388198852539,203
4379,EFNA3,61.487205505371094,-10.278058052062988,203
4380,EFNA4,60.72582244873047,-9.257125854492188,187
4381,EFNA5,61.65299987792969,-10.199714660644531,203
4382,EFNB2,22.146486282348633,29.126203536987305,233
4383,EFNB3,64.86430358886719,-10.549189567565918,202
4384,EFR3A,21.371437072753906,-3.1530230045318604,297
4385,EFR3B,23.199636459350586,-3.13122820854187,317
4386,EFS,8.973119735717773,5.701537132263184,387
4387,EFTUD2,40.482421875,3.302128553390503,432
4388,EGF,62.29161834716797,-16.315567016601562,197
4389,EGFL7,67.14325714111328,-15.736061096191406,198
4390,EGFL8,68.3000717163086,-15.553215980529785,198
4391,EGFLAM,60.85798263549805,-15.310297966003418,197
4392,EGFR,68.29102325439453,32.504207611083984,64
4393,EGLN1,24.83560562133789,8.95168399810791,392
4394,EGLN2,14.962882041931152,9.310909271240234,382
4395,EGLN3,50.9886474609375,6.3581461906433105,457
4396,EGR1,-27.0227108001709,15.785664558410645,143
4397,EGR2,-27.28010368347168,15.926508903503418,143
4398,EGR3,-27.456533432006836,15.412934303283691,143
4399,EGR4,-27.910228729248047,15.545554161071777,143
4400,EHBP1,5.055202007293701,-0.07397619634866714,389
4401,EHBP1L1,2.52437162399292,13.259659767150879,289
4402,EHD1,28.765949249267578,2.789797067642212,307
4403,EHD2,32.10071563720703,2.0007591247558594,402
4404,EHD3,29.46068000793457,2.3727099895477295,307
4405,EHD4,28.97333335876465,2.624824285507202,307
4406,EHF,-13.092925071716309,15.708456993103027,234
4407,EHHADH,67.34587860107422,4.835794925689697,357
4408,EHMT1,10.033787727355957,6.451723098754883,395
4409,EHMT2,11.30746078491211,6.1117844581604,395
4410,EI24,12.175912857055664,-21.67792510986328,150
4411,EID1,22.68068504333496,14.569777488708496,290
4412,EID2,20.382593154907227,13.514492988586426,346
4413,EID2B,18.660486221313477,15.739937782287598,344
4414,EID3,30.58708953857422,9.058093070983887,428
4415,EIF1,49.842681884765625,14.68506145477295,243
4416,EIF1AD,33.0679817199707,12.281990051269531,445
4417,EIF1B,48.76146697998047,14.5348482131958,243
4418,EIF2A,50.04346466064453,22.486061096191406,70
4419,EIF2AK1,57.57447814941406,36.36181640625,69
4420,EIF2AK2,38.650978088378906,-1.8537399768829346,285
4421,EIF2AK3,52.71689987182617,-5.130937099456787,186
4422,EIF2AK4,18.839141845703125,0.8928361535072327,417
4423,EIF2B1,46.812416076660156,7.795406818389893,436
4424,EIF2B2,45.496803283691406,8.749521255493164,422
4425,EIF2B3,53.166969299316406,5.1386847496032715,453
4426,EIF2B4,40.82271957397461,7.731099605560303,391
4427,EIF2B5,40.681209564208984,4.167026519775391,432
4428,EIF2D,44.27363204956055,4.364338397979736,436
4429,EIF2S1,40.91724395751953,9.009273529052734,361
4430,EIF2S2,33.16149139404297,12.749678611755371,445
4431,EIF2S3B,39.733070373535156,2.8242180347442627,432
4432,EIF3A,-16.99587059020996,5.2119879722595215,165
4433,EIF3B,38.788795471191406,6.762779235839844,426
4434,EIF3C,34.01589584350586,5.3354597091674805,443
4435,EIF3CL,33.56140899658203,5.177563190460205,443
4436,EIF3D,36.08403396606445,8.608955383300781,369
4437,EIF3E,33.05427551269531,-3.4957783222198486,295
4438,EIF3F,34.267295837402344,8.027634620666504,364
4439,EIF3G,28.34867286682129,9.731794357299805,447
4440,EIF3H,36.03220748901367,7.960105895996094,369
4441,EIF3I,50.74704360961914,22.918140411376953,70
4442,EIF3J,31.871065139770508,13.216673851013184,448
4443,EIF3K,34.1167106628418,-3.1251232624053955,295
4444,EIF3L,33.685306549072266,-2.9689533710479736,294
4445,EIF3M,33.663726806640625,-3.704212188720703,295
4446,EIF4A1,40.85440444946289,5.50459623336792,432
4447,EIF4A2,39.59524154663086,5.795477867126465,432
4448,EIF4A3,40.309715270996094,5.427738666534424,432
4449,EIF4B,-19.478410720825195,7.140438079833984,265
4450,EIF4E,33.58170700073242,7.20815372467041,364
4451,EIF4E1B,28.892118453979492,7.790988922119141,450
4452,EIF4E2,33.372318267822266,8.398869514465332,364
4453,EIF4E3,37.530426025390625,10.576416015625,370
4454,EIF4EBP1,19.412887573242188,14.817924499511719,344
4455,EIF4EBP2,19.364055633544922,13.730069160461426,346
4456,EIF4EBP3,19.62000846862793,14.689021110534668,344
4457,EIF4ENIF1,-12.033839225769043,7.944020748138428,272
4458,EIF4G1,-7.594788551330566,6.445321083068848,272
4459,EIF4G2,28.73663902282715,0.048837810754776,306
4460,EIF4G3,-7.393346309661865,6.377329349517822,272
4461,EIF4H,-19.821699142456055,7.284803867340088,265
4462,EIF5,31.895164489746094,13.015774726867676,448
4463,EIF5A,49.60363006591797,14.18649959564209,243
4464,EIF5A2,50.8348274230957,13.64083480834961,243
4465,EIF5AL1,48.47998809814453,13.935340881347656,243
4466,EIF5B,32.92972946166992,12.115337371826172,445
4467,EIF6,46.95326614379883,11.020570755004883,304
4468,EIPR1,52.48859405517578,23.873891830444336,70
4469,ELAC1,53.29840087890625,5.631793022155762,453
4470,ELAC2,43.83357238769531,3.5847415924072266,435
4471,ELANE,72.43760681152344,-24.489126205444336,123
4472,ELAVL1,-20.085092544555664,10.727227210998535,263
4473,ELAVL2,-21.341339111328125,11.642346382141113,264
4474,ELAVL3,-20.555892944335938,11.969118118286133,264
4475,ELAVL4,-21.341840744018555,12.31605052947998,264
4476,ELF1,-18.919160842895508,11.58432388305664,264
4477,ELF2,-17.894880294799805,11.525428771972656,264
4478,ELF3,-13.130935668945312,16.032711029052734,234
4479,ELF5,-13.501956939697266,16.049102783203125,234
4480,ELFN1,95.43681335449219,19.74674415588379,84
4481,ELK3,-9.416952133178711,14.696406364440918,237
4482,ELK4,-7.295095920562744,14.430663108825684,237
4483,ELL,19.05051040649414,6.560307502746582,372
4484,ELL2,15.827720642089844,8.138823509216309,359
4485,ELL3,19.082761764526367,13.316925048828125,346
4486,ELMO1,18.18172836303711,-1.250313639640808,377
4487,ELMO2,22.978519439697266,-1.6316816806793213,305
4488,ELMO3,18.408767700195312,-0.8890830874443054,376
4489,ELMOD1,34.37263870239258,1.9738718271255493,437
4490,ELMOD2,37.39081573486328,1.6238964796066284,432
4491,ELMOD3,31.075780868530273,1.7909244298934937,402
4492,ELN,104.77680206298828,-12.896526336669922,91
4493,ELOA,6.522436141967773,9.37407398223877,404
4494,ELOA2,4.019991874694824,12.619603157043457,289
4495,ELOB,47.162139892578125,14.868206977844238,322
4496,ELOC,44.632102966308594,13.548879623413086,321
4497,ELOF1,48.15864944458008,14.736026763916016,322
4498,ELOVL1,12.821112632751465,-24.503515243530273,157
4499,ELOVL2,12.895482063293457,-24.42803382873535,157
4500,ELOVL3,12.355175971984863,-24.614416122436523,157
4501,ELOVL4,13.38001823425293,-24.409334182739258,157
4502,ELOVL5,13.10989761352539,-24.550020217895508,157
4503,ELOVL6,12.780590057373047,-24.652851104736328,157
4504,ELOVL7,12.654698371887207,-24.618255615234375,157
4505,ELP1,29.95186424255371,-6.048177242279053,313
4506,ELP2,51.132137298583984,22.69843864440918,70
4507,ELP3,52.16974639892578,4.252494812011719,439
4508,ELP4,44.64413070678711,4.750955104827881,436
4509,ELP5,43.242286682128906,7.491102695465088,436
4510,ELP6,47.784786224365234,6.36430549621582,419
4511,ELSPBP1,73.31187438964844,-17.584341049194336,219
4512,EMB,20.204530715942383,30.73616600036621,230
4513,EMC1,35.3256721496582,-4.551632881164551,295
4514,EMC10,55.45738220214844,-7.0591864585876465,185
4515,EMC2,34.46803283691406,-5.070333003997803,295
4516,EMC3,12.341866493225098,-20.070384979248047,149
4517,EMC4,12.729687690734863,-19.786863327026367,149
4518,EMC6,8.915000915527344,-20.238880157470703,139
4519,EMC7,13.261406898498535,-19.580154418945312,149
4520,EMC8,43.44335174560547,7.9156270027160645,436
4521,EMC9,43.65264892578125,8.053274154663086,436
4522,EMCN,9.851346969604492,25.899694442749023,147
4523,EME1,13.011890411376953,7.60279655456543,396
4524,EME2,36.53036880493164,5.140015602111816,360
4525,EMG1,43.75296401977539,11.29422664642334,347
4526,EMID1,103.93820190429688,-12.714362144470215,91
4527,EMILIN1,86.5899429321289,-11.217730522155762,110
4528,EMILIN2,85.48628997802734,-10.977387428283691,110
4529,EMILIN3,86.12860107421875,-11.342316627502441,110
4530,EML1,50.24140548706055,22.62419891357422,70
4531,EML2,50.259422302246094,22.771194458007812,70
4532,EML3,48.65989685058594,21.977249145507812,70
4533,EML4,50.6092414855957,22.858327865600586,70
4534,EML5,49.2845458984375,21.890317916870117,70
4535,EML6,49.045406341552734,21.751502990722656,70
4536,EMP1,-0.3080785870552063,-23.273666381835938,104
4537,EMP2,-0.5725004076957703,-23.459997177124023,104
4538,EMP3,-0.5152921080589294,-23.680255889892578,104
4539,EMSY,-13.623549461364746,9.858016967773438,272
4540,EMX1,-23.922460556030273,20.21929359436035,194
4541,EMX2,-22.62678337097168,20.450218200683594,194
4542,EN1,-22.51980209350586,20.160192489624023,194
4543,EN2,-19.514724731445312,19.681119918823242,191
4544,ENAM,2.7339727878570557,18.40314292907715,275
4545,ENC1,61.65711975097656,-32.271331787109375,53
4546,ENDOD1,50.98658752441406,2.137965202331543,296
4547,ENDOG,43.47313690185547,9.814786911010742,347
4548,ENDOU,68.56237030029297,-10.340312957763672,217
4549,ENDOV,51.26824951171875,4.831116676330566,439
4550,ENG,56.905029296875,-12.045140266418457,187
4551,ENGASE,46.743770599365234,-0.2297486513853073,208
4552,ENHO,20.40285301208496,23.393779754638672,228
4553,ENKD1,10.5506010055542,15.86352825164795,342
4554,ENKUR,5.142551422119141,17.50821876525879,275
4555,ENO1,69.12902069091797,7.508265972137451,356
4556,ENO2,69.71690368652344,6.8420329093933105,356
4557,ENO3,69.73501586914062,7.097748279571533,356
4558,ENO4,26.151092529296875,3.2018580436706543,308
4559,ENOPH1,51.311119079589844,5.641357421875,439
4560,ENOSF1,64.47189331054688,4.602215766906738,358
4561,ENOX1,9.028731346130371,-0.0824049785733223,365
4562,ENPEP,60.71870040893555,-4.20265007019043,212
4563,ENPP1,63.023468017578125,-6.596168518066406,212
4564,ENPP2,63.07733917236328,-6.438962936401367,212
4565,ENPP3,62.89677047729492,-5.7994608879089355,212
4566,ENPP4,63.212608337402344,-5.195901393890381,212
4567,ENPP5,63.05017852783203,-4.324416637420654,212
4568,ENPP6,63.31550979614258,-5.375207901000977,212
4569,ENPP7,62.67878723144531,-5.349491119384766,212
4570,ENSA,25.1889591217041,15.7257719039917,290
4571,ENTHD1,9.168659210205078,13.68852424621582,330
4572,ENTPD2,65.71419525146484,-3.2334277629852295,212
4573,ENTPD3,65.75657653808594,-2.57672119140625,212
4574,ENTPD4,66.21903228759766,-2.7142727375030518,212
4575,ENTPD5,65.63761138916016,-2.2660226821899414,212
4576,ENTPD6,65.11167907714844,-2.2356250286102295,212
4577,ENTPD7,66.84708404541016,-2.3932554721832275,212
4578,ENTPD8,65.53256225585938,-3.0614309310913086,212
4579,ENTR1,9.281941413879395,12.605842590332031,330
4580,ENY2,45.00384521484375,13.790547370910645,321
4581,EOGT,71.79088592529297,-4.56623649597168,205
4582,EOMES,-19.51355743408203,17.133617401123047,191
4583,EP300,-13.216087341308594,9.90152645111084,272
4584,EPAS1,-5.810600757598877,9.66519546508789,272
4585,EPB41,7.951851844787598,-0.38516509532928467,365
4586,EPB41L1,9.574991226196289,-0.7676355242729187,365
4587,EPB41L2,7.596004962921143,-0.5166378021240234,365
4588,EPB41L3,8.556278228759766,-0.4200248718261719,365
4589,EPB41L4A,11.306405067443848,0.609835684299469,374
4590,EPB41L4B,9.452049255371094,1.493565320968628,365
4591,EPB41L5,8.601997375488281,1.6287577152252197,365
4592,EPB42,51.9114990234375,-3.6591711044311523,236
4593,EPC1,-9.913166046142578,8.66845703125,272
4594,EPC2,-11.127582550048828,8.839722633361816,272
4595,EPCAM,19.961742401123047,29.498329162597656,230
4596,EPDR1,57.91219711303711,-6.908475399017334,185
4597,EPGN,20.24175453186035,26.165416717529297,229
4598,EPHA1,68.8929214477539,32.88355255126953,64
4599,EPHA10,68.62545776367188,32.488162994384766,64
4600,EPHA2,69.04512023925781,32.677589416503906,64
4601,EPHA3,68.27428436279297,32.608909606933594,64
4602,EPHA4,68.32726287841797,32.597312927246094,64
4603,EPHA5,68.40863037109375,32.57053756713867,64
4604,EPHA7,68.2551040649414,32.439239501953125,64
4605,EPHA8,68.6263198852539,32.508644104003906,64
4606,EPHB1,68.99209594726562,32.494873046875,64
4607,EPHB2,68.79832458496094,32.3734130859375,64
4608,EPHB3,69.03742980957031,32.417022705078125,64
4609,EPHB4,68.29698181152344,32.645843505859375,64
4610,EPHB6,68.38128662109375,32.491722106933594,64
4611,EPHX1,78.45468139648438,1.523534893989563,108
4612,EPHX2,65.40294647216797,4.352479457855225,358
4613,EPHX3,58.01649475097656,0.22339364886283875,288
4614,EPHX4,55.637489318847656,1.2747117280960083,291
4615,EPM2A,31.144136428833008,8.87712287902832,428
4616,EPM2AIP1,9.007006645202637,12.079364776611328,330
4617,EPN2,-6.71441125869751,8.425926208496094,272
4618,EPN3,-5.4956583976745605,8.622015953063965,271
4619,EPO,35.42359924316406,28.25921058654785,94
4620,EPOP,13.255589485168457,14.743209838867188,342
4621,EPOR,21.526020050048828,30.864349365234375,233
4622,EPPIN,81.39297485351562,-18.953285217285156,206
4623,EPS15,0.9787584543228149,3.8913235664367676,406
4624,EPS15L1,1.2695221900939941,4.871477127075195,406
4625,EPS8,0.5294286608695984,2.3525795936584473,399
4626,EPS8L1,14.667336463928223,0.9785711169242859,415
4627,EPS8L2,15.259950637817383,0.9538294672966003,416
4628,EPS8L3,14.49144458770752,0.9302182197570801,415
4629,EPSTI1,-7.404413223266602,1.144336223602295,245
4630,EPX,63.35734939575195,-6.332473278045654,212
4631,EPYC,94.4115982055664,21.250381469726562,83
4632,EQTN,10.391600608825684,26.093603134155273,147
4633,ERAL1,52.85591506958008,7.329068660736084,452
4634,ERAP1,59.461002349853516,-3.6750845909118652,213
4635,ERAP2,59.363956451416016,-3.692662477493286,213
4636,ERBB2,68.603271484375,32.526554107666016,64
4637,ERBB3,68.41757202148438,32.55205535888672,64
4638,ERBB4,68.48268127441406,32.384822845458984,64
4639,ERBIN,1.9198130369186401,2.1774659156799316,389
4640,ERC1,-7.004064559936523,-3.4639532566070557,256
4641,ERC2,-5.9206647872924805,-3.5046584606170654,252
4642,ERCC1,34.78925704956055,8.187612533569336,369
4643,ERCC2,39.6795539855957,2.1815035343170166,432
4644,ERCC3,36.54739761352539,3.5605452060699463,438
4645,ERCC4,35.458065032958984,4.670507431030273,360
4646,ERCC5,7.926525592803955,5.369784832000732,387
4647,ERCC6,15.849234580993652,4.594486713409424,409
4648,ERCC6L2,9.758747100830078,5.437084197998047,386
4649,ERCC8,52.4578971862793,23.821374893188477,70
4650,EREG,20.516756057739258,26.135568618774414,229
4651,ERF,-7.018689155578613,14.52239990234375,237
4652,ERFE,85.52041625976562,-10.45191764831543,110
4653,ERFL,-12.264348030090332,16.69424057006836,234
4654,ERG,-14.784863471984863,15.527939796447754,190
4655,ERG28,12.567863464355469,-22.896493911743164,156
4656,ERGIC1,52.636077880859375,-8.895162582397461,184
4657,ERGIC2,50.25662612915039,-6.678853988647461,183
4658,ERGIC3,55.224037170410156,-7.609134197235107,185
4659,ERH,45.9273796081543,14.551599502563477,321
4660,ERI1,42.45511245727539,6.1430487632751465,436
4661,ERI2,8.587448120117188,7.295168876647949,388
4662,ERI3,54.14841079711914,7.126016616821289,453
4663,ERICH1,10.796133995056152,8.051778793334961,396
4664,ERICH2,29.911117553710938,15.242609977722168,268
4665,ERICH3,1.9034433364868164,11.719032287597656,320
4666,ERICH4,16.233783721923828,16.76925277709961,340
4667,ERICH5,5.050057888031006,16.558589935302734,332
4668,ERICH6,4.600622653961182,1.7999519109725952,389
4669,ERICH6B,2.1082165241241455,1.5021721124649048,389
4670,ERLEC1,54.937286376953125,-7.16922664642334,185
4671,ERLIN1,51.327232360839844,-0.4054480791091919,296
4672,ERLIN2,50.75502395629883,0.17944402992725372,296
4673,ERMAP,14.633825302124023,35.61399459838867,176
4674,ERMARD,26.68492317199707,-3.0045888423919678,315
4675,ERMN,11.33888053894043,14.726688385009766,342
4676,ERMP1,24.43303680419922,-21.44723892211914,129
4677,ERN1,65.46107482910156,32.85335159301758,65
4678,ERN2,47.34785461425781,-4.64106559753418,169
4679,ERO1A,42.93886947631836,0.19509495794773102,208
4680,ERO1B,40.918678283691406,0.774147093296051,334
4681,ERP27,55.86391067504883,-5.389988422393799,186
4682,ERP29,57.49589538574219,-5.806248188018799,185
4683,ERP44,55.41078567504883,-5.929353713989258,186
4684,ERRFI1,7.442451477050781,12.669184684753418,330
4685,ERV3-1,38.08207702636719,24.500106811523438,74
4686,ERVFRD-1,37.99232482910156,24.41971206665039,74
4687,ERVMER34-1,37.75571060180664,24.39459800720215,74
4688,ERVV-1,38.0744514465332,24.553285598754883,74
4689,ERVV-2,37.990848541259766,24.5712947845459,74
4690,ERVW-1,38.06131362915039,24.544498443603516,74
4691,ESAM,18.3762264251709,30.97103500366211,230
4692,ESCO1,3.4674181938171387,6.854633808135986,403
4693,ESCO2,6.941967964172363,7.442773342132568,404
4694,ESD,57.90779113769531,3.5191361904144287,348
4695,ESF1,35.7664794921875,12.90388298034668,371
4696,ESM1,75.70020294189453,-16.287975311279297,219
4697,ESPL1,18.701562881469727,-7.606462478637695,278
4698,ESPN,-1.8668957948684692,2.6485090255737305,300
4699,ESPNL,7.954595565795898,4.756043910980225,387
4700,ESR1,-34.966224670410156,16.29709815979004,73
4701,ESR2,-36.35527801513672,16.080257415771484,73
4702,ESRP1,-19.336009979248047,10.962639808654785,263
4703,ESRP2,-19.46772575378418,11.516603469848633,264
4704,ESRRA,-37.342342376708984,16.505128860473633,73
4705,ESRRB,-37.46894073486328,16.187864303588867,73
4706,ESRRG,-37.083396911621094,16.315473556518555,73
4707,ESS2,28.77910041809082,11.780471801757812,442
4708,ESYT1,17.897705078125,-3.192373752593994,377
4709,ESYT2,17.25840187072754,-2.4727535247802734,377
4710,ESYT3,17.584583282470703,-3.258857250213623,377
4711,ETAA1,0.8959336876869202,6.982123851776123,411
4712,ETF1,41.037227630615234,7.026524543762207,391
4713,ETFA,67.72583770751953,7.170429229736328,356
4714,ETFB,67.49388885498047,7.2209649085998535,356
4715,ETFBKMT,51.6511116027832,7.749820232391357,431
4716,ETFDH,67.86984252929688,4.361214637756348,357
4717,ETFRF1,58.51848220825195,15.806757926940918,282
4718,ETHE1,56.85247802734375,6.856147289276123,349
4719,ETNK1,38.4016227722168,6.085391998291016,426
4720,ETNK2,50.300289154052734,4.332128047943115,414
4721,ETNPPL,66.5855484008789,3.5955331325531006,358
4722,ETS1,-13.56932258605957,15.254880905151367,234
4723,ETS2,-13.582282066345215,16.082801818847656,234
4724,ETV1,-14.205360412597656,15.149735450744629,234
4725,ETV2,-10.689398765563965,16.780033111572266,242
4726,ETV3,-7.944873809814453,14.654064178466797,237
4727,ETV3L,-12.222670555114746,16.81964874267578,242
4728,ETV4,-15.511739730834961,15.785000801086426,190
4729,ETV5,-13.924952507019043,14.893793106079102,234
4730,ETV6,-13.75564193725586,15.116876602172852,234
4731,ETV7,-13.30797004699707,16.056507110595703,234
4732,EVA1A,19.432540893554688,23.926082611083984,228
4733,EVA1B,19.57200813293457,23.557083129882812,228
4734,EVA1C,65.72914123535156,-15.059098243713379,198
4735,EVC,-6.572973728179932,-0.6002900004386902,257
4736,EVC2,-8.834158897399902,-1.2385027408599854,251
4737,EVI2A,11.201539039611816,26.08905029296875,147
4738,EVI2B,9.7218656539917,25.567136764526367,147
4739,EVI5,5.9021406173706055,-1.8749481439590454,389
4740,EVI5L,6.522132396697998,-1.545340895652771,389
4741,EVL,-2.6116983890533447,2.502763032913208,300
4742,EVPL,7.734270095825195,-10.267958641052246,102
4743,EVPLL,21.05685043334961,13.05026626586914,343
4744,EVX1,-22.741914749145508,20.67152214050293,194
4745,EVX2,-21.566316604614258,19.039369583129883,194
4746,EWSR1,-20.60807228088379,7.216965675354004,266
4747,EXD1,14.155911445617676,6.430691242218018,381
4748,EXD2,34.10478591918945,4.491099834442139,443
4749,EXD3,42.74100875854492,1.1574095487594604,334
4750,EXO1,9.836875915527344,6.799249172210693,395
4751,EXO5,45.72309494018555,6.309874534606934,436
4752,EXOC1,23.330211639404297,-2.996623992919922,317
4753,EXOC1L,42.93781661987305,10.059309959411621,347
4754,EXOC2,25.474063873291016,-3.3812930583953857,316
4755,EXOC3,26.148996353149414,-2.5456745624542236,316
4756,EXOC3L1,26.731643676757812,-1.8784056901931763,311
4757,EXOC3L2,26.372037887573242,-1.7906328439712524,311
4758,EXOC3L4,27.095354080200195,-1.8727400302886963,311
4759,EXOC4,25.629371643066406,-3.364997386932373,316
4760,EXOC5,26.108354568481445,-2.8519275188446045,316
4761,EXOC6,24.32375144958496,-2.8103411197662354,317
4762,EXOC6B,23.0821590423584,-2.990654230117798,317
4763,EXOC7,26.21724510192871,-2.841872453689575,316
4764,EXOC8,23.48352813720703,3.266286849975586,301
4765,EXOG,51.96554183959961,8.379637718200684,431
4766,EXOSC1,44.74141311645508,10.093653678894043,422
4767,EXOSC10,34.58649826049805,3.1142053604125977,437
4768,EXOSC2,45.17366027832031,10.012741088867188,422
4769,EXOSC3,45.19054412841797,9.965883255004883,422
4770,EXOSC4,46.62336349487305,10.28843879699707,422
4771,EXOSC5,46.23538589477539,9.601449966430664,422
4772,EXOSC6,20.565773010253906,12.66482162475586,345
4773,EXOSC7,45.19329071044922,9.633563041687012,422
4774,EXOSC8,43.70116424560547,9.627920150756836,436
4775,EXOSC9,42.57982635498047,9.989494323730469,347
4776,EXPH5,-3.9253389835357666,5.925246715545654,299
4777,EXT1,74.55070495605469,-4.63981819152832,205
4778,EXT2,71.8453140258789,-5.0275959968566895,205
4779,EXTL1,72.41926574707031,-5.266908168792725,205
4780,EXTL2,75.78282928466797,-4.849165439605713,205
4781,EXTL3,74.7654800415039,-4.903275489807129,205
4782,EYA1,-13.638890266418457,10.037145614624023,272
4783,EYA2,-13.392579078674316,10.082908630371094,272
4784,EYA3,-11.785809516906738,10.68718147277832,272
4785,EYA4,-11.401286125183105,10.772579193115234,272
4786,EYS,53.19044876098633,-17.33156967163086,168
4787,EZH1,15.12965202331543,7.1526055335998535,359
4788,EZH2,14.756617546081543,7.190134525299072,359
4789,EZR,-4.714462757110596,-3.133118152618408,252
4790,F10,68.72167205810547,-19.175235748291016,118
4791,F11,67.99747467041016,-19.07942771911621,118
4792,F11R,19.304208755493164,29.978134155273438,230
4793,F12,68.34797668457031,-19.181730270385742,118
4794,F13A1,52.4966926574707,-3.982534170150757,236
4795,F13B,30.304471969604492,35.12784957885742,63
4796,F2,68.81336212158203,-19.358999252319336,118
4797,F2R,-107.93746948242188,-18.837270736694336,14
4798,F2RL1,-109.40309143066406,-18.594974517822266,14
4799,F2RL2,-108.85031127929688,-18.744888305664062,14
4800,F2RL3,-106.06578063964844,-19.515531539916992,14
4801,F3,21.011289596557617,31.143098831176758,233
4802,F5,59.5140266418457,-8.50335693359375,187
4803,F7,68.67711639404297,-19.48990249633789,118
4804,FA2H,11.235623359680176,-24.903959274291992,146
4805,FAAH,60.743247985839844,1.455817699432373,349
4806,FAAP100,32.81242370605469,-1.482995867729187,294
4807,FAAP20,20.136980056762695,14.910375595092773,344
4808,FAAP24,45.660400390625,6.943021774291992,436
4809,FABP1,-131.96469116210938,-41.053672790527344,5
4810,FABP12,-132.17398071289062,-41.45353317260742,5
4811,FABP2,-132.1570281982422,-41.508975982666016,5
4812,FABP3,-132.53025817871094,-40.9390754699707,5
4813,FABP4,-132.77423095703125,-41.451812744140625,5
4814,FABP5,-132.4430389404297,-41.62661361694336,5
4815,FABP6,-132.76185607910156,-41.167972564697266,5
4816,FABP7,-132.66128540039062,-41.346778869628906,5
4817,FABP9,-132.59017944335938,-41.130348205566406,5
4818,FADD,35.079689025878906,8.466331481933594,369
4819,FADS1,10.43911361694336,-25.16391944885254,146
4820,FADS2,11.147034645080566,-24.998409271240234,146
4821,FADS3,10.924822807312012,-24.88483428955078,146
4822,FADS6,11.24394702911377,-24.848730087280273,146
4823,FAF1,13.254046440124512,0.8633219599723816,415
4824,FAF2,27.652292251586914,12.867012023925781,442
4825,FAH,61.73007583618164,4.654199123382568,355
4826,FAHD1,61.341896057128906,5.691951274871826,355
4827,FAHD2A,59.8230094909668,5.595929145812988,349
4828,FAHD2B,59.76836013793945,5.681601524353027,349
4829,FAIM,52.43245315551758,6.935431957244873,452
4830,FAIM2,14.382105827331543,-22.54193878173828,156
4831,FAM102A,10.98108196258545,4.1642608642578125,381
4832,FAM102B,10.5570650100708,4.066955089569092,386
4833,FAM104A,19.72488784790039,13.906872749328613,346
4834,FAM107A,18.15289306640625,12.988456726074219,346
4835,FAM107B,18.64311408996582,12.420123100280762,346
4836,FAM110A,9.439386367797852,13.05811595916748,330
4837,FAM110B,7.78992223739624,12.59899616241455,330
4838,FAM110C,8.941488265991211,12.933883666992188,330
4839,FAM110D,14.319331169128418,14.046772003173828,341
4840,FAM111A,39.18110275268555,-2.729135751724243,286
4841,FAM111B,39.17382049560547,-2.8677759170532227,286
4842,FAM114A1,21.025325775146484,7.120497703552246,398
4843,FAM114A2,26.970476150512695,6.920900344848633,450
4844,FAM117A,6.340086936950684,12.48723030090332,330
4845,FAM117B,-0.01633872464299202,7.81029748916626,298
4846,FAM118A,49.47084045410156,3.8243844509124756,414
4847,FAM118B,51.18272399902344,4.601752758026123,439
4848,FAM120A,8.196830749511719,4.393287658691406,387
4849,FAM120AOS,12.381675720214844,19.986186981201172,324
4850,FAM120B,8.384587287902832,5.424787998199463,387
4851,FAM124A,15.911995887756348,6.34161901473999,359
4852,FAM124B,19.35234260559082,8.973411560058594,383
4853,FAM126B,11.49963665008545,2.1472198963165283,378
4854,FAM131A,12.732061386108398,14.498644828796387,342
4855,FAM131B,13.628083229064941,14.537138938903809,342
4856,FAM131C,13.691926002502441,15.265600204467773,342
4857,FAM133B,-17.988189697265625,4.519718647003174,165
4858,FAM135A,3.2681586742401123,2.926712989807129,407
4859,FAM135B,5.461462497711182,2.8707337379455566,354
4860,FAM136A,52.33804702758789,15.936615943908691,246
4861,FAM13A,3.237173557281494,2.168755292892456,389
4862,FAM13B,7.278714656829834,1.9903149604797363,354
4863,FAM13C,1.5722367763519287,4.160438060760498,406
4864,FAM149A,5.747175693511963,3.825643539428711,363
4865,FAM149B1,6.659368991851807,4.376255035400391,363
4866,FAM151A,65.08919525146484,-4.732938766479492,212
4867,FAM151B,47.771278381347656,5.383338451385498,419
4868,FAM153A,5.402567386627197,18.87397575378418,274
4869,FAM161A,-6.296323776245117,2.1016275882720947,245
4870,FAM161B,-7.106777191162109,1.8609232902526855,245
4871,FAM162A,63.960262298583984,13.744565963745117,163
4872,FAM162B,61.5307731628418,12.709461212158203,287
4873,FAM163A,16.91656494140625,24.851037979125977,224
4874,FAM163B,17.69699478149414,24.356199264526367,224
4875,FAM166A,2.4170780181884766,19.216379165649414,275
4876,FAM166B,2.254462480545044,19.06969451904297,275
4877,FAM166C,3.284839391708374,18.53159523010254,275
4878,FAM167A,13.042479515075684,13.363367080688477,335
4879,FAM167B,16.476032257080078,14.53913402557373,339
4880,FAM168A,-18.833698272705078,13.235997200012207,264
4881,FAM168B,-17.616422653198242,13.609352111816406,190
4882,FAM169A,8.392106056213379,3.1000499725341797,387
4883,FAM170A,17.299266815185547,15.89194107055664,340
4884,FAM170B,16.890262603759766,14.99947738647461,339
4885,FAM171A1,21.27341651916504,28.513628005981445,230
4886,FAM171A2,24.998960494995117,-16.16072654724121,124
4887,FAM171B,21.215984344482422,28.673444747924805,230
4888,FAM172A,23.65017318725586,2.4559853076934814,301
4889,FAM174A,22.277563095092773,23.3377685546875,228
4890,FAM174B,21.988157272338867,23.122020721435547,228
4891,FAM174C,22.951873779296875,23.488147735595703,228
4892,FAM177A1,27.16701889038086,13.81195068359375,268
4893,FAM177B,23.039026260375977,14.400964736938477,290
4894,FAM178B,35.10468673706055,0.31527525186538696,337
4895,FAM180A,35.455810546875,28.16389274597168,94
4896,FAM180B,29.27865982055664,24.021453857421875,96
4897,FAM181A,-0.6386651992797852,15.135272026062012,145
4898,FAM181B,-11.267483711242676,17.22770118713379,242
4899,FAM183A,2.722945213317871,18.465200424194336,275
4900,FAM184A,-15.257550239562988,-3.4552180767059326,259
4901,FAM184B,-11.974771499633789,-2.9913666248321533,258
4902,FAM185A,54.93574142456055,7.6339497566223145,353
4903,FAM186A,1.1122620105743408,15.371881484985352,281
4904,FAM186B,-9.858677864074707,0.7928515076637268,251
4905,FAM187A,54.2602424621582,-2.4029009342193604,270
4906,FAM187B,53.125431060791016,-2.5219805240631104,235
4907,FAM189A1,23.83664321899414,-16.028812408447266,124
4908,FAM189A2,16.86035919189453,27.275657653808594,220
4909,FAM189B,24.692394256591797,-15.972002983093262,124
4910,FAM193A,-6.5344696044921875,6.6485066413879395,271
4911,FAM193B,-4.403793811798096,9.195900917053223,271
4912,FAM200A,9.649660110473633,12.210630416870117,330
4913,FAM200B,9.919793128967285,11.982184410095215,330
4914,FAM205A,78.53614807128906,-34.358917236328125,54
4915,FAM205C,11.456304550170898,16.118648529052734,342
4916,FAM209A,17.026548385620117,19.752927780151367,260
4917,FAM209B,15.600865364074707,18.910608291625977,323
4918,FAM20A,74.28898620605469,-4.6433796882629395,205
4919,FAM20B,74.36659240722656,-4.461409091949463,205
4920,FAM20C,74.44200134277344,-4.778090476989746,205
4921,FAM210A,58.823570251464844,10.924398422241211,328
4922,FAM210B,59.15515899658203,11.316818237304688,328
4923,FAM214A,2.3966851234436035,6.544488906860352,412
4924,FAM214B,9.672737121582031,8.599003791809082,395
4925,FAM216A,15.500114440917969,15.924283027648926,338
4926,FAM216B,12.47250747680664,17.01311683654785,342
4927,FAM217A,7.112115383148193,14.904960632324219,314
4928,FAM217B,9.321645736694336,13.62567138671875,330
4929,FAM218A,11.887602806091309,20.435049057006836,324
4930,FAM219A,19.083566665649414,14.522900581359863,344
4931,FAM219B,21.532495498657227,15.843292236328125,280
4932,FAM220A,12.043821334838867,20.21759605407715,324
4933,FAM221A,29.66758918762207,7.520690441131592,450
4934,FAM221B,3.19736385345459,16.544158935546875,275
4935,FAM222A,-6.263914108276367,12.124319076538086,192
4936,FAM222B,-9.328838348388672,11.704927444458008,272
4937,FAM227A,0.010570409707725048,0.9256578683853149,389
4938,FAM227B,3.548356533050537,1.5690200328826904,389
4939,FAM228A,7.396718978881836,16.67767906188965,331
4940,FAM228B,6.363803863525391,16.509809494018555,332
4941,FAM229A,12.491791725158691,18.969833374023438,342
4942,FAM229B,12.321842193603516,20.325010299682617,324
4943,FAM234A,52.304161071777344,-2.877777338027954,235
4944,FAM234B,51.73847579956055,-2.9726152420043945,235
4945,FAM237A,14.517430305480957,19.805116653442383,323
4946,FAM237B,33.99687194824219,26.17918586730957,97
4947,FAM240A,17.633785247802734,18.31761932373047,260
4948,FAM240B,17.24471092224121,18.928377151489258,260
4949,FAM240C,14.597511291503906,19.379535675048828,323
4950,FAM241A,22.829504013061523,15.574563026428223,280
4951,FAM241B,25.043716430664062,16.573205947875977,221
4952,FAM24A,18.338817596435547,23.672502517700195,224
4953,FAM24B,18.719093322753906,24.132015228271484,224
4954,FAM25A,23.534746170043945,18.162010192871094,221
4955,FAM25C,24.064645767211914,18.015403747558594,221
4956,FAM25G,23.24274253845215,18.111000061035156,221
4957,FAM32A,30.974225997924805,14.324091911315918,448
4958,FAM3B,78.89160919189453,-3.9118692874908447,199
4959,FAM3C,79.59053802490234,-4.016602993011475,199
4960,FAM3D,78.38275146484375,-4.1313605308532715,199
4961,FAM43A,14.775626182556152,12.045044898986816,341
4962,FAM43B,16.177894592285156,11.435195922851562,341
4963,FAM47E,5.520123481750488,16.23826026916504,332
4964,FAM50B,29.297086715698242,12.095108985900879,442
4965,FAM53A,9.825043678283691,13.44188404083252,330
4966,FAM53B,8.224583625793457,13.375269889831543,314
4967,FAM53C,8.269221305847168,13.9105224609375,314
4968,FAM72A,40.81050491333008,13.710776329040527,210
4969,FAM72B,40.651939392089844,13.680403709411621,210
4970,FAM72C,40.74949645996094,13.758728981018066,210
4971,FAM72D,40.88935852050781,13.618127822875977,210
4972,FAM76A,21.875244140625,8.72492790222168,398
4973,FAM76B,20.270984649658203,8.713386535644531,398
4974,FAM78A,40.78333282470703,9.520258903503418,361
4975,FAM78B,41.88911056518555,9.51920223236084,361
4976,FAM81A,-9.145922660827637,-1.9977778196334839,253
4977,FAM81B,-12.091878890991211,-0.47336238622665405,255
4978,FAM83A,19.842708587646484,4.145141124725342,373
4979,FAM83B,4.49293327331543,5.2421875,401
4980,FAM83C,7.008092880249023,5.218219757080078,363
4981,FAM83D,22.726720809936523,5.826459884643555,373
4982,FAM83E,22.718780517578125,4.376933574676514,373
4983,FAM83G,5.72545051574707,5.262023448944092,363
4984,FAM83H,1.2353845834732056,4.428887844085693,406
4985,FAM86B1,48.36632537841797,6.699452877044678,456
4986,FAM86B2,50.25065231323242,6.810523509979248,457
4987,FAM89A,21.247299194335938,12.103073120117188,345
4988,FAM89B,16.63300323486328,14.253026962280273,339
4989,FAM8A1,16.654212951660156,-18.406450271606445,128
4990,FAM90A1,6.842166423797607,15.574402809143066,332
4991,FAM90A26,6.726773738861084,16.019458770751953,332
4992,FAM91A1,31.01296615600586,2.5766549110412598,402
4993,FAM98A,-20.029949188232422,7.377248764038086,265
4994,FAM98B,-20.090803146362305,7.418060302734375,265
4995,FAM98C,34.334068298339844,5.431205749511719,443
4996,FAN1,3.2345948219299316,6.366559028625488,403
4997,FANCA,23.94327735900879,-5.310917377471924,310
4998,FANCC,24.664073944091797,-5.600315570831299,310
4999,FANCD2,22.37226104736328,-5.855814456939697,278
5000,FANCD2OS,15.242512702941895,19.337858200073242,323
5001,FANCE,32.092628479003906,-1.0707470178604126,336
5002,FANCF,43.655906677246094,5.326128005981445,436
5003,FANCG,31.874534606933594,-1.611435890197754,336
5004,FANCI,22.341951370239258,-5.106645107269287,278
5005,FANCL,38.08695602416992,3.78143310546875,430
5006,FANCM,3.7795839309692383,6.304938316345215,401
5007,FANK1,69.52237701416016,24.544544219970703,81
5008,FAP,59.902427673339844,-8.162308692932129,187
5009,FAR1,47.698211669921875,-0.30377820134162903,296
5010,FAR2,51.132625579833984,-0.22851605713367462,296
5011,FARP1,14.229515075683594,0.33881184458732605,415
5012,FARP2,13.639849662780762,0.6141393780708313,415
5013,FARS2,50.969871520996094,4.23992395401001,414
5014,FARSA,43.09721374511719,4.327285289764404,429
5015,FARSB,46.324989318847656,2.6820154190063477,424
5016,FAS,17.284204483032227,27.713136672973633,220
5017,FASLG,94.48318481445312,-9.625123977661133,93
5018,FASN,18.016725540161133,-9.486512184143066,276
5019,FASTK,38.118099212646484,0.8475049138069153,432
5020,FASTKD1,37.256465911865234,1.0012749433517456,432
5021,FASTKD2,38.815956115722656,2.011932134628296,432
5022,FASTKD3,39.235595703125,1.7276434898376465,432
5023,FASTKD5,39.15169906616211,1.8070762157440186,432
5024,FAU,122.14319610595703,8.876220703125,20
5025,FAXC,38.88833236694336,7.326275825500488,426
5026,FAXDC2,10.785581588745117,-24.923654556274414,146
5027,FBF1,-11.254569053649902,-2.1641387939453125,258
5028,FBH1,33.93540573120117,2.435340642929077,437
5029,FBL,-20.770919799804688,7.40440559387207,266
5030,FBLIM1,14.264932632446289,9.165020942687988,382
5031,FBLL1,24.30271339416504,10.356420516967773,390
5032,FBLN1,63.41463851928711,-17.1354923248291,197
5033,FBLN2,62.81682205200195,-17.441089630126953,197
5034,FBLN5,64.2401123046875,-16.87342643737793,197
5035,FBLN7,66.92086029052734,-15.783079147338867,198
5036,FBN1,54.591514587402344,-17.853700637817383,168
5037,FBN2,54.18415832519531,-17.984350204467773,168
5038,FBN3,54.46876907348633,-17.761032104492188,168
5039,FBP1,68.08967590332031,5.434793949127197,356
5040,FBP2,66.2590103149414,4.828815937042236,358
5041,FBRS,-9.718427658081055,8.55428695678711,272
5042,FBRSL1,-8.940568923950195,8.102394104003906,272
5043,FBXL12,90.19847106933594,19.721315383911133,86
5044,FBXL13,89.70835876464844,20.127023696899414,86
5045,FBXL14,91.42656707763672,20.368711471557617,85
5046,FBXL15,91.01929473876953,19.884517669677734,86
5047,FBXL16,90.4774169921875,19.566736221313477,86
5048,FBXL17,19.15498161315918,6.620562553405762,372
5049,FBXL18,91.47933959960938,19.80277442932129,85
5050,FBXL19,5.282215118408203,7.469036102294922,405
5051,FBXL2,90.67293548583984,20.24409294128418,85
5052,FBXL20,89.25666809082031,19.581880569458008,86
5053,FBXL22,11.477449417114258,20.063539505004883,324
5054,FBXL3,88.85279083251953,19.143260955810547,86
5055,FBXL4,87.5296401977539,19.156490325927734,86
5056,FBXL5,26.163110733032227,1.2841490507125854,309
5057,FBXL6,89.68511962890625,19.20973014831543,86
5058,FBXL7,25.740827560424805,3.5622966289520264,308
5059,FBXL8,93.10929107666016,20.720304489135742,83
5060,FBXO10,16.91200065612793,5.022060871124268,380
5061,FBXO11,19.53458595275879,1.0907294750213623,417
5062,FBXO15,34.38747024536133,4.749670028686523,443
5063,FBXO16,24.407276153564453,5.377713203430176,421
5064,FBXO17,45.66353988647461,7.282133102416992,436
5065,FBXO2,44.648075103759766,7.568585395812988,436
5066,FBXO21,48.468963623046875,3.0747714042663574,423
5067,FBXO22,52.35268783569336,3.2830746173858643,302
5068,FBXO24,52.47889709472656,-1.8048033714294434,235
5069,FBXO25,23.84381866455078,5.769651889801025,421
5070,FBXO27,44.40342712402344,7.527348518371582,436
5071,FBXO28,24.101869583129883,10.470787048339844,390
5072,FBXO3,31.20412826538086,5.765689373016357,451
5073,FBXO30,17.266408920288086,5.892464637756348,380
5074,FBXO31,17.276777267456055,5.165272235870361,380
5075,FBXO32,25.100343704223633,5.555389881134033,421
5076,FBXO33,25.838550567626953,7.300681114196777,420
5077,FBXO34,6.6091389656066895,7.924155235290527,404
5078,FBXO36,27.049713134765625,5.765470504760742,394
5079,FBXO38,14.792905807495117,0.13994397222995758,415
5080,FBXO39,91.413818359375,20.267078399658203,85
5081,FBXO4,33.27495574951172,5.63588809967041,443
5082,FBXO40,22.107574462890625,6.439117908477783,373
5083,FBXO41,13.624073028564453,4.23891544342041,381
5084,FBXO42,12.356454849243164,2.9793548583984375,378
5085,FBXO43,5.327657222747803,6.8449578285217285,401
5086,FBXO44,44.24271011352539,6.767630100250244,436
5087,FBXO45,28.3185977935791,8.926704406738281,447
5088,FBXO46,3.189528465270996,9.459418296813965,320
5089,FBXO47,33.798709869384766,7.035122871398926,364
5090,FBXO48,32.464542388916016,7.6200408935546875,364
5091,FBXO5,7.575479984283447,8.237469673156738,388
5092,FBXO6,44.484893798828125,7.139976501464844,436
5093,FBXO7,30.11727523803711,6.300358772277832,451
5094,FBXO8,29.67312240600586,5.603665351867676,451
5095,FBXO9,30.40467643737793,4.656322002410889,444
5096,FBXW10,9.326618194580078,2.4356865882873535,362
5097,FBXW11,51.94815444946289,23.6883487701416,70
5098,FBXW12,51.640480041503906,23.294204711914062,70
5099,FBXW2,51.52598571777344,22.791324615478516,70
5100,FBXW4,50.75910186767578,23.07509422302246,70
5101,FBXW5,49.42149353027344,22.128934860229492,70
5102,FBXW7,50.249794006347656,22.832847595214844,70
5103,FBXW8,50.317684173583984,22.575002670288086,70
5104,FBXW9,52.782508850097656,23.833293914794922,70
5105,FCAMR,9.6945219039917,23.555585861206055,147
5106,FCAR,11.048315048217773,36.49118423461914,164
5107,FCER1A,12.662097930908203,34.63056182861328,226
5108,FCER1G,13.033971786499023,31.392314910888672,222
5109,FCER2,-18.843294143676758,-29.821971893310547,45
5110,FCF1,41.40045928955078,10.68163013458252,361
5111,FCGR1A,12.548460006713867,34.89616775512695,226
5112,FCGR2A,12.448038101196289,34.67318344116211,226
5113,FCGR2B,12.476662635803223,34.8452033996582,226
5114,FCGR2C,12.354647636413574,34.90934753417969,226
5115,FCGR3A,12.297281265258789,34.78025436401367,226
5116,FCGR3B,12.237751007080078,34.8919792175293,226
5117,FCGRT,-2.574751138687134,48.82908630371094,34
5118,FCHO1,5.665775775909424,0.6266472339630127,389
5119,FCHO2,8.133712768554688,-0.6560904383659363,365
5120,FCHSD1,14.21136474609375,-0.7136602401733398,415
5121,FCHSD2,9.194275856018066,-2.061326265335083,365
5122,FCMR,14.670442581176758,32.3896369934082,223
5123,FCN1,90.02659606933594,-11.532183647155762,93
5124,FCN2,91.35231018066406,-11.521553039550781,93
5125,FCN3,90.15983581542969,-11.426753044128418,93
5126,FCRL1,12.77536678314209,34.61383819580078,226
5127,FCRL2,12.673052787780762,35.20820236206055,226
5128,FCRL3,12.577122688293457,34.79075241088867,226
5129,FCRL4,13.11253547668457,34.52633285522461,226
5130,FCRL5,12.686342239379883,34.762489318847656,226
5131,FCRL6,13.115287780761719,34.61207962036133,226
5132,FCRLA,14.258099555969238,33.48902130126953,223
5133,FCRLB,15.26123046875,33.24676513671875,223
5134,FCSK,45.2061767578125,-0.2361544668674469,208
5135,FDCSP,4.629786968231201,23.3336238861084,155
5136,FDFT1,64.83477020263672,3.892123222351074,358
5137,FDPS,61.47726058959961,4.521389961242676,355
5138,FDX1,58.21144104003906,11.77141284942627,328
5139,FDX2,56.50441360473633,11.505846977233887,327
5140,FDXACB1,45.4500732421875,3.695411205291748,436
5141,FDXR,58.12726974487305,5.5502214431762695,349
5142,FECH,52.70451354980469,3.8221747875213623,302
5143,FEM1A,68.47219848632812,23.86902618408203,82
5144,FEM1B,68.6213607788086,23.909048080444336,82
5145,FEM1C,68.67570495605469,23.96868133544922,82
5146,FEN1,41.266902923583984,4.953004837036133,432
5147,FER,11.155186653137207,-1.3430142402648926,374
5148,FER1L5,18.462560653686523,-9.964762687683105,276
5149,FER1L6,18.300643920898438,-9.896899223327637,276
5150,FERD3L,-10.029056549072266,18.882999420166016,241
5151,FERMT1,17.21037483215332,0.8736397624015808,417
5152,FERMT2,17.805131912231445,1.7776703834533691,417
5153,FERMT3,21.223661422729492,0.42444849014282227,350
5154,FES,61.735931396484375,35.87627410888672,68
5155,FETUB,69.2359848022461,-11.534695625305176,217
5156,FEV,-20.44599151611328,19.051937103271484,194
5157,FEZ1,18.914012908935547,13.5878324508667,346
5158,FEZ2,27.79619026184082,11.365591049194336,427
5159,FEZF1,-28.675006866455078,15.44491958618164,143
5160,FEZF2,-28.26883316040039,15.69095230102539,143
5161,FFAR1,-107.08755493164062,-19.377071380615234,14
5162,FFAR2,-109.02537536621094,-19.28704261779785,14
5163,FFAR3,-108.70362091064453,-19.712080001831055,14
5164,FFAR4,-104.98844146728516,-18.785083770751953,14
5165,FGA,74.9077377319336,-11.759269714355469,218
5166,FGB,75.98440551757812,-11.558594703674316,188
5167,FGD2,13.969908714294434,0.44333773851394653,415
5168,FGD3,14.11594295501709,0.16625559329986572,415
5169,FGD4,11.10214614868164,1.281050443649292,374
5170,FGD5,6.372430801391602,3.152245044708252,354
5171,FGD6,5.654358863830566,3.8954598903656006,363
5172,FGF1,92.21630096435547,-7.0082268714904785,89
5173,FGF10,92.11186981201172,-7.08888578414917,89
5174,FGF11,92.13672637939453,-7.045783519744873,89
5175,FGF12,91.80528259277344,-7.355936050415039,89
5176,FGF17,92.5269546508789,-7.036205291748047,89
5177,FGF18,92.15240478515625,-7.189008712768555,89
5178,FGF19,92.05596923828125,-7.0848493576049805,89
5179,FGF2,32.04935073852539,9.481157302856445,428
5180,FGF20,92.0299301147461,-7.14370584487915,89
5181,FGF21,92.40726470947266,-7.031062126159668,89
5182,FGF22,91.78128814697266,-7.16439962387085,89
5183,FGF23,92.1959228515625,-7.070309638977051,89
5184,FGF3,91.86626434326172,-7.494470596313477,89
5185,FGF4,91.23240661621094,-7.333766937255859,89
5186,FGF5,92.41929626464844,-7.3759894371032715,89
5187,FGF6,92.12652587890625,-7.120885848999023,89
5188,FGF7,91.83296966552734,-7.241193771362305,89
5189,FGF8,92.1606674194336,-7.024456977844238,89
5190,FGF9,92.24636840820312,-7.117798328399658,89
5191,FGFBP1,79.17760467529297,-13.821877479553223,209
5192,FGFBP2,77.9202880859375,-13.825037956237793,209
5193,FGFBP3,76.63722229003906,-12.93547248840332,188
5194,FGFR1,68.76487731933594,32.473876953125,64
5195,FGFR1OP2,31.729145050048828,11.404342651367188,455
5196,FGFR2,68.7865982055664,32.48560333251953,64
5197,FGFR3,68.71294403076172,32.509864807128906,64
5198,FGFR4,68.54464721679688,32.14414978027344,64
5199,FGFRL1,53.18885040283203,-12.939994812011719,179
5200,FGG,76.01728057861328,-11.36494255065918,188
5201,FGGY,64.20802307128906,3.8191144466400146,358
5202,FGL1,76.07730102539062,-11.380257606506348,188
5203,FGL2,77.31146240234375,-11.409095764160156,188
5204,FGR,62.891693115234375,36.198143005371094,68
5205,FH,68.9356689453125,6.2282023429870605,356
5206,FHAD1,-13.417041778564453,-2.945845603942871,259
5207,FHDC1,4.397801399230957,3.8557822704315186,407
5208,FHIT,54.0927734375,6.724992752075195,453
5209,FHL2,15.7119779586792,9.590999603271484,382
5210,FHL3,15.843048095703125,9.199459075927734,382
5211,FHL5,15.883081436157227,9.405780792236328,382
5212,FHOD1,3.9861841201782227,1.4829633235931396,389
5213,FHOD3,4.896543502807617,0.8747681379318237,389
5214,FIBCD1,72.92108154296875,-10.340178489685059,218
5215,FIBIN,18.300657272338867,15.86293888092041,344
5216,FIBP,31.713672637939453,9.721395492553711,428
5217,FICD,49.414581298828125,-1.6516743898391724,170
5218,FIG4,29.310028076171875,1.5336471796035767,306
5219,FIGLA,6.002680778503418,16.783584594726562,332
5220,FIGN,-7.497012138366699,10.117260932922363,272
5221,FIGNL1,6.755556106567383,8.052675247192383,404
5222,FIGNL2,2.993316173553467,10.396926879882812,320
5223,FILIP1,-10.089212417602539,-2.9231183528900146,253
5224,FILIP1L,-9.573460578918457,-2.564408540725708,253
5225,FIP1L1,-14.097193717956543,6.583252429962158,261
5226,FIS1,44.81710433959961,9.817261695861816,422
5227,FITM1,12.925596237182617,-23.892562866210938,157
5228,FITM2,12.40986442565918,-23.962738037109375,157
5229,FIZ1,-32.978763580322266,11.320441246032715,144
5230,FJX1,73.3179931640625,-5.750468730926514,205
5231,FKBP10,61.304420471191406,-9.876643180847168,203
5232,FKBP11,56.001556396484375,-6.813086986541748,185
5233,FKBP14,58.39781951904297,-8.176695823669434,185
5234,FKBP15,1.206938624382019,3.8054654598236084,406
5235,FKBP1A,48.78780746459961,13.997001647949219,243
5236,FKBP1B,46.843994140625,13.620391845703125,322
5237,FKBP2,56.391788482666016,-6.900968074798584,185
5238,FKBP3,42.17569351196289,11.202095985412598,347
5239,FKBP4,44.828102111816406,1.2196815013885498,208
5240,FKBP5,43.26092529296875,1.8222278356552124,334
5241,FKBP6,33.106407165527344,1.098987102508545,337
5242,FKBP7,58.78358840942383,-8.253755569458008,187
5243,FKBP8,19.918554306030273,12.27181339263916,345
5244,FKBP9,59.324554443359375,-9.246606826782227,187
5245,FKBPL,32.57377624511719,11.147439956665039,445
5246,FKRP,73.49303436279297,-4.942832946777344,205
5247,FKTN,67.86590576171875,-4.293447971343994,204
5248,FLACC1,-11.501307487487793,-1.4893105030059814,255
5249,FLAD1,47.09199142456055,4.855403423309326,424
5250,FLCN,18.649999618530273,3.686525821685791,418
5251,FLG2,1.067400336265564,18.75157928466797,275
5252,FLI1,-15.233183860778809,15.358027458190918,190
5253,FLII,23.073585510253906,-1.0858941078186035,305
5254,FLNB,19.1833553314209,-10.545214653015137,276
5255,FLNC,18.456464767456055,-10.453579902648926,276
5256,FLOT1,49.98822021484375,-0.4831080138683319,296
5257,FLOT2,50.92378616333008,-0.10150030255317688,296
5258,FLRT1,95.46824645996094,19.93888282775879,84
5259,FLRT3,96.08797454833984,20.035757064819336,84
5260,FLT1,68.00037384033203,32.55175018310547,64
5261,FLT3,68.04695129394531,32.47001647949219,64
5262,FLT3LG,34.95610427856445,28.18311309814453,94
5263,FLT4,68.43235778808594,32.49846649169922,64
5264,FLVCR1,19.089488983154297,-27.58893394470215,137
5265,FLVCR2,19.36937141418457,-27.739118576049805,137
5266,FLYWCH1,24.463205337524414,5.113880157470703,421
5267,FLYWCH2,14.486471176147461,16.528539657592773,338
5268,FMC1,59.609806060791016,15.601319313049316,282
5269,FMN2,-1.440399169921875,2.2229926586151123,300
5270,FMNL1,1.9475268125534058,1.4962079524993896,389
5271,FMNL2,1.9956467151641846,0.9662452340126038,389
5272,FMO1,68.67450714111328,0.06148463487625122,244
5273,FMO2,68.39893341064453,0.041855283081531525,244
5274,FMO3,69.21432495117188,0.03262517601251602,244
5275,FMO4,68.51919555664062,0.17079855501651764,244
5276,FMO5,69.81529235839844,-0.2561395466327667,244
5277,FMOD,94.38202667236328,21.158567428588867,83
5278,FN1,54.0994758605957,-17.622333526611328,168
5279,FN3K,54.730098724365234,4.690782070159912,440
5280,FN3KRP,53.114601135253906,4.703496932983398,453
5281,FNBP1,8.819130897521973,-2.2556653022766113,365
5282,FNBP1L,9.514421463012695,-2.06230092048645,365
5283,FNBP4,-11.035638809204102,6.658157825469971,272
5284,FNDC1,57.3371696472168,-15.762001991271973,197
5285,FNDC10,24.451452255249023,13.390541076660156,351
5286,FNDC11,16.793012619018555,16.308311462402344,340
5287,FNDC3A,48.37730026245117,-11.117566108703613,182
5288,FNDC3B,53.513790130615234,-13.380556106567383,179
5289,FNDC4,20.50425148010254,28.874948501586914,230
5290,FNDC5,20.191022872924805,28.12303352355957,230
5291,FNDC7,50.853004455566406,-13.702244758605957,182
5292,FNDC8,13.321609497070312,16.216615676879883,333
5293,FNDC9,19.4282283782959,27.612957000732422,220
5294,FNIP1,6.431208610534668,2.4928855895996094,354
5295,FNIP2,6.605597019195557,2.2503409385681152,354
5296,FNTA,41.41151428222656,5.5684919357299805,432
5297,FNTB,42.83454513549805,2.204225778579712,334
5298,FOCAD,20.114147186279297,-7.149185657501221,278
5299,FOLH1,63.77621078491211,-5.15371561050415,212
5300,FOLR1,75.53929901123047,-13.97899341583252,219
5301,FOLR2,74.52870178222656,-14.151108741760254,219
5302,FOLR3,74.147705078125,-14.084083557128906,219
5303,FOS,-7.8160080909729,16.56864356994629,237
5304,FOSB,-7.52677059173584,16.34652328491211,237
5305,FOSL1,-7.742712497711182,16.69931411743164,237
5306,FOSL2,-7.287585258483887,16.206363677978516,237
5307,FOXA1,-20.70452117919922,18.015247344970703,191
5308,FOXA2,-20.57662010192871,18.42141342163086,194
5309,FOXA3,-18.49600601196289,17.504688262939453,191
5310,FOXB1,-18.953601837158203,17.700695037841797,191
5311,FOXB2,-18.334421157836914,18.161762237548828,191
5312,FOXC1,-19.139318466186523,17.573394775390625,191
5313,FOXC2,-18.34626007080078,17.449724197387695,191
5314,FOXD1,-17.906757354736328,18.420854568481445,191
5315,FOXD2,-16.37981605529785,18.092626571655273,191
5316,FOXD3,-17.989622116088867,18.29583740234375,191
5317,FOXD4,-10.56588077545166,17.042951583862305,242
5318,FOXD4L1,-12.342894554138184,17.136293411254883,242
5319,FOXD4L3,-11.36120319366455,17.214319229125977,242
5320,FOXD4L4,-10.699969291687012,16.974605560302734,242
5321,FOXD4L5,-11.395525932312012,16.935482025146484,242
5322,FOXD4L6,-11.37520980834961,16.85581398010254,242
5323,FOXE1,-17.45206069946289,17.822404861450195,191
5324,FOXE3,-9.248581886291504,17.719646453857422,241
5325,FOXF1,-18.633014678955078,17.388750076293945,191
5326,FOXF2,-20.258224487304688,18.50214958190918,191
5327,FOXG1,-17.950462341308594,18.06231117248535,191
5328,FOXH1,-10.785150527954102,17.119705200195312,242
5329,FOXI1,-17.364816665649414,17.420917510986328,191
5330,FOXI2,-17.76663589477539,17.91607093811035,191
5331,FOXI3,-19.353708267211914,17.883838653564453,191
5332,FOXJ1,-10.207782745361328,17.414447784423828,242
5333,FOXJ2,-11.182389259338379,11.20848560333252,272
5334,FOXJ3,-10.179299354553223,10.596000671386719,272
5335,FOXK1,-12.03231430053711,10.548592567443848,272
5336,FOXK2,-11.073064804077148,10.737076759338379,272
5337,FOXL1,-15.742937088012695,18.256771087646484,191
5338,FOXL2,-18.286190032958984,18.26458740234375,191
5339,FOXL2NB,12.140390396118164,20.44576072692871,324
5340,FOXM1,4.1531524658203125,9.2913179397583,403
5341,FOXN1,-14.838005065917969,16.23113441467285,190
5342,FOXN2,3.422503709793091,9.7368745803833,320
5343,FOXN3,-8.983012199401855,12.506179809570312,269
5344,FOXN4,-12.287651062011719,15.97418212890625,234
5345,FOXO1,-11.266414642333984,11.934951782226562,269
5346,FOXO3,-9.803336143493652,11.705517768859863,272
5347,FOXO3B,12.704030990600586,12.02168083190918,335
5348,FOXO6,-13.438082695007324,17.68445587158203,234
5349,FOXP1,-14.704906463623047,11.648270606994629,273
5350,FOXP2,-14.802675247192383,11.811628341674805,273
5351,FOXP4,-14.831878662109375,12.13514232635498,273
5352,FOXQ1,-11.163579940795898,17.76578140258789,242
5353,FOXR1,12.110025405883789,16.75229263305664,342
5354,FOXRED1,55.580955505371094,4.294928073883057,440
5355,FOXRED2,65.78620147705078,-6.435556888580322,212
5356,FOXS1,-10.239798545837402,17.20728302001953,242
5357,FPGS,46.99215316772461,3.9579451084136963,424
5358,FPGT,46.832550048828125,3.3174238204956055,424
5359,FPR1,-110.6185073852539,-18.54473304748535,14
5360,FPR2,-110.74235534667969,-18.423065185546875,14
5361,FPR3,-110.89706420898438,-18.54218864440918,14
5362,FRA10AC1,31.049360275268555,12.900572776794434,448
5363,FRAT1,14.41136360168457,13.801705360412598,341
5364,FRAT2,13.872626304626465,13.967291831970215,341
5365,FREM1,50.68669891357422,-16.45298957824707,180
5366,FREM3,49.0008659362793,-16.926368713378906,180
5367,FRG1,30.12137794494629,12.942021369934082,449
5368,FRG2,13.442014694213867,16.804521560668945,333
5369,FRG2B,12.676158905029297,16.032920837402344,342
5370,FRG2C,13.118287086486816,16.43480682373047,333
5371,FRMD1,14.979251861572266,1.3977248668670654,416
5372,FRMD3,12.569340705871582,0.8961908221244812,415
5373,FRMD4A,5.180751800537109,-0.044813502579927444,389
5374,FRMD4B,5.2192158699035645,0.19918209314346313,389
5375,FRMD5,13.734796524047852,0.8956668972969055,415
5376,FRMD6,13.069401741027832,2.124607801437378,378
5377,FRMD8,17.88909149169922,1.4289135932922363,417
5378,FRMPD1,1.7500267028808594,4.076168537139893,406
5379,FRMPD2,15.985164642333984,1.7291595935821533,417
5380,FRRS1,21.04844856262207,-22.492692947387695,129
5381,FRRS1L,55.849082946777344,-7.638968467712402,185
5382,FRS2,7.4865875244140625,5.309391498565674,387
5383,FRS3,8.464457511901855,6.003309726715088,387
5384,FRYL,13.949251174926758,-7.360019683837891,277
5385,FRZB,70.6956558227539,-13.833758354187012,215
5386,FSBP,23.272369384765625,12.090703010559082,390
5387,FSCB,3.8922855854034424,16.496061325073242,275
5388,FSCN1,91.1343994140625,-7.038296222686768,89
5389,FSCN2,91.78977966308594,-6.989245414733887,89
5390,FSCN3,91.63619232177734,-6.87839412689209,89
5391,FSD1,-58.91314697265625,4.100815296173096,28
5392,FSD1L,32.92608642578125,3.5344107151031494,444
5393,FSD2,-58.49858856201172,4.13252592086792,28
5394,FSHB,77.74826049804688,-15.479336738586426,200
5395,FSHR,56.268455505371094,-20.2252197265625,167
5396,FSIP1,-2.1563007831573486,1.948737621307373,300
5397,FST,69.64179229736328,-15.891263961791992,215
5398,FSTL1,69.0844497680664,-14.46890640258789,198
5399,FSTL3,69.55293273925781,-15.624723434448242,215
5400,FSTL4,53.92087173461914,-12.830512046813965,179
5401,FSTL5,52.205421447753906,-13.495368003845215,179
5402,FTCD,64.11898803710938,4.149870872497559,358
5403,FTCDNL1,17.228763580322266,18.28380012512207,260
5404,FTH1,50.49862289428711,14.745928764343262,243
5405,FTL,50.88496780395508,14.225513458251953,243
5406,FTMT,56.783843994140625,10.853706359863281,327
5407,FTO,40.661197662353516,4.824800968170166,432
5408,FTSJ3,36.78508377075195,12.606634140014648,371
5409,FUBP1,-18.471229553222656,8.18228530883789,262
5410,FUBP3,-18.64971351623535,9.133072853088379,263
5411,FUCA1,64.93256378173828,-5.804952144622803,212
5412,FUCA2,64.47166442871094,-5.5537872314453125,212
5413,FUOM,56.704383850097656,7.446523666381836,349
5414,FURIN,63.327301025390625,-10.420699119567871,202
5415,FUS,-21.581167221069336,7.38633394241333,267
5416,FUT1,73.90361785888672,-4.751229286193848,205
5417,FUT10,72.80696868896484,-5.171448230743408,205
5418,FUT11,72.637451171875,-5.3550920486450195,205
5419,FUT2,75.3046875,-4.92825174331665,205
5420,FUT3,74.28054809570312,-4.721171855926514,205
5421,FUT4,69.75508880615234,-4.45501708984375,204
5422,FUT5,72.64212036132812,-4.756602764129639,205
5423,FUT6,74.10518646240234,-4.733858108520508,205
5424,FUT7,72.97288513183594,-4.65755033493042,205
5425,FUT8,74.31326293945312,-4.722372531890869,205
5426,FUZ,14.534934043884277,13.290983200073242,341
5427,FXN,58.76689147949219,11.199417114257812,328
5428,FXR1,-15.928927421569824,6.550203323364258,262
5429,FXR2,-9.879103660583496,5.7459540367126465,272
5430,FXYD1,20.883960723876953,25.357284545898438,229
5431,FXYD2,20.587841033935547,24.78569984436035,228
5432,FXYD3,21.159488677978516,25.197290420532227,229
5433,FXYD4,20.92863655090332,25.245431900024414,229
5434,FXYD5,11.218791961669922,26.19645881652832,147
5435,FXYD6,20.758726119995117,25.108495712280273,229
5436,FXYD7,20.585742950439453,24.87519645690918,228
5437,FYB1,3.517608880996704,3.725004196166992,407
5438,FYB2,3.861175298690796,3.7256643772125244,407
5439,FYCO1,-11.564507484436035,-3.5942726135253906,258
5440,FYN,63.05619430541992,36.026222229003906,68
5441,FYTTD1,13.449981689453125,11.103673934936523,335
5442,FZD1,42.19513702392578,-19.558399200439453,106
5443,FZD10,42.46282958984375,-19.604799270629883,106
5444,FZD2,42.701541900634766,-19.469371795654297,106
5445,FZD4,41.99091720581055,-19.46539878845215,106
5446,FZD5,42.7805290222168,-19.571863174438477,106
5447,FZD6,38.593177795410156,-19.273563385009766,112
5448,FZD7,42.516029357910156,-19.53314208984375,106
5449,FZD8,42.71539306640625,-19.500673294067383,106
5450,FZD9,41.00845718383789,-19.780086517333984,106
5451,FZR1,50.668704986572266,23.406618118286133,70
5452,G0S2,21.21356964111328,24.260156631469727,228
5453,G2E3,21.75811004638672,7.267416954040527,398
5454,G3BP1,-17.92131996154785,7.377761363983154,262
5455,G3BP2,-18.10759735107422,7.38231897354126,262
5456,G6PC2,14.270393371582031,-23.79962921142578,158
5457,G6PC3,12.48415470123291,-23.860265731811523,157
5458,GAA,63.66007995605469,-4.687491416931152,212
5459,GAB1,6.8453192710876465,4.947192192077637,363
5460,GAB2,7.330567359924316,4.864229202270508,363
5461,GAB4,8.458587646484375,5.2779388427734375,387
5462,GABARAP,46.65337371826172,14.616106986999512,322
5463,GABARAPL1,46.60832595825195,14.49244213104248,322
5464,GABARAPL2,46.75651931762695,14.387317657470703,322
5465,GABBR1,38.902923583984375,-19.125289916992188,112
5466,GABBR2,38.78898239135742,-18.821643829345703,112
5467,GABPA,-18.890182495117188,11.988175392150879,264
5468,GABPB1,-19.552026748657227,12.53078556060791,264
5469,GABPB2,-20.205562591552734,12.381505966186523,264
5470,GABRA1,124.32383728027344,-32.490116119384766,11
5471,GABRA2,124.35071563720703,-32.354488372802734,11
5472,GABRA4,124.07276153564453,-32.529232025146484,11
5473,GABRA5,123.71334838867188,-32.193756103515625,11
5474,GABRA6,124.16004180908203,-32.01923751831055,11
5475,GABRB1,124.50302124023438,-32.028011322021484,11
5476,GABRB2,124.22820281982422,-32.153846740722656,11
5477,GABRB3,124.26106262207031,-32.141963958740234,11
5478,GABRD,123.67650604248047,-32.39799118041992,11
5479,GABRG1,123.96543884277344,-32.26879119873047,11
5480,GABRG2,124.10491943359375,-32.21866226196289,11
5481,GABRG3,124.02952575683594,-32.22462844848633,11
5482,GABRP,123.6472396850586,-32.33869934082031,11
5483,GABRR1,123.83644104003906,-31.909954071044922,11
5484,GABRR2,123.52476501464844,-32.496299743652344,11
5485,GABRR3,123.52984619140625,-32.359130859375,11
5486,GAD1,65.33625793457031,3.305912733078003,358
5487,GAD2,65.90448760986328,3.0199506282806396,358
5488,GADD45A,38.27958679199219,10.066776275634766,370
5489,GADD45B,38.00171661376953,10.411952018737793,370
5490,GADD45G,38.199249267578125,10.179523468017578,370
5491,GADD45GIP1,59.54387664794922,14.761947631835938,287
5492,GADL1,65.03103637695312,3.154904365539551,358
5493,GAK,4.063072681427002,3.4777634143829346,407
5494,GAL,91.81733703613281,-16.605323791503906,107
5495,GAL3ST1,74.43763732910156,-4.8144378662109375,205
5496,GAL3ST2,75.16614532470703,-4.554074287414551,205
5497,GAL3ST3,74.1425552368164,-4.909746170043945,205
5498,GAL3ST4,72.52985382080078,-4.92228364944458,205
5499,GALC,63.129005432128906,-5.81345272064209,212
5500,GALE,59.78527069091797,4.891441822052002,349
5501,GALK1,58.0626106262207,5.213603496551514,349
5502,GALK2,56.39507293701172,3.8750667572021484,292
5503,GALM,57.864627838134766,4.713787078857422,349
5504,GALNS,64.2037353515625,-5.250814437866211,212
5505,GALNT1,80.52545928955078,-4.961880683898926,195
5506,GALNT10,80.39464569091797,-5.082270622253418,195
5507,GALNT11,80.67350006103516,-4.939319133758545,195
5508,GALNT12,81.02189636230469,-5.412034034729004,195
5509,GALNT13,80.92221069335938,-4.876059055328369,195
5510,GALNT14,80.63925170898438,-4.847227096557617,195
5511,GALNT15,78.44476318359375,-4.8721747398376465,199
5512,GALNT16,80.01349639892578,-4.854835510253906,195
5513,GALNT17,80.60160827636719,-4.849242210388184,195
5514,GALNT18,80.29369354248047,-4.769612789154053,195
5515,GALNT2,78.64556884765625,-4.7990570068359375,199
5516,GALNT3,80.23916625976562,-5.00234317779541,195
5517,GALNT4,79.2990493774414,-4.959752559661865,195
5518,GALNT5,77.8203353881836,-4.977319240570068,199
5519,GALNT6,80.36598205566406,-4.925632953643799,195
5520,GALNT7,80.44630432128906,-5.136017322540283,195
5521,GALNT8,79.86642456054688,-4.974915504455566,195
5522,GALNT9,80.66732788085938,-4.8596062660217285,195
5523,GALNTL5,75.81071472167969,-5.132445335388184,205
5524,GALNTL6,80.57931518554688,-4.8666181564331055,195
5525,GALP,91.14390563964844,-16.446605682373047,107
5526,GALR1,-103.97923278808594,-18.58632469177246,14
5527,GALR2,-103.5643539428711,-19.27288246154785,14
5528,GALR3,-103.89803314208984,-19.25778579711914,14
5529,GALT,52.40673065185547,3.0115251541137695,302
5530,GAMT,57.99934768676758,6.6894707679748535,349
5531,GANAB,63.926639556884766,-4.742549896240234,212
5532,GANC,57.1099853515625,-3.6718616485595703,270
5533,GAP43,13.333216667175293,16.717863082885742,333
5534,GAPDH,81.75519561767578,9.241084098815918,75
5535,GAPDHS,62.73149108886719,5.4822869300842285,355
5536,GAPT,13.316676139831543,30.723947525024414,222
5537,GAPVD1,14.356318473815918,-5.3599324226379395,277
5538,GAR1,-21.356311798095703,7.308276653289795,267
5539,GAREM1,2.8947548866271973,4.2334675788879395,407
5540,GAREM2,4.0453314781188965,5.277706146240234,401
5541,GARNL3,14.51531982421875,-0.10821390151977539,415
5542,GART,62.8233757019043,5.63237190246582,355
5543,GAS1,65.54193878173828,-13.100116729736328,197
5544,GAS2,25.85808753967285,6.295760631561279,421
5545,GAS2L1,5.029229640960693,6.7246479988098145,401
5546,GAS2L2,0.5622802376747131,10.61563777923584,320
5547,GAS2L3,6.441075325012207,4.910427570343018,363
5548,GAS6,65.2716293334961,-16.321239471435547,197
5549,GAS7,10.896634101867676,-2.111298084259033,365
5550,GAS8,-13.912137031555176,-0.6984918117523193,255
5551,GASK1A,76.15259552001953,-4.441798686981201,205
5552,GASK1B,76.22724914550781,-4.528113842010498,205
5553,GAST,91.03306579589844,-16.45050621032715,107
5554,GATA2,-24.60677719116211,17.929441452026367,143
5555,GATA3,-22.57925796508789,17.835289001464844,193
5556,GATA4,-21.6884708404541,18.6248722076416,194
5557,GATA5,-22.025909423828125,18.431135177612305,193
5558,GATA6,-20.99142837524414,18.02323341369629,194
5559,GATAD1,23.29744529724121,9.90811538696289,385
5560,GATAD2A,-12.586921691894531,10.938082695007324,272
5561,GATAD2B,-10.487329483032227,10.815160751342773,272
5562,GATB,52.97294616699219,6.085149765014648,453
5563,GATC,52.891780853271484,10.702112197875977,196
5564,GATD1,49.854835510253906,6.486412525177002,457
5565,GATM,61.75641632080078,4.053427696228027,355
5566,GBA,63.98317337036133,-5.504734992980957,212
5567,GBA2,48.998069763183594,-0.2866188585758209,296
5568,GBA3,63.06219482421875,-3.529733419418335,212
5569,GBE1,54.146934509277344,-2.495311975479126,270
5570,GBF1,15.477704048156738,-5.960766792297363,277
5571,GBGT1,74.26834869384766,-4.598682403564453,205
5572,GBP1,41.89527130126953,-4.528108596801758,283
5573,GBP2,41.97727966308594,-4.776176452636719,283
5574,GBP3,41.92892837524414,-4.740824222564697,283
5575,GBP4,42.201568603515625,-4.88662576675415,283
5576,GBP5,41.85186004638672,-4.78549337387085,283
5577,GBP6,41.9340934753418,-4.715841293334961,283
5578,GBP7,41.97689437866211,-4.682141304016113,283
5579,GBX1,-23.881425857543945,20.668018341064453,194
5580,GBX2,-23.5322265625,20.632522583007812,194
5581,GC,68.54053497314453,-11.270805358886719,217
5582,GCA,-38.72505569458008,-6.337120056152344,43
5583,GCAT,66.51236724853516,5.258423805236816,358
5584,GCC1,-8.67197322845459,-2.9093480110168457,253
5585,GCC2,-14.30013656616211,-4.153843879699707,259
5586,GCDH,68.1056900024414,5.532222747802734,356
5587,GCFC2,23.020095825195312,2.541313648223877,301
5588,GCG,92.21593475341797,-16.760377883911133,107
5589,GCGR,33.79674530029297,-23.40814208984375,117
5590,GCH1,55.5592041015625,5.570775032043457,440
5591,GCHFR,47.5229606628418,13.220415115356445,322
5592,GCK,65.8670425415039,4.385695457458496,358
5593,GCKR,63.67635726928711,3.6759936809539795,358
5594,GCLC,52.97129440307617,0.7869361639022827,270
5595,GCLM,38.037174224853516,8.030060768127441,425
5596,GCM1,-16.028724670410156,15.976234436035156,190
5597,GCM2,-15.365771293640137,15.59291934967041,190
5598,GCN1,17.935379028320312,-7.795725345611572,278
5599,GCNT1,76.28690338134766,-4.902040004730225,205
5600,GCNT2,75.62188720703125,-4.896860122680664,205
5601,GCNT3,77.26871490478516,-5.4292521476745605,199
5602,GCNT4,76.33951568603516,-4.8859944343566895,205
5603,GCNT7,73.88148498535156,-4.839816093444824,205
5604,GCSAM,12.68043327331543,29.747373580932617,222
5605,GCSAML,12.864852905273438,29.971864700317383,222
5606,GCSH,58.95597839355469,11.097846984863281,328
5607,GDA,57.8835334777832,4.387524604797363,349
5608,GDAP1,37.781761169433594,7.330234527587891,425
5609,GDAP1L1,40.811492919921875,7.498526096343994,391
5610,GDAP2,30.435489654541016,3.393162727355957,307
5611,GDE1,56.6284065246582,0.3348804712295532,291
5612,GDF1,78.4911117553711,-10.786446571350098,188
5613,GDF10,77.33460235595703,-10.851625442504883,188
5614,GDF11,78.90926361083984,-11.060067176818848,188
5615,GDF15,78.9500732421875,-11.061156272888184,188
5616,GDF2,77.95771026611328,-10.99223518371582,188
5617,GDF3,78.36264038085938,-10.997461318969727,188
5618,GDF5,79.1880874633789,-11.072429656982422,188
5619,GDF6,78.65831756591797,-10.989975929260254,188
5620,GDF7,78.25211334228516,-10.461590766906738,188
5621,GDF9,78.39661407470703,-11.059334754943848,188
5622,GDI2,59.82207107543945,6.458947658538818,349
5623,GDNF,78.75941467285156,-12.663633346557617,188
5624,GDPD1,55.47388458251953,1.6869438886642456,291
5625,GDPD3,55.71253204345703,0.8845983147621155,291
5626,GDPD4,55.01923751831055,-2.0252578258514404,270
5627,GDPD5,52.27068328857422,-2.5890181064605713,235
5628,GDPGP1,45.38455581665039,5.2221760749816895,436
5629,GEM,-10.308185577392578,-44.13221740722656,27
5630,GEMIN2,34.328006744384766,9.355324745178223,369
5631,GEMIN4,26.31349754333496,-5.357890605926514,319
5632,GEMIN5,30.424238204956055,-5.810815334320068,313
5633,GEMIN6,47.80983352661133,8.323052406311035,433
5634,GEMIN7,28.35053253173828,16.3912296295166,268
5635,GEN1,7.647026538848877,6.770688056945801,388
5636,GET1,13.288130760192871,-17.95357322692871,149
5637,GET3,43.10044479370117,7.246097087860107,436
5638,GET4,31.241628646850586,-2.949221611022949,303
5639,GFAP,159.5868682861328,8.828097343444824,25
5640,GFER,28.84969711303711,13.979355812072754,449
5641,GFI1,-30.491985321044922,14.015439987182617,143
5642,GFI1B,-31.680034637451172,13.526951789855957,143
5643,GFM1,45.326812744140625,2.106222152709961,424
5644,GFM2,45.81746292114258,2.1817269325256348,424
5645,GFOD1,47.233253479003906,3.7864415645599365,424
5646,GFOD2,54.65811538696289,4.358494281768799,440
5647,GFPT1,64.18158721923828,3.9602816104888916,358
5648,GFPT2,65.65644836425781,4.513710975646973,358
5649,GFRA1,71.26051330566406,-14.145613670349121,215
5650,GFRA2,70.67391967773438,-14.01391887664795,215
5651,GFRA3,73.00609588623047,-14.512495040893555,219
5652,GFRA4,69.37981414794922,-14.349137306213379,198
5653,GFRAL,70.3093032836914,-15.403944969177246,215
5654,GFY,1.6866533756256104,15.967470169067383,281
5655,GGA1,11.01081371307373,4.808067798614502,381
5656,GGA2,10.583274841308594,4.334859371185303,386
5657,GGA3,-0.8504955172538757,5.702483177185059,298
5658,GGACT,49.14600372314453,7.969687461853027,434
5659,GGCT,48.64323806762695,8.88810920715332,434
5660,GGCX,22.497386932373047,-20.880891799926758,129
5661,GGH,64.47872161865234,-4.737215042114258,212
5662,GGN,0.680937647819519,11.453692436218262,320
5663,GGNBP2,13.53569507598877,6.7510786056518555,381
5664,GGPS1,48.9488410949707,6.632540702819824,456
5665,GGT1,65.14745330810547,-5.551390647888184,212
5666,GGT5,66.08562469482422,-5.86422872543335,212
5667,GGT6,48.655029296875,-3.3622093200683594,170
5668,GGT7,51.943538665771484,-3.6532881259918213,236
5669,GGTLC1,64.95914459228516,-5.504832744598389,212
5670,GGTLC2,65.36845397949219,-5.637787342071533,212
5671,GGTLC3,65.47693634033203,-5.446474552154541,212
5672,GH1,37.20287322998047,29.311819076538086,94
5673,GH2,36.99125289916992,29.23539161682129,94
5674,GHDC,36.51885986328125,-1.4828721284866333,285
5675,GHITM,68.02816009521484,15.423620223999023,163
5676,GHR,21.7900333404541,30.997081756591797,233
5677,GHRH,92.24983215332031,-16.726423263549805,107
5678,GHRHR,34.005401611328125,-23.26371192932129,117
5679,GHRL,90.58926391601562,-16.35024070739746,107
5680,GHSR,-105.4794692993164,-18.522546768188477,14
5681,GID4,31.900243759155273,9.42305850982666,428
5682,GID8,31.17068862915039,10.879023551940918,454
5683,GIGYF1,-8.346700668334961,4.913610458374023,272
5684,GIGYF2,-7.8015336990356445,5.293907165527344,272
5685,GIMAP1,42.7695426940918,-3.930131435394287,283
5686,GIMAP2,43.56983947753906,-4.052677154541016,283
5687,GIMAP4,42.56476974487305,-4.270134449005127,283
5688,GIMAP5,43.225399017333984,-4.446479320526123,283
5689,GIMAP6,42.685359954833984,-4.006525039672852,283
5690,GIMAP7,42.819522857666016,-4.2171101570129395,283
5691,GIMAP8,42.244140625,-3.798635244369507,283
5692,GIMD1,42.713890075683594,-2.2856836318969727,284
5693,GIN1,11.227999687194824,12.065730094909668,330
5694,GINM1,53.058448791503906,-8.21687126159668,184
5695,GINS1,37.7755241394043,9.83629035949707,370
5696,GINS2,35.752010345458984,9.994270324707031,369
5697,GINS3,33.265804290771484,9.829266548156738,364
5698,GINS4,35.69358825683594,10.1031494140625,369
5699,GIP,92.0636215209961,-16.74192237854004,107
5700,GIPC1,24.675851821899414,6.065296173095703,421
5701,GIPC2,27.6050968170166,6.738768577575684,450
5702,GIPC3,27.711044311523438,7.675981044769287,450
5703,GIPR,33.060028076171875,-23.314882278442383,117
5704,GIT1,5.906164169311523,1.920088768005371,354
5705,GIT2,7.203810691833496,0.4853328466415405,354
5706,GJA1,18.16083526611328,-17.284086227416992,128
5707,GJA10,19.190702438354492,-16.921188354492188,128
5708,GJA3,20.878419876098633,-17.415660858154297,127
5709,GJA4,18.52628517150879,-17.276365280151367,128
5710,GJA5,18.82195472717285,-17.30931282043457,128
5711,GJA8,19.605453491210938,-17.31270408630371,128
5712,GJA9,19.58953857421875,-16.742284774780273,128
5713,GJB2,17.124555587768555,-17.58375358581543,128
5714,GJB3,17.653650283813477,-17.337282180786133,128
5715,GJB4,17.8234806060791,-17.38973617553711,128
5716,GJB5,17.817729949951172,-17.435081481933594,128
5717,GJB6,17.910236358642578,-17.3983097076416,128
5718,GJB7,15.709609985351562,-18.470722198486328,128
5719,GJC1,19.018787384033203,-17.326549530029297,128
5720,GJC2,20.21014976501465,-17.05123519897461,128
5721,GJC3,18.548511505126953,-17.713876724243164,128
5722,GJD2,19.17803955078125,-17.48827362060547,128
5723,GJD3,18.756832122802734,-17.705324172973633,128
5724,GJD4,19.91983413696289,-17.49077796936035,128
5725,GJE1,9.429427146911621,-21.022493362426758,139
5726,GK2,60.57799530029297,4.437153339385986,349
5727,GK3P,59.69383239746094,4.5476226806640625,349
5728,GK5,60.25129699707031,3.4205093383789062,349
5729,GKAP1,-7.430447578430176,-1.2251851558685303,257
5730,GKN1,-11.132792472839355,-15.754528045654297,49
5731,GKN2,-11.061610221862793,-15.772809028625488,49
5732,GLB1,63.18736267089844,-5.270658493041992,212
5733,GLB1L,62.73381042480469,-5.684295177459717,212
5734,GLB1L2,61.358306884765625,-5.951108932495117,212
5735,GLB1L3,57.80818557739258,-4.077288627624512,213
5736,GLCCI1,-1.857345700263977,8.172935485839844,298
5737,GLCE,64.28152465820312,-3.8398122787475586,212
5738,GLDC,67.29429626464844,4.495367527008057,357
5739,GLDN,93.32039642333984,-11.436871528625488,93
5740,GLE1,31.352602005004883,1.6699565649032593,402
5741,GLG1,70.11244201660156,-12.846907615661621,218
5742,GLI1,-19.110881805419922,13.310090065002441,264
5743,GLI2,-17.17926597595215,12.241827011108398,264
5744,GLI3,-18.62934684753418,12.767427444458008,264
5745,GLI4,-70.6863784790039,-27.580909729003906,31
5746,GLIPR1,70.78629302978516,-12.882718086242676,218
5747,GLIPR1L1,72.08993530273438,-12.628050804138184,218
5748,GLIPR1L2,69.24552154541016,-13.02015209197998,218
5749,GLIPR2,70.83486938476562,-11.135397911071777,218
5750,GLIS1,-21.658906936645508,14.292858123779297,264
5751,GLIS2,-31.067277908325195,11.60564136505127,144
5752,GLIS3,-18.852811813354492,14.261295318603516,190
5753,GLMN,27.30936050415039,-3.1243133544921875,315
5754,GLMP,62.82621383666992,-5.73511266708374,212
5755,GLO1,50.298770904541016,7.290198802947998,431
5756,GLOD4,52.352638244628906,7.4212260246276855,452
5757,GLP1R,33.2395133972168,-23.431962966918945,117
5758,GLP2R,34.094390869140625,-23.317773818969727,117
5759,GLRA1,123.94779205322266,-32.28076934814453,11
5760,GLRA3,123.76033020019531,-32.4516487121582,11
5761,GLRB,123.84574890136719,-31.98234748840332,11
5762,GLRX,45.64582443237305,12.117596626281738,304
5763,GLRX2,58.54016876220703,11.153615951538086,328
5764,GLRX3,48.299896240234375,6.51840877532959,456
5765,GLRX5,53.896358489990234,11.116902351379395,196
5766,GLS,53.643798828125,3.5383973121643066,302
5767,GLS2,64.1966781616211,4.098501205444336,358
5768,GLT1D1,54.89903259277344,6.111694812774658,441
5769,GLT6D1,74.92296600341797,-4.583823204040527,205
5770,GLT8D1,75.64553833007812,-5.032060623168945,205
5771,GLT8D2,75.12752532958984,-5.012060642242432,205
5772,GLTP,31.207490921020508,9.804635047912598,428
5773,GLTPD2,68.13737487792969,-5.577350616455078,204
5774,GLUD1,68.90351867675781,5.735082149505615,356
5775,GLUL,68.10832977294922,5.3553996086120605,356
5776,GLYAT,54.34623336791992,4.878995895385742,440
5777,GLYATL1,52.79690170288086,5.302298545837402,453
5778,GLYATL1B,50.402015686035156,5.105750560760498,446
5779,GLYATL2,51.36964797973633,4.274178981781006,439
5780,GLYATL3,44.89204025268555,7.271663188934326,436
5781,GLYCTK,60.96092224121094,4.3263373374938965,349
5782,GLYR1,27.394004821777344,3.832566261291504,308
5783,GM2A,63.36080551147461,-6.576564311981201,212
5784,GMCL1,33.58340835571289,4.85079288482666,443
5785,GMCL2,29.855636596679688,5.238092422485352,451
5786,GMDS,58.41645050048828,4.132524490356445,349
5787,GMEB1,-19.349952697753906,11.973393440246582,264
5788,GMEB2,-17.18724250793457,12.160340309143066,264
5789,GMFB,44.99232864379883,11.409977912902832,304
5790,GMFG,44.55982971191406,11.485818862915039,304
5791,GMIP,10.719285011291504,-0.34064725041389465,374
5792,GML,78.91447448730469,-16.454753875732422,200
5793,GMNC,9.506421089172363,15.585379600524902,342
5794,GMNN,11.58687973022461,9.16038703918457,379
5795,GMPPA,50.698951721191406,3.632815361022949,414
5796,GMPPB,52.71223068237305,4.923771858215332,453
5797,GMPR,62.58695983886719,5.840726375579834,355
5798,GMPR2,64.90907287597656,6.067772388458252,293
5799,GMPS,45.47780227661133,4.013209342956543,436
5800,GNA11,-10.962050437927246,-40.76393508911133,29
5801,GNA12,-11.167325973510742,-41.06550598144531,29
5802,GNA13,-11.13431453704834,-40.87373352050781,29
5803,GNA14,-11.240656852722168,-40.86738586425781,29
5804,GNA15,-11.233570098876953,-40.89850997924805,29
5805,GNAI1,-10.86918830871582,-41.040931701660156,29
5806,GNAI2,-11.27277946472168,-40.82352066040039,29
5807,GNAI3,-11.238384246826172,-40.8359375,29
5808,GNAL,-10.861827850341797,-40.75727462768555,29
5809,GNAO1,-11.21877384185791,-40.75590896606445,29
5810,GNAQ,-11.189749717712402,-40.697723388671875,29
5811,GNAS,-11.210393905639648,-40.64859390258789,29
5812,GNAT1,-11.32029914855957,-40.787410736083984,29
5813,GNAT2,-11.29617691040039,-40.812652587890625,29
5814,GNAT3,-11.162826538085938,-40.458316802978516,29
5815,GNAZ,-11.27658462524414,-40.843421936035156,29
5816,GNB1,51.34752655029297,23.51091194152832,70
5817,GNB1L,52.176090240478516,23.600391387939453,70
5818,GNB2,51.96693801879883,23.744108200073242,70
5819,GNB3,51.72088623046875,24.110443115234375,70
5820,GNB4,52.222469329833984,23.8825626373291,70
5821,GNB5,51.38893508911133,23.433059692382812,70
5822,GNE,60.14810562133789,4.889640808105469,349
5823,GNG10,43.19130325317383,16.95261573791504,173
5824,GNG11,41.82839584350586,17.549732208251953,175
5825,GNG12,42.182315826416016,17.570945739746094,175
5826,GNG13,41.64811706542969,17.76309585571289,175
5827,GNG14,42.484989166259766,17.37889862060547,175
5828,GNG2,42.242305755615234,17.712474822998047,175
5829,GNG3,42.2989501953125,17.65216636657715,175
5830,GNG4,41.9084358215332,17.717636108398438,175
5831,GNG5,42.83690643310547,17.081066131591797,173
5832,GNG7,42.24221420288086,17.69762420654297,175
5833,GNG8,42.28202438354492,17.73048210144043,175
5834,GNGT1,41.900733947753906,17.73396110534668,175
5835,GNGT2,41.7645378112793,17.908119201660156,175
5836,GNL1,34.7688102722168,11.588160514831543,369
5837,GNL2,37.715675354003906,12.600245475769043,371
5838,GNL3,38.41825485229492,12.357230186462402,371
5839,GNLY,101.71554565429688,-27.606884002685547,36
5840,GNMT,58.90127182006836,5.029855251312256,349
5841,GNPAT,50.00506591796875,1.5273298025131226,296
5842,GNPDA1,61.90742492675781,5.449410915374756,355
5843,GNPDA2,59.31924057006836,4.9133830070495605,349
5844,GNPNAT1,47.37382507324219,7.496549606323242,433
5845,GNPTAB,61.59779739379883,-5.305810451507568,212
5846,GNPTG,58.14634323120117,-7.457178115844727,185
5847,GNRH1,91.35025024414062,-16.50954818725586,107
5848,GNRH2,91.40245819091797,-16.531784057617188,107
5849,GNRHR,-105.30047607421875,-18.606098175048828,14
5850,GNS,63.340545654296875,-5.787871360778809,212
5851,GOLGA1,-12.530714988708496,-3.5146889686584473,259
5852,GOLGA2,-13.036191940307617,-3.160214424133301,259
5853,GOLGA3,-12.106226921081543,-3.4499433040618896,258
5854,GOLGA4,-14.296449661254883,-4.264639377593994,259
5855,GOLGA5,-12.044220924377441,-3.412184715270996,258
5856,GOLGA6A,-14.648460388183594,-2.0553250312805176,249
5857,GOLGA6B,-14.280933380126953,-1.7545521259307861,249
5858,GOLGA6C,-14.011515617370605,-2.3830411434173584,249
5859,GOLGA6D,-14.579756736755371,-2.1266043186187744,249
5860,GOLGA6L1,-17.735666275024414,-1.4173043966293335,249
5861,GOLGA6L10,-16.143556594848633,-1.181023120880127,249
5862,GOLGA6L2,-16.962642669677734,-1.2348988056182861,249
5863,GOLGA6L22,-17.94614601135254,-1.124906063079834,249
5864,GOLGA6L4,-17.020828247070312,-1.279202938079834,249
5865,GOLGA6L6,-17.255939483642578,-1.3075121641159058,249
5866,GOLGA6L7,-17.834957122802734,-1.278743028640747,249
5867,GOLGA6L9,-15.784073829650879,-1.5317593812942505,249
5868,GOLGA7,30.581260681152344,10.579376220703125,427
5869,GOLGA7B,27.595375061035156,9.62912368774414,447
5870,GOLGA8A,-14.305102348327637,-2.1450624465942383,249
5871,GOLGA8B,-14.109622955322266,-2.2095935344696045,249
5872,GOLGA8F,-13.3738431930542,-2.1653683185577393,249
5873,GOLGA8G,-12.217705726623535,-1.8108508586883545,255
5874,GOLGA8H,-14.216658592224121,-2.0207509994506836,249
5875,GOLGA8J,-14.971551895141602,-1.7315438985824585,249
5876,GOLGA8K,-14.650673866271973,-1.8075371980667114,249
5877,GOLGA8N,-14.499560356140137,-1.8176212310791016,249
5878,GOLGA8O,-14.051694869995117,-1.878588318824768,249
5879,GOLGA8Q,-14.769165992736816,-1.8436014652252197,249
5880,GOLGA8R,-15.395331382751465,-1.9044040441513062,249
5881,GOLGA8S,-14.425626754760742,-1.9221123456954956,249
5882,GOLGA8T,-14.587224006652832,-1.9743566513061523,249
5883,GOLGB1,-14.487820625305176,-4.2680559158325195,259
5884,GOLIM4,2.542232036590576,13.022832870483398,289
5885,GOLM1,2.903078079223633,12.335512161254883,320
5886,GOLPH3,29.549150466918945,7.987828254699707,450
5887,GOLPH3L,30.02813148498535,7.231358051300049,450
5888,GOLT1A,7.978246688842773,-21.640056610107422,139
5889,GOLT1B,7.94921350479126,-21.29171371459961,139
5890,GON4L,-6.095798015594482,5.45518684387207,272
5891,GON7,23.428508758544922,14.52257251739502,290
5892,GOPC,-2.4347047805786133,-0.1812719702720642,250
5893,GORAB,25.832839965820312,10.026496887207031,410
5894,GORASP1,9.673653602600098,8.478824615478516,395
5895,GORASP2,-7.154791355133057,8.358951568603516,272
5896,GOSR1,36.536476135253906,18.052677154541016,172
5897,GOSR2,36.73524856567383,18.001178741455078,172
5898,GOT1,68.01819610595703,5.169098854064941,356
5899,GOT1L1,59.16910171508789,4.36787223815918,349
5900,GOT2,68.92928314208984,5.630367279052734,356
5901,GP1BA,94.64747619628906,19.389175415039062,84
5902,GP1BB,94.59918975830078,19.4266357421875,84
5903,GP2,61.23964309692383,-10.493891716003418,203
5904,GP5,93.49388122558594,20.61435317993164,83
5905,GP6,10.441645622253418,36.97807693481445,164
5906,GP9,94.40370178222656,19.51265525817871,84
5907,GPA33,18.323833465576172,31.049713134765625,230
5908,GPAA1,19.488418579101562,-21.2241153717041,140
5909,GPALPP1,27.446569442749023,12.453225135803223,442
5910,GPAM,51.10637283325195,1.580221176147461,296
5911,GPANK1,30.10214614868164,11.830706596374512,455
5912,GPAT2,34.75974655151367,-1.4491814374923706,294
5913,GPAT3,56.482303619384766,0.17619268596172333,291
5914,GPAT4,55.83405685424805,-0.07774472236633301,291
5915,GPATCH1,24.504610061645508,10.45742416381836,390
5916,GPATCH11,30.8144588470459,12.855698585510254,448
5917,GPATCH2,4.888596534729004,6.836065292358398,401
5918,GPATCH3,27.945972442626953,11.583122253417969,427
5919,GPATCH4,37.186119079589844,12.769699096679688,371
5920,GPATCH8,-14.753021240234375,5.258351802825928,165
5921,GPBAR1,-106.79334259033203,-19.40381622314453,14
5922,GPBP1,-5.496740341186523,7.23414421081543,271
5923,GPBP1L1,-5.57825231552124,8.206809997558594,271
5924,GPC1,63.53959655761719,-11.909981727600098,202
5925,GPC2,40.49190902709961,-4.98574161529541,283
5926,GPC5,63.27910232543945,-12.30069637298584,202
5927,GPC6,64.10884094238281,-12.593287467956543,202
5928,GPCPD1,34.54161071777344,1.0394835472106934,337
5929,GPD1,63.71123123168945,4.756883144378662,358
5930,GPD1L,61.23048782348633,4.4480743408203125,349
5931,GPD2,55.60572814941406,2.741694211959839,292
5932,GPER1,-106.68939971923828,-18.969144821166992,14
5933,GPHA2,80.30683135986328,-15.575157165527344,178
5934,GPHB5,78.40662384033203,-15.130838394165039,200
5935,GPHN,14.574928283691406,-2.3546271324157715,375
5936,GPI,70.03175354003906,5.266234874725342,356
5937,GPIHBP1,78.43743896484375,-16.516469955444336,200
5938,GPLD1,56.719818115234375,-7.705035209655762,185
5939,GPM6A,0.46296045184135437,-21.729511260986328,105
5940,GPN1,40.79048156738281,6.204233169555664,432
5941,GPN2,44.08448028564453,6.480047225952148,436
5942,GPN3,45.67905044555664,7.596747398376465,436
5943,GPNMB,19.40271759033203,29.504058837890625,230
5944,GPR107,22.751955032348633,-22.400426864624023,129
5945,GPR108,23.573673248291016,-22.393402099609375,129
5946,GPR12,-104.37825012207031,-18.340139389038086,14
5947,GPR132,-108.99303436279297,-19.124038696289062,14
5948,GPR135,-103.88616943359375,-19.287302017211914,14
5949,GPR137,16.450904846191406,-20.376096725463867,153
5950,GPR137B,15.582992553710938,-20.95415687561035,152
5951,GPR137C,15.709609985351562,-20.93014907836914,152
5952,GPR139,-104.69380187988281,-18.51337432861328,14
5953,GPR141,-108.94868469238281,-18.61036491394043,14
5954,GPR142,-106.39213562011719,-18.977474212646484,14
5955,GPR146,-107.83270263671875,-19.426067352294922,14
5956,GPR148,-108.10609436035156,-19.151199340820312,14
5957,GPR149,-105.43058013916016,-19.03843879699707,14
5958,GPR15,-110.9076156616211,-18.29219627380371,14
5959,GPR150,-105.13312530517578,-19.41827964782715,14
5960,GPR151,-107.01362609863281,-19.0301456451416,14
5961,GPR152,-106.72821044921875,-19.757492065429688,14
5962,GPR153,24.916610717773438,-16.709362030029297,124
5963,GPR155,23.025741577148438,-26.660924911499023,138
5964,GPR156,3.8988215923309326,6.15674352645874,401
5965,GPR157,-103.52814483642578,-19.68805503845215,14
5966,GPR158,30.572673797607422,-18.00069236755371,135
5967,GPR160,-110.36180114746094,-18.583602905273438,14
5968,GPR161,-105.05326080322266,-18.950063705444336,14
5969,GPR162,-102.3997573852539,-18.49650001525879,14
5970,GPR17,-107.92543029785156,-19.112808227539062,14
5971,GPR171,-110.6622085571289,-18.349529266357422,14
5972,GPR176,-105.12066650390625,-18.885482788085938,14
5973,GPR179,5.16278600692749,11.060583114624023,320
5974,GPR18,-110.7525634765625,-18.103233337402344,14
5975,GPR180,19.32231903076172,-23.107177734375,160
5976,GPR182,-108.33418273925781,-19.29391860961914,14
5977,GPR183,-110.89505767822266,-18.248266220092773,14
5978,GPR19,-105.56988525390625,-18.61785125732422,14
5979,GPR20,-107.71691131591797,-19.533863067626953,14
5980,GPR21,-105.20098114013672,-18.109458923339844,14
5981,GPR22,-104.37855529785156,-18.109678268432617,14
5982,GPR25,-106.37519073486328,-19.467241287231445,14
5983,GPR26,-104.58283996582031,-18.866212844848633,14
5984,GPR27,-103.70657348632812,-20.312820434570312,14
5985,GPR3,-104.07218170166016,-18.800952911376953,14
5986,GPR31,-108.60116577148438,-19.02357292175293,14
5987,GPR32,-111.6042709350586,-19.309532165527344,14
5988,GPR33,-110.9686050415039,-18.86334800720215,14
5989,GPR35,-108.51834869384766,-19.37337875366211,14
5990,GPR37,-104.0474624633789,-18.765287399291992,14
5991,GPR37L1,-102.91706848144531,-18.957807540893555,14
5992,GPR39,-105.84672546386719,-18.82173728942871,14
5993,GPR4,-109.66963195800781,-19.523752212524414,14
5994,GPR42,-108.8170394897461,-19.303936004638672,14
5995,GPR45,-105.27945709228516,-18.361318588256836,14
5996,GPR52,-105.12886810302734,-17.96271324157715,14
5997,GPR55,-109.79177856445312,-18.80232048034668,14
5998,GPR6,-103.89591979980469,-19.21141815185547,14
5999,GPR61,-104.39363098144531,-18.89598846435547,14
6000,GPR62,-105.47077178955078,-19.502979278564453,14
6001,GPR63,-105.01766967773438,-18.638423919677734,14
6002,GPR65,-111.58795166015625,-18.541790008544922,14
6003,GPR68,-109.15522003173828,-19.258590698242188,14
6004,GPR75,-103.71061706542969,-18.119361877441406,14
6005,GPR78,-103.4875259399414,-19.73009490966797,14
6006,GPR83,-105.24856567382812,-18.903018951416016,14
6007,GPR84,-103.69770812988281,-17.555814743041992,14
6008,GPR85,-104.59042358398438,-18.016756057739258,14
6009,GPR87,-110.94612121582031,-18.2740535736084,14
6010,GPR88,-104.41947937011719,-19.7995548248291,14
6011,GPR89A,12.165400505065918,-21.225984573364258,150
6012,GPR89B,13.063690185546875,-21.636646270751953,150
6013,GPRC5A,13.589288711547852,-20.91156768798828,150
6014,GPRC5B,14.2020263671875,-19.973356246948242,149
6015,GPRC5C,12.5669527053833,-20.08272361755371,149
6016,GPRC5D,13.154363632202148,-21.32682228088379,150
6017,GPRC6A,35.3707160949707,-20.731109619140625,115
6018,GPRIN1,1.3133879899978638,14.59539794921875,281
6019,GPRIN2,5.36755895614624,11.808088302612305,330
6020,GPS1,33.58435821533203,-4.0471673011779785,295
6021,GPS2,-11.947440147399902,10.092743873596191,272
6022,GPSM1,10.847670555114746,0.9592949748039246,374
6023,GPSM2,11.427047729492188,2.6155240535736084,378
6024,GPSM3,14.936381340026855,14.292080879211426,341
6025,GPT,64.98748016357422,3.6887412071228027,358
6026,GPT2,65.78398895263672,3.6848514080047607,358
6027,GPX1,56.15543746948242,9.963543891906738,353
6028,GPX2,57.59970474243164,7.427155017852783,349
6029,GPX3,58.17978286743164,-3.0737180709838867,213
6030,GPX4,54.645240783691406,11.289610862731934,196
6031,GPX5,57.300697326660156,-4.298738479614258,185
6032,GPX6,59.20081329345703,-3.644683361053467,213
6033,GPX7,59.32099533081055,-6.511352062225342,185
6034,GPX8,59.334842681884766,-7.303040504455566,185
6035,GRAMD1A,14.712481498718262,0.9719095230102539,416
6036,GRAMD1B,15.970681190490723,1.443655252456665,417
6037,GRAMD1C,17.226585388183594,2.070467472076416,417
6038,GRAMD2A,20.253164291381836,17.760284423828125,279
6039,GRAMD2B,14.063008308410645,3.2500524520874023,366
6040,GRAMD4,22.386070251464844,0.14883176982402802,350
6041,GRAP,19.391544342041016,2.4746999740600586,418
6042,GRAP2,17.936565399169922,2.754716396331787,417
6043,GRAPL,18.072179794311523,2.3622066974639893,417
6044,GRB10,16.397838592529297,1.7074475288391113,417
6045,GRB14,14.480508804321289,2.199039936065674,366
6046,GRB2,17.862775802612305,2.1079366207122803,417
6047,GRB7,15.82575511932373,0.7066083550453186,416
6048,GREB1,17.200416564941406,-7.24339485168457,278
6049,GREB1L,16.95158576965332,-7.404260158538818,278
6050,GREM2,77.74340057373047,-13.882757186889648,209
6051,GRHL1,-11.4385404586792,12.961292266845703,269
6052,GRHL2,-11.795324325561523,12.728659629821777,269
6053,GRHL3,-11.466188430786133,12.937629699707031,269
6054,GRHPR,66.00875854492188,4.9574408531188965,358
6055,GRIA1,39.44169998168945,-18.550491333007812,112
6056,GRIA2,40.269432067871094,-18.46275520324707,112
6057,GRIA4,39.85809326171875,-18.542917251586914,112
6058,GRID1,39.63151550292969,-18.481996536254883,112
6059,GRID2,39.79256057739258,-18.448524475097656,112
6060,GRID2IP,3.0406839847564697,1.5925240516662598,389
6061,GRIFIN,94.09234619140625,-4.44617223739624,88
6062,GRIK1,40.03736877441406,-18.582664489746094,112
6063,GRIK2,39.956600189208984,-18.541492462158203,112
6064,GRIK3,39.598087310791016,-18.6688232421875,112
6065,GRIK4,39.569847106933594,-18.5502872467041,112
6066,GRIK5,39.360076904296875,-18.82143783569336,112
6067,GRIN1,39.52676773071289,-18.677051544189453,112
6068,GRIN2C,38.631587982177734,-18.71758270263672,112
6069,GRIN2D,38.845558166503906,-18.733232498168945,112
6070,GRIN3A,39.78043746948242,-18.695648193359375,112
6071,GRIN3B,37.45985412597656,-18.187267303466797,112
6072,GRINA,-8.126745223999023,11.95435619354248,272
6073,GRIP1,4.691097736358643,-0.624275267124176,389
6074,GRIP2,7.422282695770264,1.2325959205627441,354
6075,GRK1,59.79412078857422,36.61500549316406,69
6076,GRK2,58.571693420410156,36.928890228271484,69
6077,GRK3,59.286842346191406,36.46024703979492,69
6078,GRK4,59.09440231323242,36.74684524536133,69
6079,GRK5,59.281158447265625,36.681602478027344,69
6080,GRK6,59.58456039428711,36.7885627746582,69
6081,GRK7,59.53286361694336,36.625701904296875,69
6082,GRM1,38.33238220214844,-18.745851516723633,112
6083,GRM2,37.245609283447266,-19.90703582763672,112
6084,GRM3,37.896942138671875,-19.395057678222656,112
6085,GRM4,37.937862396240234,-19.382089614868164,112
6086,GRM5,37.5460319519043,-18.93975830078125,112
6087,GRM6,38.00120162963867,-19.250612258911133,112
6088,GRM7,39.701847076416016,-18.589365005493164,112
6089,GRM8,38.392269134521484,-18.925033569335938,112
6090,GRN,62.93244934082031,-16.819377899169922,197
6091,GRP,91.01954650878906,-16.469039916992188,107
6092,GRPEL1,57.207618713378906,10.224648475646973,327
6093,GRPEL2,55.737342834472656,10.551379203796387,353
6094,GRSF1,58.921669006347656,11.129769325256348,328
6095,GRTP1,25.87445640563965,-0.07139848172664642,309
6096,GRWD1,51.15359878540039,22.769542694091797,70
6097,GRXCR1,19.577455520629883,15.352287292480469,344
6098,GRXCR2,17.851776123046875,10.05954360961914,384
6099,GSAP,29.391216278076172,-3.00165057182312,312
6100,GSC,-24.88714027404785,21.32513427734375,194
6101,GSC2,-20.53504753112793,21.20604705810547,194
6102,GSDMA,42.6344108581543,-2.7686784267425537,284
6103,GSDMB,43.009376525878906,-2.9676644802093506,284
6104,GSDMC,44.21882247924805,-3.299964189529419,284
6105,GSDMD,42.236412048339844,-3.101992130279541,283
6106,GSDME,42.95591354370117,-2.8317923545837402,284
6107,GSE1,-7.6498613357543945,7.813635349273682,272
6108,GSG1,-0.6666955947875977,-23.378314971923828,104
6109,GSG1L,-0.8310768008232117,-23.651334762573242,104
6110,GSG1L2,-0.7699000239372253,-23.65671730041504,104
6111,GSK3A,56.39730453491211,38.007179260253906,69
6112,GSK3B,57.115264892578125,37.710227966308594,69
6113,GSKIP,35.50381851196289,7.633550643920898,369
6114,GSN,25.351879119873047,-0.49317312240600586,311
6115,GSPT1,39.23026657104492,4.4393439292907715,432
6116,GSR,60.19526290893555,4.7952728271484375,349
6117,GSS,53.33202362060547,3.607609272003174,302
6118,GSTA1,78.62572479248047,3.872298240661621,109
6119,GSTA2,79.15640258789062,3.8888864517211914,109
6120,GSTA3,78.71700286865234,3.874549627304077,109
6121,GSTA4,79.03446960449219,3.8886914253234863,109
6122,GSTA5,78.71939086914062,3.938544988632202,109
6123,GSTCD,35.191993713378906,3.6633284091949463,437
6124,GSTK1,68.82357025146484,4.788525581359863,356
6125,GSTM1,79.83290100097656,3.613950252532959,109
6126,GSTM2,79.8437728881836,3.6853017807006836,109
6127,GSTM3,79.64366912841797,3.6582577228546143,109
6128,GSTM4,80.05426025390625,3.6815185546875,109
6129,GSTM5,79.90111541748047,3.591688871383667,109
6130,GSTO1,78.65874481201172,3.8558552265167236,109
6131,GSTO2,75.93775177001953,4.02191162109375,113
6132,GSTP1,80.19749450683594,3.587505340576172,109
6133,GSTT2,77.27131652832031,4.044456481933594,109
6134,GSTT2B,74.89605712890625,4.396794319152832,113
6135,GSTT4,77.34513854980469,4.137740612030029,109
6136,GSTZ1,72.14066314697266,4.60310697555542,189
6137,GSX1,-24.06891632080078,20.541765213012695,194
6138,GSX2,-23.47623634338379,20.073856353759766,194
6139,GTDC1,47.0800666809082,4.004563808441162,424
6140,GTF2A1,-18.9266414642334,11.426680564880371,264
6141,GTF2A1L,-4.037711143493652,10.654156684875488,192
6142,GTF2A2,45.32964324951172,13.678014755249023,321
6143,GTF2B,42.04029083251953,8.034719467163086,391
6144,GTF2E1,34.989017486572266,7.976952075958252,369
6145,GTF2E2,27.861156463623047,8.811070442199707,447
6146,GTF2F1,26.06862449645996,11.267416000366211,351
6147,GTF2F2,32.37774658203125,9.579814910888672,428
6148,GTF2H1,25.905006408691406,6.156240463256836,421
6149,GTF2H2,36.438995361328125,6.64822244644165,360
6150,GTF2H2C,34.87958526611328,6.539845943450928,364
6151,GTF2H3,36.62826919555664,6.142470359802246,360
6152,GTF2H4,37.459022521972656,2.1223700046539307,438
6153,GTF2H5,44.88372802734375,12.05462646484375,304
6154,GTF2I,14.537901878356934,5.676984786987305,381
6155,GTF2IRD1,15.204113960266113,4.296797752380371,409
6156,GTF2IRD2,7.847262382507324,11.72195816040039,330
6157,GTF2IRD2B,7.700449466705322,11.816620826721191,330
6158,GTF3A,-29.960519790649414,11.555215835571289,144
6159,GTF3C1,16.44767189025879,-8.095490455627441,278
6160,GTF3C2,48.62773895263672,21.57183265686035,70
6161,GTF3C3,33.68603515625,-5.360055923461914,295
6162,GTF3C4,25.43490219116211,2.410341262817383,308
6163,GTF3C5,21.22231674194336,8.736433982849121,398
6164,GTF3C6,43.73362731933594,12.966015815734863,347
6165,GTPBP1,35.048519134521484,3.8203537464141846,437
6166,GTPBP10,57.0379638671875,7.560070991516113,349
6167,GTPBP2,37.27778244018555,3.707733154296875,438
6168,GTPBP3,51.10552978515625,5.55306339263916,439
6169,GTPBP4,38.29129409790039,12.680838584899902,371
6170,GTPBP8,58.637542724609375,11.119397163391113,328
6171,GTSE1,6.377364158630371,9.582578659057617,404
6172,GTSF1,19.09563636779785,12.612862586975098,346
6173,GTSF1L,20.52604103088379,12.675603866577148,345
6174,GUCA1A,-41.80685043334961,-7.1145501136779785,44
6175,GUCA1B,-41.18437194824219,-7.142336845397949,44
6176,GUCA1C,-41.65235137939453,-7.307315349578857,44
6177,GUCA2A,31.50248908996582,25.384567260742188,96
6178,GUCA2B,30.252849578857422,25.207422256469727,96
6179,GUCD1,47.00676727294922,8.538288116455078,436
6180,GUCY1A1,28.783716201782227,0.5664299726486206,306
6181,GUCY1B1,29.851877212524414,1.3073441982269287,306
6182,GUCY2C,68.27693176269531,31.542770385742188,64
6183,GUCY2D,38.74837875366211,-16.991016387939453,112
6184,GUF1,49.16954803466797,2.7461178302764893,423
6185,GUK1,47.57234573364258,8.225245475769043,433
6186,GULP1,16.398088455200195,2.3501105308532715,413
6187,GUSB,64.45628356933594,-5.162302494049072,212
6188,GVQW3,13.390511512756348,18.583593368530273,323
6189,GXYLT1,71.52862548828125,-4.703611850738525,205
6190,GXYLT2,72.96562957763672,-4.872107028961182,205
6191,GYG1,48.73152542114258,5.2773261070251465,423
6192,GYPA,10.938000679016113,25.964426040649414,147
6193,GYPB,11.472938537597656,25.96158790588379,147
6194,GYPC,18.75664710998535,24.675466537475586,228
6195,GYPE,10.255972862243652,25.941204071044922,147
6196,GYS1,50.57018280029297,1.112145185470581,296
6197,GYS2,52.41168975830078,0.41214898228645325,296
6198,GZF1,-32.50756072998047,10.742728233337402,144
6199,GZMA,72.74462890625,-24.558208465576172,123
6200,GZMB,72.76945495605469,-24.57440948486328,123
6201,GZMH,72.66397094726562,-24.48495864868164,123
6202,GZMK,72.73845672607422,-24.542926788330078,123
6203,GZMM,72.68769836425781,-24.50746726989746,123
6204,H6PD,68.15711975097656,-5.1501054763793945,204
6205,HAAO,56.393714904785156,6.0793914794921875,349
6206,HABP2,68.99214935302734,-19.684938430786133,118
6207,HABP4,-14.007670402526855,8.019990921020508,261
6208,HACD1,15.524543762207031,-23.94719123840332,159
6209,HACD2,15.724581718444824,-23.512313842773438,159
6210,HACD3,13.957627296447754,-24.002582550048828,158
6211,HACD4,14.908153533935547,-23.70551872253418,159
6212,HACE1,25.08960723876953,-3.4393980503082275,316
6213,HACL1,61.74019241333008,4.911166191101074,355
6214,HADH,68.81846618652344,6.097609996795654,356
6215,HADHA,69.81632232666016,6.469885349273682,356
6216,HADHB,69.69168090820312,6.425655841827393,356
6217,HAGH,57.00382614135742,9.568351745605469,327
6218,HAGHL,56.961246490478516,6.021279811859131,349
6219,HAL,66.13362121582031,4.31305456161499,358
6220,HAMP,90.82354736328125,-16.63907241821289,107
6221,HAND1,-11.1564302444458,19.146835327148438,241
6222,HAND2,-19.83697509765625,19.514123916625977,191
6223,HAO1,65.0048599243164,4.452966213226318,358
6224,HAO2,62.680389404296875,4.774729251861572,355
6225,HAP1,-7.687758445739746,0.8876419067382812,245
6226,HAPLN1,72.67720031738281,-11.529265403747559,218
6227,HAPLN2,69.60955810546875,-11.680377960205078,218
6228,HAPLN3,70.50360107421875,-11.448121070861816,218
6229,HAPLN4,68.69239044189453,-11.104194641113281,217
6230,HARBI1,10.80855941772461,12.379133224487305,330
6231,HARS2,49.203819274902344,3.2091996669769287,423
6232,HAS1,33.823455810546875,-20.202028274536133,130
6233,HAS2,32.557552337646484,-20.66385841369629,130
6234,HAS3,33.02962112426758,-20.604869842529297,130
6235,HASPIN,9.518082618713379,7.582311630249023,395
6236,HAT1,40.06868362426758,7.729625225067139,391
6237,HAUS1,29.3002872467041,10.378364562988281,427
6238,HAUS2,30.957935333251953,10.892264366149902,454
6239,HAUS3,27.793209075927734,8.05452823638916,450
6240,HAUS4,27.23663902282715,9.201815605163574,447
6241,HAUS5,29.291521072387695,4.488892078399658,444
6242,HAUS6,8.04372501373291,6.644794464111328,388
6243,HAUS8,9.8308744430542,9.638570785522461,352
6244,HAVCR1,11.450837135314941,30.643510818481445,222
6245,HAVCR2,12.333067893981934,34.00069046020508,226
6246,HAX1,24.461198806762695,10.134774208068848,390
6247,HBA1,-47.83153533935547,-11.268383979797363,41
6248,HBA2,-47.703800201416016,-11.209381103515625,41
6249,HBB,-47.70975112915039,-10.480618476867676,41
6250,HBD,-47.651126861572266,-10.744708061218262,41
6251,HBE1,-47.787559509277344,-10.788402557373047,41
6252,HBEGF,20.93994140625,25.831178665161133,229
6253,HBG1,-47.41703796386719,-11.055530548095703,41
6254,HBG2,-48.025760650634766,-11.060295104980469,41
6255,HBM,-47.713966369628906,-10.773767471313477,41
6256,HBP1,2.90612530708313,10.504960060119629,320
6257,HBQ1,-48.16323471069336,-10.70300579071045,41
6258,HBS1L,41.07789993286133,3.3474631309509277,432
6259,HBZ,-47.7492790222168,-11.048163414001465,41
6260,HCAR1,-109.74466705322266,-18.96338653564453,14
6261,HCAR2,-109.67865753173828,-18.975116729736328,14
6262,HCAR3,-109.25885009765625,-18.949716567993164,14
6263,HCFC1R1,18.981470108032227,14.885139465332031,344
6264,HCFC2,37.47274398803711,1.8082717657089233,438
6265,HCK,63.045204162597656,36.14786148071289,68
6266,HCLS1,9.735346794128418,5.307058811187744,386
6267,HCN1,31.08380126953125,-18.269161224365234,135
6268,HCN2,28.740280151367188,-17.92841339111328,133
6269,HCN3,27.43827247619629,-17.591543197631836,133
6270,HCN4,28.684404373168945,-17.489625930786133,134
6271,HCRT,91.67329406738281,-16.655447006225586,107
6272,HCRTR1,-104.52349090576172,-18.947614669799805,14
6273,HCRTR2,-103.46232604980469,-18.04240608215332,14
6274,HCST,13.099305152893066,31.69699478149414,222
6275,HDAC1,39.00320053100586,1.3980588912963867,432
6276,HDAC10,18.981128692626953,-0.7789353132247925,376
6277,HDAC11,52.685848236083984,3.0750925540924072,302
6278,HDAC2,38.54669189453125,0.9495639801025391,432
6279,HDAC3,38.78706741333008,1.1233513355255127,432
6280,HDAC4,0.9357038140296936,-0.8456241488456726,240
6281,HDAC5,-0.3360034227371216,-0.5842058658599854,240
6282,HDAC7,17.150053024291992,-0.08974155783653259,376
6283,HDAC9,0.5617064237594604,-0.8474757075309753,240
6284,HDC,65.55553436279297,3.5392940044403076,358
6285,HDDC2,54.35503387451172,7.8801374435424805,353
6286,HDDC3,54.67278289794922,8.11905574798584,353
6287,HDGF,23.527280807495117,15.018260955810547,290
6288,HDGFL1,17.463834762573242,14.998639106750488,340
6289,HDGFL2,10.144366264343262,10.0531005859375,352
6290,HDHD2,53.84270477294922,5.93705940246582,453
6291,HDHD3,54.209842681884766,5.47759485244751,441
6292,HDHD5,49.8332405090332,5.4593353271484375,446
6293,HDLBP,40.685733795166016,1.0022941827774048,334
6294,HEATR1,18.662090301513672,-7.435283184051514,278
6295,HEATR3,28.26342010498047,-3.2209060192108154,312
6296,HEATR4,6.133810043334961,15.173126220703125,332
6297,HEATR5A,18.629146575927734,-7.323647975921631,278
6298,HEATR5B,17.45622444152832,-7.681568145751953,278
6299,HEATR6,25.56399917602539,-3.8468849658966064,316
6300,HEATR9,6.603084087371826,15.93355941772461,332
6301,HEBP1,47.91472625732422,9.768712997436523,434
6302,HEBP2,45.13796615600586,10.012869834899902,422
6303,HECA,22.014591217041016,8.681257247924805,398
6304,HECTD1,13.594367980957031,-7.221375465393066,277
6305,HECTD2,19.700485229492188,-0.8882660865783691,376
6306,HECTD3,33.46729278564453,-1.4291819334030151,294
6307,HECW1,12.870683670043945,-1.3798075914382935,375
6308,HECW2,12.481067657470703,-1.4856902360916138,375
6309,HEG1,8.595731735229492,25.108556747436523,147
6310,HELB,16.066816329956055,5.539863109588623,409
6311,HELLS,13.845519065856934,5.862307071685791,381
6312,HELQ,18.994503021240234,4.920760631561279,372
6313,HELT,-11.147970199584961,17.540273666381836,242
6314,HELZ2,18.49524688720703,-8.082088470458984,278
6315,HEMGN,3.2390730381011963,17.07333755493164,275
6316,HENMT1,44.256351470947266,5.502505302429199,436
6317,HEPACAM,18.3951416015625,30.27616310119629,230
6318,HEPACAM2,16.474449157714844,31.811342239379883,223
6319,HEPHL1,60.09996032714844,-5.452215671539307,214
6320,HEPN1,12.157142639160156,20.774398803710938,324
6321,HERC3,30.101829528808594,-2.029775857925415,303
6322,HERC4,29.354598999023438,-2.3862173557281494,312
6323,HERC5,30.99373435974121,-1.886111855506897,303
6324,HERC6,30.987653732299805,-2.0477681159973145,303
6325,HERPUD1,25.372575759887695,8.662620544433594,392
6326,HERPUD2,24.06133460998535,9.226113319396973,392
6327,HES1,-10.83250904083252,17.64997673034668,242
6328,HES2,-6.609103202819824,18.016672134399414,238
6329,HES3,-6.914182662963867,17.90765953063965,238
6330,HES4,-7.921192646026611,18.559019088745117,239
6331,HES5,-7.6453776359558105,18.620134353637695,239
6332,HES6,-6.404778480529785,18.012325286865234,238
6333,HES7,-7.272650718688965,18.045509338378906,238
6334,HESX1,-20.771677017211914,21.23029327392578,194
6335,HEXA,63.95941162109375,-5.451233863830566,212
6336,HEXB,64.40047454833984,-5.7777485847473145,212
6337,HEXD,49.94334411621094,3.684119701385498,414
6338,HEXIM1,14.274271965026855,13.593935012817383,341
6339,HEXIM2,15.1998929977417,14.566267967224121,341
6340,HEY1,-11.64031982421875,17.718000411987305,242
6341,HEY2,-12.051467895507812,17.386667251586914,242
6342,HEYL,-8.892255783081055,17.789716720581055,241
6343,HFE,-2.403205394744873,48.73347091674805,34
6344,HFM1,15.76248550415039,4.743564128875732,409
6345,HGD,63.319664001464844,2.882967472076416,358
6346,HGF,67.75587463378906,-18.227230072021484,118
6347,HGFAC,68.3675308227539,-19.04505729675293,118
6348,HGH1,33.09231948852539,0.32875344157218933,337
6349,HGS,-8.565718650817871,9.168524742126465,272
6350,HGSNAT,20.316308975219727,-22.060089111328125,129
6351,HHAT,19.81086540222168,-22.531023025512695,160
6352,HHATL,17.49943733215332,-22.89463996887207,162
6353,HHEX,-22.665203094482422,21.06294822692871,194
6354,HHIP,65.32341003417969,-16.384408950805664,197
6355,HHIPL1,62.720184326171875,-10.114097595214844,202
6356,HHIPL2,60.87297821044922,-8.546842575073242,187
6357,HHLA1,9.310802459716797,24.244647979736328,147
6358,HHLA2,16.056367874145508,32.66089630126953,223
6359,HIBADH,67.87420654296875,6.574771881103516,356
6360,HIBCH,66.71257781982422,6.4642415046691895,356
6361,HIC1,-31.8807373046875,11.898801803588867,144
6362,HIC2,-33.16851043701172,11.123185157775879,144
6363,HID1,22.050918579101562,-1.8617486953735352,305
6364,HIF1A,-4.053276062011719,9.902758598327637,192
6365,HIF3A,8.17484188079834,0.3926791250705719,365
6366,HIGD1A,67.20207214355469,16.42515754699707,163
6367,HIGD1B,67.28328704833984,16.482019424438477,163
6368,HIGD1C,67.29022216796875,16.405202865600586,163
6369,HIGD2A,66.41553497314453,16.38498306274414,163
6370,HIGD2B,67.0205307006836,16.509906768798828,163
6371,HIKESHI,44.234901428222656,9.000589370727539,436
6372,HILPDA,15.30801773071289,20.685636520385742,323
6373,HINFP,-32.98444747924805,10.718499183654785,144
6374,HINT1,52.7891845703125,13.012606620788574,196
6375,HINT2,58.689208984375,11.794904708862305,328
6376,HINT3,37.104286193847656,7.880849361419678,425
6377,HIP1,8.16712474822998,-0.2958070635795593,365
6378,HIP1R,7.3935136795043945,-0.6206538677215576,365
6379,HIPK1,-12.889484405517578,9.780501365661621,272
6380,HIPK3,-12.3967924118042,9.321002006530762,272
6381,HIPK4,54.95497512817383,37.66782760620117,69
6382,HIRA,49.54478073120117,22.295995712280273,70
6383,HIRIP3,9.594654083251953,9.378642082214355,352
6384,HIVEP1,-9.092750549316406,6.781436920166016,272
6385,HIVEP2,-8.54551887512207,6.368959426879883,272
6386,HJURP,5.350543022155762,8.817370414733887,404
6387,HJV,63.661556243896484,-10.863924980163574,202
6388,HK1,66.83750915527344,4.546435356140137,357
6389,HK2,66.48847961425781,4.5339202880859375,357
6390,HK3,65.6376724243164,4.372444152832031,358
6391,HKDC1,65.32540893554688,4.035881996154785,358
6392,HLA-A,-3.1414663791656494,49.59233856201172,34
6393,HLA-B,-3.329643487930298,48.956634521484375,34
6394,HLA-C,-3.2938449382781982,49.199031829833984,34
6395,HLA-DMA,-3.274894952774048,49.4115104675293,34
6396,HLA-DMB,-3.511908531188965,49.310821533203125,34
6397,HLA-DOA,-3.0862224102020264,49.12997055053711,34
6398,HLA-DOB,-3.4552998542785645,49.26532745361328,34
6399,HLA-DPA1,-3.3558781147003174,49.43848419189453,34
6400,HLA-DPB1,-3.5444388389587402,49.09221267700195,34
6401,HLA-DQA1,-3.1164233684539795,48.98423385620117,34
6402,HLA-DQA2,-2.874361991882324,49.456878662109375,34
6403,HLA-DQB1,-3.155256986618042,49.61384582519531,34
6404,HLA-DQB2,-2.949671745300293,49.07960891723633,34
6405,HLA-DRA,-2.9145328998565674,49.31010437011719,34
6406,HLA-DRB1,-3.2906923294067383,49.22303009033203,34
6407,HLA-DRB5,-3.378753900527954,49.2622184753418,34
6408,HLA-E,-3.6311607360839844,49.57898712158203,34
6409,HLA-F,-3.3435873985290527,49.22721481323242,34
6410,HLA-G,-2.94245982170105,49.44871520996094,34
6411,HLCS,18.900585174560547,2.0033483505249023,418
6412,HLF,-8.14095401763916,15.56645393371582,237
6413,HLTF,16.358503341674805,4.276599407196045,409
6414,HLX,-24.699216842651367,20.081153869628906,194
6415,HM13,15.319968223571777,-22.62853240966797,159
6416,HMBOX1,-5.208205699920654,11.132524490356445,192
6417,HMBS,56.79218292236328,5.144384384155273,349
6418,HMCES,51.55759048461914,6.2690815925598145,452
6419,HMG20A,24.67744255065918,10.042442321777344,390
6420,HMG20B,26.55550765991211,10.686104774475098,410
6421,HMGA1,26.30821418762207,16.794944763183594,221
6422,HMGA2,26.395009994506836,16.810178756713867,221
6423,HMGB1,28.70516586303711,15.724494934082031,268
6424,HMGB2,28.560503005981445,15.889686584472656,268
6425,HMGB4,16.19795799255371,14.764280319213867,339
6426,HMGCL,61.275997161865234,5.390854835510254,355
6427,HMGCLL1,59.03611373901367,6.18712854385376,349
6428,HMGCR,68.17037963867188,4.0018415451049805,357
6429,HMGCS1,63.38894271850586,3.8088388442993164,358
6430,HMGCS2,67.79205322265625,4.772922992706299,356
6431,HMGN1,27.031391143798828,17.047143936157227,221
6432,HMGN2,27.388227462768555,17.237871170043945,268
6433,HMGN3,27.39885902404785,17.13582420349121,268
6434,HMGN4,25.735544204711914,17.166723251342773,221
6435,HMGXB3,15.743734359741211,5.059418201446533,409
6436,HMGXB4,5.357850551605225,8.67989444732666,404
6437,HMHB1,14.600624084472656,19.457763671875,323
6438,HMMR,-13.923568725585938,-3.6439309120178223,259
6439,HMOX1,39.29459762573242,3.4717917442321777,432
6440,HMOX2,43.960166931152344,2.731023073196411,435
6441,HMSD,14.49455738067627,19.982229232788086,323
6442,HMX1,-22.398433685302734,21.022602081298828,194
6443,HMX2,-22.88248634338379,21.279815673828125,194
6444,HMX3,-21.828210830688477,21.10704803466797,194
6445,HNF1A,-14.03503131866455,12.077483177185059,273
6446,HNF1B,-14.788240432739258,13.063773155212402,273
6447,HNF4A,-36.84403991699219,16.339548110961914,73
6448,HNF4G,-36.51955795288086,16.187101364135742,73
6449,HNMT,50.24747085571289,6.3538899421691895,457
6450,HNRNPA0,-21.817657470703125,7.405135631561279,267
6451,HNRNPA1,-21.6987361907959,7.419382572174072,267
6452,HNRNPA1L2,-21.666236877441406,7.488079071044922,267
6453,HNRNPA2B1,-21.610082626342773,7.380917072296143,267
6454,HNRNPA3,-21.520954132080078,7.347970962524414,267
6455,HNRNPAB,-21.23849105834961,7.307361602783203,267
6456,HNRNPC,-22.89727210998535,6.199426651000977,166
6457,HNRNPCL1,-23.449583053588867,6.0054802894592285,166
6458,HNRNPCL2,-23.553930282592773,6.065587997436523,166
6459,HNRNPCL3,-23.191434860229492,6.202654838562012,166
6460,HNRNPCL4,-22.94158935546875,6.109766960144043,166
6461,HNRNPD,-20.85523796081543,7.470730781555176,266
6462,HNRNPDL,-20.87743377685547,7.540521144866943,266
6463,HNRNPF,-20.85280418395996,7.750319480895996,266
6464,HNRNPH1,-21.184799194335938,7.506230354309082,266
6465,HNRNPH3,-21.54559898376465,7.377372741699219,267
6466,HNRNPK,-20.749906539916992,7.4355010986328125,266
6467,HNRNPL,-19.262405395507812,8.595267295837402,265
6468,HNRNPLL,-18.362459182739258,9.552184104919434,263
6469,HNRNPM,-19.23716926574707,7.894148349761963,265
6470,HNRNPR,-20.55179214477539,7.363133430480957,266
6471,HNRNPU,-19.925048828125,7.546420097351074,265
6472,HNRNPUL1,-19.634891510009766,7.408639907836914,265
6473,HNRNPUL2,-19.452194213867188,7.389212608337402,265
6474,HOGA1,61.65489959716797,5.088921546936035,355
6475,HOMER1,-6.183648586273193,-2.0980443954467773,257
6476,HOMER2,-5.809216022491455,-1.8609964847564697,257
6477,HOMER3,-5.884561538696289,-1.6115145683288574,257
6478,HOMEZ,1.7888816595077515,12.58352279663086,320
6479,HOOK1,-9.11214828491211,-3.328019380569458,253
6480,HOOK2,-9.470539093017578,-1.8580055236816406,253
6481,HOPX,36.393672943115234,10.663506507873535,369
6482,HORMAD1,27.170368194580078,7.9979753494262695,450
6483,HORMAD2,27.91364097595215,7.163337230682373,450
6484,HOXA1,-22.865142822265625,19.407527923583984,194
6485,HOXA10,-24.280029296875,20.58788299560547,194
6486,HOXA11,-24.451244354248047,20.727861404418945,194
6487,HOXA13,-22.81395149230957,19.608476638793945,194
6488,HOXA2,-22.933713912963867,20.904447555541992,194
6489,HOXA3,-24.496665954589844,20.795974731445312,194
6490,HOXA4,-24.59808349609375,20.861919403076172,194
6491,HOXA5,-25.353670120239258,21.030719757080078,194
6492,HOXA6,-25.696269989013672,21.141510009765625,194
6493,HOXA7,-25.753955841064453,21.086912155151367,194
6494,HOXA9,-25.243389129638672,20.955228805541992,194
6495,HOXB1,-23.917749404907227,20.47675895690918,194
6496,HOXB13,-24.332387924194336,20.547170639038086,194
6497,HOXB2,-23.969425201416016,21.104097366333008,194
6498,HOXB3,-24.305227279663086,20.601558685302734,194
6499,HOXB4,-24.534543991088867,20.891611099243164,194
6500,HOXB5,-26.10174560546875,21.335948944091797,194
6501,HOXB6,-26.420351028442383,21.29794692993164,194
6502,HOXB7,-25.80787467956543,21.228010177612305,194
6503,HOXB8,-25.882436752319336,21.297199249267578,194
6504,HOXB9,-26.528114318847656,21.352069854736328,194
6505,HOXC10,-25.321821212768555,21.11134910583496,194
6506,HOXC11,-24.50140953063965,20.711490631103516,194
6507,HOXC12,-23.969070434570312,20.62068748474121,194
6508,HOXC13,-23.985809326171875,20.35616111755371,194
6509,HOXC4,-24.917400360107422,21.010799407958984,194
6510,HOXC5,-25.36507797241211,21.369916915893555,194
6511,HOXC6,-26.198917388916016,21.425718307495117,194
6512,HOXC8,-25.778308868408203,21.276765823364258,194
6513,HOXC9,-26.03567886352539,21.270753860473633,194
6514,HOXD1,-24.226606369018555,20.67293357849121,194
6515,HOXD10,-24.873004913330078,20.934467315673828,194
6516,HOXD11,-24.671951293945312,20.401575088500977,194
6517,HOXD12,-23.965715408325195,20.145122528076172,194
6518,HOXD13,-21.79691505432129,19.264734268188477,194
6519,HOXD3,-24.235065460205078,20.83867645263672,194
6520,HOXD4,-24.770034790039062,20.89850425720215,194
6521,HOXD8,-24.605266571044922,20.485254287719727,194
6522,HOXD9,-23.714738845825195,20.45978546142578,194
6523,HP,69.1034164428711,-19.634668350219727,118
6524,HP1BP3,25.97381019592285,15.275651931762695,290
6525,HPCA,-41.65085983276367,-7.334305763244629,44
6526,HPCAL1,-41.84162139892578,-7.563443183898926,44
6527,HPCAL4,-41.26605224609375,-7.4845290184021,44
6528,HPD,64.59861755371094,3.4994304180145264,358
6529,HPDL,46.92950439453125,6.252381324768066,433
6530,HPF1,32.151580810546875,8.268872261047363,364
6531,HPGD,66.16085052490234,1.8830969333648682,244
6532,HPGDS,79.77947998046875,3.700000286102295,109
6533,HPN,68.93114471435547,-20.235977172851562,118
6534,HPR,69.43661499023438,-20.04497528076172,118
6535,HPS1,26.315780639648438,1.7084274291992188,309
6536,HPS3,28.09507942199707,-4.714282035827637,313
6537,HPS4,7.993837833404541,2.155428171157837,354
6538,HPS5,28.853891372680664,-4.413593292236328,313
6539,HPS6,33.79779815673828,-1.5103622674942017,294
6540,HPSE,64.41617584228516,-6.173345565795898,212
6541,HPSE2,61.81173324584961,-9.524275779724121,203
6542,HPX,67.30960083007812,-11.085053443908691,217
6543,HR,4.738874912261963,7.754716396331787,405
6544,HRAS,-11.900615692138672,-44.74055480957031,27
6545,HRC,5.307422637939453,18.946306228637695,274
6546,HRCT1,14.976863861083984,19.788049697875977,323
6547,HRG,70.38158416748047,-11.926258087158203,218
6548,HRH1,-102.96607971191406,-17.796586990356445,14
6549,HRH2,-104.43942260742188,-18.50674057006836,14
6550,HRH3,-102.62960815429688,-17.928335189819336,14
6551,HRH4,-105.04255676269531,-17.957557678222656,14
6552,HRK,15.596789360046387,16.615272521972656,338
6553,HRNR,0.749133825302124,18.09750747680664,275
6554,HS1BP3,18.683069229125977,6.642367362976074,372
6555,HS2ST1,75.5586166381836,-5.076692581176758,205
6556,HS3ST1,76.01456451416016,-4.8233232498168945,205
6557,HS3ST2,75.52981567382812,-4.892894268035889,205
6558,HS3ST3A1,75.19586944580078,-4.735599040985107,205
6559,HS3ST3B1,75.88090515136719,-4.817560195922852,205
6560,HS3ST4,75.63221740722656,-5.0147624015808105,205
6561,HS3ST5,75.76486206054688,-4.929823398590088,205
6562,HS3ST6,74.73262023925781,-5.206626892089844,205
6563,HS6ST1,75.16901397705078,-4.912417411804199,205
6564,HS6ST3,76.33629608154297,-4.463801383972168,205
6565,HSBP1,42.97391891479492,14.71198558807373,210
6566,HSBP1L1,34.84048843383789,15.740012168884277,367
6567,HSCB,57.670291900634766,10.824627876281738,327
6568,HSD11B1,67.38215637207031,0.9810497760772705,244
6569,HSD11B1L,62.48722457885742,1.7759857177734375,244
6570,HSD11B2,62.464599609375,0.9906847476959229,244
6571,HSD17B1,64.55574798583984,1.5669647455215454,244
6572,HSD17B11,66.60919952392578,1.1453975439071655,244
6573,HSD17B12,64.28956604003906,1.13532292842865,244
6574,HSD17B13,65.8321762084961,1.1702150106430054,244
6575,HSD17B14,66.90251159667969,3.4745349884033203,358
6576,HSD17B2,64.8888931274414,0.8123067617416382,244
6577,HSD17B3,66.36582946777344,1.042243480682373,244
6578,HSD17B4,69.26296997070312,4.9367876052856445,356
6579,HSD17B6,66.26331329345703,0.9930757880210876,244
6580,HSD17B7,64.50712585449219,1.2640794515609741,244
6581,HSD17B8,67.4552993774414,3.7366111278533936,358
6582,HSD3B1,65.40441131591797,0.364671528339386,244
6583,HSD3B2,66.24040222167969,0.3074692189693451,244
6584,HSD3B7,61.951019287109375,1.6879091262817383,349
6585,HSDL1,64.3525390625,1.309292197227478,244
6586,HSDL2,68.73222351074219,4.581491470336914,356
6587,HSF1,4.927396774291992,10.251533508300781,404
6588,HSF2,18.975271224975586,8.46842098236084,383
6589,HSF2BP,29.13459014892578,5.51802921295166,451
6590,HSF4,8.884965896606445,14.043750762939453,330
6591,HSF5,-7.747082710266113,12.091477394104004,237
6592,HSH2D,16.537052154541016,4.140505313873291,409
6593,HSP90AA1,78.83838653564453,8.512911796569824,78
6594,HSP90AB1,79.07379150390625,8.569122314453125,78
6595,HSP90B1,55.495147705078125,-4.559473514556885,186
6596,HSPA12A,43.88303756713867,-0.6385562419891357,208
6597,HSPA12B,41.459693908691406,-1.0455251932144165,284
6598,HSPA13,52.089599609375,-3.4678473472595215,236
6599,HSPA14,46.70934295654297,2.269649028778076,424
6600,HSPA1A,79.53650665283203,8.593602180480957,78
6601,HSPA1B,79.62593841552734,8.621562004089355,78
6602,HSPA1L,79.50304412841797,8.574138641357422,78
6603,HSPA2,79.8077621459961,8.634785652160645,78
6604,HSPA4,47.28742599487305,0.87050861120224,424
6605,HSPA4L,45.87099838256836,1.0707980394363403,208
6606,HSPA5,77.98755645751953,8.436945915222168,78
6607,HSPA6,79.45874786376953,8.577460289001465,78
6608,HSPA8,79.55717468261719,8.681035041809082,78
6609,HSPA9,71.48602294921875,7.657176971435547,356
6610,HSPB1,6.434783458709717,14.323860168457031,314
6611,HSPB11,45.4173469543457,13.330170631408691,321
6612,HSPB2,6.882833480834961,14.471541404724121,314
6613,HSPB3,7.796992301940918,14.639644622802734,314
6614,HSPB6,7.084164142608643,14.349079132080078,314
6615,HSPB7,6.9759931564331055,14.177350997924805,314
6616,HSPB8,6.663471221923828,14.222854614257812,314
6617,HSPB9,14.265104293823242,15.933019638061523,338
6618,HSPBAP1,45.30937957763672,4.840710163116455,436
6619,HSPBP1,32.3089599609375,0.3527207374572754,337
6620,HSPD1,75.8468017578125,8.942360877990723,77
6621,HSPE1,52.30997848510742,13.572687149047852,243
6622,HSPH1,47.719966888427734,0.7736461162567139,296
6623,HTATIP2,53.57828140258789,6.567735195159912,453
6624,HTD2,55.153995513916016,9.0902099609375,353
6625,HTN1,5.482767105102539,23.616531372070312,155
6626,HTN3,5.694551467895508,23.624839782714844,155
6627,HTR1A,-103.42311096191406,-17.903230667114258,14
6628,HTR1B,-103.83858489990234,-17.80419921875,14
6629,HTR1D,-104.04991912841797,-17.9175968170166,14
6630,HTR1E,-103.93118286132812,-17.882583618164062,14
6631,HTR1F,-104.01717376708984,-17.782352447509766,14
6632,HTR2A,-104.99040985107422,-18.610227584838867,14
6633,HTR2B,-103.91327667236328,-17.917476654052734,14
6634,HTR3A,123.88247680664062,-32.50521469116211,11
6635,HTR3B,123.20719909667969,-32.418331146240234,11
6636,HTR3C,123.65322875976562,-32.39315414428711,11
6637,HTR3D,123.83529663085938,-32.21564483642578,11
6638,HTR3E,123.46109771728516,-32.67625045776367,11
6639,HTR4,-104.50154876708984,-18.531152725219727,14
6640,HTR5A,-105.34485626220703,-18.13730239868164,14
6641,HTR6,-103.43790435791016,-18.82914924621582,14
6642,HTR7,-103.9174575805664,-18.294841766357422,14
6643,HTRA1,66.46522521972656,-12.083742141723633,217
6644,HTRA2,64.96363830566406,-9.569806098937988,211
6645,HTRA3,65.17788696289062,-10.833639144897461,202
6646,HTRA4,65.53495788574219,-10.995646476745605,217
6647,HUNK,54.55543899536133,37.05234909057617,69
6648,HUS1,39.05670166015625,8.676607131958008,361
6649,HUS1B,38.9252815246582,8.59527587890625,361
6650,HVCN1,22.948760986328125,-20.670085906982422,129
6651,HYAL1,68.37576293945312,-4.939167499542236,204
6652,HYAL2,71.1077880859375,-5.025854587554932,205
6653,HYAL3,69.91165161132812,-4.965642929077148,204
6654,HYAL4,69.24380493164062,-5.060722351074219,204
6655,HYI,57.89287185668945,6.040610313415527,349
6656,HYKK,52.10091781616211,5.883164882659912,452
6657,HYLS1,10.146872520446777,16.04015350341797,342
6658,HYOU1,48.23090744018555,-0.7958260178565979,296
6659,HYPK,31.06147003173828,13.052114486694336,448
6660,IAH1,52.64933776855469,6.75666618347168,452
6661,IAPP,92.02607727050781,-16.736412048339844,107
6662,IARS2,52.563358306884766,2.303769111633301,302
6663,IBA57,48.212745666503906,7.623650074005127,433
6664,IBSP,4.488514423370361,19.58069610595703,275
6665,IBTK,25.705364227294922,-4.28906774520874,319
6666,ICA1,12.183880805969238,0.3836539685726166,415
6667,ICA1L,12.161752700805664,0.019294951111078262,415
6668,ICAM1,18.043872833251953,32.8449821472168,227
6669,ICAM2,17.939651489257812,31.71734046936035,227
6670,ICAM3,18.44649314880371,32.56403350830078,227
6671,ICAM4,18.37808609008789,31.31614875793457,230
6672,ICAM5,18.890573501586914,33.1109504699707,227
6673,ICE1,-2.0763254165649414,4.863502025604248,299
6674,ICE2,8.70094108581543,6.019417762756348,387
6675,ICMT,13.722172737121582,-23.07349967956543,156
6676,ICOS,14.987126350402832,32.436012268066406,223
6677,ICOSLG,16.03214454650879,32.084434509277344,223
6678,ID1,-7.838476181030273,18.664493560791016,239
6679,ID2,-7.46284818649292,18.900375366210938,239
6680,ID3,-7.126391887664795,18.705215454101562,239
6681,ID4,-8.037503242492676,18.682979583740234,239
6682,IDE,44.68651580810547,-1.283433437347412,208
6683,IDH1,68.69908142089844,5.773487567901611,356
6684,IDH2,69.23785400390625,6.6779608726501465,356
6685,IDH3A,68.79998779296875,6.0749101638793945,356
6686,IDH3B,68.32100677490234,7.146664142608643,356
6687,IDI1,49.580848693847656,7.766012191772461,434
6688,IDI2,49.30101013183594,9.360718727111816,434
6689,IDNK,52.66215896606445,7.21864128112793,452
6690,IDO1,57.16317367553711,3.137690782546997,348
6691,IDO2,57.83735275268555,3.9071450233459473,348
6692,IDUA,67.19373321533203,-5.548208236694336,212
6693,IER2,1.7182847261428833,15.214906692504883,281
6694,IER3,10.938238143920898,16.704221725463867,329
6695,IER3IP1,8.987273216247559,-20.453235626220703,139
6696,IER5,2.7753915786743164,14.779658317565918,289
6697,IER5L,-6.906798839569092,16.359783172607422,237
6698,IFFO1,159.08200073242188,9.002018928527832,25
6699,IFFO2,159.6102752685547,8.867480278015137,25
6700,IFI16,32.53655242919922,0.8051571846008301,337
6701,IFI27,48.22770309448242,-3.760159492492676,170
6702,IFI27L1,48.58964538574219,-3.6418869495391846,170
6703,IFI27L2,48.44942855834961,-3.6846165657043457,170
6704,IFI30,61.70098876953125,-5.454197406768799,212
6705,IFI35,40.849483489990234,4.731185436248779,432
6706,IFI44,40.080989837646484,-2.6951122283935547,286
6707,IFI44L,40.094337463378906,-2.8498454093933105,286
6708,IFI6,48.239471435546875,-3.677150011062622,170
6709,IFIH1,39.60812759399414,-3.4041576385498047,286
6710,IFIT1,36.36225128173828,-4.2639665603637695,295
6711,IFIT1B,36.71050262451172,-4.267215728759766,295
6712,IFIT2,36.85950469970703,-4.168668270111084,295
6713,IFIT3,37.74848175048828,-4.129734516143799,286
6714,IFIT5,36.63726043701172,-4.303416728973389,295
6715,IFITM1,19.962217330932617,22.233285903930664,228
6716,IFITM10,21.538972854614258,19.08714485168457,279
6717,IFITM2,20.50778579711914,21.57767105102539,228
6718,IFITM3,19.979785919189453,21.272706985473633,228
6719,IFITM5,16.18046760559082,-21.994747161865234,159
6720,IFNA1,36.34730911254883,28.991336822509766,94
6721,IFNA10,36.771732330322266,29.12186622619629,94
6722,IFNA13,36.863502502441406,29.148488998413086,94
6723,IFNA14,36.95243453979492,29.145055770874023,94
6724,IFNA16,36.75342559814453,29.134870529174805,94
6725,IFNA17,36.29130554199219,28.94404411315918,94
6726,IFNA2,36.604591369628906,28.96910285949707,94
6727,IFNA21,36.8582649230957,29.203893661499023,94
6728,IFNA4,36.66387176513672,29.1018123626709,94
6729,IFNA5,37.13470458984375,29.222944259643555,94
6730,IFNA6,36.44952392578125,29.019075393676758,94
6731,IFNA7,37.028160095214844,29.236881256103516,94
6732,IFNA8,36.74044418334961,29.150625228881836,94
6733,IFNAR1,22.058544158935547,31.62044334411621,232
6734,IFNAR2,21.411907196044922,31.141845703125,233
6735,IFNB1,36.920143127441406,29.20893096923828,94
6736,IFNE,36.7919921875,29.1638126373291,94
6737,IFNG,35.55784606933594,28.576749801635742,94
6738,IFNGR1,21.998592376708984,31.345537185668945,232
6739,IFNGR2,20.908309936523438,31.407726287841797,233
6740,IFNK,36.6882209777832,29.09877586364746,94
6741,IFNL1,34.776790618896484,27.817649841308594,94
6742,IFNL2,35.56906509399414,28.392173767089844,94
6743,IFNL3,35.31017303466797,28.285167694091797,94
6744,IFNL4,35.33671188354492,27.61466407775879,94
6745,IFNLR1,20.93899154663086,30.725570678710938,233
6746,IFNW1,36.80112075805664,29.119096755981445,94
6747,IFRD1,33.13785171508789,0.3554644286632538,337
6748,IFRD2,33.61048889160156,0.7738212943077087,337
6749,IFT122,31.82781219482422,-6.213766098022461,295
6750,IFT140,31.538869857788086,-6.051025390625,295
6751,IFT172,31.01348114013672,-6.179863929748535,295
6752,IFT20,34.02973175048828,13.147111892700195,367
6753,IFT22,-10.451874732971191,-44.39400100708008,27
6754,IFT27,-10.938027381896973,-44.43204116821289,27
6755,IFT43,22.94837760925293,12.581155776977539,343
6756,IFT46,32.66447448730469,6.424027442932129,364
6757,IFT52,39.36375427246094,2.763899326324463,432
6758,IFT57,-7.9429521560668945,-0.6618212461471558,257
6759,IFT74,-10.76042652130127,-1.0455106496810913,255
6760,IFT80,31.921096801757812,-5.039727210998535,295
6761,IFT81,-12.58430290222168,-0.9159880876541138,255
6762,IFT88,33.7240104675293,-5.527774333953857,295
6763,IGDCC3,50.429412841796875,-13.548826217651367,182
6764,IGDCC4,50.91120529174805,-13.873374938964844,182
6765,IGF1,80.34481048583984,-14.536087989807129,178
6766,IGF1R,68.80171203613281,32.2391471862793,64
6767,IGF2,81.03751373291016,-15.130552291870117,178
6768,IGF2BP1,-18.99025535583496,10.200477600097656,263
6769,IGF2BP2,-18.828014373779297,10.003883361816406,263
6770,IGF2BP3,-19.030548095703125,10.215689659118652,263
6771,IGFALS,93.98375701904297,20.86412239074707,83
6772,IGFBP1,73.41527557373047,-14.950313568115234,219
6773,IGFBP2,71.73214721679688,-14.995511054992676,215
6774,IGFBP3,72.45532989501953,-15.145593643188477,219
6775,IGFBP4,72.14460754394531,-14.981143951416016,215
6776,IGFBP5,73.46500396728516,-14.68237590789795,219
6777,IGFBP6,72.89762878417969,-15.152523040771484,219
6778,IGFBP7,70.24324035644531,-14.712458610534668,215
6779,IGFBPL1,69.10676574707031,-14.508736610412598,198
6780,IGFL1,78.22203826904297,-16.37126350402832,200
6781,IGFL2,77.36178588867188,-16.135068893432617,200
6782,IGFL3,78.17395782470703,-16.07364845275879,200
6783,IGFL4,76.94307708740234,-16.306529998779297,200
6784,IGFLR1,20.27205467224121,27.075950622558594,229
6785,IGFN1,37.22434616088867,-12.936009407043457,80
6786,IGHA1,8.316667556762695,53.4879035949707,35
6787,IGHA2,8.317367553710938,53.455223083496094,35
6788,IGHD,8.557782173156738,53.678855895996094,35
6789,IGHD1-1,-56.75471878051758,-76.1587142944336,7
6790,IGHE,8.336225509643555,53.39942169189453,35
6791,IGHG1,8.347859382629395,53.30646896362305,35
6792,IGHG2,8.834300994873047,54.06239318847656,35
6793,IGHG3,8.837430000305176,53.46419906616211,35
6794,IGHG4,8.330134391784668,53.849178314208984,35
6795,IGHJ1,-56.2522087097168,-76.39974212646484,7
6796,IGHM,8.919692039489746,53.74554443359375,35
6797,IGHMBP2,35.70796585083008,4.023311138153076,438
6798,IGHV1-18,6.890665531158447,72.74735260009766,33
6799,IGHV1-2,7.282078266143799,73.10958862304688,33
6800,IGHV1-24,7.3268280029296875,73.12117004394531,33
6801,IGHV1-3,6.556692123413086,73.22161865234375,33
6802,IGHV1-45,7.249114513397217,73.13127136230469,33
6803,IGHV1-46,7.135988712310791,73.34681701660156,33
6804,IGHV1-58,6.879338264465332,73.17916107177734,33
6805,IGHV1-69,7.184189796447754,73.13592529296875,33
6806,IGHV1-69-2,7.141847133636475,73.14576721191406,33
6807,IGHV1-69D,6.823554515838623,73.1864242553711,33
6808,IGHV2-26,9.466071128845215,72.90929412841797,33
6809,IGHV2-5,9.074239730834961,72.94139099121094,33
6810,IGHV2-70,11.143011093139648,72.81257629394531,33
6811,IGHV2-70D,10.778867721557617,72.8587646484375,33
6812,IGHV3-11,3.7886857986450195,74.15459442138672,32
6813,IGHV3-13,3.19773006439209,74.15956115722656,32
6814,IGHV3-15,3.2727060317993164,74.22862243652344,32
6815,IGHV3-16,5.60343599319458,73.3765640258789,32
6816,IGHV3-20,3.487179756164551,73.45223999023438,32
6817,IGHV3-21,3.5559940338134766,73.84710693359375,32
6818,IGHV3-23,3.794750213623047,73.84098815917969,32
6819,IGHV3-30,3.3247604370117188,74.23918151855469,32
6820,IGHV3-33,3.1388370990753174,73.65271759033203,32
6821,IGHV3-35,4.7086944580078125,73.57080841064453,32
6822,IGHV3-38,5.0779032707214355,73.5124740600586,32
6823,IGHV3-43,3.7396297454833984,73.987060546875,32
6824,IGHV3-48,3.8850181102752686,73.8521957397461,32
6825,IGHV3-49,3.441781997680664,73.85800170898438,32
6826,IGHV3-53,3.294658899307251,73.89936828613281,32
6827,IGHV3-64,3.121290922164917,73.71663665771484,32
6828,IGHV3-64D,3.350337028503418,73.90779876708984,32
6829,IGHV3-66,3.7512543201446533,74.0743408203125,32
6830,IGHV3-7,3.1354572772979736,73.80253601074219,32
6831,IGHV3-72,3.8533530235290527,73.77022552490234,32
6832,IGHV3-73,3.58406400680542,73.82991790771484,32
6833,IGHV3-74,4.314356803894043,73.63467407226562,32
6834,IGHV4-28,8.68533706665039,72.83002471923828,33
6835,IGHV4-31,8.376672744750977,72.93269348144531,33
6836,IGHV4-34,8.413053512573242,72.95207214355469,33
6837,IGHV4-39,8.41201114654541,72.93409729003906,33
6838,IGHV4-4,7.780728340148926,73.10128784179688,33
6839,IGHV4-59,7.864252090454102,73.01126098632812,33
6840,IGHV4-61,8.116393089294434,72.96270751953125,33
6841,IGHV5-10-1,7.365694522857666,73.10023498535156,33
6842,IGHV5-51,7.106693744659424,73.13140869140625,33
6843,IGHV6-1,9.124786376953125,72.9491958618164,33
6844,IGHV7-4-1,6.868943691253662,73.14649200439453,33
6845,IGHV7-81,6.918950080871582,73.31043243408203,33
6846,IGIP,13.374319076538086,20.466577529907227,325
6847,IGKC,8.71080493927002,53.37136459350586,35
6848,IGKJ1,-56.33147048950195,-76.54601287841797,7
6849,IGKV1-12,17.17750358581543,72.03736114501953,40
6850,IGKV1-16,17.414316177368164,72.02759552001953,40
6851,IGKV1-17,17.087345123291016,72.07939147949219,40
6852,IGKV1-27,17.211585998535156,72.34297943115234,40
6853,IGKV1-33,17.06943130493164,72.09703826904297,40
6854,IGKV1-37,16.76068878173828,72.21880340576172,40
6855,IGKV1-39,16.910377502441406,72.16648864746094,40
6856,IGKV1-5,16.656614303588867,72.23280334472656,40
6857,IGKV1-6,17.05414390563965,72.10211181640625,40
6858,IGKV1-8,17.319252014160156,72.00157928466797,40
6859,IGKV1-9,17.258771896362305,72.01398468017578,40
6860,IGKV1D-12,16.7235050201416,72.24313354492188,40
6861,IGKV1D-13,17.103912353515625,72.08235931396484,40
6862,IGKV1D-16,17.10230255126953,72.14250946044922,40
6863,IGKV1D-17,17.0838623046875,72.10175323486328,40
6864,IGKV1D-33,17.017539978027344,72.08914184570312,40
6865,IGKV1D-37,16.99577522277832,72.13298034667969,40
6866,IGKV1D-39,17.209543228149414,71.96963500976562,40
6867,IGKV1D-42,16.25653648376465,72.21150207519531,61
6868,IGKV1D-43,16.33266258239746,72.43974304199219,61
6869,IGKV1D-8,16.96050262451172,72.17164611816406,40
6870,IGKV2-24,16.372722625732422,72.38648223876953,61
6871,IGKV2-28,15.784811019897461,72.6472396850586,60
6872,IGKV2-30,16.84161376953125,72.16881561279297,40
6873,IGKV2-40,15.527814865112305,72.64095306396484,60
6874,IGKV2D-24,16.165739059448242,72.46009063720703,61
6875,IGKV2D-26,15.715124130249023,72.68440246582031,60
6876,IGKV2D-28,16.29180335998535,72.6053466796875,61
6877,IGKV2D-29,16.299701690673828,72.41043853759766,61
6878,IGKV2D-30,16.31440544128418,72.4457778930664,61
6879,IGKV2D-40,15.212015151977539,72.81000518798828,60
6880,IGKV3-11,16.984352111816406,72.12183380126953,40
6881,IGKV3-15,17.3918399810791,71.97920227050781,40
6882,IGKV3-20,17.51316261291504,71.928466796875,40
6883,IGKV3-7,16.794273376464844,72.21773529052734,40
6884,IGKV3D-11,16.737459182739258,72.23796081542969,40
6885,IGKV3D-15,16.230327606201172,72.48565673828125,61
6886,IGKV3D-20,16.685712814331055,72.25299835205078,40
6887,IGKV3D-7,17.738018035888672,71.79969787597656,40
6888,IGKV4-1,15.513635635375977,72.45207214355469,60
6889,IGKV5-2,16.1376895904541,72.50655364990234,61
6890,IGKV6-21,15.934341430664062,72.63009643554688,60
6891,IGKV6D-21,16.289175033569336,72.2020492553711,61
6892,IGKV6D-41,15.776315689086914,72.59748077392578,60
6893,IGLC1,8.234598159790039,54.03221893310547,35
6894,IGLC2,8.363056182861328,53.31150436401367,35
6895,IGLC3,8.14011287689209,53.55645751953125,35
6896,IGLC7,8.373151779174805,54.01538848876953,35
6897,IGLJ1,13.555376052856445,20.304807662963867,325
6898,IGLL1,8.579573631286621,53.79520034790039,35
6899,IGLL5,8.594452857971191,53.83317184448242,35
6900,IGLON5,50.69975662231445,-13.763912200927734,182
6901,IGLV1-36,15.25173282623291,73.0834732055664,60
6902,IGLV1-40,15.216751098632812,73.17473602294922,60
6903,IGLV1-44,15.56039047241211,73.10450744628906,60
6904,IGLV1-47,14.84127426147461,73.29845428466797,60
6905,IGLV1-50,15.478310585021973,72.88302612304688,60
6906,IGLV1-51,15.211395263671875,73.10486602783203,60
6907,IGLV10-54,15.240784645080566,73.07020568847656,60
6908,IGLV11-55,15.784164428710938,72.73794555664062,60
6909,IGLV2-11,15.14548110961914,73.16641235351562,60
6910,IGLV2-14,15.180304527282715,73.11653137207031,60
6911,IGLV2-18,15.217938423156738,73.15541076660156,60
6912,IGLV2-23,15.476577758789062,73.23088836669922,60
6913,IGLV2-33,15.497212409973145,72.86598205566406,60
6914,IGLV2-8,15.301765441894531,73.16024780273438,60
6915,IGLV3-1,15.151325225830078,73.13418579101562,60
6916,IGLV3-10,15.222686767578125,73.06141662597656,60
6917,IGLV3-12,15.18295669555664,73.1009521484375,60
6918,IGLV3-16,14.615147590637207,73.1981430053711,60
6919,IGLV3-19,15.125351905822754,73.13114166259766,60
6920,IGLV3-21,15.108257293701172,73.13838195800781,60
6921,IGLV3-22,15.346878051757812,72.86377716064453,60
6922,IGLV3-25,15.151984214782715,73.08428192138672,60
6923,IGLV3-27,15.353657722473145,73.12174224853516,60
6924,IGLV3-32,15.909331321716309,72.73235321044922,60
6925,IGLV3-9,15.046128273010254,73.08370971679688,60
6926,IGLV4-3,15.282691955566406,72.84880828857422,60
6927,IGLV4-60,15.34358024597168,72.95956420898438,60
6928,IGLV4-69,15.101675033569336,73.07655334472656,60
6929,IGLV5-37,16.045209884643555,72.5755615234375,60
6930,IGLV5-45,15.484101295471191,72.82426452636719,60
6931,IGLV5-48,14.809433937072754,73.09400177001953,60
6932,IGLV5-52,15.030009269714355,73.03109741210938,60
6933,IGLV6-57,15.382057189941406,73.20170593261719,60
6934,IGLV7-43,15.280383110046387,73.07996368408203,60
6935,IGLV7-46,15.417329788208008,73.08126831054688,60
6936,IGLV8-61,15.475654602050781,73.49420166015625,60
6937,IGLV9-49,15.100421905517578,72.95320892333984,60
6938,IGSF10,53.11482620239258,-16.821521759033203,168
6939,IGSF11,19.03860092163086,30.333791732788086,230
6940,IGSF21,50.758506774902344,-13.588519096374512,182
6941,IGSF22,37.362640380859375,-12.96607494354248,80
6942,IGSF23,18.706510543823242,29.69789695739746,230
6943,IGSF3,17.81997299194336,31.882122039794922,227
6944,IGSF5,18.068077087402344,30.79983139038086,230
6945,IGSF6,13.849621772766113,32.33944320678711,223
6946,IGSF8,18.912866592407227,33.3148078918457,227
6947,IGSF9,49.73931121826172,-14.239462852478027,182
6948,IHH,69.41671752929688,-7.617984294891357,201
6949,IK,28.975893020629883,12.812560081481934,442
6950,IKBIP,-7.370196342468262,-2.2684192657470703,257
6951,IKBKB,21.785640716552734,0.16276311874389648,350
6952,IKBKE,20.845930099487305,0.04913037642836571,350
6953,IKZF1,-30.244020462036133,11.359798431396484,144
6954,IKZF2,-30.539888381958008,11.406865119934082,144
6955,IKZF3,-30.653430938720703,11.372099876403809,144
6956,IKZF4,-30.626619338989258,11.387792587280273,144
6957,IKZF5,-31.334232330322266,11.087610244750977,144
6958,IL10,36.27442932128906,28.899776458740234,94
6959,IL10RA,21.396408081054688,31.026443481445312,233
6960,IL10RB,20.336807250976562,31.140405654907227,230
6961,IL11,34.87288284301758,27.897842407226562,94
6962,IL11RA,19.79647445678711,31.998027801513672,227
6963,IL12A,36.3748893737793,29.019376754760742,94
6964,IL12B,21.519319534301758,31.59412956237793,232
6965,IL12RB1,19.94171714782715,31.774106979370117,233
6966,IL12RB2,21.990320205688477,31.4910945892334,232
6967,IL13,36.184242248535156,28.799049377441406,94
6968,IL15,31.179723739624023,25.69413948059082,96
6969,IL15RA,15.569148063659668,29.12299156188965,220
6970,IL16,5.984992027282715,2.8665974140167236,354
6971,IL17A,79.68927001953125,-14.061155319213867,209
6972,IL17B,79.37407684326172,-13.611678123474121,209
6973,IL17C,79.51314544677734,-13.321105003356934,188
6974,IL17D,73.9421157836914,-11.9835844039917,218
6975,IL17F,79.29210662841797,-13.991646766662598,209
6976,IL17RA,20.27642059326172,29.72506332397461,230
6977,IL17RB,20.837858200073242,30.600793838500977,230
6978,IL17RC,49.393157958984375,-5.734732151031494,170
6979,IL17RD,20.471933364868164,28.928842544555664,230
6980,IL17RE,50.12701416015625,-5.7448906898498535,236
6981,IL17REL,48.44599914550781,-4.448987007141113,170
6982,IL18,94.09754180908203,-6.257441997528076,90
6983,IL18BP,16.098684310913086,32.14040756225586,223
6984,IL18R1,21.910701751708984,31.66216468811035,232
6985,IL18RAP,21.901229858398438,31.5450382232666,232
6986,IL19,36.39265823364258,29.008907318115234,94
6987,IL1A,94.19285583496094,-6.255547523498535,90
6988,IL1B,94.17935180664062,-6.071815013885498,90
6989,IL1F10,93.733642578125,-6.383427143096924,90
6990,IL1R1,22.88262176513672,31.692272186279297,231
6991,IL1R2,21.155412673950195,31.476821899414062,233
6992,IL1RAP,22.68075180053711,31.689952850341797,231
6993,IL1RL1,22.597259521484375,31.461240768432617,231
6994,IL1RL2,22.712541580200195,31.626449584960938,231
6995,IL1RN,93.96866607666016,-6.327394485473633,90
6996,IL2,36.20145797729492,28.929046630859375,94
6997,IL20,36.235595703125,28.80957794189453,94
6998,IL20RA,21.479415893554688,31.183778762817383,233
6999,IL20RB,21.558574676513672,31.627416610717773,232
7000,IL21,35.50040817260742,28.70453643798828,94
7001,IL21R,21.63275909423828,31.030229568481445,233
7002,IL22,36.1890983581543,28.822702407836914,94
7003,IL22RA1,21.627944946289062,31.116352081298828,233
7004,IL22RA2,21.917943954467773,31.461286544799805,232
7005,IL23A,35.1163215637207,28.15604591369629,94
7006,IL23R,21.986549377441406,31.393566131591797,232
7007,IL24,35.8192138671875,28.623292922973633,94
7008,IL25,77.0397720336914,-13.247628211975098,209
7009,IL26,36.50577926635742,29.04150390625,94
7010,IL27,35.17112731933594,28.008913040161133,94
7011,IL27RA,20.546131134033203,31.518232345581055,233
7012,IL2RA,15.72806453704834,30.71976661682129,223
7013,IL2RB,21.150083541870117,31.005239486694336,233
7014,IL3,35.98820114135742,28.726938247680664,94
7015,IL31,36.52315139770508,29.0073184967041,94
7016,IL31RA,22.123336791992188,31.486732482910156,232
7017,IL32,16.096309661865234,18.897560119628906,260
7018,IL33,94.10780334472656,-6.421568393707275,90
7019,IL34,31.503082275390625,25.429508209228516,96
7020,IL36A,94.11129760742188,-6.306203365325928,90
7021,IL36B,93.88941955566406,-6.36167573928833,90
7022,IL36G,94.42179870605469,-6.085938930511475,90
7023,IL36RN,94.22247314453125,-6.102885723114014,90
7024,IL37,94.06138610839844,-6.317755222320557,90
7025,IL4,36.36090850830078,28.963537216186523,94
7026,IL4I1,73.99903106689453,-4.457565784454346,205
7027,IL4R,22.226844787597656,30.80004119873047,233
7028,IL5,36.59182357788086,28.99220085144043,94
7029,IL5RA,21.077850341796875,31.417951583862305,233
7030,IL6,35.79403305053711,28.57742691040039,94
7031,IL6R,20.523523330688477,31.180946350097656,233
7032,IL6ST,22.526229858398438,31.993244171142578,231
7033,IL7,36.64176559448242,29.070816040039062,94
7034,IL7R,21.586565017700195,31.56499671936035,232
7035,IL9,36.186012268066406,28.903287887573242,94
7036,ILDR1,19.821748733520508,28.842443466186523,230
7037,ILF2,39.204689025878906,6.986996650695801,426
7038,ILF3,-20.660749435424805,7.13401460647583,266
7039,ILK,69.11360931396484,24.867435455322266,81
7040,ILKAP,27.742399215698242,5.549355506896973,394
7041,ILRUN,23.265642166137695,7.861508369445801,397
7042,ILVBL,59.96666717529297,3.009235143661499,349
7043,IMMP1L,51.448448181152344,7.397114276885986,431
7044,IMMP2L,51.05849075317383,7.885277271270752,431
7045,IMMT,63.51017761230469,7.677089691162109,293
7046,IMP3,49.7114143371582,11.801382064819336,243
7047,IMP4,42.747013092041016,12.10227108001709,347
7048,IMPA1,59.91544723510742,5.08846378326416,349
7049,IMPA2,59.19462585449219,5.874235153198242,349
7050,IMPACT,36.35775375366211,7.567718029022217,360
7051,IMPDH1,64.1794662475586,5.8950514793396,293
7052,IMPDH2,70.07135009765625,7.704517364501953,356
7053,IMPG1,58.197418212890625,-11.45964527130127,187
7054,IMPG2,58.334075927734375,-11.465867042541504,187
7055,INA,159.49664306640625,8.877898216247559,25
7056,INAFM1,17.299728393554688,16.526554107666016,340
7057,INAFM2,16.984140396118164,15.422270774841309,340
7058,INAVA,2.5613584518432617,2.6757419109344482,407
7059,INCA1,10.225845336914062,16.272735595703125,342
7060,INCENP,-9.359137535095215,-1.0686619281768799,251
7061,INF2,4.161673545837402,1.692530632019043,389
7062,ING1,12.91269588470459,10.929736137390137,335
7063,ING2,16.892675399780273,10.49604606628418,384
7064,ING3,10.422228813171387,9.589624404907227,379
7065,ING4,17.404212951660156,9.89271354675293,384
7066,ING5,17.306232452392578,9.999199867248535,384
7067,INHA,78.37520599365234,-10.932363510131836,188
7068,INHBA,78.46392822265625,-11.270246505737305,188
7069,INHBB,78.57855987548828,-10.972992897033691,188
7070,INHBC,78.11460876464844,-10.804036140441895,188
7071,INHBE,78.55335235595703,-11.07864761352539,188
7072,INIP,28.775222778320312,11.257041931152344,427
7073,INKA1,15.756423950195312,14.394831657409668,341
7074,INKA2,11.395007133483887,14.315056800842285,330
7075,INMT,53.94948196411133,4.825588703155518,441
7076,INO80,2.466714859008789,5.368937969207764,411
7077,INO80B,20.534774780273438,14.28239631652832,346
7078,INO80C,29.309783935546875,9.672595977783203,427
7079,INO80E,-4.219875335693359,12.1652193069458,192
7080,INPP1,59.50284194946289,5.019558906555176,349
7081,INPP4A,17.09560203552246,-1.771195411682129,377
7082,INPP4B,15.626626968383789,-1.7335542440414429,393
7083,INPP5A,24.518104553222656,0.9858616590499878,308
7084,INPP5B,30.00303077697754,0.5216984748840332,306
7085,INPP5D,13.671506881713867,1.0822210311889648,415
7086,INPP5E,15.766950607299805,4.5854082107543945,409
7087,INPP5F,12.938021659851074,2.2092156410217285,378
7088,INPP5J,16.156843185424805,2.965480327606201,413
7089,INPP5K,41.54486083984375,2.467495918273926,334
7090,INPPL1,8.636979103088379,1.0445514917373657,365
7091,INS,90.94010925292969,-16.415441513061523,107
7092,INS-IGF2,89.3353500366211,-15.931950569152832,107
7093,INSC,27.391340255737305,-3.0666568279266357,315
7094,INSIG1,15.481792449951172,-23.802173614501953,159
7095,INSIG2,16.374332427978516,-23.399682998657227,159
7096,INSL3,89.73859405517578,-16.168127059936523,107
7097,INSL4,89.186279296875,-16.16419792175293,107
7098,INSL5,89.59947967529297,-15.907905578613281,107
7099,INSL6,88.18875885009766,-15.838425636291504,107
7100,INSM1,-26.220664978027344,14.436990737915039,143
7101,INSM2,-23.852272033691406,13.520292282104492,264
7102,INSR,68.54979705810547,32.359535217285156,64
7103,INSRR,68.5742416381836,32.432918548583984,64
7104,INSYN1,13.404974937438965,14.263751029968262,342
7105,INSYN2A,3.3896191120147705,7.550902366638184,403
7106,INSYN2B,2.4399640560150146,7.165628433227539,412
7107,INTS1,17.775386810302734,-8.037590026855469,278
7108,INTS10,28.853099822998047,-4.188005447387695,313
7109,INTS11,41.47999954223633,2.8666529655456543,334
7110,INTS12,-4.293110370635986,7.457356929779053,271
7111,INTS13,30.796598434448242,3.18127179145813,402
7112,INTS14,35.239891052246094,4.63541841506958,443
7113,INTS2,22.368024826049805,-5.497103214263916,278
7114,INTS3,23.649019241333008,-2.7017951011657715,317
7115,INTS4,26.764265060424805,-4.350137233734131,319
7116,INTS5,32.14750289916992,-2.347372055053711,336
7117,INTS6,23.670019149780273,2.583129644393921,301
7118,INTS7,27.591707229614258,-4.043975830078125,315
7119,INTS8,28.741243362426758,-4.914738655090332,313
7120,INTS9,40.10122299194336,3.0535595417022705,432
7121,INVS,69.25377655029297,24.37489128112793,81
7122,IP6K1,38.05828094482422,3.6714720726013184,430
7123,IP6K2,39.653926849365234,3.9410438537597656,432
7124,IP6K3,41.16980743408203,3.485982656478882,432
7125,IPCEF1,19.193117141723633,2.639601469039917,418
7126,IPMK,39.129093170166016,5.045191764831543,432
7127,IPO11,24.907976150512695,-6.059937953948975,310
7128,IPO13,24.595006942749023,-5.904416561126709,310
7129,IPO4,27.547874450683594,-3.1257174015045166,315
7130,IPO5,25.209129333496094,-6.067673683166504,310
7131,IPO7,25.07716178894043,-6.271872520446777,310
7132,IPO8,24.81352424621582,-6.169171333312988,310
7133,IPO9,24.92997932434082,-5.78644323348999,310
7134,IPP,61.5258674621582,-32.83964157104492,53
7135,IPPK,43.52839279174805,3.309701919555664,435
7136,IQANK1,-12.348333358764648,0.08461830765008926,255
7137,IQCA1,30.964662551879883,11.121386528015137,454
7138,IQCA1L,19.1610107421875,6.133370399475098,372
7139,IQCB1,19.49275779724121,-1.2201666831970215,376
7140,IQCC,2.4031882286071777,16.006181716918945,281
7141,IQCD,-12.329985618591309,-0.5226497054100037,255
7142,IQCE,-7.2189249992370605,-0.9157043695449829,257
7143,IQCF1,11.150174140930176,22.26053810119629,324
7144,IQCF2,11.313501358032227,22.384464263916016,324
7145,IQCF3,11.213674545288086,22.564420700073242,324
7146,IQCF5,11.270605087280273,22.3994197845459,324
7147,IQCF6,10.987993240356445,22.56733512878418,324
7148,IQCG,-11.700438499450684,-0.8589344620704651,255
7149,IQCH,1.971032738685608,0.7333137392997742,389
7150,IQCJ,13.362025260925293,16.640867233276367,333
7151,IQCJ-SCHIP1,4.1323113441467285,4.599239826202393,407
7152,IQCK,-1.000461220741272,0.6421306729316711,250
7153,IQCM,5.031735897064209,16.527509689331055,275
7154,IQCN,0.7588685750961304,15.716974258422852,281
7155,IQGAP1,11.3200044631958,-6.505411148071289,277
7156,IQGAP2,12.68317699432373,-6.53084135055542,277
7157,IQGAP3,14.02135181427002,-7.4885382652282715,277
7158,IQSEC1,9.287125587463379,-0.3715437054634094,365
7159,IQSEC3,10.99135684967041,0.7825291752815247,374
7160,IQUB,-7.427673816680908,0.6460614800453186,245
7161,IRAK1BP1,40.31412124633789,7.179802417755127,391
7162,IRAK2,31.87921714782715,0.24100930988788605,337
7163,IRAK3,33.90684509277344,0.5029760003089905,337
7164,IRAK4,58.47365951538086,36.416725158691406,69
7165,IREB2,65.3350830078125,3.6506998538970947,358
7166,IRF1,-7.99876594543457,14.883232116699219,237
7167,IRF2,-8.564071655273438,14.858001708984375,237
7168,IRF2BP1,-16.433990478515625,14.574199676513672,190
7169,IRF2BP2,-17.72959327697754,15.0493803024292,190
7170,IRF2BPL,-18.330665588378906,15.09672737121582,190
7171,IRF3,-7.110813617706299,14.058624267578125,237
7172,IRF4,-7.708754062652588,14.271904945373535,237
7173,IRF5,-7.123793125152588,13.93766975402832,237
7174,IRF6,-7.634427070617676,14.311686515808105,237
7175,IRF7,-6.573527812957764,14.267377853393555,237
7176,IRF8,-7.469404220581055,14.39789867401123,237
7177,IRF9,-6.8900370597839355,14.135319709777832,237
7178,IRGC,44.12027359008789,-2.0409152507781982,208
7179,IRGM,48.57289123535156,6.359415054321289,456
7180,IRGQ,11.803656578063965,11.962686538696289,330
7181,IRS1,-3.6337838172912598,7.805157661437988,271
7182,IRS2,-3.0871853828430176,9.040166854858398,320
7183,IRX1,-22.492294311523438,20.03119659423828,194
7184,IRX2,-22.92626190185547,20.233755111694336,194
7185,IRX3,-23.023635864257812,20.137887954711914,194
7186,IRX4,-22.87151527404785,20.29425048828125,194
7187,IRX5,-23.237516403198242,20.11284637451172,194
7188,IRX6,-23.304080963134766,20.553730010986328,194
7189,ISCA1,58.59861755371094,12.16544246673584,328
7190,ISCA2,57.75682067871094,12.03469181060791,328
7191,ISCU,62.10173797607422,12.400613784790039,163
7192,ISG15,40.51497268676758,10.868361473083496,361
7193,ISG20,44.118690490722656,8.565485954284668,436
7194,ISG20L2,36.39514923095703,9.799660682678223,369
7195,ISL1,-26.508909225463867,16.922319412231445,143
7196,ISL2,-26.086990356445312,17.380693435668945,143
7197,ISLR,94.78214263916016,19.689483642578125,84
7198,ISLR2,94.96174621582031,19.440597534179688,84
7199,ISM1,68.30467224121094,-13.124598503112793,217
7200,ISM2,68.54023742675781,-12.572674751281738,217
7201,ISOC1,47.69624710083008,6.440596580505371,419
7202,ISOC2,56.3780403137207,6.938879489898682,349
7203,IST1,-1.064779281616211,9.285923957824707,320
7204,ISX,-20.661548614501953,21.179479598999023,194
7205,ISY1,31.822668075561523,12.132406234741211,455
7206,ISYNA1,58.77547836303711,4.322198867797852,349
7207,ITCH,16.554847717285156,-1.1352976560592651,393
7208,ITFG1,47.3619270324707,-7.084702014923096,151
7209,ITFG2,47.83799743652344,2.695712089538574,423
7210,ITGA1,53.77297592163086,-12.29887866973877,179
7211,ITGA10,54.112335205078125,-12.591167449951172,179
7212,ITGA11,53.646148681640625,-12.33659553527832,179
7213,ITGA2,53.97728729248047,-12.501069068908691,179
7214,ITGA2B,53.49347686767578,-12.546187400817871,179
7215,ITGA3,53.62992477416992,-12.301959037780762,179
7216,ITGA4,53.83836364746094,-12.052681922912598,179
7217,ITGA5,53.80757522583008,-12.653326988220215,179
7218,ITGA6,53.843902587890625,-12.138873100280762,179
7219,ITGA7,53.478797912597656,-12.533233642578125,179
7220,ITGA8,53.91972351074219,-12.218194961547852,179
7221,ITGA9,53.36051559448242,-12.23617935180664,179
7222,ITGAD,53.245994567871094,-12.529650688171387,179
7223,ITGAE,53.05998992919922,-12.487336158752441,179
7224,ITGAL,53.420875549316406,-12.528697967529297,179
7225,ITGAM,53.69163131713867,-12.63223648071289,179
7226,ITGAV,55.07855987548828,-11.804896354675293,187
7227,ITGAX,53.54265213012695,-12.59044361114502,179
7228,ITGB1,60.59163284301758,-14.849442481994629,197
7229,ITGB1BP1,19.212230682373047,2.0672335624694824,418
7230,ITGB2,60.598724365234375,-14.593247413635254,197
7231,ITGB3,61.1317138671875,-14.829825401306152,197
7232,ITGB3BP,12.567203521728516,8.998265266418457,379
7233,ITGB4,49.91592025756836,-16.343597412109375,180
7234,ITGB5,61.03865432739258,-15.059713363647461,197
7235,ITGB6,59.97173309326172,-14.585740089416504,197
7236,ITGB7,61.0115852355957,-14.884787559509277,197
7237,ITGB8,61.04117202758789,-14.521810531616211,197
7238,ITGBL1,64.33425903320312,-16.768224716186523,197
7239,ITIH1,73.0068130493164,-40.26276779174805,55
7240,ITIH2,72.85226440429688,-40.70248031616211,55
7241,ITIH3,72.6766357421875,-40.42067337036133,55
7242,ITIH4,72.50605773925781,-40.309532165527344,55
7243,ITIH5,54.20960235595703,-13.041631698608398,179
7244,ITK,62.8296012878418,36.12763977050781,68
7245,ITLN1,73.70960998535156,-12.89250373840332,218
7246,ITLN2,73.47936248779297,-12.624495506286621,218
7247,ITM2B,52.11305236816406,-6.354017734527588,184
7248,ITM2C,50.952728271484375,-5.904263496398926,236
7249,ITPA,51.195465087890625,7.742509841918945,431
7250,ITPK1,25.927640914916992,4.155535697937012,308
7251,ITPKA,24.218490600585938,2.779078960418701,301
7252,ITPKB,8.084715843200684,7.932886123657227,388
7253,ITPKC,10.931682586669922,7.774218559265137,396
7254,ITPR1,15.126618385314941,-8.577719688415527,277
7255,ITPR3,17.414133071899414,-9.037010192871094,278
7256,ITPRID1,0.5652283430099487,5.88807487487793,411
7257,ITPRID2,1.6591506004333496,6.105890274047852,411
7258,ITPRIP,38.773048400878906,-1.3071763515472412,285
7259,ITPRIPL1,39.04902267456055,-1.5698636770248413,285
7260,ITPRIPL2,38.8563346862793,-1.438435673713684,285
7261,ITSN2,8.42954158782959,0.7924118041992188,365
7262,IVD,68.24601745605469,5.523165702819824,356
7263,IVL,-18.168779373168945,0.024950828403234482,249
7264,IVNS1ABP,61.73386001586914,-32.68097686767578,53
7265,IWS1,8.687559127807617,9.489945411682129,352
7266,IYD,48.19136428833008,3.340092182159424,423
7267,IZUMO1,68.43600463867188,-10.93490982055664,217
7268,IZUMO1R,75.30181121826172,-14.698677062988281,219
7269,IZUMO2,67.86962890625,-10.7093505859375,217
7270,IZUMO3,68.55391693115234,-10.659339904785156,217
7271,IZUMO4,68.18831634521484,-10.950737953186035,217
7272,JADE1,11.792378425598145,7.150935649871826,396
7273,JADE2,10.756786346435547,7.229519844055176,395
7274,JAG1,62.36677169799805,-17.087642669677734,197
7275,JAG2,61.591609954833984,-17.410215377807617,197
7276,JAGN1,10.611291885375977,-20.967987060546875,139
7277,JAK1,19.440073013305664,-0.9976995587348938,376
7278,JAK2,17.52033042907715,-0.9833569526672363,376
7279,JAK3,62.90829849243164,35.427162170410156,68
7280,JAKMIP1,-7.692697048187256,-3.34757137298584,256
7281,JAKMIP2,-7.281584739685059,-3.587989091873169,256
7282,JAKMIP3,-7.0610761642456055,-3.33917498588562,256
7283,JAM2,19.77263832092285,30.01175308227539,230
7284,JAM3,19.17177963256836,29.977632522583008,230
7285,JAML,15.017873764038086,32.76770782470703,223
7286,JARID2,4.724325180053711,6.125941276550293,401
7287,JAZF1,5.1171064376831055,5.850099086761475,401
7288,JCAD,-1.089551568031311,8.360858917236328,320
7289,JCHAIN,41.137451171875,9.5833740234375,361
7290,JDP2,-6.44865083694458,16.533227920532227,237
7291,JHY,0.7484742999076843,6.285648345947266,411
7292,JKAMP,16.358041763305664,-22.325489044189453,159
7293,JMJD1C,-8.526690483093262,5.1216654777526855,272
7294,JMJD4,48.57587432861328,4.480295658111572,423
7295,JMJD6,17.179113388061523,7.788144111633301,359
7296,JMJD7,52.81352233886719,4.549072265625,453
7297,JMJD8,52.25836944580078,3.2095584869384766,302
7298,JMY,12.791433334350586,5.350628852844238,381
7299,JOSD1,45.69877243041992,7.869287490844727,436
7300,JOSD2,44.774497985839844,8.15369701385498,436
7301,JPH1,10.791523933410645,3.8128244876861572,386
7302,JPH2,10.302180290222168,3.878603935241699,386
7303,JPH3,10.732000350952148,3.8131463527679443,386
7304,JPH4,11.15810775756836,3.892949104309082,381
7305,JPT1,11.177663803100586,15.449851989746094,342
7306,JPT2,8.477569580078125,17.458133697509766,331
7307,JRK,9.135892868041992,11.934908866882324,330
7308,JRKL,11.305850982666016,12.230304718017578,330
7309,JSRP1,11.371963500976562,16.144119262695312,342
7310,JTB,21.138593673706055,26.0407772064209,229
7311,JUN,-9.764154434204102,17.312828063964844,242
7312,JUNB,-9.333125114440918,17.392942428588867,241
7313,JUND,-9.830495834350586,17.559213638305664,242
7314,JUP,26.51564598083496,-4.98292350769043,319
7315,KAAG1,12.657639503479004,20.680753707885742,324
7316,KANK1,4.556050777435303,4.272846221923828,407
7317,KANK2,4.369652271270752,4.607312202453613,407
7318,KANK3,4.1912078857421875,4.6254167556762695,407
7319,KANK4,4.380825042724609,5.880551815032959,401
7320,KANSL1,-1.5676239728927612,7.070455074310303,298
7321,KANSL1L,2.7945313453674316,6.242103576660156,412
7322,KANSL2,20.102170944213867,8.00194263458252,398
7323,KANSL3,5.05835485458374,6.087409496307373,401
7324,KAT14,17.63076400756836,5.40382194519043,380
7325,KAT2A,23.86955451965332,2.49133563041687,301
7326,KAT2B,19.755596160888672,3.408153772354126,373
7327,KAT5,21.944839477539062,5.018290996551514,373
7328,KAT6A,-10.046247482299805,7.149029731750488,272
7329,KAT6B,-9.734918594360352,6.854391574859619,272
7330,KAT7,21.713777542114258,4.731612205505371,373
7331,KAT8,25.0051326751709,5.439065933227539,421
7332,KATNA1,35.1575927734375,3.5541040897369385,437
7333,KATNAL1,36.23808670043945,3.3862080574035645,438
7334,KATNAL2,33.15850830078125,4.472557067871094,443
7335,KATNB1,51.8994140625,23.559316635131836,70
7336,KATNBL1,26.637304306030273,4.602505207061768,308
7337,KAZALD1,67.18744659423828,-13.247848510742188,217
7338,KAZN,4.0193586349487305,-1.1783910989761353,389
7339,KBTBD11,9.535968780517578,7.751592636108398,395
7340,KBTBD12,61.53987503051758,-32.599937438964844,53
7341,KBTBD13,61.15465545654297,-32.11946105957031,53
7342,KBTBD2,61.31134796142578,-32.41316604614258,53
7343,KBTBD3,61.01058578491211,-32.246978759765625,53
7344,KBTBD4,60.913330078125,-32.22439193725586,53
7345,KBTBD6,61.21869659423828,-32.30278015136719,53
7346,KBTBD7,61.22610855102539,-32.31614303588867,53
7347,KBTBD8,61.424068450927734,-32.00899887084961,53
7348,KCMF1,21.82002830505371,8.468767166137695,398
7349,KCNA1,29.018102645874023,-19.082290649414062,133
7350,KCNA10,28.8405818939209,-19.270917892456055,133
7351,KCNA2,28.925662994384766,-19.190610885620117,133
7352,KCNA3,28.915861129760742,-19.169002532958984,133
7353,KCNA4,28.833986282348633,-19.227617263793945,133
7354,KCNA5,28.922100067138672,-19.272310256958008,133
7355,KCNA6,28.507160186767578,-19.090129852294922,133
7356,KCNA7,28.82278823852539,-19.260156631469727,133
7357,KCNAB1,58.1405143737793,4.775318622589111,349
7358,KCNAB2,59.28415298461914,4.629400253295898,349
7359,KCNAB3,57.85448455810547,4.894740581512451,349
7360,KCNB1,30.194427490234375,-18.281879425048828,135
7361,KCNB2,30.64593505859375,-18.2921085357666,135
7362,KCNC1,29.222110748291016,-19.170738220214844,133
7363,KCNC2,30.395784378051758,-19.00164222717285,135
7364,KCNC3,29.385360717773438,-18.633682250976562,133
7365,KCNC4,29.079790115356445,-18.974803924560547,133
7366,KCND2,32.22249221801758,-18.43785285949707,130
7367,KCND3,31.547470092773438,-18.41254234313965,135
7368,KCNE1,20.374876022338867,23.78299331665039,228
7369,KCNE2,21.318687438964844,23.862327575683594,228
7370,KCNE3,20.891992568969727,23.681026458740234,228
7371,KCNE4,20.31501579284668,23.326580047607422,228
7372,KCNF1,28.702106475830078,-19.152172088623047,133
7373,KCNG1,28.386293411254883,-19.030786514282227,133
7374,KCNG2,28.978635787963867,-19.097614288330078,133
7375,KCNG3,28.808805465698242,-19.167495727539062,133
7376,KCNG4,28.942466735839844,-19.130144119262695,133
7377,KCNH1,30.460485458374023,-18.300891876220703,135
7378,KCNH2,30.02218246459961,-18.110342025756836,135
7379,KCNH3,30.144554138183594,-17.98949432373047,135
7380,KCNH4,29.563579559326172,-17.934480667114258,135
7381,KCNH5,30.966588973999023,-18.38869285583496,135
7382,KCNH6,30.412128448486328,-18.00520133972168,135
7383,KCNH7,30.686389923095703,-18.38429832458496,135
7384,KCNH8,29.458053588867188,-18.087501525878906,135
7385,KCNIP1,-41.53982162475586,-7.0280961990356445,44
7386,KCNIP2,-41.74799346923828,-7.37788200378418,44
7387,KCNIP3,-41.844600677490234,-7.411860942840576,44
7388,KCNIP4,-41.78213119506836,-7.373823642730713,44
7389,KCNJ1,30.16745376586914,-17.255094528198242,134
7390,KCNJ10,29.64954376220703,-16.871627807617188,134
7391,KCNJ11,29.86806297302246,-17.10114288330078,134
7392,KCNJ12,28.8875675201416,-17.367164611816406,134
7393,KCNJ13,30.32042694091797,-17.047380447387695,134
7394,KCNJ14,29.079994201660156,-17.128223419189453,134
7395,KCNJ15,30.36167335510254,-17.209796905517578,134
7396,KCNJ16,30.281368255615234,-17.115564346313477,134
7397,KCNJ18,29.72857093811035,-17.04405975341797,134
7398,KCNJ2,30.060832977294922,-16.69898796081543,134
7399,KCNJ3,30.221298217773438,-17.69112205505371,134
7400,KCNJ4,29.717700958251953,-16.77739143371582,134
7401,KCNJ5,29.06764793395996,-17.67273712158203,134
7402,KCNJ8,30.121179580688477,-17.1639347076416,134
7403,KCNJ9,29.105979919433594,-17.17586326599121,134
7404,KCNK1,24.90262794494629,-18.933589935302734,126
7405,KCNK10,27.257705688476562,-18.639699935913086,133
7406,KCNK13,25.71115493774414,-18.568038940429688,126
7407,KCNK15,23.05548095703125,-19.281238555908203,126
7408,KCNK16,22.884376525878906,-19.635778427124023,126
7409,KCNK17,22.941757202148438,-19.545289993286133,126
7410,KCNK18,20.680084228515625,-21.304439544677734,129
7411,KCNK2,27.19651222229004,-18.753215789794922,133
7412,KCNK3,26.354045867919922,-18.31450843811035,126
7413,KCNK4,23.179718017578125,-19.173330307006836,126
7414,KCNK5,26.487390518188477,-17.697437286376953,124
7415,KCNK6,20.695358276367188,-20.683990478515625,129
7416,KCNK7,19.311357498168945,-22.371213912963867,160
7417,KCNK9,25.636917114257812,-18.239242553710938,126
7418,KCNMA1,31.9542179107666,-18.983661651611328,130
7419,KCNMB1,47.33184051513672,-7.564457416534424,151
7420,KCNMB2,48.06537628173828,-7.530338764190674,151
7421,KCNMB3,48.741722106933594,-7.176135540008545,183
7422,KCNMB4,48.561180114746094,-7.597449779510498,183
7423,KCNN1,28.036962509155273,-18.56675148010254,133
7424,KCNN2,29.756851196289062,-18.758529663085938,135
7425,KCNN4,23.753633499145508,-18.73578453063965,126
7426,KCNQ1,29.541156768798828,-18.169858932495117,135
7427,KCNQ2,30.019887924194336,-18.25868034362793,135
7428,KCNQ3,31.01035499572754,-18.338388442993164,135
7429,KCNQ4,29.1763916015625,-18.42900848388672,133
7430,KCNQ5,30.18878936767578,-18.340253829956055,135
7431,KCNRG,31.291318893432617,7.2340545654296875,450
7432,KCNS1,28.739990234375,-19.120683670043945,133
7433,KCNS2,28.347116470336914,-19.274328231811523,133
7434,KCNS3,28.775928497314453,-19.331640243530273,133
7435,KCNT1,34.433223724365234,-19.037330627441406,130
7436,KCNT2,35.277748107910156,-20.114116668701172,115
7437,KCNU1,35.82283020019531,-21.17182731628418,115
7438,KCNV1,28.56133460998535,-19.21530532836914,133
7439,KCNV2,28.532142639160156,-19.125320434570312,133
7440,KCP,61.80467987060547,-17.618772506713867,197
7441,KCTD1,28.574853897094727,6.4703755378723145,450
7442,KCTD10,29.09954261779785,7.09039831161499,450
7443,KCTD11,31.366004943847656,7.350908279418945,450
7444,KCTD12,28.9222469329834,7.452624320983887,450
7445,KCTD13,28.620296478271484,7.403808116912842,450
7446,KCTD14,29.871082305908203,6.92453670501709,450
7447,KCTD15,28.99774932861328,7.159238338470459,450
7448,KCTD17,28.150257110595703,7.718395233154297,450
7449,KCTD18,16.014896392822266,6.524393558502197,359
7450,KCTD19,10.810037612915039,1.7522318363189697,374
7451,KCTD2,26.220081329345703,9.281556129455566,410
7452,KCTD20,28.30805778503418,7.548848628997803,450
7453,KCTD21,30.866708755493164,7.017308712005615,450
7454,KCTD3,34.75200271606445,3.1500375270843506,437
7455,KCTD4,29.51708221435547,7.260924816131592,450
7456,KCTD5,29.66470718383789,7.773698329925537,450
7457,KCTD6,29.607189178466797,7.2118940353393555,450
7458,KCTD7,29.910194396972656,7.12574577331543,450
7459,KCTD8,27.675535202026367,7.03809928894043,450
7460,KCTD9,34.081546783447266,5.233908176422119,443
7461,KDELR1,12.781896591186523,-21.988513946533203,150
7462,KDELR2,12.609624862670898,-21.898544311523438,150
7463,KDELR3,14.099045753479004,-22.379131317138672,156
7464,KDF1,11.19664478302002,15.526823997497559,342
7465,KDM1A,33.974456787109375,6.307480812072754,364
7466,KDM1B,32.307151794433594,3.0726022720336914,444
7467,KDM2A,10.900381088256836,5.52168083190918,381
7468,KDM2B,10.02493667602539,6.107666015625,395
7469,KDM3A,5.723722457885742,6.0181779861450195,363
7470,KDM3B,-3.308842897415161,6.77444314956665,299
7471,KDM4A,12.132265090942383,5.491696357727051,381
7472,KDM4B,11.204111099243164,6.472676753997803,395
7473,KDM4C,12.520930290222168,4.604128837585449,381
7474,KDM4D,21.83949851989746,8.080999374389648,398
7475,KDM4E,37.115299224853516,22.77291488647461,74
7476,KDM5A,1.953304409980774,4.761926651000977,406
7477,KDM5B,4.564414024353027,4.970820903778076,401
7478,KDM6B,-7.685494899749756,8.30561637878418,272
7479,KDM7A,10.058151245117188,5.0172882080078125,386
7480,KDM8,51.50761032104492,4.886406898498535,439
7481,KDR,67.96986389160156,32.67715835571289,64
7482,KDSR,65.50743103027344,1.2191272974014282,244
7483,KEAP1,61.722999572753906,-32.39852523803711,53
7484,KEL,62.26234817504883,-3.961665153503418,212
7485,KERA,94.19012451171875,21.203861236572266,83
7486,KHDC1,19.24238395690918,15.426518440246582,344
7487,KHDC1L,18.735872268676758,15.316040992736816,344
7488,KHDC3L,16.645376205444336,16.05886459350586,340
7489,KHDC4,-14.000494003295898,8.688506126403809,272
7490,KHDRBS1,-19.051294326782227,7.5824995040893555,265
7491,KHDRBS2,-18.93929672241211,7.292871952056885,265
7492,KHDRBS3,-18.742794036865234,7.354336261749268,265
7493,KHK,60.5651741027832,5.460398197174072,349
7494,KHNYN,10.745270729064941,6.8736395835876465,395
7495,KHSRP,-18.235872268676758,8.326408386230469,262
7496,KIAA0040,20.961931228637695,23.865890502929688,228
7497,KIAA0100,17.73014259338379,-8.75201416015625,278
7498,KIAA0232,-2.6885476112365723,4.97501802444458,299
7499,KIAA0319,52.60346984863281,-13.283559799194336,179
7500,KIAA0319L,52.432151794433594,-13.249544143676758,179
7501,KIAA0408,0.27635088562965393,5.275875568389893,411
7502,KIAA0513,27.053394317626953,7.488301753997803,450
7503,KIAA0586,-1.854404091835022,4.4881134033203125,299
7504,KIAA0753,-2.6744072437286377,2.965385913848877,300
7505,KIAA0825,22.866384506225586,-5.000895977020264,310
7506,KIAA0895,11.132669448852539,6.424014568328857,395
7507,KIAA0895L,44.844024658203125,2.8051722049713135,435
7508,KIAA0930,14.663161277770996,-0.010947872884571552,415
7509,KIAA1143,29.6107234954834,13.268098831176758,449
7510,KIAA1191,13.644143104553223,14.926078796386719,342
7511,KIAA1217,2.189194679260254,0.5032477974891663,389
7512,KIAA1328,-2.186375856399536,3.6835756301879883,299
7513,KIAA1522,-0.8518013954162598,9.853740692138672,320
7514,KIAA1586,9.907974243164062,12.302870750427246,330
7515,KIAA1614,0.6472880244255066,8.641695976257324,320
7516,KIAA1671,-0.5628052353858948,6.923725128173828,298
7517,KIAA1755,11.40440559387207,2.778625249862671,378
7518,KIAA1958,2.3848001956939697,8.182097434997559,403
7519,KIAA2012,-5.473438739776611,1.8160855770111084,245
7520,KIAA2013,60.04092025756836,-4.330478191375732,214
7521,KIAA2026,-8.977471351623535,8.24832534790039,272
7522,KIDINS220,12.908514022827148,-6.067173480987549,277
7523,KIF11,3.260442018508911,8.086620330810547,403
7524,KIF12,17.686798095703125,-0.7004541754722595,376
7525,KIF13A,8.32508373260498,-4.076733112335205,177
7526,KIF13B,8.486393928527832,-4.870117664337158,177
7527,KIF14,3.1555490493774414,8.877604484558105,403
7528,KIF15,-13.93122386932373,-3.6269991397857666,259
7529,KIF16B,-2.742893695831299,-3.9019181728363037,252
7530,KIF17,-3.599250555038452,-1.513188123703003,254
7531,KIF18A,3.7174620628356934,8.82716178894043,403
7532,KIF18B,4.423866271972656,9.371721267700195,404
7533,KIF19,-4.404506206512451,-1.2905925512313843,254
7534,KIF1A,3.665807008743286,-3.7956087589263916,389
7535,KIF1B,5.026578426361084,-4.109283924102783,136
7536,KIF1C,-2.979654312133789,-1.3783358335494995,254
7537,KIF20A,3.5436606407165527,8.814373016357422,403
7538,KIF20B,-14.09306812286377,-3.7799508571624756,259
7539,KIF21A,-3.230634927749634,-3.7200255393981934,252
7540,KIF21B,-3.461301565170288,-3.2158308029174805,252
7541,KIF22,5.45269250869751,8.972898483276367,404
7542,KIF23,3.598461627960205,8.802727699279785,403
7543,KIF24,1.9418416023254395,4.933595180511475,406
7544,KIF25,56.80877685546875,2.3493237495422363,292
7545,KIF26A,-1.0080194473266602,4.369890213012695,299
7546,KIF27,-8.03363037109375,-1.2490516901016235,257
7547,KIF2A,21.594783782958984,2.9939820766448975,400
7548,KIF2B,16.556455612182617,7.12852668762207,359
7549,KIF2C,5.670801162719727,8.471495628356934,404
7550,KIF3A,-4.302066802978516,-3.7006916999816895,252
7551,KIF3B,-4.450106620788574,-2.463780641555786,254
7552,KIF3C,-4.633365631103516,-2.379321336746216,254
7553,KIF4B,-11.171929359436035,-1.4909311532974243,255
7554,KIF5A,-5.453975677490234,-3.4100253582000732,252
7555,KIF5B,-5.989177227020264,-4.11884069442749,252
7556,KIF5C,-4.898341655731201,-4.279272079467773,252
7557,KIF6,-6.1132893562316895,-1.305910348892212,257
7558,KIF7,-8.411197662353516,-1.8843778371810913,257
7559,KIF9,-7.086153507232666,-1.109181523323059,257
7560,KIFAP3,27.361173629760742,-2.1329102516174316,311
7561,KIFC1,6.176218032836914,8.868515014648438,404
7562,KIFC2,16.10651969909668,-0.47151660919189453,393
7563,KIFC3,-4.555276393890381,-2.2484967708587646,254
7564,KIN,29.197193145751953,12.242478370666504,442
7565,KIR2DL1,8.80177116394043,38.42121505737305,164
7566,KIR2DL3,8.475696563720703,38.56874084472656,164
7567,KIR2DL4,8.55102825164795,38.39297103881836,164
7568,KIR3DL1,8.61369800567627,38.41390609741211,164
7569,KIR3DL2,8.707655906677246,38.4598503112793,164
7570,KIR3DL3,8.821966171264648,38.36046600341797,164
7571,KIRREL1,49.86128616333008,-13.873234748840332,182
7572,KIRREL2,18.99385643005371,32.93738555908203,227
7573,KIRREL3,48.327980041503906,-14.597187042236328,181
7574,KISS1,91.26200866699219,-16.485227584838867,107
7575,KISS1R,-103.34730529785156,-19.58446502685547,14
7576,KIT,67.97445678710938,32.467891693115234,64
7577,KITLG,26.47748565673828,28.484045028686523,96
7578,KIZ,2.0635526180267334,5.887156009674072,411
7579,KL,63.253910064697266,-4.695385456085205,212
7580,KLB,63.81339645385742,-4.249565601348877,212
7581,KLC1,9.013826370239258,-0.9036986827850342,365
7582,KLC2,9.375608444213867,-0.45837393403053284,365
7583,KLC3,9.678323745727539,-0.7403268814086914,365
7584,KLC4,9.410551071166992,-0.7853099703788757,365
7585,KLF1,-29.28481101989746,14.76893424987793,143
7586,KLF10,-29.86147117614746,14.386296272277832,143
7587,KLF11,-30.536762237548828,14.005722045898438,143
7588,KLF12,-31.048717498779297,12.7323579788208,144
7589,KLF13,-28.839046478271484,14.311339378356934,143
7590,KLF14,-28.172264099121094,14.546957969665527,143
7591,KLF15,-30.30484390258789,13.883944511413574,143
7592,KLF16,-28.49686050415039,14.299678802490234,143
7593,KLF17,5.884241104125977,16.842546463012695,332
7594,KLF18,-14.281549453735352,0.20467153191566467,255
7595,KLF2,-25.707279205322266,15.522256851196289,143
7596,KLF3,-30.19235610961914,14.376112937927246,143
7597,KLF4,-27.689481735229492,15.48006534576416,143
7598,KLF5,-28.653175354003906,15.102049827575684,143
7599,KLF6,-29.65985107421875,14.278151512145996,143
7600,KLF7,-30.426607131958008,14.273889541625977,143
7601,KLF9,-30.267778396606445,14.15942668914795,143
7602,KLHDC1,34.66522216796875,0.00038858881453052163,337
7603,KLHDC10,36.103607177734375,0.5009527802467346,432
7604,KLHDC2,37.43513488769531,1.7707263231277466,438
7605,KLHDC3,51.263694763183594,22.921091079711914,70
7606,KLHDC4,35.149070739746094,15.467889785766602,367
7607,KLHDC7A,8.174247741699219,9.401782035827637,352
7608,KLHDC7B,9.0319242477417,9.535536766052246,352
7609,KLHDC8A,46.425357818603516,3.4251914024353027,424
7610,KLHDC8B,46.01445388793945,3.479736089706421,424
7611,KLHDC9,46.38494110107422,4.418615341186523,424
7612,KLHL1,61.43115997314453,-32.53873062133789,53
7613,KLHL10,61.064918518066406,-32.30569839477539,53
7614,KLHL11,61.24418640136719,-32.256385803222656,53
7615,KLHL12,61.89976119995117,-32.71092987060547,53
7616,KLHL14,61.37015151977539,-32.441959381103516,53
7617,KLHL17,61.4881706237793,-32.49241256713867,53
7618,KLHL18,61.562801361083984,-32.54075622558594,53
7619,KLHL2,61.86810302734375,-32.71400451660156,53
7620,KLHL20,61.646522521972656,-32.612693786621094,53
7621,KLHL21,61.34713363647461,-32.358604431152344,53
7622,KLHL22,61.695255279541016,-32.43589782714844,53
7623,KLHL23,61.376312255859375,-32.468868255615234,53
7624,KLHL24,61.741973876953125,-32.6124153137207,53
7625,KLHL25,61.426937103271484,-32.45649719238281,53
7626,KLHL26,61.3074951171875,-32.358238220214844,53
7627,KLHL28,61.69169235229492,-32.280216217041016,53
7628,KLHL29,61.44121170043945,-32.432289123535156,53
7629,KLHL3,61.925113677978516,-32.74320983886719,53
7630,KLHL30,61.213233947753906,-32.2615852355957,53
7631,KLHL31,61.38512420654297,-32.4872932434082,53
7632,KLHL32,61.401954650878906,-32.48686981201172,53
7633,KLHL33,60.0682258605957,-31.485179901123047,53
7634,KLHL35,61.194820404052734,-32.307090759277344,53
7635,KLHL36,61.17139434814453,-32.29330062866211,53
7636,KLHL38,61.5975227355957,-32.36378860473633,53
7637,KLHL40,61.259395599365234,-32.37889862060547,53
7638,KLHL41,61.192176818847656,-31.995574951171875,53
7639,KLHL42,61.17279052734375,-32.171146392822266,53
7640,KLHL5,61.655967712402344,-32.644649505615234,53
7641,KLHL6,61.424163818359375,-32.89710235595703,53
7642,KLHL7,61.33150100708008,-32.453819274902344,53
7643,KLHL8,61.71613311767578,-32.667362213134766,53
7644,KLHL9,61.393035888671875,-32.42707824707031,53
7645,KLK1,73.7418212890625,-25.1755428314209,122
7646,KLK10,72.04529571533203,-23.915292739868164,123
7647,KLK11,72.78435516357422,-25.026214599609375,123
7648,KLK12,73.21978759765625,-24.80743408203125,123
7649,KLK13,72.7587661743164,-24.532958984375,123
7650,KLK14,73.33843231201172,-24.92313003540039,123
7651,KLK15,72.9089584350586,-24.614328384399414,123
7652,KLK2,72.32599639892578,-24.095293045043945,123
7653,KLK3,73.18097686767578,-24.642662048339844,123
7654,KLK4,72.5868911743164,-24.34432029724121,123
7655,KLK5,72.92567443847656,-24.61957550048828,123
7656,KLK6,73.1310806274414,-24.736860275268555,123
7657,KLK7,72.83293914794922,-24.574831008911133,123
7658,KLK8,72.95391082763672,-24.70077896118164,123
7659,KLK9,72.79611206054688,-24.574081420898438,123
7660,KLKB1,67.76071166992188,-18.773033142089844,118
7661,KLLN,12.178959846496582,20.788864135742188,324
7662,KLRB1,-19.216297149658203,-30.037700653076172,45
7663,KLRC1,-19.726831436157227,-30.254547119140625,45
7664,KLRC2,-19.789684295654297,-30.562957763671875,45
7665,KLRC3,-19.911693572998047,-30.337678909301758,45
7666,KLRC4,-19.981426239013672,-30.673839569091797,45
7667,KLRF1,-19.638320922851562,-30.22216796875,45
7668,KLRF2,-20.067838668823242,-30.40740966796875,45
7669,KLRG1,-19.927846908569336,-30.4434871673584,45
7670,KLRG2,22.760297775268555,18.127180099487305,221
7671,KLRK1,-19.805095672607422,-29.83788299560547,45
7672,KMO,66.0134048461914,0.6145768165588379,244
7673,KMT2B,-7.3435773849487305,6.612453937530518,272
7674,KMT2E,-10.159183502197266,6.601311683654785,272
7675,KMT5A,17.687747955322266,9.121410369873047,384
7676,KMT5B,1.694818377494812,7.599776744842529,412
7677,KMT5C,-0.15804697573184967,17.00181007385254,281
7678,KNCN,15.46241569519043,19.27446937561035,323
7679,KNDC1,11.589980125427246,2.184114694595337,378
7680,KNG1,70.94351196289062,-12.21908187866211,218
7681,KNL1,2.5458197593688965,7.97794246673584,403
7682,KNOP1,35.643131256103516,12.770098686218262,371
7683,KNSTRN,6.909966945648193,9.198081016540527,404
7684,KNTC1,19.060997009277344,-7.292563438415527,278
7685,KPNA1,26.7279109954834,-5.175112724304199,319
7686,KPNA2,27.452598571777344,-5.058534622192383,318
7687,KPNA3,27.34202003479004,-4.851917266845703,318
7688,KPNA4,26.93533706665039,-5.040849208831787,319
7689,KPNA5,27.526874542236328,-4.960986614227295,318
7690,KPNA6,27.349828720092773,-4.729308605194092,318
7691,KPNA7,27.504596710205078,-5.133963108062744,318
7692,KPNB1,25.453922271728516,-5.938878536224365,310
7693,KPRP,2.674924373626709,17.853017807006836,275
7694,KPTN,45.466102600097656,2.8937132358551025,424
7695,KRAS,-11.998866081237793,-44.814727783203125,27
7696,KRBA1,0.7997467517852783,11.646636962890625,320
7697,KRBOX1,-70.83070373535156,-30.45676612854004,47
7698,KRCC1,-16.897930145263672,4.722376346588135,165
7699,KREMEN1,63.70436096191406,-14.80868148803711,197
7700,KREMEN2,63.94927215576172,-14.779569625854492,197
7701,KRI1,34.03056335449219,13.359476089477539,367
7702,KRIT1,18.461332321166992,1.7136896848678589,417
7703,KRR1,37.7719612121582,13.191742897033691,371
7704,KRT1,161.59425354003906,8.21530818939209,25
7705,KRT10,161.4947509765625,8.249288558959961,25
7706,KRT12,160.62078857421875,8.663826942443848,25
7707,KRT13,160.6580047607422,8.578003883361816,25
7708,KRT14,160.6156768798828,8.588284492492676,25
7709,KRT15,160.50991821289062,8.62230396270752,25
7710,KRT16,160.5814666748047,8.60473346710205,25
7711,KRT17,160.3798828125,8.667417526245117,25
7712,KRT18,160.19964599609375,8.708598136901855,25
7713,KRT19,160.1697235107422,8.722240447998047,25
7714,KRT2,161.56019592285156,8.229683876037598,25
7715,KRT20,159.779052734375,8.611140251159668,25
7716,KRT222,-5.509561538696289,-0.9370679259300232,257
7717,KRT23,160.06365966796875,8.786336898803711,25
7718,KRT24,160.56326293945312,8.621476173400879,25
7719,KRT25,159.79742431640625,8.958953857421875,25
7720,KRT26,160.41880798339844,8.91476821899414,25
7721,KRT27,160.27806091308594,8.444877624511719,25
7722,KRT28,160.05661010742188,8.801656723022461,25
7723,KRT3,161.57342529296875,8.223753929138184,25
7724,KRT31,159.89540100097656,8.868755340576172,25
7725,KRT32,160.03602600097656,8.815125465393066,25
7726,KRT33A,159.83570861816406,8.588489532470703,25
7727,KRT33B,159.83787536621094,8.908014297485352,25
7728,KRT34,159.88836669921875,8.849084854125977,25
7729,KRT35,159.94232177734375,8.838719367980957,25
7730,KRT36,159.6913604736328,8.703149795532227,25
7731,KRT37,160.00868225097656,8.830409049987793,25
7732,KRT38,159.83706665039062,8.546351432800293,25
7733,KRT39,159.46267700195312,9.058426856994629,25
7734,KRT4,161.17369079589844,8.357276916503906,25
7735,KRT40,159.92758178710938,8.864651679992676,25
7736,KRT5,161.3968505859375,8.287344932556152,25
7737,KRT6A,161.3666534423828,8.298622131347656,25
7738,KRT6B,161.25177001953125,8.335697174072266,25
7739,KRT6C,162.0,8.347078323364258,25
7740,KRT7,160.3698272705078,8.636444091796875,25
7741,KRT71,160.86289978027344,8.449934959411621,25
7742,KRT72,160.57508850097656,8.54525089263916,25
7743,KRT73,160.44334411621094,8.370272636413574,25
7744,KRT74,160.6726531982422,8.735795974731445,25
7745,KRT75,161.0161895751953,8.424878120422363,25
7746,KRT76,162.0,8.041502952575684,25
7747,KRT77,161.8699951171875,8.560134887695312,25
7748,KRT78,160.93397521972656,8.411730766296387,25
7749,KRT79,161.01051330566406,8.396209716796875,25
7750,KRT8,160.3253173828125,8.631954193115234,25
7751,KRT80,159.65509033203125,8.895349502563477,25
7752,KRT81,160.3582305908203,8.659652709960938,25
7753,KRT82,159.86532592773438,8.631787300109863,25
7754,KRT83,159.84120178222656,8.86594295501709,25
7755,KRT84,160.3697509765625,8.22866153717041,25
7756,KRT85,160.24826049804688,8.698979377746582,25
7757,KRT86,159.9548797607422,8.88849925994873,25
7758,KRT9,161.5335235595703,8.239197731018066,25
7759,KRTAP1-1,-61.28507995605469,-59.260074615478516,19
7760,KRTAP1-3,-61.140010833740234,-59.34650802612305,19
7761,KRTAP1-4,-62.014461517333984,-58.99131774902344,19
7762,KRTAP1-5,-61.27669143676758,-59.291072845458984,19
7763,KRTAP10-1,116.10992431640625,50.136470794677734,15
7764,KRTAP10-10,116.14663696289062,50.7755241394043,15
7765,KRTAP10-11,116.618896484375,50.37098693847656,15
7766,KRTAP10-12,116.6367416381836,50.16379165649414,15
7767,KRTAP10-2,115.97058868408203,50.06491470336914,15
7768,KRTAP10-3,115.85047149658203,50.52993392944336,15
7769,KRTAP10-4,116.31002807617188,50.073333740234375,15
7770,KRTAP10-5,116.57243347167969,50.06540298461914,15
7771,KRTAP10-6,115.9799575805664,50.555423736572266,15
7772,KRTAP10-7,116.52075958251953,50.21653366088867,15
7773,KRTAP10-8,116.59138488769531,50.08689498901367,15
7774,KRTAP10-9,116.18392181396484,50.106971740722656,15
7775,KRTAP11-1,-62.14115905761719,-59.040992736816406,19
7776,KRTAP12-1,-61.581947326660156,-59.14731216430664,19
7777,KRTAP12-2,-61.67220687866211,-59.10945510864258,19
7778,KRTAP12-3,-61.56693649291992,-59.14741134643555,19
7779,KRTAP12-4,-61.45189666748047,-59.19728088378906,19
7780,KRTAP13-1,-62.448482513427734,-59.0871467590332,19
7781,KRTAP13-2,-62.45643997192383,-59.0621223449707,19
7782,KRTAP13-3,-62.740753173828125,-59.07915496826172,19
7783,KRTAP13-4,-62.57984161376953,-59.028961181640625,19
7784,KRTAP15-1,-62.6427001953125,-59.06489181518555,19
7785,KRTAP16-1,-61.23394012451172,-59.0229377746582,19
7786,KRTAP17-1,-65.34748840332031,-57.4159049987793,16
7787,KRTAP19-1,-68.9151611328125,-59.13005065917969,17
7788,KRTAP19-2,-68.54630279541016,-59.71073913574219,17
7789,KRTAP19-3,-68.83323669433594,-59.075653076171875,17
7790,KRTAP19-4,-68.96190643310547,-59.533531188964844,17
7791,KRTAP19-5,-68.83723449707031,-59.14396667480469,17
7792,KRTAP19-6,-68.68535614013672,-59.17387390136719,17
7793,KRTAP19-7,-69.0301742553711,-59.78115463256836,17
7794,KRTAP19-8,-68.9515609741211,-59.098087310791016,17
7795,KRTAP2-1,-60.99955749511719,-59.388427734375,19
7796,KRTAP2-2,-61.38922882080078,-59.22315216064453,19
7797,KRTAP2-3,-61.621463775634766,-59.13030242919922,19
7798,KRTAP2-4,-61.21489334106445,-59.306068420410156,19
7799,KRTAP20-1,-69.0296630859375,-59.615474700927734,17
7800,KRTAP20-2,-68.67405700683594,-59.65662384033203,17
7801,KRTAP20-3,-69.11551666259766,-59.675628662109375,17
7802,KRTAP20-4,13.374398231506348,20.187644958496094,325
7803,KRTAP21-1,-69.05831146240234,-59.62922668457031,17
7804,KRTAP21-2,-69.21505737304688,-59.171749114990234,17
7805,KRTAP21-3,-68.6700668334961,-59.53116989135742,17
7806,KRTAP22-1,-68.54952239990234,-59.24618911743164,17
7807,KRTAP22-2,-68.36060333251953,-59.51126480102539,17
7808,KRTAP23-1,-65.89485931396484,-59.305877685546875,16
7809,KRTAP24-1,-62.3399543762207,-58.98527526855469,19
7810,KRTAP25-1,7.877297878265381,16.747604370117188,331
7811,KRTAP26-1,-62.13043975830078,-59.01057815551758,19
7812,KRTAP27-1,5.989898681640625,16.472618103027344,332
7813,KRTAP29-1,-61.849369049072266,-59.04957962036133,19
7814,KRTAP3-1,-61.96833419799805,-59.011940002441406,19
7815,KRTAP3-2,-61.89961624145508,-59.024017333984375,19
7816,KRTAP3-3,-61.92346954345703,-59.02645492553711,19
7817,KRTAP4-1,-59.72414779663086,-59.80878829956055,18
7818,KRTAP4-11,-58.81418991088867,-60.284202575683594,18
7819,KRTAP4-12,-59.12408447265625,-60.17316436767578,18
7820,KRTAP4-2,-59.25685501098633,-60.118831634521484,18
7821,KRTAP4-3,-59.124725341796875,-60.587242126464844,18
7822,KRTAP4-4,-59.08852005004883,-60.16714859008789,18
7823,KRTAP4-5,-58.970848083496094,-60.238250732421875,18
7824,KRTAP4-6,-59.141517639160156,-60.14283752441406,18
7825,KRTAP4-7,-59.29939270019531,-60.23769760131836,18
7826,KRTAP4-8,-59.019569396972656,-60.21575164794922,18
7827,KRTAP4-9,-59.13174057006836,-60.64486312866211,18
7828,KRTAP5-1,-65.52190399169922,-57.09923553466797,16
7829,KRTAP5-10,-65.6374740600586,-57.3187141418457,16
7830,KRTAP5-11,-65.27902221679688,-57.54026794433594,16
7831,KRTAP5-2,-65.72595977783203,-56.898433685302734,16
7832,KRTAP5-3,-65.80399322509766,-56.9984245300293,16
7833,KRTAP5-4,-65.4427490234375,-57.14997482299805,16
7834,KRTAP5-5,-65.48200988769531,-57.13090896606445,16
7835,KRTAP5-6,-65.5445556640625,-57.1055908203125,16
7836,KRTAP5-7,-65.1136245727539,-57.12151336669922,16
7837,KRTAP5-8,-65.69384002685547,-56.972023010253906,16
7838,KRTAP5-9,-65.25948333740234,-57.2641716003418,16
7839,KRTAP6-1,-68.87715911865234,-59.5374755859375,17
7840,KRTAP6-2,-69.31465911865234,-59.56510543823242,17
7841,KRTAP6-3,-68.84487915039062,-59.47976303100586,17
7842,KRTAP7-1,-68.36022186279297,-59.686710357666016,17
7843,KRTAP8-1,-68.7883529663086,-59.537818908691406,17
7844,KRTAP9-1,-59.531349182128906,-59.66156005859375,18
7845,KRTAP9-2,-59.40313720703125,-60.0379753112793,18
7846,KRTAP9-3,-59.51225280761719,-60.005435943603516,18
7847,KRTAP9-4,-59.440956115722656,-60.03675079345703,18
7848,KRTAP9-6,-59.24699020385742,-60.46762466430664,18
7849,KRTAP9-7,-59.09050750732422,-60.26085662841797,18
7850,KRTAP9-8,-59.68013381958008,-60.05441665649414,18
7851,KRTAP9-9,-59.447757720947266,-59.69361877441406,18
7852,KRTCAP2,8.965917587280273,-20.681381225585938,139
7853,KRTCAP3,1.1498557329177856,-22.5417537689209,105
7854,KRTDAP,29.325580596923828,25.11663246154785,96
7855,KSR1,8.522298812866211,-0.680541455745697,365
7856,KTI12,31.206283569335938,10.59876537322998,454
7857,KTN1,-13.803101539611816,-3.8648524284362793,259
7858,KXD1,31.187969207763672,12.057866096496582,455
7859,KY,51.715511322021484,-3.0234243869781494,235
7860,KYAT1,66.03431701660156,3.5945725440979004,358
7861,KYAT3,64.88140869140625,4.2424421310424805,358
7862,L1TD1,8.678793907165527,15.335443496704102,314
7863,L2HGDH,57.456520080566406,6.495762825012207,349
7864,L3HYPDH,53.211856842041016,6.035861015319824,453
7865,L3MBTL1,15.97244930267334,5.604639053344727,409
7866,L3MBTL2,15.09688663482666,6.34758996963501,381
7867,L3MBTL3,14.18258285522461,5.834179401397705,381
7868,L3MBTL4,14.26683235168457,5.687284469604492,381
7869,LACC1,50.37378692626953,4.411139011383057,414
7870,LACRT,29.066987991333008,24.941818237304688,96
7871,LACTB,54.33924865722656,-3.398688793182373,270
7872,LACTB2,54.17657470703125,5.827491283416748,441
7873,LACTBL1,71.29979705810547,-4.486645221710205,205
7874,LAD1,2.5617542266845703,12.053936004638672,320
7875,LAG3,17.014083862304688,32.53660583496094,223
7876,LAIR1,12.328543663024902,33.75649642944336,226
7877,LAIR2,10.897637367248535,36.60066223144531,164
7878,LALBA,73.58395385742188,-13.790367126464844,219
7879,LAMA1,54.007652282714844,-17.977447509765625,168
7880,LAMA2,54.29546356201172,-17.593955993652344,168
7881,LAMA3,54.0831298828125,-17.93034553527832,168
7882,LAMA4,54.21635818481445,-18.02679443359375,168
7883,LAMA5,53.61781311035156,-17.921079635620117,168
7884,LAMB1,56.662620544433594,-18.09962272644043,168
7885,LAMB2,55.51195526123047,-18.046354293823242,168
7886,LAMB3,56.417274475097656,-18.105438232421875,168
7887,LAMB4,56.6922607421875,-18.01874351501465,168
7888,LAMC1,56.291805267333984,-18.132715225219727,168
7889,LAMC2,56.31232833862305,-18.125537872314453,168
7890,LAMC3,56.88011169433594,-17.953927993774414,168
7891,LAMP1,54.19194030761719,-7.538937568664551,185
7892,LAMP3,9.610193252563477,25.97313117980957,147
7893,LAMP5,19.35132598876953,28.29444694519043,230
7894,LAMTOR1,26.955095291137695,13.801529884338379,268
7895,LAMTOR2,45.72040557861328,13.702990531921387,321
7896,LAMTOR3,44.70395278930664,12.287460327148438,304
7897,LAMTOR4,46.01157760620117,13.32499885559082,321
7898,LAMTOR5,46.17010498046875,13.712194442749023,321
7899,LANCL1,41.86820602416992,1.0254297256469727,334
7900,LANCL2,41.30445861816406,1.549801230430603,334
7901,LAP3,69.57678985595703,5.206221580505371,356
7902,LAPTM4A,2.0822043418884277,-21.605316162109375,105
7903,LAPTM4B,5.042050838470459,-19.119375228881836,139
7904,LAPTM5,1.0900356769561768,-21.52678680419922,105
7905,LARGE1,73.87675476074219,-4.803458213806152,205
7906,LARGE2,71.00324249267578,-4.830539703369141,205
7907,LARP1,-8.081955909729004,7.71934700012207,272
7908,LARP1B,-7.673583507537842,6.839323997497559,272
7909,LARP4,-8.669116020202637,8.07201099395752,272
7910,LARP4B,-9.006750106811523,8.048710823059082,272
7911,LARP6,16.03687286376953,10.596524238586426,382
7912,LARP7,34.58967971801758,13.115045547485352,367
7913,LARS2,53.32913589477539,1.9934028387069702,302
7914,LASP1,15.873623847961426,4.2844624519348145,409
7915,LAT,12.543144226074219,30.126129150390625,222
7916,LAT2,12.916178703308105,30.160913467407227,222
7917,LATS1,-8.775473594665527,8.793554306030273,272
7918,LATS2,-3.161264657974243,6.639094829559326,299
7919,LAX1,13.747406959533691,29.052978515625,222
7920,LAYN,18.812959671020508,27.787145614624023,220
7921,LBH,18.273944854736328,15.987992286682129,344
7922,LBHD1,13.355245590209961,17.100717544555664,333
7923,LBHD2,17.130096435546875,15.856756210327148,340
7924,LBP,-17.343244552612305,-17.27140235900879,48
7925,LBR,17.13688850402832,-23.343460083007812,162
7926,LBX1,-22.754486083984375,20.86125946044922,194
7927,LBX2,-21.788393020629883,21.221309661865234,194
7928,LCA5,-6.843727111816406,-0.2949400544166565,257
7929,LCA5L,-6.718797206878662,-0.08998695015907288,257
7930,LCAT,66.95352172851562,-4.802153587341309,212
7931,LCE1A,-100.73503875732422,-45.205322265625,8
7932,LCE1B,-100.99457550048828,-45.3196907043457,8
7933,LCE1C,-100.55266571044922,-45.133148193359375,8
7934,LCE1D,-100.12794494628906,-44.89786148071289,8
7935,LCE1E,-100.62232208251953,-45.15918731689453,8
7936,LCE1F,-100.60301971435547,-45.15362548828125,8
7937,LCE2A,-100.75357055664062,-45.03584289550781,8
7938,LCE2B,-100.2468490600586,-45.15105056762695,8
7939,LCE2C,-100.78520965576172,-44.755279541015625,8
7940,LCE2D,-100.54686737060547,-45.43080520629883,8
7941,LCE3A,-100.73078918457031,-45.31438064575195,8
7942,LCE3B,-100.68315887451172,-44.81886291503906,8
7943,LCE3C,-100.27851867675781,-45.02439880371094,8
7944,LCE3D,-100.20059204101562,-45.41775894165039,8
7945,LCE3E,-100.10460662841797,-45.13903045654297,8
7946,LCE4A,-100.84718322753906,-45.41793441772461,8
7947,LCE5A,-100.81143188476562,-45.221675872802734,8
7948,LCE6A,-99.91645050048828,-44.50230407714844,8
7949,LCK,62.3211784362793,36.431312561035156,68
7950,LCLAT1,56.73719024658203,0.050167266279459,291
7951,LCMT1,47.97805404663086,6.721696853637695,456
7952,LCMT2,44.45905303955078,4.028371810913086,436
7953,LCN1,-11.934293746948242,-16.40454864501953,49
7954,LCN10,-10.74450969696045,-16.033401489257812,49
7955,LCN12,-11.527473449707031,-15.98341178894043,49
7956,LCN15,-11.66816520690918,-16.02864646911621,49
7957,LCN2,-11.680340766906738,-16.11761474609375,49
7958,LCN6,-12.238394737243652,-16.21663475036621,49
7959,LCN8,-11.532735824584961,-15.945259094238281,49
7960,LCN9,-11.6550931930542,-16.052642822265625,49
7961,LCNL1,-10.726970672607422,-15.582096099853516,49
7962,LCORL,-17.315311431884766,8.072235107421875,262
7963,LCP1,24.61550521850586,2.4897072315216064,301
7964,LCP2,2.0271594524383545,4.009522438049316,406
7965,LCT,61.89319610595703,-5.038233757019043,212
7966,LCTL,63.275108337402344,-4.4816765785217285,212
7967,LDAH,55.30322265625,1.5918142795562744,291
7968,LDB1,-4.509992599487305,10.930481910705566,192
7969,LDB2,-6.030240058898926,11.586612701416016,192
7970,LDB3,10.899352073669434,9.507407188415527,379
7971,LDHA,65.64295196533203,6.376044750213623,293
7972,LDHAL6A,61.57414627075195,5.817188739776611,355
7973,LDHAL6B,61.842288970947266,6.15238618850708,355
7974,LDHB,66.24927520751953,6.975593566894531,293
7975,LDHC,62.887481689453125,5.493894577026367,355
7976,LDHD,62.867591857910156,4.885544300079346,355
7977,LDLR,63.472900390625,-16.704282760620117,197
7978,LDLRAD1,71.10688018798828,-14.08301830291748,215
7979,LDLRAD2,67.03504943847656,-11.495467185974121,217
7980,LDLRAD3,17.493528366088867,25.37795639038086,224
7981,LDLRAD4,16.529653549194336,25.610315322875977,224
7982,LDLRAP1,15.49842643737793,3.7055246829986572,409
7983,LEAP2,78.23417663574219,-17.016294479370117,200
7984,LECT2,71.58287048339844,-11.476529121398926,218
7985,LEF1,-20.327024459838867,16.683082580566406,191
7986,LEFTY1,77.08607482910156,-10.480924606323242,188
7987,LEFTY2,78.15139770507812,-10.962557792663574,188
7988,LEKR1,-13.478992462158203,-3.002121686935425,259
7989,LELP1,-99.65259552001953,-44.287174224853516,8
7990,LEMD1,20.304845809936523,17.966087341308594,279
7991,LEMD2,26.29496955871582,3.6395182609558105,308
7992,LEMD3,15.043028831481934,9.2999906539917,382
7993,LENEP,16.865331649780273,20.88022232055664,260
7994,LENG1,28.784652709960938,13.425393104553223,442
7995,LENG8,-10.064764022827148,9.344684600830078,272
7996,LENG9,19.717039108276367,12.059483528137207,345
7997,LEO1,10.702723503112793,10.110274314880371,352
7998,LEP,36.188114166259766,28.8493595123291,94
7999,LEPR,22.76791000366211,31.6844425201416,231
8000,LEPROT,8.37421989440918,-20.952436447143555,139
8001,LEPROTL1,8.449499130249023,-20.951120376586914,139
8002,LETM1,38.88163375854492,4.8580169677734375,432
8003,LETM2,35.027095794677734,7.325860023498535,364
8004,LETMD1,57.929039001464844,10.338473320007324,327
8005,LEUTX,-18.472715377807617,20.4515323638916,191
8006,LEXM,2.782290458679199,18.847259521484375,275
8007,LFNG,73.28397369384766,-5.369973182678223,205
8008,LGALS1,94.28382110595703,-4.455838680267334,88
8009,LGALS12,93.89318084716797,-4.643984794616699,88
8010,LGALS13,94.11073303222656,-4.524020195007324,88
8011,LGALS14,94.2216567993164,-4.5304083824157715,88
8012,LGALS16,94.14571380615234,-4.482822418212891,88
8013,LGALS2,94.28579711914062,-4.658323287963867,88
8014,LGALS3,-8.129310607910156,12.16319465637207,272
8015,LGALS3BP,65.43061065673828,-4.125978946685791,212
8016,LGALS4,94.34910583496094,-4.39697265625,88
8017,LGALS7,94.33007049560547,-4.5860114097595215,88
8018,LGALS7B,94.35283660888672,-4.59269380569458,88
8019,LGALS8,94.19723510742188,-4.4195661544799805,88
8020,LGALS9,94.37598419189453,-4.3252854347229,88
8021,LGALS9B,94.31268310546875,-4.373517036437988,88
8022,LGALS9C,94.35770416259766,-4.293034076690674,88
8023,LGALSL,93.93294525146484,-4.443301677703857,88
8024,LGI1,56.63497543334961,-19.2713623046875,167
8025,LGI2,57.08363342285156,-18.717931747436523,168
8026,LGI3,57.33705139160156,-18.854082107543945,168
8027,LGI4,57.639015197753906,-18.817813873291016,168
8028,LGMN,63.747520446777344,-5.8327860832214355,212
8029,LGR4,55.73442840576172,-20.15235137939453,167
8030,LGR5,55.83391189575195,-20.106372833251953,167
8031,LGR6,55.976505279541016,-20.124557495117188,167
8032,LGSN,40.94197463989258,3.625556230545044,432
8033,LHB,81.5530014038086,-15.483562469482422,178
8034,LHCGR,56.104557037353516,-20.323284149169922,167
8035,LHFPL2,-0.6371219158172607,-23.482540130615234,104
8036,LHFPL3,0.2739633619785309,-22.922468185424805,104
8037,LHFPL4,0.05593340843915939,-23.029294967651367,104
8038,LHFPL5,0.2501804232597351,-22.990863800048828,104
8039,LHFPL6,-1.1244014501571655,-23.578310012817383,104
8040,LHPP,54.91850280761719,5.957487106323242,441
8041,LHX1,-25.736915588378906,17.45193099975586,143
8042,LHX2,-26.841224670410156,16.748031616210938,143
8043,LHX3,-26.006019592285156,17.39609718322754,143
8044,LHX4,-25.9134521484375,17.29119300842285,143
8045,LHX5,-26.000825881958008,17.36366081237793,143
8046,LHX6,-25.940813064575195,16.98295783996582,143
8047,LHX8,-26.2091064453125,17.2181396484375,143
8048,LHX9,-26.59235382080078,16.928863525390625,143
8049,LIAS,57.969932556152344,6.118906497955322,349
8050,LIF,36.81233596801758,28.95626449584961,94
8051,LIFR,23.014556884765625,31.859783172607422,231
8052,LIG1,34.09773635864258,2.984652042388916,437
8053,LIG3,34.0658073425293,2.4619460105895996,437
8054,LIG4,39.61551284790039,3.8266425132751465,432
8055,LILRA1,9.489801406860352,37.746185302734375,164
8056,LILRA2,10.003145217895508,37.36207962036133,164
8057,LILRA4,9.3428955078125,37.850738525390625,164
8058,LILRA5,9.534478187561035,37.72590637207031,164
8059,LILRA6,9.321329116821289,37.865787506103516,164
8060,LILRB1,9.0985107421875,38.046085357666016,164
8061,LILRB2,9.017598152160645,38.12152099609375,164
8062,LILRB3,8.978777885437012,38.163787841796875,164
8063,LILRB4,9.046485900878906,38.11050796508789,164
8064,LILRB5,8.81844425201416,38.01785659790039,164
8065,LIM2,-1.241469383239746,-23.678346633911133,104
8066,LIMA1,3.3107383251190186,3.4236321449279785,407
8067,LIMCH1,1.676377773284912,0.26920783519744873,389
8068,LIMD1,11.546971321105957,7.8163042068481445,396
8069,LIMD2,17.11819839477539,9.5496826171875,384
8070,LIME1,15.71712875366211,26.788379669189453,220
8071,LIMK1,59.181541442871094,36.6300048828125,69
8072,LIMK2,59.473716735839844,36.4644889831543,69
8073,LIMS1,16.581979751586914,9.250885009765625,382
8074,LIMS2,15.976340293884277,9.543349266052246,382
8075,LIMS3,19.491451263427734,8.978033065795898,383
8076,LIMS4,19.522891998291016,9.128828048706055,383
8077,LIN28A,23.638809204101562,11.32447624206543,390
8078,LIN28B,23.624984741210938,9.349791526794434,392
8079,LIN37,20.107881546020508,14.64520263671875,344
8080,LIN52,29.089874267578125,11.045472145080566,427
8081,LIN54,-16.2855167388916,10.280159950256348,273
8082,LIN7A,23.81100082397461,3.895324945449829,373
8083,LIN7B,25.064346313476562,6.331452369689941,421
8084,LIN7C,23.371736526489258,4.35215425491333,373
8085,LIN9,15.182045936584473,5.19320011138916,409
8086,LINGO1,95.53285217285156,19.78831672668457,84
8087,LINGO3,95.08946990966797,19.71879768371582,84
8088,LINGO4,94.37602233886719,20.107675552368164,83
8089,LINS1,27.56793785095215,-1.2728581428527832,311
8090,LIPA,63.93303680419922,-5.685576915740967,212
8091,LIPC,64.09333038330078,-7.886848449707031,211
8092,LIPE,39.356170654296875,2.0996291637420654,432
8093,LIPF,63.76105499267578,-6.179840564727783,212
8094,LIPG,65.200439453125,-8.622878074645996,211
8095,LIPH,63.96057891845703,-8.124252319335938,211
8096,LIPI,64.3530044555664,-7.75493049621582,211
8097,LIPJ,63.56946563720703,-6.436823844909668,212
8098,LIPK,64.69990539550781,-6.484467506408691,212
8099,LIPM,64.81249237060547,-5.946383953094482,212
8100,LIPN,61.18608856201172,-6.825847625732422,212
8101,LIPT1,47.83855056762695,6.82424259185791,456
8102,LIPT2,47.46697998046875,7.602408409118652,433
8103,LITAF,15.569762229919434,21.604942321777344,260
8104,LITAFD,13.066288948059082,-17.868057250976562,149
8105,LIX1,29.589065551757812,8.749817848205566,450
8106,LIX1L,27.94165802001953,9.135690689086914,447
8107,LKAAEAR1,25.78151512145996,14.842130661010742,290
8108,LLCFC1,13.298749923706055,20.405635833740234,325
8109,LLGL1,48.83687973022461,21.657886505126953,70
8110,LLGL2,47.672847747802734,21.834936141967773,70
8111,LLPH,36.60105895996094,13.567957878112793,371
8112,LMAN1,55.900421142578125,-7.542403697967529,185
8113,LMAN1L,55.30430603027344,-7.764170169830322,185
8114,LMAN2,55.97452163696289,-7.712980270385742,185
8115,LMAN2L,56.464786529541016,-8.104150772094727,185
8116,LMBR1,13.031834602355957,-21.286771774291992,150
8117,LMBR1L,15.471319198608398,-22.255857467651367,159
8118,LMBRD1,12.036619186401367,-21.137786865234375,150
8119,LMBRD2,13.947576522827148,-21.491939544677734,152
8120,LMCD1,16.715417861938477,9.20151138305664,382
8121,LMF1,21.564931869506836,-22.0400390625,129
8122,LMF2,20.095905303955078,-21.666147232055664,129
8123,LMLN,50.46311569213867,-0.5729983448982239,296
8124,LMLN2,51.759185791015625,-7.881902694702148,184
8125,LMNA,159.36685180664062,8.813410758972168,25
8126,LMNB1,159.18203735351562,8.834717750549316,25
8127,LMNB2,158.8944091796875,8.800947189331055,25
8128,LMNTD1,4.72533655166626,1.5156896114349365,389
8129,LMNTD2,4.702929973602295,5.62629508972168,401
8130,LMO1,16.27436637878418,9.87858772277832,382
8131,LMO2,16.6706485748291,9.77407169342041,382
8132,LMO3,17.859115600585938,9.604780197143555,384
8133,LMO4,16.244522094726562,9.97208023071289,382
8134,LMO7,1.9685529470443726,0.19580750167369843,389
8135,LMOD1,14.47114372253418,12.139327049255371,341
8136,LMOD2,13.499130249023438,11.885346412658691,335
8137,LMOD3,15.24763011932373,12.35959529876709,341
8138,LMTK2,1.1737573146820068,3.437944173812866,399
8139,LMTK3,0.4677487015724182,3.5314066410064697,399
8140,LMX1A,-26.36504364013672,17.263790130615234,143
8141,LMX1B,-26.190149307250977,17.246089935302734,143
8142,LNP1,15.71625804901123,18.215991973876953,323
8143,LNPEP,59.44602966308594,-3.8510100841522217,213
8144,LNPK,27.4456729888916,-12.06045913696289,98
8145,LNX1,18.990005493164062,3.537891149520874,418
8146,LNX2,18.970483779907227,4.01468563079834,372
8147,LONP1,43.30778884887695,3.0725347995758057,435
8148,LONP2,41.02116012573242,2.228973150253296,334
8149,LONRF1,28.424518585205078,4.509727954864502,394
8150,LOX,70.53632354736328,-10.055270195007324,218
8151,LOXHD1,19.141765594482422,-10.500622749328613,276
8152,LOXL1,69.415771484375,-9.7985258102417,216
8153,LOXL2,63.11355972290039,-15.862662315368652,197
8154,LOXL3,64.16410064697266,-15.320192337036133,197
8155,LOXL4,63.97884750366211,-15.549798965454102,197
8156,LPA,54.408653259277344,-16.866960525512695,168
8157,LPAR1,-105.95011901855469,-18.782981872558594,14
8158,LPAR2,-105.40847778320312,-19.167850494384766,14
8159,LPAR3,-106.84595489501953,-18.371097564697266,14
8160,LPAR5,-109.22843933105469,-19.5983943939209,14
8161,LPAR6,-111.21237182617188,-18.064376831054688,14
8162,LPCAT1,51.424190521240234,-1.1844619512557983,235
8163,LPCAT2,54.37664031982422,-0.3665577471256256,270
8164,LPCAT3,19.90813446044922,-23.135255813598633,148
8165,LPCAT4,46.79684829711914,-3.1723592281341553,169
8166,LPGAT1,55.318180084228516,0.1667703092098236,291
8167,LPIN1,16.78911590576172,2.1457386016845703,417
8168,LPIN2,15.764114379882812,2.002563953399658,417
8169,LPIN3,17.29014015197754,2.676790237426758,408
8170,LPL,64.69178009033203,-8.152872085571289,211
8171,LPO,63.50572204589844,-6.411159038543701,212
8172,LPXN,13.627015113830566,9.425283432006836,379
8173,LRAT,40.59168243408203,7.728229999542236,391
8174,LRATD1,24.956499099731445,7.298213481903076,420
8175,LRATD2,24.320335388183594,6.886241912841797,420
8176,LRBA,13.77252197265625,-7.199345588684082,277
8177,LRCH1,13.124512672424316,2.015943765640259,415
8178,LRCH3,16.86468505859375,2.2470576763153076,417
8179,LRCH4,19.56104278564453,-0.8393076062202454,376
8180,LRCOL1,77.71341705322266,-16.580467224121094,200
8181,LRFN1,95.12805938720703,19.58909034729004,84
8182,LRFN2,96.11408996582031,19.429494857788086,84
8183,LRFN3,94.81838989257812,19.486101150512695,84
8184,LRFN4,95.07666778564453,19.582231521606445,84
8185,LRFN5,96.13214874267578,19.9576358795166,84
8186,LRG1,93.7671127319336,20.796714782714844,83
8187,LRGUK,88.45954895019531,20.104822158813477,86
8188,LRIF1,-2.865607261657715,8.381272315979004,298
8189,LRIG1,55.3379020690918,-20.073837280273438,167
8190,LRIG2,56.02577209472656,-19.779170989990234,167
8191,LRIG3,55.54763412475586,-20.03026008605957,167
8192,LRIT1,95.0062026977539,19.307615280151367,84
8193,LRIT2,94.31898498535156,19.514245986938477,84
8194,LRIT3,93.68199157714844,18.850065231323242,84
8195,LRMDA,90.35429382324219,20.234615325927734,86
8196,LRP10,59.75613021850586,-13.61516284942627,197
8197,LRP11,57.67926025390625,-11.243616104125977,187
8198,LRP12,47.00435256958008,-12.24291706085205,182
8199,LRP2BP,34.238014221191406,-4.935270309448242,295
8200,LRP3,61.565242767333984,-13.910465240478516,197
8201,LRP4,53.839595794677734,-17.385658264160156,168
8202,LRP5,54.25027084350586,-15.400955200195312,168
8203,LRP6,53.99323654174805,-14.351482391357422,179
8204,LRP8,63.36133575439453,-16.718486785888672,197
8205,LRPAP1,56.731727600097656,-7.067117691040039,185
8206,LRPPRC,35.22886276245117,-0.5457289814949036,337
8207,LRR1,91.65364074707031,20.638004302978516,85
8208,LRRC1,91.79546356201172,20.906259536743164,85
8209,LRRC10,91.76744842529297,20.742416381835938,85
8210,LRRC10B,92.00008392333984,20.48967933654785,85
8211,LRRC14,100.2816162109375,22.893953323364258,58
8212,LRRC14B,95.47361755371094,21.381254196166992,83
8213,LRRC15,94.09441375732422,20.69953155517578,83
8214,LRRC17,94.705810546875,21.123090744018555,83
8215,LRRC18,91.83110809326172,20.890029907226562,85
8216,LRRC19,94.29156494140625,20.04973793029785,83
8217,LRRC2,91.06558227539062,20.567113876342773,85
8218,LRRC20,91.76896667480469,20.587364196777344,85
8219,LRRC23,91.18257141113281,20.718448638916016,85
8220,LRRC24,94.6120834350586,19.5030460357666,84
8221,LRRC25,14.014374732971191,31.11299705505371,222
8222,LRRC26,95.2049560546875,19.672639846801758,84
8223,LRRC27,-3.8855161666870117,1.3251895904541016,300
8224,LRRC28,91.6992416381836,20.67047882080078,85
8225,LRRC3,94.64820098876953,19.658979415893555,84
8226,LRRC30,91.70711517333984,20.955942153930664,85
8227,LRRC31,90.21862030029297,20.039138793945312,86
8228,LRRC32,94.02523040771484,20.72443389892578,83
8229,LRRC34,89.23829650878906,20.16338539123535,86
8230,LRRC36,0.8468376994132996,2.8233113288879395,399
8231,LRRC37A,2.290855646133423,17.36277198791504,275
8232,LRRC37A2,2.837045192718506,17.226728439331055,275
8233,LRRC37A3,2.095461130142212,17.377212524414062,275
8234,LRRC37B,2.4766476154327393,17.283742904663086,275
8235,LRRC38,94.4425048828125,19.412776947021484,84
8236,LRRC39,91.71497344970703,20.822574615478516,85
8237,LRRC3B,95.29498291015625,19.4523983001709,84
8238,LRRC3C,94.59671020507812,19.57292366027832,84
8239,LRRC4,95.8775405883789,19.843509674072266,84
8240,LRRC40,91.74993133544922,20.903675079345703,85
8241,LRRC41,18.75213623046875,4.706943988800049,372
8242,LRRC42,27.317222595214844,5.594383716583252,394
8243,LRRC43,88.34687805175781,20.1733455657959,86
8244,LRRC45,-11.199498176574707,-2.5805487632751465,258
8245,LRRC46,89.24991607666016,20.123817443847656,86
8246,LRRC47,40.854957580566406,5.103535175323486,432
8247,LRRC49,88.61021423339844,20.100833892822266,86
8248,LRRC4B,95.49329376220703,19.675046920776367,84
8249,LRRC4C,96.638671875,20.041032791137695,84
8250,LRRC52,94.6778564453125,19.499000549316406,84
8251,LRRC53,0.6065285801887512,8.982831001281738,320
8252,LRRC55,95.00341033935547,19.49923324584961,84
8253,LRRC56,90.377197265625,19.59794044494629,86
8254,LRRC57,92.30208587646484,20.959877014160156,85
8255,LRRC58,92.91075897216797,20.782649993896484,83
8256,LRRC59,91.5902328491211,18.94927978515625,85
8257,LRRC61,90.53466796875,19.976776123046875,86
8258,LRRC63,6.10496187210083,0.7953262329101562,389
8259,LRRC66,2.260213613510132,7.617743015289307,412
8260,LRRC69,92.03099822998047,20.87177085876465,85
8261,LRRC70,94.31182861328125,20.24556541442871,83
8262,LRRC71,88.1197280883789,20.15875816345215,86
8263,LRRC72,89.72603607177734,20.2181453704834,86
8264,LRRC73,90.05986022949219,20.14310073852539,86
8265,LRRC74A,89.74735260009766,20.13680648803711,86
8266,LRRC74B,89.03150939941406,20.02054214477539,86
8267,LRRC75A,47.40987014770508,10.109747886657715,422
8268,LRRC75B,89.33243560791016,19.414295196533203,86
8269,LRRC8A,93.6059341430664,20.108760833740234,83
8270,LRRC8B,93.47607421875,20.11524772644043,83
8271,LRRC8C,93.53872680664062,20.035058975219727,83
8272,LRRC8D,93.69186401367188,20.082822799682617,83
8273,LRRC8E,93.44905853271484,20.093769073486328,83
8274,LRRC9,89.12194061279297,20.159822463989258,86
8275,LRRCC1,-13.827473640441895,-3.4006645679473877,259
8276,LRRD1,92.36361694335938,20.816179275512695,85
8277,LRRFIP1,-5.4675092697143555,-0.9777389168739319,257
8278,LRRFIP2,-4.0354156494140625,-1.5080252885818481,254
8279,LRRIQ1,-4.1905388832092285,-0.10359373688697815,254
8280,LRRIQ3,-5.5562567710876465,0.53094881772995,245
8281,LRRIQ4,91.72470092773438,20.922931671142578,85
8282,LRRK2,19.183130264282227,-8.319123268127441,278
8283,LRRN1,95.85198974609375,19.8900146484375,84
8284,LRRN2,95.28398132324219,19.956096649169922,84
8285,LRRN3,96.39008331298828,20.15859603881836,84
8286,LRRN4,94.82389068603516,19.46958351135254,84
8287,LRRN4CL,66.43648529052734,-12.92630672454834,217
8288,LRRTM1,95.96820068359375,19.706748962402344,84
8289,LRRTM2,95.96511840820312,19.93267059326172,84
8290,LRRTM3,96.63363647460938,20.07264518737793,84
8291,LRRTM4,97.01318359375,19.77342414855957,84
8292,LRSAM1,-14.21843147277832,-2.083253860473633,249
8293,LRTM1,95.25934600830078,19.648645401000977,84
8294,LRTM2,95.09733581542969,19.54693603515625,84
8295,LRWD1,52.73521423339844,22.336212158203125,70
8296,LSAMP,47.571556091308594,-15.236764907836914,181
8297,LSG1,35.81260681152344,12.28000545501709,371
8298,LSM1,46.612388610839844,14.355705261230469,322
8299,LSM10,47.408729553222656,12.766363143920898,304
8300,LSM11,18.11333465576172,10.33261489868164,384
8301,LSM12,33.046268463134766,11.138165473937988,445
8302,LSM14A,-19.848222732543945,7.1404266357421875,265
8303,LSM14B,-17.708751678466797,7.32668399810791,262
8304,LSM2,46.927146911621094,14.521219253540039,322
8305,LSM3,46.7119026184082,14.651219367980957,322
8306,LSM4,47.02279281616211,14.905869483947754,322
8307,LSM5,47.90989685058594,14.77458381652832,322
8308,LSM6,47.39580154418945,14.909663200378418,322
8309,LSM7,47.219295501708984,14.87989330291748,322
8310,LSMEM1,18.866737365722656,21.645477294921875,260
8311,LSMEM2,19.889211654663086,21.310352325439453,228
8312,LSP1,10.007340431213379,14.264575004577637,330
8313,LSR,19.84033966064453,28.83837890625,230
8314,LSS,50.711734771728516,1.0192376375198364,296
8315,LST1,13.0156888961792,30.9151611328125,222
8316,LTA,94.21721649169922,-9.378829956054688,93
8317,LTA4H,59.557769775390625,-3.31650710105896,213
8318,LTB,93.5754623413086,-9.808225631713867,93
8319,LTB4R,-108.08456420898438,-19.367149353027344,14
8320,LTB4R2,-107.29271697998047,-19.44651985168457,14
8321,LTBP1,61.83639144897461,-17.034120559692383,197
8322,LTBP2,61.377681732177734,-17.800382614135742,197
8323,LTBP3,61.38843536376953,-17.84138298034668,197
8324,LTBP4,61.93696975708008,-17.805028915405273,197
8325,LTBR,17.599000930786133,27.659528732299805,220
8326,LTC4S,12.471320152282715,-23.405019760131836,157
8327,LTF,64.9048080444336,-9.53563117980957,211
8328,LTK,68.44998168945312,32.55612564086914,64
8329,LTN1,17.887653350830078,-7.055171489715576,278
8330,LTO1,48.104461669921875,5.3796281814575195,419
8331,LTV1,34.86930847167969,13.208613395690918,367
8332,LUC7L,-22.29243278503418,4.2872700691223145,166
8333,LUC7L2,-22.052949905395508,4.349998474121094,166
8334,LUC7L3,-20.26908302307129,4.536407947540283,166
8335,LUM,93.80540466308594,21.37799835205078,83
8336,LURAP1,10.201601028442383,14.110835075378418,330
8337,LURAP1L,4.749295234680176,12.241804122924805,330
8338,LUZP1,-3.9747121334075928,0.9470252394676208,300
8339,LUZP2,-4.443992614746094,-1.8596670627593994,254
8340,LVRN,59.980995178222656,-4.036266326904297,213
8341,LXN,41.89326858520508,8.132221221923828,391
8342,LY6D,79.24623107910156,-16.827478408813477,200
8343,LY6E,79.72944641113281,-16.927749633789062,200
8344,LY6G5B,75.12799072265625,-14.152381896972656,219
8345,LY6G5C,76.77102661132812,-15.169027328491211,209
8346,LY6G6C,79.218994140625,-16.804500579833984,200
8347,LY6G6D,78.89446258544922,-16.541168212890625,200
8348,LY6G6F,13.532621383666992,33.257450103759766,223
8349,LY6H,79.17149353027344,-16.7849178314209,200
8350,LY6K,79.0322494506836,-16.588254928588867,200
8351,LY6L,78.57955932617188,-16.56311798095703,200
8352,LY75,58.65757751464844,-15.352231979370117,197
8353,LY86,61.27798843383789,-10.356830596923828,203
8354,LY9,12.285831451416016,34.44217300415039,226
8355,LY96,62.049869537353516,-10.42927360534668,203
8356,LYAR,37.38084411621094,13.075109481811523,371
8357,LYG1,72.42132568359375,-11.635978698730469,218
8358,LYG2,71.56568145751953,-11.188921928405762,218
8359,LYL1,-8.640851020812988,18.2697811126709,241
8360,LYN,63.42896270751953,36.199825286865234,68
8361,LYNX1,78.78634643554688,-16.603811264038086,200
8362,LYPD1,78.70648956298828,-16.548818588256836,200
8363,LYPD2,79.44032287597656,-16.882442474365234,200
8364,LYPD3,78.96836853027344,-16.66966438293457,200
8365,LYPD4,78.51383209228516,-16.309967041015625,200
8366,LYPD5,78.87884521484375,-16.580501556396484,200
8367,LYPD6,78.4144515991211,-16.419456481933594,200
8368,LYPD6B,78.98877716064453,-16.59839630126953,200
8369,LYPD8,79.15764617919922,-16.756149291992188,200
8370,LYPLA1,53.05046844482422,5.341277122497559,453
8371,LYPLA2,52.80734634399414,5.22222900390625,453
8372,LYPLAL1,55.27659225463867,5.188787460327148,440
8373,LYRM1,58.34795379638672,15.940319061279297,282
8374,LYRM2,59.09162521362305,15.93724250793457,282
8375,LYRM4,59.04705047607422,15.785609245300293,282
8376,LYRM7,59.512733459472656,15.790617942810059,282
8377,LYRM9,59.0286750793457,15.647600173950195,282
8378,LYSMD1,16.191797256469727,13.341814041137695,341
8379,LYSMD2,25.05261993408203,12.157116889953613,351
8380,LYSMD3,18.804080963134766,13.08665657043457,346
8381,LYSMD4,20.36547088623047,13.496169090270996,346
8382,LYVE1,10.205596923828125,26.285280227661133,147
8383,LYZ,73.97342681884766,-13.27220630645752,218
8384,LYZL1,74.4864273071289,-13.65906047821045,219
8385,LYZL2,74.13270568847656,-13.42765998840332,219
8386,LYZL4,74.53816223144531,-13.705622673034668,219
8387,LYZL6,74.53731536865234,-13.646435737609863,219
8388,LZIC,34.32073211669922,12.488974571228027,367
8389,LZTFL1,-8.02968692779541,-1.7865208387374878,257
8390,LZTR1,33.015769958496094,-1.3392444849014282,294
8391,LZTS1,-7.357018947601318,-1.8652563095092773,257
8392,LZTS2,-7.722068786621094,-1.6559134721755981,257
8393,LZTS3,-7.540180206298828,-1.4314866065979004,257
8394,M1AP,29.349863052368164,2.796067237854004,307
8395,M6PR,55.46047592163086,-7.632917881011963,185
8396,MAB21L1,29.91800308227539,6.923123836517334,450
8397,MAB21L2,29.720273971557617,5.880859375,451
8398,MAB21L3,39.350921630859375,-1.5583686828613281,285
8399,MAB21L4,38.756256103515625,-1.2448616027832031,285
8400,MACC1,21.363813400268555,-0.8335509300231934,297
8401,MACO1,0.2898713946342468,-2.5550153255462646,240
8402,MACROD1,64.14253234863281,7.178280353546143,293
8403,MACROD2,53.975929260253906,2.720399856567383,302
8404,MAD1L1,-11.762928009033203,-2.857952356338501,258
8405,MAD2L1,37.43519973754883,9.234288215637207,425
8406,MAD2L1BP,38.1263313293457,8.33055305480957,425
8407,MAD2L2,39.35723876953125,9.1238374710083,361
8408,MADCAM1,15.944062232971191,32.70543670654297,223
8409,MADD,14.071463584899902,-5.547773361206055,277
8410,MAEA,30.903852462768555,8.9689359664917,428
8411,MAEL,33.595333099365234,7.083207607269287,364
8412,MAF,-17.40576934814453,18.22873878479004,191
8413,MAF1,34.64255905151367,9.387672424316406,369
8414,MAFA,-17.805004119873047,18.67823600769043,191
8415,MAFB,-15.112028121948242,18.29152488708496,191
8416,MAFF,-6.816307544708252,17.659141540527344,238
8417,MAFG,-5.152646064758301,17.187191009521484,238
8418,MAFK,-6.471536636352539,17.748258590698242,238
8419,MAG,18.93581771850586,33.149147033691406,227
8420,MAGEF1,19.485872268676758,12.962286949157715,346
8421,MAGEL2,0.5407859086990356,15.458266258239746,281
8422,MAGI1,4.371835231781006,-0.49630990624427795,389
8423,MAGI2,3.992502450942993,-0.023291464895009995,389
8424,MAGI3,5.884082794189453,-0.5997099280357361,389
8425,MAGOH,45.66086196899414,13.598307609558105,321
8426,MAGOHB,44.157958984375,12.709612846374512,304
8427,MAIP1,59.4459228515625,11.056930541992188,328
8428,MAJIN,11.83644962310791,16.65316390991211,342
8429,MAK,54.86887741088867,37.938297271728516,69
8430,MAK16,34.05306625366211,13.283731460571289,367
8431,MAL,1.1126841306686401,-21.722307205200195,105
8432,MAL2,2.066758155822754,-21.67180824279785,105
8433,MALL,1.9760056734085083,-22.215198516845703,105
8434,MALRD1,52.95979309082031,-17.19585418701172,168
8435,MALSU1,59.07881164550781,11.256749153137207,328
8436,MALT1,36.62428665161133,1.396189570426941,432
8437,MAMDC2,60.64221954345703,-14.634060859680176,197
8438,MAMDC4,61.709007263183594,-15.947671890258789,197
8439,MAML1,-12.444428443908691,9.839089393615723,272
8440,MAML2,-14.065017700195312,10.36689281463623,272
8441,MAML3,-13.290900230407715,10.053609848022461,272
8442,MAMSTR,7.924744606018066,13.798219680786133,314
8443,MAN1A1,69.38677978515625,-5.399637222290039,204
8444,MAN1A2,67.9395980834961,-5.3032612800598145,204
8445,MAN1B1,68.51071166992188,-5.45072078704834,204
8446,MAN1C1,70.38382720947266,-5.348355770111084,204
8447,MAN2A1,63.33396530151367,-4.505304336547852,212
8448,MAN2A2,65.23724365234375,-4.742396354675293,212
8449,MAN2B1,65.49036407470703,-4.295679569244385,212
8450,MAN2B2,64.62267303466797,-4.722639083862305,212
8451,MAN2C1,41.688045501708984,-1.0199670791625977,284
8452,MANBA,63.088748931884766,-4.949883937835693,212
8453,MANBAL,25.204696655273438,20.43074607849121,221
8454,MANEA,65.08458709716797,-4.8178863525390625,212
8455,MANEAL,70.2986831665039,-4.803905010223389,204
8456,MANF,56.741477966308594,-6.859496116638184,185
8457,MANSC1,9.128849029541016,25.564437866210938,147
8458,MANSC4,10.21944808959961,25.798931121826172,147
8459,MAP10,2.627549648284912,13.166071891784668,289
8460,MAP1A,-3.782179832458496,5.456537246704102,299
8461,MAP1B,-2.2570385932922363,4.581083297729492,299
8462,MAP1LC3A,46.745121002197266,14.749674797058105,322
8463,MAP1LC3B,47.0841064453125,14.451700210571289,322
8464,MAP1LC3B2,46.18564224243164,14.105307579040527,321
8465,MAP1LC3C,47.094078063964844,14.003177642822266,322
8466,MAP1S,0.42130404710769653,3.800746440887451,399
8467,MAP2,-1.6605528593063354,6.118027210235596,298
8468,MAP2K1,58.18412399291992,37.02047348022461,69
8469,MAP2K2,57.75932693481445,37.3665885925293,69
8470,MAP2K3,57.539886474609375,37.528587341308594,69
8471,MAP2K4,57.86096954345703,36.78513717651367,69
8472,MAP2K5,58.235076904296875,36.605403900146484,69
8473,MAP2K7,57.82046890258789,37.27467346191406,69
8474,MAP3K1,7.219131946563721,2.0794498920440674,354
8475,MAP3K10,0.6789194345474243,1.469117283821106,389
8476,MAP3K11,0.37877705693244934,1.6511605978012085,389
8477,MAP3K12,1.058259129524231,1.2380608320236206,389
8478,MAP3K13,1.1482068300247192,2.0031344890594482,389
8479,MAP3K14,8.94870376586914,6.730254650115967,387
8480,MAP3K19,-0.22844602167606354,6.863138675689697,298
8481,MAP3K2,57.77165985107422,36.31281661987305,69
8482,MAP3K20,57.685420989990234,36.15534973144531,69
8483,MAP3K21,4.00310754776001,2.2450361251831055,389
8484,MAP3K3,57.226898193359375,36.70542907714844,69
8485,MAP3K4,6.021913051605225,0.25844863057136536,389
8486,MAP3K5,12.174738883972168,-2.7663419246673584,375
8487,MAP3K6,12.333991050720215,-2.0154001712799072,375
8488,MAP3K7,58.138214111328125,36.590293884277344,69
8489,MAP3K7CL,26.586044311523438,12.607264518737793,351
8490,MAP3K8,55.98225784301758,37.072628021240234,69
8491,MAP3K9,2.1616787910461426,2.000293493270874,389
8492,MAP4,1.6716158390045166,10.852606773376465,320
8493,MAP4K1,58.23108673095703,36.311546325683594,69
8494,MAP4K2,57.20399856567383,36.2156982421875,69
8495,MAP4K3,58.111454010009766,36.40097427368164,69
8496,MAP4K4,-0.06081794202327728,-1.530825138092041,240
8497,MAP4K5,58.030765533447266,36.38274002075195,69
8498,MAP6,2.581012725830078,14.942882537841797,289
8499,MAP6D1,11.743302345275879,13.499679565429688,335
8500,MAP7,-2.210158586502075,0.8010932803153992,250
8501,MAP7D1,-5.817215919494629,0.2142629325389862,245
8502,MAP9,-5.421869277954102,1.8096749782562256,245
8503,MAPK1,56.94910430908203,37.768409729003906,69
8504,MAPK10,57.884666442871094,37.84682083129883,69
8505,MAPK11,56.65278244018555,38.06353759765625,69
8506,MAPK12,57.21279525756836,38.197715759277344,69
8507,MAPK13,56.95949172973633,38.2193717956543,69
8508,MAPK14,57.166603088378906,37.87662124633789,69
8509,MAPK15,55.34664535522461,37.78777313232422,69
8510,MAPK1IP1L,-11.881755828857422,8.787861824035645,272
8511,MAPK3,56.78055953979492,38.0236930847168,69
8512,MAPK4,54.925254821777344,37.55591583251953,69
8513,MAPK6,54.61835861206055,37.37733840942383,69
8514,MAPK7,-1.2616380453109741,2.111525535583496,300
8515,MAPK8,56.95671081542969,37.93253707885742,69
8516,MAPK8IP1,9.927417755126953,4.856887340545654,386
8517,MAPK8IP2,9.662137985229492,4.461968421936035,386
8518,MAPK8IP3,-0.01860753446817398,-2.6126742362976074,240
8519,MAPK9,58.09571838378906,38.24932861328125,69
8520,MAPKAP1,18.59684181213379,2.6567773818969727,418
8521,MAPKAPK2,56.85542678833008,37.73890686035156,69
8522,MAPKAPK3,56.969688415527344,37.87020492553711,69
8523,MAPKAPK5,56.878883361816406,37.244441986083984,69
8524,MAPKBP1,2.4524688720703125,3.7196195125579834,407
8525,MAPRE1,21.589216232299805,6.884929656982422,398
8526,MAPRE2,19.444320678710938,6.080132007598877,372
8527,MAPRE3,20.019451141357422,6.913177967071533,372
8528,MAPT,0.6511133313179016,8.801191329956055,320
8529,MARCKS,16.418310165405273,16.54409408569336,340
8530,MARCKSL1,20.789710998535156,16.89979362487793,279
8531,MARCO,102.48100280761719,-12.405381202697754,91
8532,MARCOL,1.4332853555679321,18.43798065185547,275
8533,MARF1,8.20891284942627,0.022163601592183113,365
8534,MARK1,58.585609436035156,36.65148162841797,69
8535,MARK2,57.37592697143555,36.70592498779297,69
8536,MARK3,58.13486862182617,36.545623779296875,69
8537,MARK4,57.46100616455078,36.550941467285156,69
8538,MARS2,46.404048919677734,4.292874813079834,424
8539,MARVELD1,2.14129900932312,-22.36739730834961,105
8540,MARVELD2,21.42255210876465,-18.27179527282715,127
8541,MARVELD3,8.864065170288086,-19.345460891723633,139
8542,MAS1,-107.07425689697266,-18.548614501953125,14
8543,MAS1L,-113.62328338623047,-19.854808807373047,14
8544,MASP1,67.79065704345703,-18.673067092895508,118
8545,MASP2,68.1041259765625,-18.58716583251953,118
8546,MAST1,2.6081857681274414,1.4357020854949951,389
8547,MAST2,1.648558497428894,1.3651732206344604,389
8548,MAST3,3.90185546875,0.7969260811805725,389
8549,MAST4,1.4545884132385254,1.0072985887527466,389
8550,MASTL,4.682484149932861,7.927602291107178,405
8551,MAT1A,68.30987548828125,3.594942569732666,357
8552,MAT2A,68.85222625732422,5.987372875213623,356
8553,MAT2B,56.15260314941406,5.732436656951904,349
8554,MATK,62.83952331542969,36.088134765625,68
8555,MATN1,64.46289825439453,-13.586332321166992,197
8556,MATN2,63.64006805419922,-15.962020874023438,197
8557,MATN3,64.59321594238281,-14.602031707763672,197
8558,MATN4,63.038780212402344,-15.416115760803223,197
8559,MAU2,32.6407470703125,-4.351043224334717,295
8560,MAVS,9.176270484924316,17.884708404541016,329
8561,MAX,-1.3448717594146729,13.262300491333008,145
8562,MAZ,-27.28739356994629,14.589656829833984,143
8563,MB,-47.0732307434082,-10.455151557922363,41
8564,MB21D2,39.428958892822266,-1.7553051710128784,285
8565,MBD1,17.386432647705078,9.084546089172363,384
8566,MBD2,22.36744499206543,10.32242488861084,385
8567,MBD3,23.022642135620117,13.715526580810547,290
8568,MBD3L1,6.184924125671387,21.157230377197266,154
8569,MBD3L2,6.183829307556152,21.1840877532959,154
8570,MBD3L2B,5.903604984283447,21.234233856201172,154
8571,MBD3L3,6.035710334777832,21.2919979095459,154
8572,MBD3L4,5.624765872955322,21.316925048828125,154
8573,MBD3L5,5.7894392013549805,21.246129989624023,154
8574,MBD4,12.12489128112793,7.854153633117676,396
8575,MBD5,-12.707003593444824,8.828902244567871,272
8576,MBD6,-6.50134801864624,9.589627265930176,272
8577,MBIP,25.296846389770508,4.799194812774658,421
8578,MBL2,92.80619049072266,-11.400663375854492,93
8579,MBLAC1,44.835662841796875,7.663309097290039,436
8580,MBLAC2,47.41440200805664,5.941248416900635,419
8581,MBNL1,-19.92268180847168,12.247798919677734,264
8582,MBNL2,-19.306344985961914,11.970453262329102,264
8583,MBOAT1,18.311241149902344,-22.74114227294922,160
8584,MBOAT2,16.16581153869629,-23.628324508666992,159
8585,MBOAT4,18.06699562072754,-22.437387466430664,160
8586,MBOAT7,17.906661987304688,-23.108253479003906,160
8587,MBP,12.336220741271973,16.0605525970459,342
8588,MBTD1,13.675042152404785,5.3067426681518555,381
8589,MBTPS1,57.41920471191406,-10.331523895263672,187
8590,MC1R,-104.20101928710938,-18.275177001953125,14
8591,MC2R,-104.48099517822266,-18.208755493164062,14
8592,MC3R,-104.3084945678711,-18.220476150512695,14
8593,MC4R,-103.74113464355469,-18.069368362426758,14
8594,MC5R,-104.14002227783203,-18.230981826782227,14
8595,MCAM,18.851608276367188,32.4957160949707,227
8596,MCAT,55.619300842285156,6.7089924812316895,349
8597,MCC,-4.121248245239258,-2.17388653755188,254
8598,MCCC1,67.14463806152344,5.76460599899292,356
8599,MCCC2,68.65586853027344,5.721285343170166,356
8600,MCCD1,15.838088035583496,19.044048309326172,323
8601,MCEE,57.56633377075195,9.821296691894531,327
8602,MCEMP1,12.925240516662598,31.26475715637207,222
8603,MCF2L,11.012825012207031,-0.9582487940788269,374
8604,MCF2L2,10.740152359008789,-0.942390501499176,374
8605,MCFD2,56.655208587646484,-8.060744285583496,185
8606,MCHR1,-104.02457427978516,-18.52936363220215,14
8607,MCHR2,-104.85494232177734,-18.95913314819336,14
8608,MCIDAS,7.707598686218262,11.99177360534668,330
8609,MCL1,13.86745548248291,11.842486381530762,335
8610,MCM10,9.659869194030762,7.1546630859375,395
8611,MCM2,40.558677673339844,4.41441011428833,432
8612,MCM3,40.38044738769531,4.45004940032959,432
8613,MCM3AP,19.295042037963867,-6.400091171264648,278
8614,MCM4,40.04656219482422,4.238013744354248,432
8615,MCM5,41.07305145263672,4.1202521324157715,432
8616,MCM6,41.43685531616211,4.406336307525635,432
8617,MCM7,41.41841125488281,5.023043632507324,432
8618,MCM8,37.6626091003418,2.076460838317871,438
8619,MCM9,6.153042316436768,4.451147079467773,363
8620,MCMBP,39.14430236816406,5.140410423278809,432
8621,MCMDC2,38.17441177368164,0.5893123745918274,432
8622,MCOLN1,29.502599716186523,-22.048202514648438,132
8623,MCOLN2,30.34154510498047,-21.886964797973633,131
8624,MCOLN3,30.177637100219727,-22.051502227783203,131
8625,MCPH1,4.75897741317749,7.279281139373779,405
8626,MCRIP1,25.098773956298828,13.599427223205566,351
8627,MCRIP2,24.648771286010742,14.915597915649414,290
8628,MCRS1,26.578697204589844,3.9654619693756104,308
8629,MCTP1,17.490032196044922,-2.510775089263916,377
8630,MCTP2,16.551536560058594,-2.8792147636413574,377
8631,MCU,55.447357177734375,8.241612434387207,353
8632,MCUB,53.22821044921875,8.168402671813965,452
8633,MCUR1,33.96818542480469,10.91556453704834,445
8634,MDC1,2.3807902336120605,14.017528533935547,289
8635,MDFI,20.327573776245117,18.44217300415039,279
8636,MDFIC,21.05826187133789,17.384992599487305,279
8637,MDFIC2,21.32073211669922,18.8668270111084,279
8638,MDGA1,50.06414794921875,-13.97339153289795,182
8639,MDGA2,48.15208053588867,-14.753995895385742,181
8640,MDH1,68.79728698730469,7.210631847381592,356
8641,MDH1B,28.050825119018555,3.550642251968384,307
8642,MDH2,68.25526428222656,8.261216163635254,356
8643,MDK,71.1845474243164,-16.086288452148438,215
8644,MDM1,0.15783196687698364,5.531449317932129,411
8645,MDM2,17.764097213745117,7.369124412536621,380
8646,MDM4,17.685531616210938,7.392162799835205,380
8647,MDP1,48.32114791870117,7.966361999511719,433
8648,ME1,68.0602798461914,3.861675500869751,357
8649,ME2,67.07769775390625,4.220526218414307,357
8650,MEA1,22.327608108520508,14.330001831054688,290
8651,MEAF6,21.27263832092285,11.854537963867188,345
8652,MEAK7,41.989376068115234,3.5334174633026123,432
8653,MECOM,-28.988813400268555,10.684599876403809,144
8654,MECR,55.536251068115234,4.152150630950928,440
8655,MED1,-4.348247528076172,7.860117435455322,271
8656,MED10,34.897789001464844,13.493191719055176,367
8657,MED11,34.26712417602539,13.611824035644531,367
8658,MED12L,12.654314994812012,-7.204164028167725,277
8659,MED13,12.888992309570312,-6.7700676918029785,277
8660,MED13L,12.553775787353516,-6.8689494132995605,277
8661,MED15,-15.843266487121582,11.044944763183594,273
8662,MED16,31.828222274780273,-1.3339383602142334,336
8663,MED17,27.185842514038086,4.233582019805908,308
8664,MED18,35.754817962646484,9.509993553161621,369
8665,MED19,13.427708625793457,8.56909465789795,379
8666,MED20,36.16394805908203,7.652403831481934,369
8667,MED21,32.09151077270508,12.008060455322266,455
8668,MED22,32.82292175292969,11.421024322509766,445
8669,MED24,23.798667907714844,-5.565324306488037,310
8670,MED25,-12.942147254943848,9.140608787536621,272
8671,MED26,1.8007005453109741,10.503230094909668,320
8672,MED27,30.20108985900879,9.402811050415039,428
8673,MED28,30.040847778320312,11.255656242370605,427
8674,MED29,28.18010711669922,12.138232231140137,442
8675,MED30,30.879240036010742,11.223636627197266,454
8676,MED31,33.39115905761719,11.439606666564941,445
8677,MED4,30.77861976623535,11.180444717407227,454
8678,MED6,32.608848571777344,11.16948413848877,445
8679,MED7,30.872947692871094,10.879568099975586,454
8680,MED8,31.692567825317383,11.587564468383789,455
8681,MED9,26.20806312561035,12.1737699508667,351
8682,MEDAG,27.50240707397461,9.686127662658691,447
8683,MEF2A,-11.701194763183594,12.506555557250977,269
8684,MEF2B,-12.164647102355957,16.00387191772461,234
8685,MEF2C,-12.240828514099121,12.54293155670166,269
8686,MEF2D,-11.209371566772461,12.144511222839355,269
8687,MEFV,-61.31470489501953,4.377786636352539,28
8688,MEGF10,62.253326416015625,-17.405597686767578,197
8689,MEGF11,63.9004020690918,-17.5120849609375,197
8690,MEGF6,61.678077697753906,-17.64192008972168,197
8691,MEGF8,51.85393524169922,-17.321781158447266,168
8692,MEGF9,63.081214904785156,-15.427377700805664,197
8693,MEI1,25.320180892944336,-5.076910495758057,310
8694,MEI4,24.31350326538086,4.4086737632751465,421
8695,MEIG1,22.0627384185791,14.540549278259277,290
8696,MEIKIN,6.116794109344482,11.844398498535156,330
8697,MEIOB,37.6568717956543,0.90193772315979,432
8698,MEIOC,0.2920874357223511,7.075888156890869,411
8699,MEIS1,-17.4390926361084,13.831241607666016,190
8700,MEIS2,-17.547956466674805,14.333477973937988,190
8701,MEIS3,-15.417312622070312,14.291067123413086,190
8702,MELK,54.01349639892578,36.96498489379883,69
8703,MELTF,64.43899536132812,-9.598637580871582,211
8704,MEMO1,49.12171936035156,1.3795835971832275,296
8705,MEN1,20.281723022460938,4.048804759979248,373
8706,MEOX1,-25.34710693359375,21.138704299926758,194
8707,MEOX2,-24.760461807250977,20.142711639404297,194
8708,MEP1A,62.52035903930664,-12.037495613098145,202
8709,MEP1B,61.72287368774414,-9.812307357788086,203
8710,MEPCE,10.70509147644043,9.690033912658691,379
8711,MEPE,2.7095038890838623,17.919286727905273,275
8712,MERTK,67.91012573242188,32.80614471435547,64
8713,MESD,56.10369110107422,-7.141589641571045,185
8714,MESP1,-7.1223554611206055,18.190080642700195,238
8715,MESP2,-7.320295810699463,18.115610122680664,238
8716,MEST,58.144351959228516,-1.1600432395935059,288
8717,MET,68.22493743896484,32.29258346557617,64
8718,METAP1,53.61478042602539,6.4195661544799805,453
8719,METAP1D,54.68143844604492,6.8935370445251465,441
8720,METAP2,35.54971694946289,10.453704833984375,369
8721,METRN,70.72039031982422,-10.886301040649414,218
8722,METRNL,73.7017593383789,-11.797806739807129,218
8723,METTL1,49.33848190307617,8.052146911621094,434
8724,METTL14,32.23573684692383,6.691591262817383,451
8725,METTL15,55.263465881347656,6.072525978088379,441
8726,METTL16,40.75175857543945,7.461964130401611,391
8727,METTL17,52.16874313354492,8.107414245605469,431
8728,METTL18,47.08220672607422,7.036740779876709,433
8729,METTL21A,51.265045166015625,6.946202278137207,431
8730,METTL21C,50.63934326171875,6.514123439788818,457
8731,METTL22,41.78423309326172,5.013855457305908,432
8732,METTL23,52.60454177856445,6.1178789138793945,452
8733,METTL24,74.10594177246094,-4.6660871505737305,205
8734,METTL25,38.16500473022461,5.200822353363037,432
8735,METTL26,57.470237731933594,7.420784950256348,349
8736,METTL27,55.333045959472656,4.887558460235596,440
8737,METTL2A,42.9054069519043,7.212279796600342,436
8738,METTL2B,42.618934631347656,6.827371120452881,436
8739,METTL3,42.74371337890625,5.0904860496521,429
8740,METTL4,33.30453872680664,4.574207305908203,443
8741,METTL5,50.04036331176758,8.314699172973633,431
8742,METTL6,47.03009033203125,6.767239093780518,433
8743,METTL7A,58.69953918457031,0.8178379535675049,288
8744,METTL7B,59.96115493774414,0.47114092111587524,288
8745,METTL8,44.05326461791992,6.802304267883301,436
8746,METTL9,49.57044219970703,3.68422532081604,423
8747,MEX3A,-3.39475417137146,13.695387840270996,145
8748,MEX3B,-2.4222660064697266,13.471654891967773,145
8749,MEX3C,7.317330360412598,11.557599067687988,330
8750,MEX3D,-1.5111016035079956,13.604046821594238,145
8751,MFAP1,32.106597900390625,13.304765701293945,448
8752,MFAP2,74.73053741455078,-15.045330047607422,219
8753,MFAP3,29.783153533935547,-12.733111381530762,98
8754,MFAP3L,29.04105567932129,-13.626501083374023,98
8755,MFAP4,73.13001251220703,-11.730765342712402,218
8756,MFAP5,75.94049835205078,-15.509716987609863,219
8757,MFF,17.220491409301758,7.07275915145874,380
8758,MFGE8,62.4498291015625,-14.058055877685547,197
8759,MFHAS1,93.11781311035156,19.989755630493164,83
8760,MFN1,32.2138786315918,-0.20973633229732513,336
8761,MFN2,32.88251876831055,1.4274327754974365,337
8762,MFNG,73.67631530761719,-5.190337181091309,205
8763,MFRP,63.476898193359375,-14.575742721557617,197
8764,MFSD1,19.819387435913086,-26.831329345703125,137
8765,MFSD10,18.843311309814453,-27.70974349975586,137
8766,MFSD11,19.675832748413086,-27.930187225341797,137
8767,MFSD12,18.836345672607422,-27.53089714050293,137
8768,MFSD13A,18.587528228759766,-24.487762451171875,161
8769,MFSD14A,19.129722595214844,-26.68924903869629,137
8770,MFSD14B,19.267038345336914,-26.850196838378906,137
8771,MFSD2A,19.768959045410156,-28.3194580078125,137
8772,MFSD2B,18.633708953857422,-25.937294006347656,137
8773,MFSD3,18.874744415283203,-26.304574966430664,137
8774,MFSD4A,19.098974227905273,-28.16151237487793,137
8775,MFSD5,18.904226303100586,-23.60198211669922,161
8776,MFSD6,22.854684829711914,-27.22418785095215,138
8777,MFSD6L,18.901613235473633,-27.145599365234375,137
8778,MFSD8,19.829471588134766,-27.099523544311523,137
8779,MFSD9,18.388572692871094,-26.81540298461914,137
8780,MGA,-8.855875968933105,5.441038131713867,272
8781,MGAM,60.75675582885742,-4.9440789222717285,214
8782,MGAM2,59.72440719604492,-6.296065807342529,214
8783,MGARP,8.3494873046875,17.055419921875,331
8784,MGAT1,75.7435073852539,-4.921741485595703,205
8785,MGAT2,77.9131851196289,-4.872508525848389,199
8786,MGAT3,74.71345520019531,-4.8873209953308105,205
8787,MGAT4A,72.82991790771484,-5.301920413970947,205
8788,MGAT4B,72.89553833007812,-5.432738780975342,205
8789,MGAT4D,73.66960144042969,-5.076836109161377,205
8790,MGAT5,73.97246551513672,-4.089371204376221,205
8791,MGAT5B,73.22142028808594,-4.938337802886963,205
8792,MGLL,55.094398498535156,4.608009338378906,440
8793,MGME1,44.56803512573242,6.127005100250244,436
8794,MGMT,52.8319091796875,7.421602249145508,452
8795,MGP,88.58165740966797,-15.953901290893555,107
8796,MGRN1,15.246001243591309,5.7710723876953125,409
8797,MGST1,14.486154556274414,-22.817428588867188,159
8798,MGST2,13.078279495239258,-23.188552856445312,156
8799,MGST3,13.019699096679688,-23.103239059448242,156
8800,MIA,79.59115600585938,-17.52468490600586,200
8801,MIA2,19.21572494506836,-36.71305465698242,137
8802,MIA3,-4.227512836456299,2.773715019226074,300
8803,MIB1,68.79622650146484,24.224620819091797,82
8804,MIB2,68.77619171142578,24.277334213256836,82
8805,MICA,-2.7632248401641846,48.70960998535156,34
8806,MICAL1,14.378320693969727,-1.5833905935287476,375
8807,MICAL2,5.782223701477051,-1.7205264568328857,389
8808,MICAL3,3.386624813079834,-0.28032776713371277,389
8809,MICALL1,3.5582101345062256,8.192566871643066,403
8810,MICALL2,2.6580467224121094,8.690337181091309,403
8811,MICB,-2.468202829360962,48.77323532104492,34
8812,MICOS10,67.33424377441406,16.62122917175293,163
8813,MICOS13,66.92554473876953,16.387922286987305,163
8814,MICU1,-39.89337158203125,-6.860365390777588,44
8815,MICU2,-38.953250885009766,-6.595444202423096,43
8816,MICU3,-38.22713851928711,-6.428145408630371,43
8817,MIDN,1.546277403831482,12.568212509155273,320
8818,MIEF1,39.03823471069336,4.249531269073486,432
8819,MIEF2,38.81761932373047,-1.5196260213851929,285
8820,MIEN1,47.70050811767578,13.126598358154297,322
8821,MIER1,16.587297439575195,9.98157787322998,382
8822,MIER2,10.681242942810059,9.422807693481445,379
8823,MIER3,13.281984329223633,9.978249549865723,379
8824,MIF,50.991878509521484,12.482305526733398,243
8825,MIF4GD,34.253089904785156,4.754029273986816,443
8826,MIGA1,25.055997848510742,1.2953804731369019,308
8827,MIGA2,23.628665924072266,1.0149822235107422,301
8828,MIIP,11.621505737304688,13.757126808166504,330
8829,MILR1,12.85558032989502,31.8687686920166,222
8830,MINAR1,2.5218653678894043,7.275307655334473,412
8831,MINAR2,20.77472686767578,19.05167579650879,279
8832,MINDY1,28.14339828491211,7.505262851715088,450
8833,MINDY2,25.141605377197266,8.169121742248535,420
8834,MINDY3,37.27456283569336,2.772307872772217,438
8835,MINDY4,14.764479637145996,2.951240062713623,366
8836,MINDY4B,31.2520751953125,4.776151657104492,444
8837,MINK1,-0.5649025440216064,-1.6126281023025513,240
8838,MINPP1,60.17588806152344,-1.2108029127120972,288
8839,MIOS,50.91856384277344,22.65643882751465,70
8840,MIOX,56.41317367553711,4.6222734451293945,440
8841,MIP,-28.755413055419922,-18.489957809448242,50
8842,MIPEP,49.702667236328125,1.5636179447174072,296
8843,MIPOL1,-11.212220191955566,-2.346918821334839,258
8844,MIS12,26.7830753326416,10.099964141845703,410
8845,MIS18A,32.64289474487305,9.580158233642578,428
8846,MIS18BP1,5.672173023223877,6.873793601989746,401
8847,MISP,1.3859305381774902,10.177545547485352,320
8848,MISP3,15.704610824584961,14.316359519958496,341
8849,MITD1,46.90179443359375,7.393802165985107,433
8850,MITF,-8.856114387512207,13.673890113830566,237
8851,MIXL1,-19.412002563476562,20.616809844970703,194
8852,MKKS,44.32304382324219,3.0872366428375244,435
8853,MKLN1,25.827695846557617,0.5478029847145081,309
8854,MKNK1,57.99813461303711,37.09129333496094,69
8855,MKNK2,56.857330322265625,37.359397888183594,69
8856,MKRN1,20.496810913085938,8.022249221801758,398
8857,MKRN2,20.86956787109375,7.839630603790283,398
8858,MKRN2OS,45.81504821777344,6.757725238800049,436
8859,MKRN3,18.65592384338379,8.344064712524414,383
8860,MKS1,37.50950622558594,2.942824125289917,438
8861,MKX,-9.278931617736816,17.796369552612305,241
8862,MLANA,17.412311553955078,24.741262435913086,224
8863,MLC1,1.9376206398010254,-21.201894760131836,105
8864,MLEC,55.21516036987305,-7.570186614990234,185
8865,MLF1,21.83445930480957,10.843838691711426,385
8866,MLF2,23.230369567871094,10.41401481628418,390
8867,MLH1,34.71030807495117,4.443026542663574,443
8868,MLH3,2.360872268676758,6.478944301605225,412
8869,MLIP,0.9137148261070251,8.303389549255371,320
8870,MLKL,38.73091506958008,-2.175002336502075,285
8871,MLLT1,6.80723762512207,10.388829231262207,404
8872,MLLT10,-11.13029956817627,8.32641887664795,272
8873,MLLT11,22.115659713745117,15.794560432434082,280
8874,MLLT3,4.530882835388184,10.749199867248535,320
8875,MLLT6,-7.881831169128418,7.82094669342041,272
8876,MLN,90.84320068359375,-16.52456283569336,107
8877,MLNR,-104.11054992675781,-19.47432518005371,14
8878,MLPH,7.721580982208252,1.367149829864502,354
8879,MLST8,51.67043685913086,23.62482452392578,70
8880,MLX,27.827030181884766,11.872387886047363,442
8881,MLXIP,-5.880683422088623,12.211790084838867,192
8882,MLXIPL,-3.372211217880249,12.43774127960205,192
8883,MMAA,56.91624069213867,8.472086906433105,327
8884,MMAB,55.483184814453125,9.138248443603516,353
8885,MMACHC,45.372840881347656,5.553674697875977,436
8886,MMADHC,59.38449478149414,10.799139022827148,328
8887,MMD,12.332751274108887,-24.467666625976562,157
8888,MMD2,12.101846694946289,-24.461942672729492,157
8889,MME,60.71637725830078,-3.98681378364563,212
8890,MMEL1,61.51036834716797,-3.8956832885742188,212
8891,MMP1,68.27375793457031,-11.188353538513184,217
8892,MMP10,68.57437896728516,-11.224637031555176,217
8893,MMP11,67.47864532470703,-10.856122016906738,217
8894,MMP12,68.3673324584961,-11.153828620910645,217
8895,MMP13,68.2942123413086,-10.900696754455566,217
8896,MMP14,67.47161102294922,-11.147483825683594,217
8897,MMP15,66.9461441040039,-10.769133567810059,217
8898,MMP16,67.11705780029297,-10.883617401123047,217
8899,MMP17,67.08927154541016,-10.552450180053711,217
8900,MMP19,67.80168151855469,-10.922523498535156,217
8901,MMP2,66.82152557373047,-11.407485961914062,217
8902,MMP20,68.6705322265625,-11.05776309967041,217
8903,MMP21,67.22319030761719,-10.733692169189453,217
8904,MMP23B,67.13780975341797,-10.59930419921875,217
8905,MMP24,66.48628997802734,-11.047468185424805,217
8906,MMP24OS,24.82265281677246,13.396904945373535,351
8907,MMP25,67.1474380493164,-10.919251441955566,217
8908,MMP26,68.75883483886719,-10.588178634643555,217
8909,MMP27,68.33535766601562,-11.105010032653809,217
8910,MMP28,67.80084228515625,-10.995838165283203,217
8911,MMP3,68.4940185546875,-11.12377643585205,217
8912,MMP7,67.95928955078125,-11.07690143585205,217
8913,MMP8,68.02935791015625,-10.860394477844238,217
8914,MMP9,67.14774322509766,-10.827662467956543,217
8915,MMRN1,84.1218490600586,-11.180198669433594,110
8916,MMRN2,85.54692840576172,-11.218429565429688,110
8917,MMS19,26.65928077697754,-4.317092418670654,319
8918,MMS22L,22.93642807006836,-6.096360683441162,310
8919,MMUT,69.31124877929688,5.522878170013428,356
8920,MN1,-12.063475608825684,9.58655071258545,272
8921,MNAT1,27.7453670501709,11.082995414733887,427
8922,MND1,30.32450294494629,10.146194458007812,427
8923,MNDA,32.97003936767578,0.6889236569404602,337
8924,MNS1,-13.136151313781738,-0.9656724333763123,255
8925,MNT,-14.507769584655762,10.31786060333252,273
8926,MNX1,-23.616863250732422,20.041902542114258,194
8927,MOAP1,20.04107093811035,12.837730407714844,345
8928,MOB1A,27.20610237121582,2.093536376953125,309
8929,MOB1B,27.36292839050293,1.9526127576828003,309
8930,MOB2,26.441421508789062,1.8288220167160034,309
8931,MOB3A,26.80451011657715,1.9705559015274048,309
8932,MOB3B,27.583410263061523,1.8462467193603516,309
8933,MOB3C,25.97772789001465,1.4843480587005615,309
8934,MOB4,32.414974212646484,2.01943039894104,402
8935,MOBP,11.361120223999023,17.858686447143555,329
8936,MOCOS,54.58354949951172,-0.04231485351920128,270
8937,MOCS1,57.53853988647461,5.522366046905518,349
8938,MOCS2,50.643245697021484,9.734725952148438,431
8939,MOCS3,44.02096176147461,5.262903690338135,436
8940,MOG,14.449338912963867,35.456398010253906,176
8941,MOGAT1,59.749916076660156,0.25620749592781067,288
8942,MOGAT2,58.55961227416992,0.04321422055363655,288
8943,MOGAT3,59.56233215332031,-0.03676808252930641,288
8944,MOGS,68.06879425048828,-4.7256178855896,204
8945,MOK,55.2086067199707,38.10380935668945,69
8946,MON1A,25.99495506286621,2.3699584007263184,308
8947,MON1B,28.25306510925293,2.0675721168518066,307
8948,MORC1,14.410136222839355,5.877878189086914,381
8949,MORC2,14.050252914428711,6.420423984527588,381
8950,MORC3,10.33057975769043,5.962310791015625,395
8951,MORF4L1,33.756248474121094,8.498775482177734,364
8952,MORN1,34.025577545166016,0.7454060316085815,337
8953,MORN2,33.84688186645508,0.8877721428871155,337
8954,MORN3,33.43550109863281,0.6592622995376587,337
8955,MORN4,35.29649353027344,1.2081422805786133,337
8956,MORN5,33.122074127197266,0.8634219169616699,337
8957,MOS,56.430477142333984,37.62688446044922,69
8958,MOSMO,-0.7095259428024292,-23.439664840698242,104
8959,MOSPD3,24.682554244995117,15.784384727478027,290
8960,MOV10,37.89134979248047,-0.7790571451187134,285
8961,MOV10L1,32.929832458496094,1.4467746019363403,337
8962,MOXD1,65.19873046875,-7.114211082458496,211
8963,MPC1,66.89793395996094,16.262222290039062,163
8964,MPC2,67.56212615966797,16.148649215698242,163
8965,MPDU1,13.541354179382324,-22.908248901367188,156
8966,MPDZ,5.126946449279785,-1.2698196172714233,389
8967,MPEG1,65.76062774658203,-7.109816074371338,212
8968,MPG,50.38033676147461,8.103190422058105,431
8969,MPHOSPH10,35.35346221923828,13.18736743927002,367
8970,MPHOSPH6,32.420738220214844,13.520059585571289,448
8971,MPHOSPH8,11.944283485412598,9.77498722076416,379
8972,MPHOSPH9,1.5619215965270996,5.838775634765625,411
8973,MPI,50.10026168823242,4.278547286987305,414
8974,MPIG6B,14.274231910705566,32.5753059387207,223
8975,MPL,21.25853729248047,31.213489532470703,233
8976,MPLKIP,-12.058216094970703,10.412946701049805,272
8977,MPND,22.288867950439453,10.024657249450684,385
8978,MPO,62.81924819946289,-6.392951488494873,212
8979,MPP2,21.212608337402344,2.367208957672119,400
8980,MPP3,18.029726028442383,1.5148581266403198,417
8981,MPP4,19.538450241088867,0.8948622345924377,417
8982,MPP7,17.22791862487793,0.5940349698066711,417
8983,MPPE1,55.38723373413086,0.9711318016052246,291
8984,MPPED1,51.72889709472656,5.064106464385986,439
8985,MPPED2,38.931304931640625,2.2206716537475586,432
8986,MPST,59.23590087890625,7.435146331787109,349
8987,MPV17,17.710779190063477,-18.260316848754883,128
8988,MPV17L,15.232698440551758,-22.222232818603516,159
8989,MPV17L2,17.803285598754883,-18.411054611206055,128
8990,MPZ,19.108009338378906,29.69803810119629,230
8991,MPZL1,19.084081649780273,29.687116622924805,230
8992,MPZL2,19.402559280395508,29.95816993713379,230
8993,MPZL3,18.23976707458496,30.081871032714844,230
8994,MR1,-2.388378858566284,48.72083282470703,34
8995,MRAP,19.531841278076172,23.783214569091797,228
8996,MRAP2,19.556442260742188,24.175783157348633,228
8997,MRAS,-11.651637077331543,-44.594627380371094,27
8998,MRC1,60.06195831298828,-14.855911254882812,197
8999,MRC2,61.654544830322266,-15.977572441101074,197
9000,MRE11,12.001083374023438,5.419161319732666,381
9001,MREG,28.84128189086914,10.344452857971191,427
9002,MRFAP1,22.0999755859375,15.191408157348633,280
9003,MRFAP1L1,23.624866485595703,14.81106948852539,290
9004,MRGBP,22.111597061157227,10.252279281616211,385
9005,MRGPRD,-113.1329574584961,-19.789819717407227,14
9006,MRGPRE,-108.3658447265625,-19.31795310974121,14
9007,MRGPRF,-110.2872085571289,-19.449670791625977,14
9008,MRGPRG,-113.41456604003906,-19.97846221923828,14
9009,MRGPRX1,-114.72307586669922,-20.12896728515625,14
9010,MRGPRX2,-113.94261169433594,-19.881284713745117,14
9011,MRGPRX3,-113.6597671508789,-19.84752655029297,14
9012,MRGPRX4,-114.28096771240234,-19.958393096923828,14
9013,MRI1,60.822261810302734,5.130187511444092,349
9014,MRLN,20.21422576904297,22.78620147705078,228
9015,MRM1,49.81009292602539,6.643392086029053,457
9016,MRM2,52.055355072021484,8.106184005737305,431
9017,MRM3,51.87374496459961,7.793630123138428,431
9018,MRNIP,9.2708740234375,13.43018627166748,330
9019,MRO,31.79566764831543,6.184347629547119,451
9020,MROH1,21.59247398376465,-6.375934600830078,278
9021,MROH2A,20.97588539123535,-6.446530818939209,278
9022,MROH2B,21.18168830871582,-6.2426252365112305,278
9023,MROH5,21.813749313354492,-6.104594707489014,278
9024,MROH6,33.24675369262695,-1.356273889541626,294
9025,MROH7,21.461753845214844,-5.335579872131348,278
9026,MROH8,23.426359176635742,-5.686563491821289,310
9027,MROH9,23.735933303833008,-5.100716590881348,310
9028,MRPL1,61.11229705810547,13.364625930786133,287
9029,MRPL10,58.473724365234375,11.659245491027832,328
9030,MRPL11,61.412742614746094,14.217045783996582,287
9031,MRPL12,59.86751174926758,11.886098861694336,287
9032,MRPL13,61.06951904296875,14.242297172546387,287
9033,MRPL14,61.731536865234375,14.31332778930664,287
9034,MRPL15,60.70467758178711,13.737685203552246,287
9035,MRPL16,61.50266647338867,13.718852043151855,287
9036,MRPL17,60.28083419799805,14.198458671569824,287
9037,MRPL18,60.9329833984375,14.267611503601074,287
9038,MRPL19,60.93043899536133,13.324010848999023,287
9039,MRPL2,61.39402770996094,13.957021713256836,287
9040,MRPL20,61.1899528503418,14.526013374328613,287
9041,MRPL21,60.97862243652344,13.427779197692871,287
9042,MRPL22,61.02531814575195,13.85250473022461,287
9043,MRPL23,61.35911178588867,14.169989585876465,287
9044,MRPL24,60.00457763671875,14.038732528686523,287
9045,MRPL27,61.470455169677734,14.394573211669922,287
9046,MRPL28,61.18410873413086,14.053682327270508,287
9047,MRPL3,61.08781814575195,13.446365356445312,287
9048,MRPL30,60.61125946044922,13.706530570983887,287
9049,MRPL32,60.609798431396484,13.24418830871582,287
9050,MRPL33,60.3067512512207,15.158357620239258,287
9051,MRPL34,60.94683837890625,14.21147632598877,287
9052,MRPL35,60.918643951416016,13.772435188293457,287
9053,MRPL36,61.030303955078125,14.441311836242676,287
9054,MRPL37,52.43381118774414,8.661959648132324,431
9055,MRPL38,55.54304504394531,8.558719635009766,353
9056,MRPL39,57.444583892822266,10.451776504516602,327
9057,MRPL4,60.747032165527344,13.462092399597168,287
9058,MRPL40,60.95741271972656,14.021075248718262,287
9059,MRPL41,60.74822235107422,14.929560661315918,287
9060,MRPL43,56.45939254760742,14.708992004394531,282
9061,MRPL44,45.03789520263672,8.016453742980957,436
9062,MRPL45,60.47654342651367,11.952271461486816,287
9063,MRPL46,56.230613708496094,10.019259452819824,327
9064,MRPL47,60.9383659362793,13.85076904296875,287
9065,MRPL48,60.97784423828125,13.664302825927734,287
9066,MRPL49,57.34963607788086,11.631113052368164,327
9067,MRPL50,59.55928421020508,12.878164291381836,287
9068,MRPL51,61.764686584472656,14.936549186706543,287
9069,MRPL52,60.91158676147461,14.635440826416016,287
9070,MRPL53,58.54594421386719,15.403741836547852,282
9071,MRPL54,60.926475524902344,14.069601058959961,287
9072,MRPL55,61.07508850097656,14.008919715881348,287
9073,MRPL57,60.172340393066406,14.825600624084473,287
9074,MRPL58,59.61357879638672,12.403904914855957,287
9075,MRPL9,60.930503845214844,13.605100631713867,287
9076,MRPS10,60.99542999267578,13.756775856018066,287
9077,MRPS11,61.1572380065918,13.938172340393066,287
9078,MRPS12,61.90597152709961,14.257993698120117,287
9079,MRPS14,61.00955581665039,14.081462860107422,287
9080,MRPS15,61.448978424072266,13.834144592285156,287
9081,MRPS16,61.67314147949219,14.234996795654297,287
9082,MRPS17,60.52289581298828,14.061824798583984,287
9083,MRPS18A,60.78388977050781,13.462066650390625,287
9084,MRPS18B,60.95750427246094,13.057409286499023,287
9085,MRPS18C,60.7757568359375,13.051876068115234,287
9086,MRPS2,61.03162384033203,13.115129470825195,287
9087,MRPS21,61.17961120605469,14.589116096496582,287
9088,MRPS22,60.474090576171875,12.93748950958252,287
9089,MRPS23,61.24867630004883,14.6898193359375,287
9090,MRPS24,58.10714340209961,11.083297729492188,328
9091,MRPS25,60.88470458984375,14.951621055603027,287
9092,MRPS26,58.3560905456543,14.074128150939941,287
9093,MRPS27,36.18702697753906,1.416124939918518,432
9094,MRPS28,58.43245315551758,11.050646781921387,328
9095,MRPS30,51.70235824584961,8.245702743530273,431
9096,MRPS31,59.305904388427734,12.748323440551758,328
9097,MRPS33,61.04574966430664,15.2710542678833,287
9098,MRPS34,53.44477081298828,12.477636337280273,196
9099,MRPS35,60.99544143676758,13.110321998596191,287
9100,MRPS36,60.60527420043945,14.262493133544922,287
9101,MRPS5,59.59430694580078,12.303247451782227,328
9102,MRPS6,60.13267517089844,14.703042030334473,287
9103,MRPS7,61.31345748901367,13.642322540283203,287
9104,MRPS9,61.04613494873047,13.361769676208496,287
9105,MRRF,57.59498596191406,9.479094505310059,327
9106,MRS2,55.8348503112793,8.526346206665039,353
9107,MRTFA,-11.045034408569336,9.72436809539795,272
9108,MRTFB,-11.773216247558594,9.553668975830078,272
9109,MRTO4,43.45922088623047,12.45750617980957,347
9110,MS4A1,0.178251251578331,-21.003822326660156,103
9111,MS4A10,1.612323522567749,-20.895801544189453,105
9112,MS4A12,-0.35316458344459534,-20.7889461517334,103
9113,MS4A13,0.6560598611831665,-21.10404396057129,103
9114,MS4A14,2.8705496788024902,16.681501388549805,275
9115,MS4A15,-0.35948294401168823,-20.73070526123047,103
9116,MS4A18,0.12451212853193283,-20.07655906677246,103
9117,MS4A2,0.014171484857797623,-20.90983772277832,103
9118,MS4A3,-0.13996244966983795,-20.810903549194336,103
9119,MS4A4A,-0.3756943941116333,-20.81329917907715,103
9120,MS4A4E,-0.23604390025138855,-20.747961044311523,103
9121,MS4A5,0.15403303503990173,-20.925291061401367,103
9122,MS4A6A,-0.818507969379425,-20.697418212890625,103
9123,MS4A6E,-0.41460710763931274,-20.799957275390625,103
9124,MS4A7,-0.3906395137310028,-20.88545799255371,103
9125,MS4A8,-0.5772491097450256,-20.627981185913086,103
9126,MSANTD1,15.801859855651855,12.808890342712402,341
9127,MSANTD2,19.253753662109375,10.799429893493652,384
9128,MSANTD3,18.29072380065918,12.764505386352539,346
9129,MSANTD4,23.108963012695312,12.475752830505371,343
9130,MSC,-10.074752807617188,18.858810424804688,241
9131,MSGN1,-9.973184585571289,18.858667373657227,241
9132,MSH2,35.003910064697266,2.5049946308135986,437
9133,MSH3,30.03896141052246,2.0977349281311035,307
9134,MSH4,28.593902587890625,2.6121203899383545,307
9135,MSH5,38.99580001831055,2.522017240524292,432
9136,MSH6,32.46590042114258,2.629343032836914,402
9137,MSI1,-20.144107818603516,12.436963081359863,264
9138,MSI2,-19.9183349609375,12.954776763916016,264
9139,MSL1,12.589865684509277,11.769599914550781,335
9140,MSL2,-25.234716415405273,10.418691635131836,144
9141,MSLN,40.2347412109375,-2.9734315872192383,286
9142,MSLNL,37.162437438964844,-2.3906872272491455,285
9143,MSMB,79.99774932861328,-17.485225677490234,206
9144,MSMO1,11.080263137817383,-24.91839599609375,146
9145,MSMP,78.15693664550781,-16.16548728942871,200
9146,MSR1,92.49895477294922,-11.379708290100098,93
9147,MSRA,38.91267013549805,8.49455451965332,361
9148,MSRB1,47.856040954589844,11.466437339782715,304
9149,MSRB2,57.52793502807617,10.701045036315918,327
9150,MSRB3,56.71489715576172,9.403138160705566,327
9151,MSS51,38.81098556518555,5.177245140075684,432
9152,MST1,67.99047088623047,-18.921710968017578,118
9153,MST1R,68.38728332519531,32.555931091308594,64
9154,MSTN,78.43513488769531,-11.14486312866211,188
9155,MSTO1,43.06770706176758,3.3977158069610596,429
9156,MSX1,-22.676881790161133,20.760576248168945,194
9157,MSX2,-21.92258644104004,21.032821655273438,194
9158,MT1A,-22.263933181762695,-75.48744201660156,4
9159,MT1B,-21.897146224975586,-75.05945587158203,4
9160,MT1E,-21.89081382751465,-74.9736099243164,4
9161,MT1F,-22.328439712524414,-75.39266967773438,4
9162,MT1G,-22.050111770629883,-74.92320251464844,4
9163,MT1H,-22.320173263549805,-75.00536346435547,4
9164,MT1HL1,-22.202390670776367,-74.78651428222656,4
9165,MT1M,-22.218082427978516,-74.80967712402344,4
9166,MT1X,-22.457307815551758,-74.89319610595703,4
9167,MT2A,-22.34803581237793,-75.37008666992188,4
9168,MT3,-21.950937271118164,-75.45060729980469,4
9169,MT4,-22.228708267211914,-74.76255798339844,4
9170,MTA1,12.476622581481934,7.442220211029053,396
9171,MTA2,11.467002868652344,7.021082878112793,396
9172,MTA3,13.98222827911377,7.0536208152771,381
9173,MTAP,58.59637451171875,5.870275974273682,349
9174,MTBP,26.352832794189453,2.8064723014831543,308
9175,MTCH1,36.63200378417969,-38.8251838684082,39
9176,MTCH2,37.11521911621094,-39.33137512207031,39
9177,MTCL1,-3.821316719055176,-1.8603163957595825,254
9178,MTDH,3.698493719100952,8.21540641784668,403
9179,MTERF1,44.32678985595703,4.523073673248291,436
9180,MTERF2,43.795963287353516,4.958181858062744,436
9181,MTERF3,47.1017951965332,6.744908809661865,433
9182,MTERF4,38.28352355957031,8.297371864318848,425
9183,MTF1,-29.383865356445312,11.089703559875488,144
9184,MTF2,15.122978210449219,7.51840353012085,359
9185,MTFMT,53.395469665527344,6.324091911315918,453
9186,MTFP1,18.49330711364746,-19.160850524902344,140
9187,MTFR1,-2.176232099533081,2.7924890518188477,300
9188,MTFR1L,11.371857643127441,14.680658340454102,342
9189,MTFR2,-1.267719030380249,2.8770864009857178,299
9190,MTG1,53.34449005126953,6.556748390197754,453
9191,MTG2,56.378692626953125,6.97275447845459,349
9192,MTHFD1,64.58171844482422,5.266782283782959,358
9193,MTHFD1L,64.97410583496094,5.181229114532471,358
9194,MTHFD2,61.05290222167969,6.582154750823975,355
9195,MTHFD2L,60.45095443725586,6.668777942657471,349
9196,MTHFR,50.03044509887695,1.2983421087265015,296
9197,MTHFS,51.60883712768555,6.75044584274292,452
9198,MTHFSD,51.40927505493164,6.371562480926514,439
9199,MTIF2,51.03194046020508,5.965702056884766,439
9200,MTIF3,59.162784576416016,12.150341987609863,328
9201,MTLN,23.50680923461914,21.87810516357422,228
9202,MTMR10,31.29458999633789,1.4752156734466553,402
9203,MTMR11,38.532474517822266,-1.2749414443969727,285
9204,MTMR12,29.403589248657227,1.2798936367034912,306
9205,MTMR14,19.381505966186523,4.804326057434082,372
9206,MTMR2,25.926929473876953,0.8041284084320068,309
9207,MTMR3,6.735651016235352,2.6049747467041016,354
9208,MTMR4,7.575809955596924,2.5803394317626953,354
9209,MTMR6,31.325706481933594,1.9976969957351685,402
9210,MTMR7,17.344274520874023,1.3677562475204468,417
9211,MTMR9,29.34471893310547,1.2686375379562378,306
9212,MTNR1A,-106.02388763427734,-18.367189407348633,14
9213,MTNR1B,-104.10628509521484,-18.81570053100586,14
9214,MTO1,47.2933349609375,3.646632194519043,424
9215,MTOR,17.091249465942383,-7.698288917541504,278
9216,MTPAP,38.176902770996094,5.4342451095581055,432
9217,MTPN,69.18814086914062,24.310949325561523,81
9218,MTR,67.26008605957031,4.851618766784668,357
9219,MTRES1,58.57981872558594,11.331308364868164,328
9220,MTREX,34.613304138183594,1.2331585884094238,337
9221,MTRF1,56.60538864135742,9.065848350524902,327
9222,MTRF1L,57.42559051513672,9.925788879394531,327
9223,MTRR,37.27680587768555,3.6429786682128906,438
9224,MTSS1,6.130763053894043,0.7207149267196655,389
9225,MTSS2,8.297159194946289,0.6748097538948059,365
9226,MTTP,64.76776123046875,-0.9319370985031128,244
9227,MTURN,32.117034912109375,9.880653381347656,428
9228,MTUS1,-0.9648725390434265,3.968371868133545,299
9229,MTUS2,-2.0164787769317627,3.9760072231292725,299
9230,MTX1,54.646575927734375,8.152506828308105,353
9231,MTX2,39.98627853393555,7.430730819702148,391
9232,MTX3,38.56644058227539,6.652957916259766,426
9233,MUC1,9.971685409545898,26.1815242767334,147
9234,MUC13,9.461585998535156,25.84061622619629,147
9235,MUC15,10.165735244750977,25.756763458251953,147
9236,MUC2,54.636653900146484,-17.01255989074707,168
9237,MUC20,8.272374153137207,25.474557876586914,147
9238,MUC21,8.285709381103516,25.562929153442383,147
9239,MUC22,8.153617858886719,25.53809356689453,147
9240,MUC3A,8.12967586517334,25.311643600463867,147
9241,MUC6,56.554351806640625,-16.242427825927734,168
9242,MUC7,5.041866302490234,23.918174743652344,155
9243,MUCL1,28.821943283081055,24.931236267089844,96
9244,MUCL3,7.4376630783081055,25.031755447387695,147
9245,MUL1,20.773685455322266,-14.318876266479492,127
9246,MUS81,44.85129165649414,4.064821243286133,436
9247,MUSK,67.91390991210938,32.67231750488281,64
9248,MUSTN1,20.398908615112305,16.994298934936523,279
9249,MUTYH,45.661983489990234,3.780344247817993,436
9250,MVB12A,20.48331642150879,3.700345516204834,373
9251,MVB12B,18.344924926757812,3.7972118854522705,408
9252,MVD,59.1443977355957,4.051349639892578,349
9253,MVK,59.50654983520508,4.140542984008789,349
9254,MVP,49.29029846191406,0.1358567178249359,296
9255,MX1,41.11103057861328,-4.045382499694824,283
9256,MX2,40.251190185546875,-3.7482759952545166,286
9257,MXD1,-1.2322622537612915,13.641042709350586,145
9258,MXD3,-4.671606063842773,16.099281311035156,237
9259,MXD4,-5.36466121673584,16.022907257080078,237
9260,MXI1,-1.0335040092468262,13.366065979003906,145
9261,MXRA7,19.331514358520508,14.096190452575684,346
9262,MXRA8,17.809907913208008,31.380861282348633,227
9263,MYADM,1.6298803091049194,-22.274301528930664,105
9264,MYADML2,2.0973408222198486,-22.303483963012695,105
9265,MYB,1.3185653686523438,9.782062530517578,320
9266,MYBBP1A,27.943294525146484,-1.7596335411071777,311
9267,MYBL1,6.395646572113037,7.970091819763184,404
9268,MYBL2,4.339089393615723,9.460692405700684,403
9269,MYBPC1,37.396446228027344,-13.016861915588379,80
9270,MYBPC2,37.0908317565918,-12.917500495910645,80
9271,MYBPC3,36.832237243652344,-12.943696022033691,80
9272,MYBPH,36.9615364074707,-12.59742546081543,80
9273,MYBPHL,36.55326843261719,-12.58569622039795,80
9274,MYC,-4.798289775848389,15.33548355102539,237
9275,MYCBP,37.105960845947266,10.518176078796387,370
9276,MYCBPAP,-0.6664449572563171,0.5571229457855225,250
9277,MYCL,-5.2160539627075195,15.958662033081055,237
9278,MYCN,-4.9243011474609375,15.973103523254395,237
9279,MYCT1,18.025846481323242,24.792205810546875,224
9280,MYD88,32.625457763671875,5.316725730895996,443
9281,MYDGF,57.412872314453125,-6.930542469024658,185
9282,MYEF2,-18.842008590698242,7.889033794403076,265
9283,MYEOV,12.30398178100586,20.770095825195312,324
9284,MYF5,-9.704293251037598,18.481067657470703,241
9285,MYF6,-9.550752639770508,18.366662979125977,241
9286,MYH1,3.7636427879333496,-11.12051010131836,87
9287,MYH10,4.258995056152344,-11.032999038696289,87
9288,MYH11,3.9764623641967773,-11.124826431274414,87
9289,MYH13,3.7467191219329834,-11.161493301391602,87
9290,MYH14,4.54291296005249,-10.992703437805176,87
9291,MYH15,3.766650438308716,-11.090457916259766,87
9292,MYH2,3.824115753173828,-11.027270317077637,87
9293,MYH3,3.5894062519073486,-11.087179183959961,87
9294,MYH4,3.880038022994995,-11.054981231689453,87
9295,MYH6,3.1840872764587402,-11.355548858642578,87
9296,MYH7,3.5314724445343018,-11.211999893188477,87
9297,MYH7B,3.715602159500122,-11.126007080078125,87
9298,MYH8,3.6609199047088623,-11.202571868896484,87
9299,MYH9,4.430976390838623,-11.030009269714355,87
9300,MYL1,-43.092323303222656,-7.845484256744385,44
9301,MYL10,-42.24888610839844,-7.522164821624756,44
9302,MYL12A,-42.40311813354492,-7.594438076019287,44
9303,MYL12B,-42.48597717285156,-7.624141693115234,44
9304,MYL2,-42.84196853637695,-7.781276226043701,44
9305,MYL3,-42.88017654418945,-7.767314910888672,44
9306,MYL4,-42.9090690612793,-7.781906604766846,44
9307,MYL5,-42.90180206298828,-7.803542613983154,44
9308,MYL6,-42.706939697265625,-7.730241775512695,44
9309,MYL6B,-43.10521697998047,-7.86811637878418,44
9310,MYL7,-43.06443405151367,-7.852200031280518,44
9311,MYL9,-42.687538146972656,-7.70727014541626,44
9312,MYLIP,22.27375030517578,4.51141881942749,373
9313,MYLK,36.71335220336914,-12.858311653137207,80
9314,MYLK2,56.163326263427734,37.35935974121094,69
9315,MYLK3,55.889671325683594,37.0400390625,69
9316,MYLK4,55.93083953857422,37.7353401184082,69
9317,MYLPF,-42.80918502807617,-7.74329948425293,44
9318,MYMK,11.918548583984375,-23.858121871948242,157
9319,MYMX,18.48201560974121,21.092811584472656,260
9320,MYNN,-31.957244873046875,10.732743263244629,144
9321,MYO10,5.65207052230835,-5.900654315948486,136
9322,MYO15A,18.548973083496094,-9.47968578338623,276
9323,MYO15B,16.600553512573242,-9.101529121398926,278
9324,MYO16,9.245969772338867,-3.258190870285034,365
9325,MYO18A,3.9182121753692627,-11.13640308380127,87
9326,MYO18B,3.7668745517730713,-11.024364471435547,87
9327,MYO19,42.98590850830078,0.9937238097190857,334
9328,MYO1A,6.80219841003418,-6.439208030700684,136
9329,MYO1B,6.375965595245361,-6.151512145996094,136
9330,MYO1C,6.613412380218506,-6.346052646636963,136
9331,MYO1D,6.68474817276001,-6.3809428215026855,136
9332,MYO1E,6.372866153717041,-6.0623779296875,136
9333,MYO1F,6.817645072937012,-6.268309116363525,136
9334,MYO1G,6.90169620513916,-6.3154144287109375,136
9335,MYO1H,6.711129665374756,-6.102571487426758,136
9336,MYO3A,7.126400947570801,-4.815776348114014,136
9337,MYO3B,7.791201591491699,-4.351024627685547,136
9338,MYO5A,3.2374110221862793,-5.653029918670654,136
9339,MYO5B,4.76096248626709,-6.121918201446533,136
9340,MYO5C,3.3140227794647217,-5.973565101623535,136
9341,MYO6,2.71927809715271,-5.553662300109863,136
9342,MYO7A,15.861316680908203,-8.388031959533691,278
9343,MYO7B,14.087240219116211,-8.792916297912598,277
9344,MYO9B,11.644998550415039,-7.031388759613037,277
9345,MYOC,75.84272766113281,-10.502126693725586,188
9346,MYOCD,-9.647750854492188,9.915421485900879,272
9347,MYOCOS,14.317009925842285,17.510005950927734,333
9348,MYOD1,-9.885369300842285,18.478300094604492,241
9349,MYOF,18.40178871154785,-10.143448829650879,276
9350,MYOG,-9.318483352661133,18.147294998168945,241
9351,MYOM1,36.538360595703125,-12.862714767456055,80
9352,MYOM2,36.87295913696289,-12.934257507324219,80
9353,MYOM3,36.920894622802734,-12.95649242401123,80
9354,MYORG,68.77955627441406,-4.70607328414917,204
9355,MYOT,3.7807776927948,3.124171018600464,407
9356,MYOZ1,9.65800952911377,13.407806396484375,330
9357,MYOZ2,7.626422882080078,14.176264762878418,314
9358,MYOZ3,8.313364028930664,13.467073440551758,314
9359,MYPN,4.4242424964904785,3.1513335704803467,407
9360,MYPOP,5.044834136962891,14.163061141967773,314
9361,MYRF,-8.442068099975586,9.717326164245605,272
9362,MYRFL,17.469045639038086,2.796238660812378,408
9363,MYRIP,7.140449047088623,1.2140436172485352,354
9364,MYSM1,12.082839012145996,5.384410858154297,381
9365,MYT1,8.652307510375977,6.470231533050537,387
9366,MYT1L,4.982428550720215,5.535145282745361,401
9367,MYZAP,-9.091185569763184,-2.42885684967041,253
9368,MZB1,57.75465774536133,-6.959679126739502,185
9369,MZF1,-71.04882049560547,-26.67014503479004,31
9370,MZT1,33.50304412841797,10.276000022888184,445
9371,MZT2A,24.350976943969727,14.053656578063965,351
9372,MZT2B,24.460355758666992,13.711786270141602,351
9373,N4BP1,3.8596715927124023,7.187713623046875,403
9374,N4BP2,1.1691933870315552,6.2792558670043945,411
9375,N4BP2L1,24.759443283081055,6.702791690826416,420
9376,N4BP2L2,2.4613990783691406,6.550936698913574,412
9377,N4BP3,-6.943224906921387,-1.539388656616211,257
9378,N6AMT1,50.83030319213867,7.052968502044678,431
9379,NAA11,33.035438537597656,8.856422424316406,364
9380,NAA15,34.02482604980469,-4.783242702484131,295
9381,NAA16,34.41934585571289,-4.886044025421143,295
9382,NAA20,42.8495979309082,10.195046424865723,347
9383,NAA25,29.814693450927734,-4.1505255699157715,313
9384,NAA30,24.5508975982666,9.152976036071777,392
9385,NAA35,25.2058048248291,-1.9620894193649292,317
9386,NAA38,44.0181770324707,13.242910385131836,321
9387,NAA40,39.328041076660156,5.938920497894287,432
9388,NAA50,38.73011016845703,7.1903605461120605,426
9389,NAA60,42.709205627441406,6.030550003051758,436
9390,NAA80,40.29650115966797,5.9649271965026855,432
9391,NAAA,64.7059097290039,-5.45588493347168,212
9392,NAALAD2,62.19245147705078,-5.786006927490234,212
9393,NAALADL1,63.90971374511719,-5.08664608001709,212
9394,NAALADL2,61.62599182128906,-4.936893463134766,212
9395,NAB1,3.567746877670288,11.429420471191406,320
9396,NAB2,6.166707515716553,9.736605644226074,404
9397,NABP1,-18.718605041503906,8.460428237915039,265
9398,NABP2,46.18593215942383,7.6309003829956055,436
9399,NACA,49.899566650390625,14.673850059509277,243
9400,NACA2,43.453060150146484,15.665839195251465,173
9401,NACAD,2.132791042327881,14.467141151428223,289
9402,NACC1,-30.200796127319336,11.590092658996582,144
9403,NACC2,-31.469858169555664,11.601541519165039,144
9404,NADK,57.22195053100586,4.903713703155518,349
9405,NADK2,53.69009780883789,3.122866153717041,302
9406,NADSYN1,63.44895935058594,4.05440092086792,358
9407,NAE1,37.96197509765625,2.9695379734039307,438
9408,NAF1,25.354398727416992,9.120656967163086,392
9409,NAGA,65.48070526123047,-5.6512346267700195,212
9410,NAGK,60.12702941894531,4.273670673370361,349
9411,NAGLU,68.1607894897461,-4.66524076461792,204
9412,NAGPA,63.773597717285156,-11.583026885986328,202
9413,NAGS,57.88570785522461,5.161201000213623,349
9414,NAIF1,15.270477294921875,13.056351661682129,341
9415,NAIP,-33.0318489074707,-18.316556930541992,51
9416,NALCN,40.308265686035156,-21.852731704711914,99
9417,NAMPT,59.381553649902344,3.746393918991089,349
9418,NANOG,-17.082548141479492,19.85321617126465,191
9419,NANOGNB,14.770626068115234,16.965394973754883,338
9420,NANOGP8,-19.801494598388672,20.56968116760254,194
9421,NANOS1,9.71476936340332,13.25338077545166,330
9422,NANOS2,20.864992141723633,10.641423225402832,385
9423,NANOS3,20.440486907958984,11.54078197479248,345
9424,NANP,49.343177795410156,6.377819538116455,457
9425,NANS,58.84049606323242,5.862819671630859,349
9426,NAP1L4,32.843910217285156,13.482298851013184,367
9427,NAP1L5,22.617000579833984,14.06815242767334,290
9428,NAPA,34.310081481933594,-4.627528667449951,295
9429,NAPB,34.825767517089844,-4.726287364959717,295
9430,NAPEPLD,45.53019332885742,2.1191203594207764,424
9431,NAPG,35.46834182739258,-4.8382248878479,295
9432,NAPRT,60.15633773803711,2.9667415618896484,349
9433,NAPSA,67.73906707763672,-8.270813941955566,201
9434,NARF,47.409481048583984,3.733081340789795,424
9435,NARS2,48.75922393798828,3.628171443939209,423
9436,NASP,20.333627700805664,12.228483200073242,345
9437,NAT1,49.48303985595703,5.365293025970459,446
9438,NAT10,38.308876037597656,3.038907766342163,438
9439,NAT14,23.405517578125,12.895516395568848,290
9440,NAT16,31.673019409179688,8.617480278015137,428
9441,NAT2,51.47917175292969,5.702784538269043,439
9442,NAT8,58.9289665222168,-0.38203200697898865,288
9443,NAT8L,25.654052734375,10.072463989257812,410
9444,NAT9,51.873443603515625,6.718925952911377,452
9445,NATD1,44.29725646972656,10.007231712341309,422
9446,NAV2,4.078769683837891,-1.0812515020370483,389
9447,NAV3,4.3153462409973145,-2.1069374084472656,389
9448,NAXD,54.9460563659668,4.625626087188721,440
9449,NAXE,57.34697341918945,9.848137855529785,327
9450,NBAS,17.975439071655273,-7.621707439422607,278
9451,NBEA,13.71164608001709,-7.731817245483398,277
9452,NBEAL2,17.00465202331543,-8.835288047790527,278
9453,NBL1,76.39328002929688,-14.153332710266113,219
9454,NBN,10.287920951843262,6.225714683532715,395
9455,NBPF1,2.404916286468506,20.12518310546875,275
9456,NBPF11,2.463469982147217,20.122699737548828,275
9457,NBPF12,1.918691873550415,20.259727478027344,275
9458,NBPF14,2.2602927684783936,20.175674438476562,275
9459,NBPF15,2.45868182182312,20.206504821777344,275
9460,NBPF26,2.1252987384796143,20.378705978393555,275
9461,NBPF3,3.6017396450042725,18.84357452392578,275
9462,NBPF4,4.6250386238098145,17.265316009521484,275
9463,NBPF6,3.5838396549224854,18.8107852935791,275
9464,NBPF9,2.2471811771392822,20.147926330566406,275
9465,NBR1,19.381994247436523,7.507591247558594,372
9466,NCALD,-41.05107879638672,-7.5831217765808105,44
9467,NCAM1,47.6540641784668,-15.008084297180176,181
9468,NCAM2,47.98957061767578,-15.210481643676758,181
9469,NCAN,63.426246643066406,-12.28359317779541,202
9470,NCAPD2,21.769798278808594,-5.019599914550781,278
9471,NCAPD3,22.224153518676758,-4.788269996643066,278
9472,NCAPG,8.96850299835205,5.6004638671875,387
9473,NCAPG2,23.505067825317383,-4.998907089233398,310
9474,NCAPH,6.929383754730225,9.690363883972168,404
9475,NCAPH2,9.855027198791504,10.04299545288086,352
9476,NCBP1,28.623586654663086,-1.6471539735794067,311
9477,NCBP2,42.53895568847656,14.467280387878418,210
9478,NCBP2AS2,50.216880798339844,11.964101791381836,243
9479,NCCRP1,28.95867156982422,10.29989242553711,427
9480,NCDN,29.60832405090332,-3.050684928894043,312
9481,NCEH1,61.73983383178711,-2.6344943046569824,212
9482,NCF1,18.322025299072266,4.314413547515869,372
9483,NCF2,12.689600944519043,2.316361665725708,378
9484,NCF4,18.925819396972656,2.5841212272644043,418
9485,NCK1,18.673545837402344,3.44907283782959,418
9486,NCK2,18.605058670043945,2.605473518371582,418
9487,NCKAP1L,21.05352783203125,-3.667240858078003,297
9488,NCKAP5,-2.081021308898926,4.194359302520752,299
9489,NCKAP5L,-1.3574557304382324,9.415218353271484,320
9490,NCKIPSD,18.878385543823242,1.2288122177124023,417
9491,NCL,27.609092712402344,15.377120971679688,268
9492,NCLN,62.01319885253906,-5.152948379516602,212
9493,NCMAP,20.16162109375,24.355806350708008,228
9494,NCOA1,-12.998478889465332,9.506770133972168,272
9495,NCOA2,-12.880675315856934,9.612398147583008,272
9496,NCOA3,-13.422281265258789,9.349494934082031,272
9497,NCOA4,9.152420997619629,8.7853422164917,352
9498,NCOA5,-15.861953735351562,8.11094856262207,262
9499,NCOA6,-13.473871231079102,9.778427124023438,272
9500,NCOA7,13.592758178710938,1.245304822921753,415
9501,NCOR1,-9.515522956848145,5.512365341186523,272
9502,NCOR2,-8.61352252960205,5.471433639526367,272
9503,NCR1,9.471821784973145,37.779476165771484,164
9504,NCR2,11.705056190490723,34.621726989746094,226
9505,NCR3,13.075126647949219,33.3863639831543,223
9506,NCR3LG1,17.885847091674805,30.72509765625,230
9507,NCS1,-41.566978454589844,-7.313479423522949,44
9508,NCSTN,61.780765533447266,-5.788698196411133,212
9509,NDC1,19.108484268188477,-20.2484188079834,140
9510,NDC80,-6.199042320251465,-1.744038701057434,257
9511,NDE1,-3.200612783432007,-1.4418333768844604,254
9512,NDEL1,-1.2450836896896362,-1.43198823928833,240
9513,NDFIP1,14.384744644165039,-19.401321411132812,149
9514,NDFIP2,14.998391151428223,-19.118396759033203,153
9515,NDN,20.44972038269043,12.813253402709961,345
9516,NDNF,69.74369049072266,-8.841889381408691,216
9517,NDOR1,42.73028564453125,2.1012985706329346,334
9518,NDRG1,44.78948211669922,0.11067032068967819,208
9519,NDRG2,45.19041442871094,0.25560498237609863,208
9520,NDRG3,44.459739685058594,0.3683125674724579,208
9521,NDRG4,44.34574508666992,0.2856784760951996,208
9522,NDST1,71.32437133789062,-4.577121257781982,205
9523,NDST2,69.3852767944336,-4.693929672241211,204
9524,NDST3,69.00382232666016,-4.507967948913574,204
9525,NDST4,66.92214965820312,-4.0821051597595215,212
9526,NDUFA10,56.47284698486328,8.54946231842041,353
9527,NDUFA11,67.80337524414062,16.43951988220215,163
9528,NDUFA12,59.51012420654297,14.69726276397705,287
9529,NDUFA13,66.02222442626953,16.461639404296875,163
9530,NDUFA2,60.25694274902344,15.75333023071289,287
9531,NDUFA3,66.93712615966797,16.69581413269043,163
9532,NDUFA4,66.41848754882812,16.33946418762207,163
9533,NDUFA4L2,66.7974624633789,16.517576217651367,163
9534,NDUFA5,61.054649353027344,15.988455772399902,287
9535,NDUFA6,61.53690719604492,15.862724304199219,287
9536,NDUFA7,59.49613952636719,14.569973945617676,287
9537,NDUFA8,54.98291015625,16.05752944946289,246
9538,NDUFA9,58.73545837402344,9.121722221374512,327
9539,NDUFAB1,63.575355529785156,12.40856647491455,163
9540,NDUFAF1,55.5441780090332,9.442130088806152,353
9541,NDUFAF2,59.10263442993164,14.687676429748535,287
9542,NDUFAF3,56.874305725097656,11.648716926574707,327
9543,NDUFAF4,57.62712860107422,13.620804786682129,287
9544,NDUFAF5,54.238189697265625,8.190116882324219,353
9545,NDUFAF6,56.408424377441406,7.5280351638793945,349
9546,NDUFAF7,54.10287857055664,4.519944190979004,440
9547,NDUFAF8,55.400638580322266,15.294829368591309,246
9548,NDUFB1,67.14776611328125,16.692033767700195,163
9549,NDUFB10,57.65150833129883,16.371044158935547,282
9550,NDUFB2,66.55492401123047,16.02924346923828,163
9551,NDUFB3,66.71963500976562,16.667743682861328,163
9552,NDUFB4,66.51897430419922,16.65196990966797,163
9553,NDUFB5,64.52143859863281,13.274713516235352,163
9554,NDUFB6,65.2845230102539,16.718441009521484,163
9555,NDUFB7,57.731903076171875,16.3504638671875,282
9556,NDUFB8,66.19017791748047,15.613174438476562,163
9557,NDUFB9,60.932586669921875,16.096765518188477,287
9558,NDUFC1,66.77328491210938,16.653079986572266,163
9559,NDUFC2,66.79232788085938,16.699771881103516,163
9560,NDUFC2-KCTD14,68.20054626464844,17.209983825683594,163
9561,NDUFS1,68.49446105957031,5.744278430938721,356
9562,NDUFS2,69.25238037109375,6.820736408233643,356
9563,NDUFS3,65.12198638916016,11.545384407043457,163
9564,NDUFS4,60.34752655029297,12.733869552612305,287
9565,NDUFS5,57.13569641113281,16.37496566772461,282
9566,NDUFS6,64.01470184326172,13.514729499816895,163
9567,NDUFS7,64.93936920166016,11.70370101928711,163
9568,NDUFS8,64.74099731445312,11.451568603515625,163
9569,NDUFV1,69.86859893798828,6.288682460784912,356
9570,NDUFV2,63.029720306396484,11.573739051818848,163
9571,NDUFV3,62.659297943115234,13.833020210266113,287
9572,NEBL,9.979336738586426,-3.38126802444458,365
9573,NECAB1,28.321474075317383,7.878287315368652,450
9574,NECAB2,27.551542282104492,7.454792022705078,450
9575,NECAB3,25.742918014526367,8.47259521484375,450
9576,NECAP1,19.74054527282715,8.397708892822266,383
9577,NECAP2,18.59081268310547,7.227628231048584,372
9578,NECTIN1,19.268264770507812,30.287885665893555,230
9579,NECTIN2,18.745513916015625,30.987106323242188,230
9580,NECTIN3,22.469989776611328,29.82979393005371,233
9581,NECTIN4,18.91436195373535,31.04410743713379,230
9582,NEDD1,50.81715393066406,23.109817504882812,70
9583,NEDD4,18.19497299194336,-0.42070525884628296,376
9584,NEDD4L,12.839810371398926,-1.0081185102462769,375
9585,NEDD8,46.94557571411133,14.986700057983398,322
9586,NEDD9,7.990276336669922,3.73069429397583,387
9587,NEFH,6.168402671813965,15.411566734313965,332
9588,NEFL,159.15634155273438,8.898306846618652,25
9589,NEFM,6.185266971588135,15.831262588500977,332
9590,NEIL1,22.943037033081055,3.9267125129699707,373
9591,NEIL2,44.26393508911133,5.9324541091918945,436
9592,NEIL3,9.551533699035645,7.478370189666748,395
9593,NEK1,-1.8919450044631958,1.8569402694702148,300
9594,NEK10,12.770261764526367,-2.400228500366211,375
9595,NEK11,-3.117154836654663,1.1732170581817627,300
9596,NEK2,54.45001983642578,37.62468338012695,69
9597,NEK3,55.22682189941406,37.84149169921875,69
9598,NEK4,0.6715853810310364,2.605602741241455,399
9599,NEK5,-3.5639255046844482,1.540992259979248,300
9600,NEK6,59.2006950378418,36.98988342285156,69
9601,NEK7,57.8101921081543,37.10879898071289,69
9602,NEK8,56.01627731323242,37.62211608886719,69
9603,NEK9,34.922916412353516,2.7177391052246094,437
9604,NELFA,-4.816136837005615,8.794313430786133,271
9605,NELFB,26.604183197021484,-1.5936968326568604,311
9606,NELFCD,29.627384185791016,-1.5234692096710205,312
9607,NELFE,-1.1173444986343384,10.237299919128418,320
9608,NELL1,62.73020935058594,-16.625986099243164,197
9609,NELL2,62.57895278930664,-16.589935302734375,197
9610,NEMF,27.98732566833496,8.558950424194336,447
9611,NEMP1,21.212753295898438,-19.97405433654785,126
9612,NEMP2,19.029577255249023,-20.354442596435547,140
9613,NENF,56.544010162353516,-6.2034454345703125,185
9614,NEO1,48.93474197387695,-14.56502628326416,181
9615,NEPRO,25.17938232421875,3.809462547302246,308
9616,NES,1.7521982192993164,13.087477684020996,281
9617,NET1,12.667861938476562,1.1047664880752563,415
9618,NETO1,47.955379486083984,-12.8143310546875,182
9619,NETO2,48.71135711669922,-12.407257080078125,182
9620,NEU1,64.853271484375,-5.565060615539551,212
9621,NEU2,43.282806396484375,3.003185749053955,435
9622,NEU3,42.217559814453125,2.9770290851593018,334
9623,NEU4,41.80491638183594,2.7592716217041016,334
9624,NEURL1,26.976966857910156,3.9091227054595947,308
9625,NEURL1B,28.31788444519043,3.433378219604492,307
9626,NEURL2,41.9393424987793,7.02880334854126,436
9627,NEURL3,27.291894912719727,5.11521053314209,394
9628,NEURL4,36.153114318847656,-2.3611700534820557,295
9629,NEUROD1,-11.619043350219727,18.643779754638672,242
9630,NEUROD2,-13.31987190246582,18.735200881958008,191
9631,NEUROD4,-11.092618942260742,18.49945068359375,242
9632,NEUROD6,-12.495054244995117,18.380380630493164,242
9633,NEUROG1,-9.480056762695312,18.800151824951172,241
9634,NEUROG2,-10.393120765686035,18.698795318603516,241
9635,NEUROG3,-9.797578811645508,18.996706008911133,241
9636,NEXN,2.1977553367614746,3.8480491638183594,407
9637,NF2,-5.640479564666748,-2.6377975940704346,256
9638,NFAM1,14.348971366882324,32.626773834228516,223
9639,NFASC,48.0068244934082,-14.87840461730957,181
9640,NFATC1,-12.682476043701172,13.45607852935791,269
9641,NFATC2,-12.136819839477539,13.146522521972656,269
9642,NFATC2IP,16.084253311157227,7.4427266120910645,359
9643,NFATC3,-10.879794120788574,12.494051933288574,269
9644,NFATC4,-7.781357288360596,12.309900283813477,237
9645,NFE2,-8.095943450927734,16.807388305664062,237
9646,NFE2L1,-5.662336826324463,15.165973663330078,237
9647,NFE2L2,-5.25164270401001,15.004958152770996,237
9648,NFE2L3,8.946724891662598,10.836844444274902,330
9649,NFIA,-13.837090492248535,12.992288589477539,273
9650,NFIB,-13.76601505279541,13.575861930847168,269
9651,NFIC,-11.306624412536621,13.537572860717773,269
9652,NFIL3,-1.6469135284423828,14.561410903930664,145
9653,NFIX,-13.084397315979004,13.677713394165039,269
9654,NFKB1,68.79119110107422,24.246965408325195,82
9655,NFKB2,68.2022476196289,24.086402893066406,82
9656,NFKBIA,69.40554809570312,24.47846794128418,81
9657,NFKBIB,69.29456329345703,24.435171127319336,81
9658,NFKBID,69.48866271972656,24.510530471801758,81
9659,NFKBIE,69.22203826904297,24.414878845214844,81
9660,NFKBIL1,26.93941307067871,13.636031150817871,442
9661,NFKBIZ,69.23432922363281,24.452482223510742,81
9662,NFRKB,-5.978268623352051,7.669748783111572,271
9663,NFS1,65.9224624633789,6.200907230377197,293
9664,NFU1,58.8468017578125,11.441390037536621,328
9665,NFX1,23.039342880249023,6.909529209136963,397
9666,NFXL1,24.366596221923828,7.1514716148376465,420
9667,NFYA,-18.72186279296875,11.491307258605957,264
9668,NFYB,27.530054092407227,10.891617774963379,427
9669,NFYC,-18.51007652282715,11.474432945251465,264
9670,NGB,29.272289276123047,11.61599349975586,427
9671,NGDN,36.13481903076172,12.48449993133545,371
9672,NGEF,11.62663745880127,1.904914140701294,378
9673,NGF,78.40788269042969,-12.244132041931152,188
9674,NGFR,17.76091766357422,27.03885841369629,220
9675,NGLY1,32.652076721191406,4.240652084350586,444
9676,NGRN,54.5106315612793,11.909085273742676,196
9677,NHEJ1,30.269878387451172,6.0767059326171875,451
9678,NHLH1,-9.877151489257812,18.988813400268555,241
9679,NHLH2,-9.854325294494629,18.96165657043457,241
9680,NHLRC1,45.75747299194336,5.22620153427124,436
9681,NHLRC2,41.03639602661133,0.5083600878715515,334
9682,NHLRC3,60.08315658569336,-4.953586101531982,214
9683,NHLRC4,48.098907470703125,5.47005558013916,419
9684,NHP2,47.7285270690918,13.893754005432129,322
9685,NHSL1,-1.803039312362671,4.9016523361206055,299
9686,NIBAN1,12.785536766052246,0.4625515341758728,415
9687,NIBAN2,15.856990814208984,0.6706330180168152,416
9688,NIBAN3,26.051660537719727,-1.2429252862930298,311
9689,NICN1,45.41962814331055,6.260770320892334,436
9690,NID1,60.42859649658203,-16.01118278503418,197
9691,NID2,60.748260498046875,-16.355337142944336,197
9692,NIF3L1,49.43362808227539,6.519556522369385,457
9693,NIFK,37.84895706176758,13.050458908081055,371
9694,NIM1K,54.98796463012695,38.33879470825195,69
9695,NIN,-13.00769329071045,-3.9457948207855225,259
9696,NINJ1,17.96468734741211,-21.067750930786133,140
9697,NINJ2,15.407766342163086,-20.39348793029785,152
9698,NINL,-12.874974250793457,-3.2558209896087646,259
9699,NIP7,44.068172454833984,9.929787635803223,436
9700,NIPA1,17.26803207397461,-24.09772491455078,161
9701,NIPA2,19.439123153686523,-25.05148696899414,148
9702,NIPAL1,20.104848861694336,-25.265377044677734,148
9703,NIPAL2,18.02202796936035,-24.12451934814453,161
9704,NIPAL3,18.64406394958496,-24.50952911376953,161
9705,NIPAL4,21.40138053894043,-25.32374382019043,148
9706,NIPBL,-8.288549423217773,4.9402241706848145,272
9707,NIPSNAP1,58.00071716308594,8.815665245056152,327
9708,NIPSNAP2,58.08287048339844,9.052765846252441,327
9709,NIPSNAP3A,59.148643493652344,9.097761154174805,328
9710,NIPSNAP3B,59.29326629638672,8.721939086914062,328
9711,NISCH,17.506349563598633,-3.7955644130706787,368
9712,NIT1,54.41036605834961,5.870161056518555,441
9713,NIT2,60.17463302612305,5.695601940155029,349
9714,NKAIN1,-0.19442707300186157,-22.38800811767578,104
9715,NKAIN2,0.9990721940994263,-21.94160270690918,105
9716,NKAIN4,1.607891321182251,-21.660287857055664,105
9717,NKAPD1,-17.208532333374023,4.6432623863220215,165
9718,NKAPL,-17.776288986206055,4.486754417419434,165
9719,NKD2,4.633744239807129,8.590987205505371,404
9720,NKG7,-0.10115526616573334,-23.557605743408203,104
9721,NKIRAS1,-10.309338569641113,-44.16770935058594,27
9722,NKIRAS2,-10.328393936157227,-44.165679931640625,27
9723,NKPD1,40.28081512451172,-1.6738954782485962,285
9724,NKTR,-21.076274871826172,4.3103203773498535,166
9725,NKX1-1,-22.186656951904297,20.80515480041504,194
9726,NKX1-2,-22.019588470458984,21.165172576904297,194
9727,NKX2-1,-21.723386764526367,19.170923233032227,194
9728,NKX2-2,-22.41075325012207,21.049877166748047,194
9729,NKX2-3,-23.74286651611328,20.584041595458984,194
9730,NKX2-4,-23.236799240112305,19.982563018798828,194
9731,NKX2-5,-23.58546257019043,20.964021682739258,194
9732,NKX2-6,-22.01922607421875,21.28041648864746,194
9733,NKX2-8,-21.38180923461914,21.337203979492188,194
9734,NKX3-1,-21.43120002746582,21.294904708862305,194
9735,NKX3-2,-22.39227294921875,21.182371139526367,194
9736,NKX6-1,-23.74818992614746,20.242525100708008,194
9737,NKX6-2,-22.647924423217773,20.308597564697266,194
9738,NKX6-3,-23.343393325805664,20.478729248046875,194
9739,NLE1,52.31896209716797,23.73203468322754,70
9740,NLGN2,61.2560920715332,-11.922574996948242,203
9741,NLK,57.24378204345703,37.565059661865234,69
9742,NLN,56.3340950012207,-1.9324432611465454,270
9743,NLRC3,-33.342491149902344,-18.393619537353516,51
9744,NLRC4,-33.3900146484375,-18.734455108642578,51
9745,NLRC5,-33.04570388793945,-18.188499450683594,51
9746,NLRP1,-32.569175720214844,-18.143138885498047,51
9747,NLRP10,37.27986526489258,-2.393665313720703,285
9748,NLRP11,-33.30921936035156,-18.666067123413086,51
9749,NLRP12,-33.31877899169922,-18.371713638305664,51
9750,NLRP13,-32.78812789916992,-18.36298942565918,51
9751,NLRP14,-33.06418991088867,-18.283447265625,51
9752,NLRP2,-33.352020263671875,-18.70079803466797,51
9753,NLRP3,-33.70765686035156,-18.406768798828125,51
9754,NLRP4,-33.28125762939453,-18.35507583618164,51
9755,NLRP5,-32.987693786621094,-18.73714256286621,51
9756,NLRP6,-33.29639434814453,-18.370824813842773,51
9757,NLRP7,-33.03331756591797,-18.26127815246582,51
9758,NLRP8,-33.283966064453125,-17.99081039428711,51
9759,NLRP9,-33.28854751586914,-18.385046005249023,51
9760,NLRX1,-33.013816833496094,-18.310319900512695,51
9761,NMB,91.23385620117188,-16.441532135009766,107
9762,NMBR,-104.12129211425781,-18.374950408935547,14
9763,NMD3,33.093162536621094,7.832891941070557,364
9764,NME1,49.27317428588867,13.411418914794922,243
9765,NME2,51.53850173950195,12.528630256652832,243
9766,NME3,53.706417083740234,9.742820739746094,353
9767,NME4,54.181522369384766,10.749768257141113,196
9768,NME5,39.84980773925781,11.008216857910156,361
9769,NME6,49.313446044921875,8.191059112548828,434
9770,NME7,48.29523849487305,7.551771640777588,433
9771,NME8,34.485782623291016,4.941352844238281,443
9772,NME9,42.74957275390625,7.814103126525879,436
9773,NMI,35.32752990722656,1.9011679887771606,437
9774,NMNAT1,52.1088981628418,6.609242916107178,452
9775,NMNAT2,51.2796745300293,6.1860032081604,439
9776,NMNAT3,52.16081619262695,6.286952495574951,452
9777,NMRAL1,57.63563919067383,5.496283054351807,349
9778,NMRK1,47.56809997558594,5.384771347045898,419
9779,NMRK2,43.54080581665039,5.75982141494751,436
9780,NMS,90.66686248779297,-16.24978256225586,107
9781,NMT1,34.27092361450195,6.337566375732422,364
9782,NMT2,31.419004440307617,7.12970495223999,450
9783,NMU,90.7587661743164,-16.331117630004883,107
9784,NMUR1,-105.56102752685547,-19.127216339111328,14
9785,NMUR2,-104.76517486572266,-18.667203903198242,14
9786,NNAT,13.834333419799805,20.874216079711914,325
9787,NNMT,52.265655517578125,5.325829029083252,453
9788,NNT,69.11367797851562,6.2164411544799805,356
9789,NOA1,48.8764762878418,8.578939437866211,434
9790,NOB1,40.00547409057617,12.10494327545166,210
9791,NOBOX,-13.918930053710938,18.91852569580078,191
9792,NOC2L,37.59384536743164,12.632269859313965,371
9793,NOC3L,37.249752044677734,12.320241928100586,371
9794,NOC4L,38.73260498046875,7.6289448738098145,426
9795,NOCT,37.77754211425781,7.9200663566589355,425
9796,NOD1,-33.512939453125,-18.51346206665039,51
9797,NOD2,-33.25101089477539,-17.9558048248291,51
9798,NODAL,78.27220153808594,-11.134815216064453,188
9799,NOG,79.12875366210938,-11.981475830078125,188
9800,NOL10,47.47314453125,20.303234100341797,70
9801,NOL11,33.060855865478516,-0.21396532654762268,337
9802,NOL12,34.83490753173828,13.685465812683105,367
9803,NOL3,17.332599639892578,11.920915603637695,384
9804,NOL4,-8.200250625610352,12.109761238098145,272
9805,NOL4L,-10.795870780944824,12.418742179870605,269
9806,NOL6,37.460025787353516,0.1606118530035019,432
9807,NOL7,33.0061149597168,13.594704627990723,367
9808,NOL8,19.92396354675293,10.251459121704102,383
9809,NOL9,39.32372283935547,5.36069917678833,432
9810,NOLC1,18.113862991333008,12.459280014038086,346
9811,NOM1,37.69624710083008,10.86711311340332,370
9812,NOMO1,48.318206787109375,-10.85896110534668,182
9813,NOMO2,50.34588623046875,-11.422900199890137,182
9814,NOMO3,48.317115783691406,-10.744725227355957,182
9815,NOP10,16.071182250976562,20.132389068603516,260
9816,NOP14,37.07080841064453,12.168174743652344,371
9817,NOP16,54.51845169067383,13.78939151763916,196
9818,NOP2,38.1983642578125,9.444138526916504,361
9819,NOP53,36.98817825317383,12.773902893066406,371
9820,NOP56,37.576541900634766,11.998642921447754,371
9821,NOP58,37.88642883300781,11.7023344039917,371
9822,NOP9,30.386537551879883,-0.36899450421333313,306
9823,NOS1,39.93238067626953,-1.818446397781372,285
9824,NOS1AP,10.957549095153809,2.4277615547180176,378
9825,NOS2,41.048030853271484,-1.6979053020477295,284
9826,NOS3,39.500423431396484,-1.328320026397705,285
9827,NOSIP,29.414432525634766,10.712016105651855,427
9828,NOSTRIN,11.313132286071777,-1.742236614227295,374
9829,NOTCH1,53.91584777832031,-17.741621017456055,168
9830,NOTCH2,54.48054122924805,-17.601037979125977,168
9831,NOTCH2NLA,66.13103485107422,-15.949596405029297,197
9832,NOTCH2NLB,66.25882720947266,-15.743395805358887,198
9833,NOTCH2NLC,65.34102630615234,-15.919718742370605,197
9834,NOTCH3,55.2125244140625,-17.82176971435547,168
9835,NOTCH4,59.58769989013672,-17.608570098876953,197
9836,NOTO,-21.398601531982422,21.029016494750977,194
9837,NOTUM,66.20079040527344,-7.136662483215332,212
9838,NOVA1,-19.586891174316406,12.180581092834473,264
9839,NOVA2,-17.202648162841797,11.928752899169922,264
9840,NOX3,41.76136016845703,-4.114944934844971,283
9841,NOX4,40.461421966552734,-4.342185974121094,286
9842,NOX5,40.5089225769043,-2.5803332328796387,286
9843,NOXA1,17.41636085510254,2.894448757171631,408
9844,NOXO1,20.449522018432617,4.86928653717041,372
9845,NOXRED1,34.0682487487793,5.201091289520264,443
9846,NPAP1,0.23485277593135834,15.485658645629883,281
9847,NPAS1,16.621870040893555,1.8151692152023315,417
9848,NPAS2,-11.133395195007324,9.171770095825195,272
9849,NPAS3,4.561696529388428,2.060952663421631,389
9850,NPAS4,-1.0694355964660645,11.270812034606934,320
9851,NPAT,0.5177416205406189,6.819971561431885,411
9852,NPB,91.4942398071289,-16.551483154296875,107
9853,NPBWR1,-104.22261047363281,-18.844039916992188,14
9854,NPBWR2,-105.83135223388672,-18.960296630859375,14
9855,NPC1,33.03171920776367,-22.82573890686035,117
9856,NPC1L1,33.6575813293457,-21.716293334960938,116
9857,NPC2,63.06502914428711,-7.297059535980225,212
9858,NPDC1,20.011537551879883,26.11946678161621,229
9859,NPEPL1,63.25091552734375,5.2857666015625,355
9860,NPEPPS,57.34733963012695,-2.3827521800994873,270
9861,NPFF,91.0719223022461,-16.408735275268555,107
9862,NPFFR1,-104.59415435791016,-18.852827072143555,14
9863,NPFFR2,-104.28899383544922,-18.4366512298584,14
9864,NPHP1,-2.183882713317871,-0.24681174755096436,250
9865,NPHP3,32.03890609741211,-4.815526008605957,295
9866,NPHP4,6.9983320236206055,-1.876542568206787,365
9867,NPHS1,18.84506607055664,32.9641227722168,227
9868,NPHS2,49.848636627197266,-0.20010392367839813,296
9869,NPIPA1,12.839661598205566,-70.41034698486328,24
9870,NPIPA2,13.216425895690918,-70.03665924072266,24
9871,NPIPA3,13.272344589233398,-70.16935729980469,24
9872,NPIPA5,12.9517183303833,-70.51803588867188,24
9873,NPIPA7,13.3568696975708,-70.87776947021484,24
9874,NPIPA8,13.143306732177734,-70.14977264404297,24
9875,NPIPB11,13.292879104614258,-70.91261291503906,24
9876,NPIPB12,12.871574401855469,-70.31623077392578,24
9877,NPIPB13,13.083304405212402,-70.69712829589844,24
9878,NPIPB15,13.407334327697754,-70.0780029296875,24
9879,NPIPB2,12.991409301757812,-70.35743713378906,24
9880,NPIPB3,13.257494926452637,-70.00118255615234,24
9881,NPIPB4,12.9818115234375,-70.68563079833984,24
9882,NPIPB5,13.641644477844238,-70.49809265136719,24
9883,NPIPB6,13.395380020141602,-70.75619506835938,24
9884,NPIPB7,13.419622421264648,-70.09024047851562,24
9885,NPIPB8,13.363378524780273,-70.69185638427734,24
9886,NPIPB9,12.83005142211914,-70.45989990234375,24
9887,NPL,60.71038818359375,4.237157821655273,349
9888,NPLOC4,26.57762908935547,0.15111838281154633,309
9889,NPM1,44.05121994018555,14.68570613861084,321
9890,NPM2,35.645084381103516,14.371539115905762,371
9891,NPM3,43.276763916015625,13.500176429748535,347
9892,NPNT,64.95183563232422,-16.4630126953125,197
9893,NPPA,91.63797760009766,-16.567983627319336,107
9894,NPPB,91.3525619506836,-16.486400604248047,107
9895,NPPC,91.128662109375,-16.444677352905273,107
9896,NPR1,68.56987762451172,32.147300720214844,64
9897,NPR2,38.49005126953125,-17.00888442993164,112
9898,NPR3,58.72433853149414,-10.802329063415527,187
9899,NPRL2,39.017948150634766,8.57440185546875,361
9900,NPRL3,32.65438461303711,4.4823784828186035,443
9901,NPS,90.37305450439453,-16.29236602783203,107
9902,NPSR1,-104.82258605957031,-18.575653076171875,14
9903,NPTN,19.351207733154297,29.650440216064453,230
9904,NPTX1,75.6356201171875,-9.659568786621094,188
9905,NPTX2,76.47423553466797,-10.394084930419922,188
9906,NPTXR,74.6063461303711,-9.309158325195312,188
9907,NPVF,90.82530975341797,-16.383609771728516,107
9908,NPW,91.80673217773438,-16.651865005493164,107
9909,NPY,92.22686767578125,-16.732559204101562,107
9910,NPY1R,-105.46978759765625,-18.798442840576172,14
9911,NPY2R,-104.33675384521484,-18.877779006958008,14
9912,NPY4R,-107.07798767089844,-18.88520050048828,14
9913,NPY4R2,-107.9895248413086,-18.877798080444336,14
9914,NPY5R,-104.29827117919922,-17.704341888427734,14
9915,NQO1,65.66445922851562,4.110729694366455,358
9916,NQO2,62.54899597167969,5.300270080566406,355
9917,NR0B2,17.03128433227539,15.564496994018555,340
9918,NR1D1,-36.777381896972656,16.330982208251953,73
9919,NR1D2,-36.450035095214844,16.172382354736328,73
9920,NR1H2,-37.37955093383789,16.347421646118164,73
9921,NR1H3,-38.08692169189453,16.16910743713379,73
9922,NR1H4,-36.99745559692383,16.324827194213867,73
9923,NR1I2,-37.07419967651367,16.369304656982422,73
9924,NR1I3,-37.26140213012695,16.32529067993164,73
9925,NR2C1,-36.1370735168457,16.003450393676758,73
9926,NR2C2,-21.92673683166504,12.572047233581543,264
9927,NR2C2AP,49.74614715576172,7.387552261352539,431
9928,NR2E1,-36.80662155151367,16.341014862060547,73
9929,NR2E3,-37.57884979248047,16.120285034179688,73
9930,NR2F1,-33.38316345214844,16.430286407470703,73
9931,NR2F2,-33.886146545410156,16.343772888183594,73
9932,NR2F6,20.442689895629883,12.306540489196777,345
9933,NR3C1,4.209714412689209,6.904737949371338,401
9934,NR3C2,1.246517539024353,6.158166408538818,411
9935,NR4A1,-25.92044448852539,15.672593116760254,143
9936,NR4A2,-26.292930603027344,15.378350257873535,143
9937,NR4A3,-24.72417449951172,15.61313533782959,143
9938,NR5A1,-37.000057220458984,16.297496795654297,73
9939,NR5A2,-36.48344039916992,16.15883445739746,73
9940,NR6A1,-36.19353485107422,16.078289031982422,73
9941,NRAP,9.590143203735352,-4.7027435302734375,177
9942,NRARP,69.40719604492188,24.45240592956543,81
9943,NRAS,-13.025388717651367,-45.30615234375,27
9944,NRBF2,24.03142547607422,9.184945106506348,392
9945,NRBP1,27.32448959350586,0.5699912905693054,309
9946,NRBP2,18.48688316345215,1.7493685483932495,417
9947,NRCAM,47.768638610839844,-15.072362899780273,181
9948,NRDC,40.770877838134766,0.33427849411964417,334
9949,NREP,12.3796968460083,20.78043556213379,324
9950,NRF1,-19.036195755004883,12.148165702819824,264
9951,NRG1,46.16671371459961,-13.421993255615234,182
9952,NRG2,45.31850814819336,-12.822089195251465,182
9953,NRG3,47.67873001098633,-13.244731903076172,182
9954,NRG4,21.085988998413086,24.32611846923828,228
9955,NRGN,17.151926040649414,15.981932640075684,340
9956,NRIP1,-8.789820671081543,6.603558540344238,272
9957,NRIP2,15.262219429016113,16.057804107666016,338
9958,NRIP3,14.53957748413086,15.187564849853516,338
9959,NRL,-5.808252811431885,17.415283203125,238
9960,NRM,16.969999313354492,-22.411548614501953,162
9961,NRN1,76.58675384521484,-15.707590103149414,219
9962,NRN1L,78.19506072998047,-16.15958023071289,200
9963,NRP1,59.81034469604492,-14.76701831817627,197
9964,NRP2,60.30258560180664,-14.558497428894043,197
9965,NRROS,94.4187240600586,20.559276580810547,83
9966,NRSN1,20.249557495117188,22.692209243774414,228
9967,NRSN2,20.085695266723633,22.237329483032227,228
9968,NRTN,77.999755859375,-11.304966926574707,188
9969,NRXN1,45.41552734375,-16.81245231628418,181
9970,NRXN2,45.09078598022461,-17.145620346069336,181
9971,NRXN3,47.064292907714844,-16.428171157836914,181
9972,NSA2,38.50532913208008,13.324056625366211,371
9973,NSD2,10.636367797851562,6.432011604309082,395
9974,NSD3,4.475026607513428,6.225942611694336,401
9975,NSF,40.034873962402344,1.9156187772750854,432
9976,NSFL1C,26.874500274658203,7.965547561645508,450
9977,NSG1,19.462919235229492,24.899639129638672,228
9978,NSG2,19.372272491455078,24.99724006652832,228
9979,NSMAF,49.955177307128906,22.1717529296875,70
9980,NSMCE1,35.51983642578125,9.144881248474121,369
9981,NSMCE2,26.301191329956055,10.315475463867188,410
9982,NSMCE3,20.35439109802246,12.45280933380127,345
9983,NSMCE4A,33.27054977416992,9.309281349182129,364
9984,NSMF,12.092666625976562,4.259372234344482,381
9985,NSRP1,-17.800439834594727,4.921590805053711,165
9986,NSUN2,39.776546478271484,5.86314582824707,432
9987,NSUN3,47.627384185791016,5.793947696685791,419
9988,NSUN4,48.09364700317383,6.755878925323486,456
9989,NSUN5,48.26302719116211,6.282680988311768,456
9990,NSUN6,52.93341064453125,4.8245978355407715,453
9991,NSUN7,24.445053100585938,4.077578067779541,421
9992,NT5C,53.498504638671875,8.063880920410156,452
9993,NT5C1A,50.1689338684082,6.590511322021484,457
9994,NT5C1B,17.152427673339844,5.971837997436523,380
9995,NT5C2,49.775917053222656,2.070368766784668,423
9996,NT5C3A,49.489898681640625,6.276095867156982,457
9997,NT5C3B,49.95703887939453,5.6370015144348145,446
9998,NT5DC1,46.87252426147461,4.962732315063477,424
9999,NT5DC2,49.134239196777344,2.88466215133667,423
10000,NT5DC3,46.119873046875,2.7838356494903564,424
10001,NT5DC4,51.12279510498047,2.7219574451446533,302
10002,NT5E,64.12010955810547,-6.585896968841553,212
10003,NT5M,34.673492431640625,10.591891288757324,369
10004,NTAN1,39.169185638427734,4.722951412200928,432
10005,NTF3,78.65771484375,-12.129969596862793,188
10006,NTF4,79.157958984375,-12.056480407714844,188
10007,NTHL1,54.111595153808594,9.28274154663086,353
10008,NTM,47.75146484375,-14.992674827575684,181
10009,NTMT1,48.775211334228516,7.4844512939453125,434
10010,NTN1,62.24953842163086,-15.547272682189941,197
10011,NTN3,64.92570495605469,-15.1886625289917,197
10012,NTN4,63.557376861572266,-16.253929138183594,197
10013,NTN5,66.67291259765625,-15.051777839660645,198
10014,NTNG1,61.36359405517578,-15.79219913482666,197
10015,NTNG2,61.77632141113281,-15.325708389282227,197
10016,NTPCR,52.553585052490234,6.139532566070557,452
10017,NTRK1,68.2684555053711,32.63966369628906,64
10018,NTRK2,68.49525451660156,32.48255920410156,64
10019,NTS,90.92037963867188,-16.311769485473633,107
10020,NTSR1,-104.4958724975586,-18.44914436340332,14
10021,NTSR2,-105.85293579101562,-18.925817489624023,14
10022,NUAK1,55.39902877807617,37.155120849609375,69
10023,NUAK2,54.76097106933594,37.527610778808594,69
10024,NUB1,31.781314849853516,3.980692148208618,444
10025,NUBP1,54.61783218383789,5.706788063049316,441
10026,NUBP2,55.51070022583008,6.201900959014893,441
10027,NUBPL,57.756187438964844,6.726830959320068,349
10028,NUCB1,56.529197692871094,-7.697310924530029,185
10029,NUCB2,56.6914176940918,-7.776960849761963,185
10030,NUCKS1,27.321271896362305,14.990201950073242,268
10031,NUDC,35.61760711669922,10.572274208068848,369
10032,NUDCD1,35.91934585571289,1.5930148363113403,432
10033,NUDCD2,41.65778732299805,9.435635566711426,361
10034,NUDCD3,31.36781120300293,9.49039077758789,428
10035,NUDT1,50.366676330566406,8.968271255493164,431
10036,NUDT12,49.34676742553711,5.270689010620117,446
10037,NUDT13,53.51924133300781,5.481679916381836,453
10038,NUDT14,51.906524658203125,7.632312297821045,431
10039,NUDT15,50.3484992980957,8.720185279846191,431
10040,NUDT16,49.287513732910156,8.846443176269531,434
10041,NUDT16L1,48.69330978393555,8.22523307800293,434
10042,NUDT17,45.2528076171875,6.768270969390869,436
10043,NUDT18,45.72429656982422,6.8850836753845215,436
10044,NUDT19,48.02540969848633,7.127752780914307,433
10045,NUDT2,52.4151611328125,8.643560409545898,431
10046,NUDT21,42.86956787109375,8.736200332641602,436
10047,NUDT22,44.41876983642578,6.431681156158447,436
10048,NUDT3,49.05047607421875,9.076743125915527,434
10049,NUDT4,48.956573486328125,8.941621780395508,434
10050,NUDT4B,49.6192741394043,9.846415519714355,431
10051,NUDT5,52.5640983581543,8.858494758605957,431
10052,NUDT6,55.39712905883789,9.245903015136719,353
10053,NUDT7,51.06328582763672,8.371416091918945,431
10054,NUDT8,53.7234992980957,9.674077033996582,353
10055,NUDT9,53.377506256103516,8.609969139099121,353
10056,NUF2,-5.594879150390625,-1.6221786737442017,257
10057,NUFIP1,25.85877227783203,10.164566040039062,410
10058,NUFIP2,-10.528092384338379,9.540406227111816,272
10059,NUGGC,42.04804611206055,-3.737931251525879,283
10060,NUMA1,-12.394461631774902,-3.6673390865325928,259
10061,NUMB,-7.107634544372559,8.428287506103516,272
10062,NUMBL,-6.18666934967041,8.80891227722168,271
10063,NUP107,28.254358291625977,-4.027715682983398,313
10064,NUP133,28.333965301513672,-5.194747447967529,313
10065,NUP153,-7.874126434326172,8.351615905761719,272
10066,NUP155,28.220630645751953,-5.291968822479248,313
10067,NUP160,28.61513900756836,-5.662513732910156,313
10068,NUP188,22.6756591796875,-6.20065975189209,278
10069,NUP205,19.196651458740234,-7.452322959899902,278
10070,NUP210,50.096412658691406,-14.07433795928955,182
10071,NUP210L,50.43260192871094,-13.628540992736816,182
10072,NUP214,-7.6037821769714355,8.342280387878418,272
10073,NUP35,12.92119026184082,6.665828704833984,381
10074,NUP37,51.80554962158203,23.225034713745117,70
10075,NUP42,-7.940300464630127,8.482290267944336,272
10076,NUP43,51.96547317504883,23.465543746948242,70
10077,NUP50,19.62285804748535,11.416121482849121,345
10078,NUP54,-7.080706596374512,8.43543529510498,272
10079,NUP58,-7.604424476623535,8.378236770629883,272
10080,NUP62,-10.79274845123291,9.541762351989746,272
10081,NUP85,28.100936889648438,-4.485088348388672,313
10082,NUP88,30.238630294799805,-0.9270443320274353,306
10083,NUP93,27.294269561767578,-3.5899763107299805,315
10084,NUP98,-7.408000946044922,8.102742195129395,272
10085,NUPR1,19.3806095123291,15.797224044799805,344
10086,NUPR2,20.415225982666016,16.384443283081055,344
10087,NUS1,49.72447204589844,2.3867244720458984,423
10088,NUSAP1,6.320036888122559,9.22745418548584,404
10089,NUTF2,47.53208923339844,11.247872352600098,304
10090,NUTM1,0.07240865379571915,11.25367546081543,320
10091,NUTM2A,0.7021088004112244,11.967848777770996,320
10092,NUTM2B,-0.11265759915113449,11.283349990844727,320
10093,NUTM2D,0.6247977614402771,10.90169906616211,320
10094,NUTM2E,-0.158693328499794,10.777623176574707,320
10095,NUTM2F,0.41675323247909546,11.387809753417969,320
10096,NUTM2G,0.39551612734794617,11.073808670043945,320
10097,NVL,36.803550720214844,2.264688491821289,438
10098,NWD1,20.09677505493164,-7.457286357879639,278
10099,NWD2,23.811092376708984,-6.142683029174805,310
10100,NXF1,24.74505043029785,5.819186687469482,421
10101,NXN,46.14564895629883,4.828456401824951,424
10102,NXNL1,45.00096130371094,4.437790393829346,436
10103,NXNL2,46.72114944458008,3.7923760414123535,424
10104,NXPE1,69.30561828613281,-5.484250545501709,204
10105,NXPE2,71.75594329833984,-5.302155494689941,205
10106,NXPE3,72.58390045166016,-4.371204376220703,205
10107,NXPE4,70.0246810913086,-5.154907703399658,204
10108,NXPH1,75.45146179199219,-11.32868766784668,188
10109,NXPH2,76.64256286621094,-11.149718284606934,188
10110,NXPH3,77.96452331542969,-11.243474960327148,188
10111,NXPH4,78.23844909667969,-11.157142639160156,188
10112,NXT1,49.06556701660156,11.075309753417969,431
10113,NYAP1,1.6709959506988525,10.317207336425781,320
10114,NYAP2,-1.773465633392334,5.054724216461182,299
10115,NYNRIN,7.629067420959473,12.326202392578125,330
10116,OAF,70.42224884033203,-11.090091705322266,218
10117,OARD1,49.36650085449219,7.494160175323486,434
10118,OAS1,39.88857650756836,-2.2229981422424316,285
10119,OAS2,39.95344924926758,-2.7820608615875244,286
10120,OAS3,39.332454681396484,-2.5435492992401123,286
10121,OASL,39.27519226074219,-2.528797149658203,286
10122,OAT,68.54666900634766,5.262021064758301,356
10123,OAZ1,19.009000778198242,19.100645065307617,279
10124,OAZ2,19.81633949279785,18.90838050842285,279
10125,OAZ3,19.304195404052734,19.671100616455078,279
10126,OBI1,7.9939961433410645,6.999276638031006,388
10127,OBP2A,-11.820063591003418,-16.100872039794922,49
10128,OBP2B,-11.848381996154785,-16.055265426635742,49
10129,OBSL1,36.88301086425781,-13.054046630859375,80
10130,OC90,71.5538101196289,-12.610848426818848,218
10131,OCA2,24.681472778320312,-26.302207946777344,138
10132,OCEL1,13.49199390411377,14.943231582641602,342
10133,OCIAD1,67.27215576171875,16.23656463623047,163
10134,OCIAD2,67.27074432373047,16.21338653564453,163
10135,OCLN,21.372928619384766,-18.1756591796875,127
10136,OCM,-42.026527404785156,-7.456503391265869,44
10137,OCM2,-41.81721115112305,-7.378243923187256,44
10138,OCSTAMP,21.680761337280273,-19.42266845703125,126
10139,ODAM,5.114099025726318,21.923906326293945,154
10140,ODAPH,5.867370128631592,20.98167610168457,154
10141,ODC1,59.51748275756836,3.7955822944641113,349
10142,ODF1,-62.202049255371094,-58.950462341308594,19
10143,ODF2,-14.614206314086914,-3.831754446029663,259
10144,ODF2L,-13.75001335144043,-3.362858295440674,259
10145,ODF3,2.686598062515259,19.246667861938477,275
10146,ODF3B,2.418660879135132,19.20136070251465,275
10147,ODF3L1,2.2538821697235107,19.19172477722168,275
10148,ODF3L2,3.3806889057159424,19.352537155151367,275
10149,ODF4,0.05994339659810066,-23.302536010742188,104
10150,ODR4,33.2288932800293,2.5717718601226807,402
10151,OGA,19.833236694335938,1.9643951654434204,400
10152,OGDH,69.29521179199219,4.883421421051025,356
10153,OGDHL,68.16551208496094,4.389471530914307,357
10154,OGFOD1,42.69600296020508,4.35371732711792,429
10155,OGFOD2,48.72231674194336,4.721284866333008,423
10156,OGFOD3,66.40037536621094,-4.345921516418457,212
10157,OGFR,15.008851051330566,7.5397629737854,359
10158,OGFRL1,23.093759536743164,7.698988437652588,397
10159,OGG1,54.642852783203125,4.640049457550049,440
10160,OGN,94.44792938232422,21.2612361907959,83
10161,OIP5,32.931217193603516,9.779134750366211,445
10162,OIT3,64.33749389648438,-16.43731689453125,197
10163,OLA1,44.49198913574219,3.292789936065674,435
10164,OLAH,56.63772964477539,0.9573745131492615,291
10165,OLFM1,75.39812469482422,-10.310726165771484,188
10166,OLFM2,75.68516540527344,-10.495412826538086,188
10167,OLFM3,75.28300476074219,-9.991837501525879,188
10168,OLFM4,74.90391540527344,-10.632063865661621,188
10169,OLFML1,73.7171859741211,-9.250686645507812,188
10170,OLFML2A,72.60215759277344,-10.270157814025879,218
10171,OLFML2B,72.97623443603516,-10.25943660736084,218
10172,OLFML3,74.8175048828125,-9.839346885681152,188
10173,OLIG1,-9.407930374145508,18.41587257385254,241
10174,OLIG2,-13.809038162231445,18.302501678466797,191
10175,OLIG3,-10.863041877746582,18.037343978881836,242
10176,OLR1,-19.346120834350586,-30.062335968017578,45
10177,OMA1,54.371665954589844,8.794960021972656,353
10178,OMD,94.5610122680664,21.22865867614746,83
10179,OMG,95.50577545166016,19.715076446533203,84
10180,OMP,27.33046531677246,15.123045921325684,268
10181,ONECUT1,-22.346351623535156,18.4619083404541,193
10182,ONECUT3,-22.165966033935547,19.071767807006836,194
10183,OOEP,20.96877670288086,14.86313247680664,346
10184,OOSP1,59.61969757080078,-10.041217803955078,187
10185,OOSP2,59.13127136230469,-10.336030960083008,187
10186,OOSP3,59.7526741027832,-10.00613784790039,187
10187,OOSP4A,59.452362060546875,-10.028194427490234,187
10188,OOSP4B,59.387725830078125,-9.814184188842773,187
10189,OPA1,34.45566177368164,0.40321481227874756,337
10190,OPA3,48.907447814941406,4.3482232093811035,423
10191,OPALIN,16.756032943725586,23.148059844970703,224
10192,OPCML,47.77800750732422,-14.965977668762207,181
10193,OPLAH,48.13112258911133,-0.16706736385822296,296
10194,OPN1SW,-103.80445098876953,-18.627153396606445,14
10195,OPN3,-103.67403411865234,-18.70302963256836,14
10196,OPN4,-104.238037109375,-19.033361434936523,14
10197,OPN5,-104.22794342041016,-18.743284225463867,14
10198,OPRD1,-104.35555267333984,-18.5706787109375,14
10199,OPRK1,-104.1893081665039,-18.538070678710938,14
10200,OPRL1,-104.63231658935547,-18.711366653442383,14
10201,OPRPN,4.586838245391846,23.366809844970703,155
10202,OPTC,94.27212524414062,21.174110412597656,83
10203,OPTN,-9.755813598632812,-2.563523054122925,253
10204,OR10A2,-158.4281768798828,0.7035602927207947,101
10205,OR10A3,-159.93820190429688,1.7376439571380615,101
10206,OR10A4,-159.6183624267578,1.5392019748687744,101
10207,OR10A5,-160.01612854003906,1.2192120552062988,101
10208,OR10A6,-159.4143524169922,1.551118016242981,101
10209,OR10A7,-160.4089813232422,1.437662959098816,101
10210,OR10AD1,-161.55250549316406,1.4267257452011108,101
10211,OR10AG1,-158.45314025878906,0.9877563118934631,101
10212,OR10C1,-159.5825653076172,1.737335205078125,101
10213,OR10D3,-159.41156005859375,1.8044874668121338,101
10214,OR10G2,-159.89532470703125,1.7008432149887085,101
10215,OR10G3,-159.66033935546875,1.810563325881958,101
10216,OR10G4,-158.8013916015625,1.0789645910263062,101
10217,OR10G6,-160.0879669189453,1.9710983037948608,101
10218,OR10G7,-158.86752319335938,1.0384104251861572,101
10219,OR10G8,-159.57997131347656,1.5366935729980469,101
10220,OR10G9,-159.45321655273438,1.7484874725341797,101
10221,OR10H1,-159.8394775390625,2.0643067359924316,101
10222,OR10H2,-162.0,2.7149786949157715,101
10223,OR10H3,-160.87652587890625,2.2110884189605713,101
10224,OR10H4,-161.13035583496094,2.4114127159118652,101
10225,OR10H5,-159.16217041015625,1.7778202295303345,101
10226,OR10J1,-161.5565185546875,2.3416709899902344,101
10227,OR10J3,-159.79713439941406,1.8052185773849487,101
10228,OR10J5,-160.69290161132812,1.7871767282485962,101
10229,OR10K1,-158.60531616210938,1.194351315498352,101
10230,OR10K2,-158.5265350341797,1.5948033332824707,101
10231,OR10P1,-159.68496704101562,1.7752972841262817,101
10232,OR10Q1,-159.35205078125,1.64622962474823,101
10233,OR10R2,-160.29473876953125,1.5010113716125488,101
10234,OR10S1,-159.5673370361328,1.5917956829071045,101
10235,OR10T2,-160.22003173828125,1.4926871061325073,101
10236,OR10V1,-159.5401611328125,1.515315055847168,101
10237,OR10W1,-159.30149841308594,1.3978489637374878,101
10238,OR10X1,-160.06625366210938,1.6840547323226929,101
10239,OR10Z1,-159.20855712890625,1.7508970499038696,101
10240,OR11A1,-159.68833923339844,1.7005540132522583,101
10241,OR11G2,-159.07240295410156,1.5546131134033203,101
10242,OR11H1,-159.41983032226562,1.5669676065444946,101
10243,OR11H12,-159.63279724121094,1.7332684993743896,101
10244,OR11H2,-159.52413940429688,2.0824177265167236,101
10245,OR11H4,-159.56283569335938,1.8646198511123657,101
10246,OR11H6,-158.4156951904297,1.3217989206314087,101
10247,OR11L1,-159.74180603027344,1.6143226623535156,101
10248,OR12D2,-159.1392364501953,1.2615586519241333,101
10249,OR12D3,-158.59930419921875,1.4797215461730957,101
10250,OR13A1,-159.76638793945312,1.5701762437820435,101
10251,OR13C2,-160.260986328125,1.949052095413208,101
10252,OR13C3,-160.52268981933594,2.3018429279327393,101
10253,OR13C4,-160.16310119628906,1.832588791847229,101
10254,OR13C5,-159.4776611328125,1.9883893728256226,101
10255,OR13C8,-160.49049377441406,1.7065939903259277,101
10256,OR13C9,-160.4233856201172,1.9131205081939697,101
10257,OR13D1,-160.7399444580078,2.1674115657806396,101
10258,OR13F1,-160.3640899658203,1.9315582513809204,101
10259,OR13G1,-158.8668975830078,1.2069759368896484,101
10260,OR13J1,-157.19149780273438,1.2772555351257324,100
10261,OR14A16,-156.40048217773438,0.9729803800582886,59
10262,OR14A2,-156.591796875,0.661926805973053,100
10263,OR14C36,-156.49362182617188,1.020585298538208,59
10264,OR14I1,-157.8120880126953,0.9851799607276917,101
10265,OR14J1,-157.13002014160156,0.6015922427177429,100
10266,OR14K1,-158.7416534423828,1.4024816751480103,101
10267,OR1A1,-158.94619750976562,0.359935462474823,100
10268,OR1A2,-159.13897705078125,-0.044424351304769516,100
10269,OR1B1,-159.47434997558594,1.6783595085144043,101
10270,OR1C1,-158.15704345703125,0.8630591630935669,101
10271,OR1D2,-160.15943908691406,-0.5745080709457397,12
10272,OR1D5,-160.51377868652344,-0.59649258852005,12
10273,OR1E1,-161.3175048828125,-1.0609174966812134,12
10274,OR1E2,-161.52125549316406,-1.0980167388916016,12
10275,OR1F1,-159.83834838867188,0.3379925489425659,100
10276,OR1G1,-160.7080841064453,-0.8220718502998352,12
10277,OR1I1,-160.2720489501953,-0.5785357356071472,12
10278,OR1J1,-159.4735870361328,-0.14416740834712982,100
10279,OR1J2,-160.7898406982422,-0.9686963558197021,12
10280,OR1J4,-161.70489501953125,-1.3311604261398315,12
10281,OR1K1,-159.92889404296875,2.1222846508026123,101
10282,OR1L1,-159.0904083251953,0.7836208343505859,101
10283,OR1L3,-160.5705108642578,0.9864299297332764,101
10284,OR1L4,-158.0104217529297,-0.05583364516496658,100
10285,OR1L6,-159.25767517089844,1.1088331937789917,101
10286,OR1L8,-158.30386352539062,0.11771995574235916,100
10287,OR1M1,-159.38699340820312,0.5115407109260559,100
10288,OR1N1,-160.7752685546875,-0.9205006957054138,12
10289,OR1N2,-161.22845458984375,-0.1656264364719391,12
10290,OR1Q1,-159.12466430664062,0.21427994966506958,100
10291,OR1S1,-161.25662231445312,-1.1798913478851318,12
10292,OR1S2,-161.29666137695312,-1.1376606225967407,12
10293,OR2A1,-159.03797912597656,1.6478328704833984,101
10294,OR2A12,-158.7328338623047,1.480860948562622,101
10295,OR2A14,-158.63580322265625,1.3509200811386108,101
10296,OR2A2,-159.2324676513672,1.5505362749099731,101
10297,OR2A25,-158.9645538330078,1.515649676322937,101
10298,OR2A4,-160.2408905029297,1.9711494445800781,101
10299,OR2A42,-158.97633361816406,1.760685920715332,101
10300,OR2A5,-158.21861267089844,1.6059640645980835,101
10301,OR2A7,-160.484375,2.0403754711151123,101
10302,OR2AE1,-159.5645751953125,1.8381671905517578,101
10303,OR2AG1,-159.32920837402344,1.9285719394683838,101
10304,OR2AG2,-159.5391845703125,1.755250096321106,101
10305,OR2AJ1,-159.57833862304688,1.2398269176483154,101
10306,OR2AK2,-160.06130981445312,1.8997573852539062,101
10307,OR2AP1,-160.91990661621094,1.7523822784423828,101
10308,OR2AT4,-159.35836791992188,1.8221267461776733,101
10309,OR2B11,-159.29653930664062,1.9050343036651611,101
10310,OR2B2,-160.16693115234375,1.8925000429153442,101
10311,OR2B3,-160.5774383544922,2.0715973377227783,101
10312,OR2B6,-159.2903289794922,1.7677147388458252,101
10313,OR2C1,-159.02117919921875,1.850061297416687,101
10314,OR2C3,-158.7284698486328,2.033715009689331,101
10315,OR2D2,-159.80374145507812,1.7843971252441406,101
10316,OR2D3,-159.60398864746094,1.6229586601257324,101
10317,OR2F1,-158.29014587402344,1.3109633922576904,101
10318,OR2F2,-159.9594268798828,1.8369368314743042,101
10319,OR2G2,-159.99278259277344,2.000589609146118,101
10320,OR2G3,-160.02947998046875,1.5123686790466309,101
10321,OR2G6,-159.533447265625,2.0428407192230225,101
10322,OR2H1,-159.6114501953125,1.9378947019577026,101
10323,OR2H2,-159.33935546875,1.8876454830169678,101
10324,OR2I1P,-160.42648315429688,2.4715423583984375,101
10325,OR2J1,-159.3469696044922,1.7475889921188354,101
10326,OR2J2,-158.61395263671875,1.9016543626785278,101
10327,OR2J3,-156.14637756347656,1.3803635835647583,59
10328,OR2K2,-160.71446228027344,1.9835584163665771,101
10329,OR2L13,-160.41639709472656,1.9348236322402954,101
10330,OR2L2,-157.31988525390625,0.8917900323867798,100
10331,OR2L3,-156.916259765625,0.6927668452262878,100
10332,OR2L5,-157.23561096191406,0.8632410764694214,100
10333,OR2L8,-159.8763885498047,1.7549070119857788,101
10334,OR2M2,-160.59774780273438,1.6973986625671387,101
10335,OR2M3,-157.80908203125,0.4446921944618225,100
10336,OR2M4,-158.22561645507812,0.9401008486747742,101
10337,OR2M5,-160.7159881591797,1.916244387626648,101
10338,OR2M7,-160.4912567138672,1.5192222595214844,101
10339,OR2S2,-160.76307678222656,2.1294033527374268,101
10340,OR2T1,-159.99818420410156,1.6564654111862183,101
10341,OR2T10,-158.872314453125,1.316368818283081,101
10342,OR2T11,-159.1721954345703,1.4271721839904785,101
10343,OR2T12,-160.18421936035156,2.3191895484924316,101
10344,OR2T2,-159.9863739013672,1.7743459939956665,101
10345,OR2T27,-161.10775756835938,1.8983585834503174,101
10346,OR2T29,-159.1144256591797,1.5804822444915771,101
10347,OR2T3,-160.86895751953125,1.9738538265228271,101
10348,OR2T33,-159.45904541015625,2.0990922451019287,101
10349,OR2T34,-160.62310791015625,1.4397283792495728,101
10350,OR2T35,-159.8450469970703,1.6991748809814453,101
10351,OR2T4,-159.93167114257812,1.4861810207366943,101
10352,OR2T5,-159.49252319335938,1.5123826265335083,101
10353,OR2T6,-159.22882080078125,1.5229705572128296,101
10354,OR2T8,-160.4493865966797,2.2484130859375,101
10355,OR2V1,-160.0826873779297,2.183565378189087,101
10356,OR2V2,-159.39659118652344,2.1569011211395264,101
10357,OR2W1,-160.77410888671875,2.0648763179779053,101
10358,OR2W3,-159.3251953125,1.9993176460266113,101
10359,OR2Y1,-159.87701416015625,1.9627082347869873,101
10360,OR2Z1,-160.44668579101562,2.1517484188079834,101
10361,OR3A1,-159.96437072753906,1.9178402423858643,101
10362,OR3A2,-159.67604064941406,1.5947388410568237,101
10363,OR3A3,-160.0455780029297,2.0464160442352295,101
10364,OR4A15,-154.68789672851562,1.1037354469299316,59
10365,OR4A16,-153.64691162109375,0.8239818215370178,59
10366,OR4A47,-153.0986785888672,1.0552645921707153,59
10367,OR4A5,-153.0972900390625,0.9646391868591309,59
10368,OR4B1,-153.47886657714844,1.0414427518844604,59
10369,OR4C11,-154.3182373046875,1.0044819116592407,59
10370,OR4C12,-152.99143981933594,0.9176098108291626,59
10371,OR4C13,-153.35519409179688,0.9734514951705933,59
10372,OR4C15,-153.12655639648438,0.9777753949165344,59
10373,OR4C16,-153.728271484375,1.0309014320373535,59
10374,OR4C3,-153.16360473632812,0.9616472721099854,59
10375,OR4C45,-154.37962341308594,0.8585218787193298,59
10376,OR4C46,-153.31732177734375,0.7358429431915283,59
10377,OR4C5,-153.79443359375,0.8676357269287109,59
10378,OR4C6,-152.87417602539062,1.0269571542739868,59
10379,OR4D1,-155.95387268066406,1.2599841356277466,59
10380,OR4D10,-154.68048095703125,1.0273250341415405,59
10381,OR4D11,-154.68788146972656,1.3437761068344116,59
10382,OR4D2,-156.47108459472656,1.1979025602340698,59
10383,OR4D5,-153.48606872558594,1.000055193901062,59
10384,OR4D6,-153.48483276367188,0.7739920020103455,59
10385,OR4D9,-155.86544799804688,0.968222439289093,59
10386,OR4E1,-154.00192260742188,1.1563494205474854,59
10387,OR4E2,-155.0303955078125,1.0139389038085938,59
10388,OR4F15,-153.8631134033203,1.0595057010650635,59
10389,OR4F16,-153.04234313964844,1.0820789337158203,59
10390,OR4F17,-153.5926971435547,1.0087445974349976,59
10391,OR4F21,-152.46005249023438,0.9989832639694214,59
10392,OR4F29,-152.77134704589844,1.037031888961792,59
10393,OR4F3,-152.63526916503906,0.9956038594245911,59
10394,OR4F4,-153.5511932373047,1.091601014137268,59
10395,OR4F5,-154.10633850097656,1.0619397163391113,59
10396,OR4F6,-152.70297241210938,0.9643056392669678,59
10397,OR4K1,-152.37890625,0.8025196194648743,59
10398,OR4K13,-154.4851531982422,0.9710037708282471,59
10399,OR4K14,-152.74375915527344,0.892103374004364,59
10400,OR4K15,-158.2391815185547,1.7068662643432617,101
10401,OR4K17,-154.86151123046875,1.1792553663253784,59
10402,OR4K2,-155.47674560546875,0.9430309534072876,59
10403,OR4K5,-153.65460205078125,0.9715226292610168,59
10404,OR4L1,-152.98245239257812,1.0392746925354004,59
10405,OR4M1,-155.21243286132812,1.1768772602081299,59
10406,OR4M2,-153.93890380859375,0.952907383441925,59
10407,OR4N2,-154.5515899658203,1.1173218488693237,59
10408,OR4N4,-154.99021911621094,1.6198959350585938,59
10409,OR4N5,-154.43751525878906,0.9986205101013184,59
10410,OR4P4,-153.36737060546875,1.0973849296569824,59
10411,OR4Q2,-155.4822235107422,1.4230577945709229,59
10412,OR4Q3,-154.49610900878906,1.4133553504943848,59
10413,OR4S1,-153.00650024414062,0.77020663022995,59
10414,OR4S2,-153.63507080078125,1.1804744005203247,59
10415,OR4X1,-154.77926635742188,1.3902860879898071,59
10416,OR4X2,-154.9072265625,0.9070415496826172,59
10417,OR51A2,-154.16726684570312,15.537821769714355,3
10418,OR51A4,-153.95419311523438,15.653949737548828,3
10419,OR51A7,-153.6121368408203,15.842774391174316,3
10420,OR51B2,-154.05084228515625,16.040842056274414,3
10421,OR51B4,-154.16575622558594,15.58945083618164,3
10422,OR51B5,-153.63067626953125,15.532844543457031,3
10423,OR51B6,-153.5478057861328,15.77243423461914,3
10424,OR51D1,-153.53652954101562,15.42884635925293,3
10425,OR51E1,-153.5753631591797,15.898016929626465,3
10426,OR51E2,-153.91908264160156,15.745332717895508,3
10427,OR51F1,-153.9443817138672,15.50036907196045,3
10428,OR51F2,-153.7486572265625,16.00608253479004,3
10429,OR51G1,-154.05303955078125,15.488722801208496,3
10430,OR51G2,-153.54212951660156,15.495255470275879,3
10431,OR51I1,-153.7586212158203,15.246286392211914,3
10432,OR51I2,-154.34815979003906,15.502827644348145,3
10433,OR51L1,-154.3202362060547,15.500807762145996,3
10434,OR51M1,-154.41253662109375,15.521139144897461,3
10435,OR51Q1,-153.95362854003906,15.674639701843262,3
10436,OR51S1,-153.43667602539062,15.653236389160156,3
10437,OR51T1,-153.61660766601562,16.046138763427734,3
10438,OR51V1,-153.92442321777344,15.6740083694458,3
10439,OR52A1,-154.025634765625,16.075298309326172,3
10440,OR52A5,-154.31117248535156,15.810803413391113,3
10441,OR52B2,-153.89723205566406,15.968146324157715,3
10442,OR52B4,-153.82374572753906,15.961699485778809,3
10443,OR52B6,-154.14877319335938,15.443317413330078,3
10444,OR52D1,-154.18968200683594,15.938498497009277,3
10445,OR52E2,-154.114501953125,15.413782119750977,3
10446,OR52E4,-154.0120391845703,15.665244102478027,3
10447,OR52E5,-154.27980041503906,15.65685749053955,3
10448,OR52E6,-153.69166564941406,15.831666946411133,3
10449,OR52E8,-154.11083984375,15.619842529296875,3
10450,OR52H1,-153.71730041503906,15.412446022033691,3
10451,OR52I1,-154.06124877929688,15.924522399902344,3
10452,OR52I2,-153.99720764160156,15.680733680725098,3
10453,OR52J3,-153.5071563720703,15.598974227905273,3
10454,OR52K1,-154.19798278808594,15.581402778625488,3
10455,OR52K2,-153.4093017578125,15.612994194030762,3
10456,OR52L1,-153.99234008789062,15.347288131713867,3
10457,OR52M1,-154.3272247314453,15.688376426696777,3
10458,OR52N1,-153.9978790283203,15.643888473510742,3
10459,OR52N2,-153.9262237548828,15.97474479675293,3
10460,OR52N4,-154.28102111816406,15.807464599609375,3
10461,OR52N5,-154.0069580078125,15.36409854888916,3
10462,OR52R1,-154.03907775878906,16.0640869140625,3
10463,OR52W1,-153.5138702392578,15.77437973022461,3
10464,OR56A1,-154.0751495361328,15.940701484680176,3
10465,OR56A3,-154.27833557128906,15.376312255859375,3
10466,OR56A4,-154.33702087402344,15.774124145507812,3
10467,OR56A5,-154.0557403564453,15.610490798950195,3
10468,OR56B1,-154.20896911621094,15.81534481048584,3
10469,OR56B4,-153.9912567138672,16.053884506225586,3
10470,OR5A1,-158.0875244140625,0.47678783535957336,100
10471,OR5A2,-158.86085510253906,1.394912600517273,101
10472,OR5AC2,-157.8404083251953,0.20897263288497925,100
10473,OR5AK2,-158.31878662109375,0.13977573812007904,100
10474,OR5AN1,-158.5073699951172,0.09825929254293442,100
10475,OR5AP2,-158.3514404296875,-0.29016444087028503,100
10476,OR5AR1,-158.72515869140625,0.017603859305381775,100
10477,OR5AS1,-156.26052856445312,0.5157067775726318,59
10478,OR5AU1,-157.71214294433594,-0.3271985352039337,100
10479,OR5B12,-157.42141723632812,-0.7178743481636047,100
10480,OR5B17,-158.11587524414062,0.06798619776964188,100
10481,OR5B2,-158.49945068359375,0.7563483119010925,101
10482,OR5B21,-158.64517211914062,0.49611449241638184,100
10483,OR5B3,-157.8783721923828,0.03146165609359741,100
10484,OR5C1,-159.73883056640625,1.6658051013946533,101
10485,OR5D13,-157.80178833007812,0.08422774821519852,100
10486,OR5D14,-158.50042724609375,-0.019802138209342957,100
10487,OR5D16,-158.16836547851562,-0.026248838752508163,100
10488,OR5D18,-158.3993377685547,0.07333468645811081,100
10489,OR5F1,-159.3474884033203,0.1701418161392212,100
10490,OR5H1,-155.5471649169922,0.7698798179626465,59
10491,OR5H14,-156.6082000732422,0.8728968501091003,100
10492,OR5H15,-156.2818603515625,0.41720008850097656,59
10493,OR5H2,-156.45608520507812,0.38965633511543274,100
10494,OR5H6,-157.23985290527344,0.17712070047855377,100
10495,OR5I1,-159.18597412109375,0.06501085311174393,100
10496,OR5J2,-158.76527404785156,0.1513179987668991,100
10497,OR5K1,-157.28518676757812,0.24838070571422577,100
10498,OR5K2,-157.23272705078125,0.49148625135421753,100
10499,OR5K3,-158.16981506347656,-0.062438420951366425,100
10500,OR5K4,-158.45571899414062,0.2279168963432312,100
10501,OR5L1,-159.03436279296875,-0.20838132500648499,100
10502,OR5L2,-160.66787719726562,0.8808792233467102,101
10503,OR5M1,-158.3218994140625,0.660102367401123,101
10504,OR5M10,-158.42138671875,0.0036219623871147633,100
10505,OR5M11,-158.53805541992188,0.1689940243959427,100
10506,OR5M3,-158.5261993408203,0.04266486316919327,100
10507,OR5M8,-159.10801696777344,1.0509356260299683,101
10508,OR5M9,-160.47518920898438,0.6724602580070496,101
10509,OR5P2,-160.12315368652344,0.6589809656143188,101
10510,OR5P3,-160.62454223632812,0.39934295415878296,12
10511,OR5T1,-157.90478515625,-0.28070712089538574,100
10512,OR5T2,-157.78675842285156,0.3098602890968323,100
10513,OR5T3,-158.6505126953125,-0.11478284746408463,100
10514,OR5V1,-158.4295654296875,-0.008989430032670498,100
10515,OR5W2,-158.30674743652344,-0.016656197607517242,100
10516,OR6A2,-158.78274536132812,1.121327519416809,101
10517,OR6B1,-158.41505432128906,1.6413369178771973,101
10518,OR6B2,-159.2503204345703,1.4671744108200073,101
10519,OR6B3,-159.02137756347656,1.6255024671554565,101
10520,OR6C1,-159.4055938720703,0.861998975276947,101
10521,OR6C2,-159.85623168945312,1.3591523170471191,101
10522,OR6C3,-161.69644165039062,2.1176950931549072,101
10523,OR6C4,-157.7333984375,0.8191766738891602,100
10524,OR6C6,-161.58636474609375,1.7248328924179077,101
10525,OR6C65,-161.38467407226562,1.9410641193389893,101
10526,OR6C68,-161.2858123779297,1.8275771141052246,101
10527,OR6C70,-161.94139099121094,2.126239061355591,101
10528,OR6C74,-158.31478881835938,1.1414027214050293,101
10529,OR6C75,-158.45797729492188,0.9397071599960327,101
10530,OR6C76,-161.35696411132812,1.6407102346420288,101
10531,OR6F1,-161.052001953125,0.9125401973724365,101
10532,OR6J1,-160.0061492919922,2.167320966720581,101
10533,OR6K2,-159.19778442382812,1.9674347639083862,101
10534,OR6K3,-156.7704620361328,1.1555076837539673,100
10535,OR6K6,-157.9644775390625,1.609381079673767,101
10536,OR6M1,-159.93289184570312,1.7556443214416504,101
10537,OR6N1,-158.45730590820312,1.2415188550949097,101
10538,OR6N2,-159.1366424560547,1.4329078197479248,101
10539,OR6P1,-159.76846313476562,1.7421684265136719,101
10540,OR6Q1,-159.2021942138672,1.5677273273468018,101
10541,OR6S1,-159.5592803955078,1.3119741678237915,101
10542,OR6T1,-159.67359924316406,2.1283981800079346,101
10543,OR6V1,-159.51617431640625,1.762340784072876,101
10544,OR6X1,-158.7770538330078,1.6092963218688965,101
10545,OR6Y1,-159.46449279785156,1.7304056882858276,101
10546,OR7A10,-161.4361572265625,-1.199750542640686,12
10547,OR7A17,-161.01870727539062,-1.1489779949188232,12
10548,OR7A5,-161.3205108642578,-1.2320034503936768,12
10549,OR7C1,-161.1140594482422,-1.0970704555511475,12
10550,OR7C2,-161.3946990966797,-1.171976089477539,12
10551,OR7D2,-161.19810485839844,-1.109047293663025,12
10552,OR7D4,-160.0645751953125,-1.1206612586975098,12
10553,OR7E24,-161.58712768554688,-1.329720139503479,12
10554,OR7G1,-161.27125549316406,-1.1714085340499878,12
10555,OR7G2,-161.49949645996094,-1.2781606912612915,12
10556,OR7G3,-161.726806640625,-1.3333027362823486,12
10557,OR8A1,-158.23690795898438,-0.825872004032135,100
10558,OR8B12,-158.1046905517578,0.03707822412252426,100
10559,OR8B2,-158.3580780029297,-0.3287992775440216,100
10560,OR8B3,-157.56651306152344,-0.890898585319519,100
10561,OR8B4,-158.10809326171875,-0.3446011245250702,100
10562,OR8B8,-157.88519287109375,0.058314718306064606,100
10563,OR8D1,-157.91575622558594,-0.0022405628114938736,100
10564,OR8D2,-158.70526123046875,-0.22810310125350952,100
10565,OR8D4,-157.63877868652344,0.4795714020729065,100
10566,OR8G1,-158.7584228515625,-0.5718408226966858,100
10567,OR8G5,-158.3043670654297,-0.2582360804080963,100
10568,OR8H1,-160.0644989013672,1.186098337173462,101
10569,OR8H2,-158.55465698242188,0.2277134507894516,100
10570,OR8H3,-158.8914794921875,0.11377358436584473,100
10571,OR8I2,-158.70281982421875,-0.001641619368456304,100
10572,OR8J1,-160.3985137939453,1.7600586414337158,101
10573,OR8J3,-157.8762664794922,0.21827012300491333,100
10574,OR8K1,-157.87628173828125,-0.10657160729169846,100
10575,OR8K3,-158.02545166015625,0.15694832801818848,100
10576,OR8K5,-157.902587890625,-0.09433387219905853,100
10577,OR8S1,-158.58279418945312,1.4241269826889038,101
10578,OR8U1,-158.34593200683594,0.02436710335314274,100
10579,OR9A2,-160.81517028808594,1.3566079139709473,101
10580,OR9A4,-159.01722717285156,1.9356311559677124,101
10581,OR9G1,-157.54708862304688,0.3930845558643341,100
10582,OR9G4,-158.93406677246094,1.3260183334350586,101
10583,OR9I1,-159.64389038085938,0.9964327216148376,101
10584,OR9K2,-157.705322265625,0.47246843576431274,100
10585,OR9Q1,-159.41734313964844,0.6996592283248901,101
10586,OR9Q2,-158.9998016357422,1.3716213703155518,101
10587,ORAI1,18.313478469848633,-18.135608673095703,128
10588,ORAI2,18.448814392089844,-18.199661254882812,128
10589,ORAI3,17.48049545288086,-18.284957885742188,128
10590,ORC1,11.59611988067627,7.068199634552002,396
10591,ORC2,21.925838470458984,4.273611068725586,373
10592,ORC3,26.97323226928711,-3.260331630706787,315
10593,ORC4,30.38164520263672,-1.8318257331848145,303
10594,ORC5,28.947505950927734,-2.1403114795684814,312
10595,ORC6,37.11660385131836,8.578088760375977,425
10596,ORM1,-11.813101768493652,-16.13555335998535,49
10597,ORM2,-11.815136909484863,-16.158857345581055,49
10598,ORMDL1,9.437849044799805,-20.95761489868164,139
10599,ORMDL2,9.6049165725708,-20.73497772216797,139
10600,ORMDL3,9.092363357543945,-21.104639053344727,139
10601,OS9,56.501319885253906,-7.693014144897461,185
10602,OSBP,21.099483489990234,7.976499557495117,398
10603,OSBP2,15.790654182434082,1.2785066366195679,417
10604,OSBPL10,16.527963638305664,1.920811414718628,417
10605,OSBPL11,18.35030746459961,2.2679004669189453,418
10606,OSBPL1A,16.331653594970703,1.2128469944000244,417
10607,OSBPL2,16.8655948638916,1.4059627056121826,417
10608,OSBPL3,16.999996185302734,1.3445830345153809,417
10609,OSBPL5,14.114026069641113,0.5754560232162476,415
10610,OSBPL6,16.54326629638672,0.9424194693565369,417
10611,OSBPL7,15.705230712890625,0.4324033558368683,416
10612,OSBPL8,17.064260482788086,0.7628464698791504,417
10613,OSBPL9,16.202693939208984,1.164107084274292,417
10614,OSCAR,12.427249908447266,35.336917877197266,226
10615,OSCP1,23.785423278808594,5.453093528747559,421
10616,OSER1,5.609286308288574,13.36683177947998,314
10617,OSGEP,59.32703399658203,4.87169075012207,349
10618,OSGEPL1,51.39744186401367,3.970702886581421,439
10619,OSGIN1,55.995670318603516,3.076329231262207,292
10620,OSGIN2,48.2584114074707,3.6341612339019775,423
10621,OSM,36.272212982177734,28.821489334106445,94
10622,OSMR,22.718517303466797,31.708219528198242,231
10623,OSR1,-28.906768798828125,15.514290809631348,143
10624,OSR2,-29.4221134185791,15.020648002624512,143
10625,OST4,7.5989861488342285,-19.532886505126953,139
10626,OSTC,9.155712127685547,-20.709613800048828,139
10627,OSTF1,68.45367431640625,24.02511215209961,82
10628,OSTM1,56.2845344543457,-7.573283672332764,185
10629,OSTN,91.06414031982422,-16.39567756652832,107
10630,OTOA,33.32856369018555,-2.983809232711792,294
10631,OTOF,17.843852996826172,-10.14510726928711,276
10632,OTOG,53.422157287597656,-17.41434669494629,168
10633,OTOGL,57.93905258178711,-17.145835876464844,168
10634,OTOL1,102.96390533447266,-12.462532043457031,91
10635,OTOP1,17.779094696044922,-24.37567901611328,161
10636,OTOP2,16.727935791015625,-24.909757614135742,161
10637,OTOP3,19.828475952148438,-26.32522964477539,137
10638,OTOR,38.086639404296875,-1.557715654373169,285
10639,OTOS,90.15800476074219,-15.885854721069336,107
10640,OTP,-23.064170837402344,20.657148361206055,194
10641,OTUB1,36.677154541015625,5.442230224609375,360
10642,OTUB2,37.950721740722656,4.7727203369140625,432
10643,OTUD1,11.326534271240234,12.756084442138672,330
10644,OTUD3,19.284778594970703,6.888397216796875,372
10645,OTUD4,-8.349788665771484,8.016914367675781,272
10646,OTUD6B,36.646217346191406,11.28058910369873,370
10647,OTUD7A,8.571989059448242,4.088204860687256,387
10648,OTUD7B,8.408489227294922,4.744285583496094,387
10649,OTULIN,46.301841735839844,8.071301460266113,436
10650,OTULINL,47.470394134521484,5.524868011474609,419
10651,OTX1,-22.719741821289062,19.619976043701172,194
10652,OTX2,-22.976730346679688,20.57918357849121,194
10653,OVCA2,46.5055046081543,7.947715759277344,436
10654,OVCH1,64.51847076416016,-17.94695281982422,197
10655,OVCH2,67.30320739746094,-19.236515045166016,118
10656,OVGP1,58.586402893066406,-9.562925338745117,187
10657,OVOL1,-31.259294509887695,13.690590858459473,143
10658,OVOL2,-30.89836883544922,13.384347915649414,143
10659,OVOL3,-32.465206146240234,13.103882789611816,144
10660,OXA1L,60.72685241699219,11.636250495910645,287
10661,OXCT1,66.78874206542969,5.721102714538574,358
10662,OXCT2,66.82203674316406,6.039737701416016,356
10663,OXER1,-107.87614440917969,-19.42951202392578,14
10664,OXGR1,-109.94425964355469,-18.32754898071289,14
10665,OXLD1,57.05596923828125,12.0097017288208,327
10666,OXNAD1,54.91484832763672,8.672046661376953,353
10667,OXR1,11.176779747009277,0.32095134258270264,374
10668,OXSM,62.1943244934082,4.6336798667907715,355
10669,OXSR1,58.03984069824219,36.73178482055664,69
10670,OXT,78.27188110351562,-16.393497467041016,200
10671,OXTR,-104.48401641845703,-18.921077728271484,14
10672,P2RX1,51.159996032714844,-10.140955924987793,183
10673,P2RX2,51.852535247802734,-9.989296913146973,183
10674,P2RX3,51.39034652709961,-10.175809860229492,183
10675,P2RX4,51.32646179199219,-9.996923446655273,183
10676,P2RX5,51.137794494628906,-10.046188354492188,183
10677,P2RX6,51.54244613647461,-10.260529518127441,183
10678,P2RX7,51.32548522949219,-10.164037704467773,183
10679,P2RY1,-109.18889617919922,-18.608806610107422,14
10680,P2RY11,-107.62429809570312,-19.4293270111084,14
10681,P2RY12,-110.78343200683594,-18.333234786987305,14
10682,P2RY13,-110.54277038574219,-18.235347747802734,14
10683,P2RY14,-110.11497497558594,-18.49196434020996,14
10684,P2RY2,-107.95015716552734,-19.486656188964844,14
10685,P2RY6,-107.95225524902344,-19.45610809326172,14
10686,P3H1,67.968017578125,-6.7773261070251465,201
10687,P3H2,68.25414276123047,-6.927280902862549,201
10688,P3H3,67.77540588378906,-6.791982173919678,201
10689,P3H4,68.51526641845703,-6.878620147705078,201
10690,P3R3URF,13.439230918884277,20.050281524658203,325
10691,P4HA1,70.31395721435547,-6.118631839752197,205
10692,P4HA2,70.42037963867188,-6.622236728668213,205
10693,P4HA3,67.31468200683594,-6.8532938957214355,201
10694,P4HB,55.53772735595703,-5.443478584289551,186
10695,P4HTM,67.29611206054688,-6.860286235809326,201
10696,PA2G4,40.81956481933594,9.540414810180664,361
10697,PAAF1,51.89612579345703,23.101184844970703,70
10698,PABPC1,-20.027620315551758,9.763442039489746,263
10699,PABPC1L,-19.898395538330078,10.469015121459961,263
10700,PABPC3,-19.84511375427246,10.30230712890625,263
10701,PABPC4,-19.69831657409668,10.249387741088867,263
10702,PABPC4L,-19.432947158813477,10.101984024047852,263
10703,PABPN1,-18.926132202148438,7.592544078826904,265
10704,PABPN1L,16.12837791442871,13.239900588989258,341
10705,PACC1,51.31050109863281,-7.472500801086426,183
10706,PACRG,14.392289161682129,16.136232376098633,338
10707,PACRGL,32.53313446044922,3.1405978202819824,444
10708,PACS1,15.246627807617188,1.0574091672897339,416
10709,PACS2,14.298172950744629,1.9517407417297363,415
10710,PACSIN1,9.04677677154541,-2.211642026901245,365
10711,PACSIN2,9.117149353027344,-2.2468178272247314,365
10712,PACSIN3,9.464540481567383,-2.0281882286071777,365
10713,PADI1,52.49149703979492,-2.009585380554199,235
10714,PADI2,52.1525993347168,-2.053762674331665,235
10715,PADI3,52.3888053894043,-1.894034743309021,235
10716,PADI4,52.93571853637695,-2.2448816299438477,235
10717,PADI6,51.453765869140625,-2.045875310897827,235
10718,PAEP,-11.636595726013184,-16.040864944458008,49
10719,PAF1,26.349878311157227,11.524620056152344,351
10720,PAFAH1B1,51.37377166748047,23.690580368041992,70
10721,PAFAH1B2,31.398744583129883,6.167734146118164,451
10722,PAFAH1B3,55.716278076171875,6.842031002044678,349
10723,PAFAH2,58.534507751464844,0.4173354208469391,288
10724,PAG1,13.363608360290527,29.332788467407227,222
10725,PAGR1,20.300731658935547,14.06959056854248,346
10726,PAH,63.4854850769043,3.3883216381073,358
10727,PAICS,46.961509704589844,4.988486289978027,424
10728,PAIP1,27.88871192932129,7.941431522369385,450
10729,PAIP2,16.376462936401367,14.813082695007324,339
10730,PAIP2B,16.97774314880371,14.483168601989746,339
10731,PAK1,58.04302215576172,36.95117950439453,69
10732,PAK1IP1,50.99845886230469,22.858091354370117,70
10733,PAK2,58.03334045410156,36.81277084350586,69
10734,PAK4,57.2944450378418,36.97190475463867,69
10735,PAK5,57.128902435302734,36.87419509887695,69
10736,PAK6,56.26327133178711,37.02622985839844,69
10737,PALB2,1.0313235521316528,6.72812032699585,411
10738,PALD1,18.74081802368164,-0.1785784661769867,376
10739,PALLD,2.956434726715088,2.9928596019744873,407
10740,PALM,12.801959037780762,1.746687650680542,415
10741,PALM3,2.753138780593872,13.952998161315918,289
10742,PALMD,2.8903887271881104,2.4696812629699707,407
10743,PAM,57.74068832397461,-9.990830421447754,187
10744,PAM16,60.57648849487305,14.611725807189941,287
10745,PAMR1,67.87078857421875,-18.497516632080078,118
10746,PAN2,32.69997024536133,-1.916816234588623,294
10747,PAN3,-9.911016464233398,10.462714195251465,272
10748,PANK1,58.276458740234375,4.453898906707764,349
10749,PANK2,55.451698303222656,4.756348609924316,440
10750,PANK3,58.71449661254883,4.5156474113464355,349
10751,PANK4,48.0860481262207,3.0004279613494873,423
10752,PANO1,12.083234786987305,20.345836639404297,324
10753,PANX1,19.401899337768555,-17.787281036376953,128
10754,PANX2,24.85580062866211,-16.726577758789062,124
10755,PANX3,18.14066505432129,-19.50682258605957,140
10756,PAOX,56.000022888183594,3.3410749435424805,292
10757,PAPLN,60.80253982543945,-16.055870056152344,197
10758,PAPOLA,17.168560028076172,5.841691970825195,380
10759,PAPOLB,19.525068283081055,5.594780445098877,372
10760,PAPOLG,15.496750831604004,5.06998872756958,409
10761,PAPPA,60.734989166259766,-16.260330200195312,197
10762,PAPPA2,59.720279693603516,-16.706226348876953,197
10763,PAPSS1,59.453365325927734,3.867516279220581,349
10764,PAPSS2,63.61809158325195,3.4214818477630615,358
10765,PAQR3,12.994003295898438,-24.293325424194336,157
10766,PAQR4,12.1633882522583,-24.34171485900879,157
10767,PAQR5,12.340520858764648,-24.318622589111328,157
10768,PAQR6,13.757866859436035,-23.967212677001953,158
10769,PAQR7,12.185918807983398,-24.209518432617188,157
10770,PAQR8,12.307299613952637,-24.32691192626953,157
10771,PAQR9,13.449137687683105,-23.97260284423828,158
10772,PARD3,3.76591157913208,-0.4278051257133484,389
10773,PARD3B,4.000192642211914,0.05391613766551018,389
10774,PARD6A,21.506813049316406,5.891505718231201,373
10775,PARD6B,21.466331481933594,5.186013221740723,373
10776,PARD6G,21.3579158782959,5.092123508453369,373
10777,PARG,4.12741756439209,6.721289157867432,401
10778,PARK7,60.643253326416016,9.120600700378418,328
10779,PARL,58.68038558959961,10.131806373596191,328
10780,PARM1,9.822999954223633,25.90935707092285,147
10781,PARN,35.68784713745117,3.4722113609313965,438
10782,PARP1,14.3403902053833,6.393499374389648,381
10783,PARP10,17.333417892456055,6.6076884269714355,380
10784,PARP11,44.31965255737305,4.778205394744873,436
10785,PARP12,23.556076049804688,6.657793998718262,420
10786,PARP14,39.48491287231445,-3.0297346115112305,286
10787,PARP15,40.34878158569336,-2.2034361362457275,286
10788,PARP16,43.507381439208984,4.147718906402588,429
10789,PARP2,35.79706954956055,3.096508741378784,438
10790,PARP3,39.29164123535156,2.797179698944092,432
10791,PARP4,44.711669921875,-8.021971702575684,151
10792,PARP6,33.094703674316406,1.7101305723190308,337
10793,PARP8,17.00008773803711,-0.8002655506134033,376
10794,PARP9,39.638004302978516,-2.9901976585388184,286
10795,PARPBP,10.811132431030273,6.505073070526123,395
10796,PARS2,46.32182312011719,4.1782073974609375,424
10797,PARVA,26.490610122680664,2.990752696990967,308
10798,PARVB,25.464712142944336,2.286458969116211,308
10799,PARVG,25.314865112304688,2.613250970840454,308
10800,PASK,5.531467437744141,3.135852336883545,354
10801,PATE1,78.79167175292969,-16.55010414123535,200
10802,PATE2,79.01248168945312,-16.584033966064453,200
10803,PATE3,79.82440948486328,-17.04317283630371,200
10804,PATE4,80.08367156982422,-17.29425048828125,200
10805,PATJ,5.3494744300842285,-0.8925688862800598,389
10806,PATL1,-11.407054901123047,8.63040828704834,272
10807,PATL2,30.070619583129883,0.10163243114948273,306
10808,PATZ1,-32.52077865600586,11.103290557861328,144
10809,PAWR,15.055691719055176,9.403776168823242,382
10810,PAX1,-16.748746871948242,16.33656120300293,190
10811,PAX2,-20.0516357421875,15.969797134399414,191
10812,PAX3,-22.19566535949707,18.16395378112793,193
10813,PAX4,-17.634807586669922,19.856260299682617,191
10814,PAX5,-19.407882690429688,15.111771583557129,190
10815,PAX6,-21.56615447998047,17.311309814453125,193
10816,PAX7,-22.81430435180664,18.270742416381836,193
10817,PAX8,-18.195674896240234,15.585655212402344,190
10818,PAX9,-17.972150802612305,15.421412467956543,190
10819,PAXBP1,13.840474128723145,7.6720781326293945,396
10820,PAXIP1,-15.239517211914062,10.375287055969238,273
10821,PAXX,19.635587692260742,14.003009796142578,346
10822,PBK,15.857927322387695,9.639472961425781,382
10823,PBLD,60.43244552612305,5.015761852264404,349
10824,PBOV1,13.906184196472168,19.588119506835938,323
10825,PBRM1,-6.756206512451172,5.005218029022217,272
10826,PBX1,-15.61884880065918,13.645750045776367,273
10827,PBX2,-15.518157005310059,13.9269380569458,273
10828,PBX3,-16.314273834228516,14.036785125732422,190
10829,PBX4,-15.310441017150879,13.886697769165039,273
10830,PBXIP1,10.933014869689941,16.222423553466797,342
10831,PC,66.84419250488281,4.397290229797363,357
10832,PCARE,0.0927685797214508,10.016156196594238,320
10833,PCBD1,55.449615478515625,10.180680274963379,353
10834,PCBD2,56.79099655151367,10.94042682647705,327
10835,PCBP1,-19.83085060119629,10.72534465789795,263
10836,PCBP2,-19.91323471069336,10.736167907714844,263
10837,PCBP3,-19.67755126953125,10.927531242370605,263
10838,PCBP4,-21.168006896972656,11.452693939208984,264
10839,PCCA,67.62721252441406,6.072093486785889,356
10840,PCCB,68.95169067382812,6.49513053894043,356
10841,PCDH1,50.039031982421875,-30.366647720336914,52
10842,PCDH10,129.87799072265625,30.445646286010742,22
10843,PCDH12,128.75448608398438,29.985679626464844,22
10844,PCDH15,49.51653289794922,-29.962390899658203,52
10845,PCDH17,129.79867553710938,30.358875274658203,22
10846,PCDH18,129.60968017578125,30.316038131713867,22
10847,PCDH20,129.9210205078125,30.484769821166992,22
10848,PCDH7,49.58412170410156,-30.03679656982422,52
10849,PCDH8,129.74172973632812,30.36567497253418,22
10850,PCDH9,50.07380294799805,-29.700973510742188,52
10851,PCDHA1,131.28982543945312,31.117786407470703,22
10852,PCDHA10,131.0653839111328,31.016864776611328,22
10853,PCDHA11,131.4803009033203,31.354812622070312,22
10854,PCDHA12,131.11215209960938,31.042240142822266,22
10855,PCDHA13,130.735107421875,30.92374610900879,22
10856,PCDHA2,131.25601196289062,31.108821868896484,22
10857,PCDHA3,131.18450927734375,31.071828842163086,22
10858,PCDHA4,131.454345703125,31.31966209411621,22
10859,PCDHA5,131.01321411132812,30.76938819885254,22
10860,PCDHA6,130.95216369628906,30.59442901611328,22
10861,PCDHA7,131.34210205078125,31.142602920532227,22
10862,PCDHA8,131.21499633789062,31.087797164916992,22
10863,PCDHA9,131.2133331298828,30.714773178100586,22
10864,PCDHAC1,130.78515625,30.87582778930664,22
10865,PCDHAC2,130.7395477294922,30.51375389099121,22
10866,PCDHB1,129.71595764160156,30.413375854492188,22
10867,PCDHB10,129.6891632080078,30.194692611694336,22
10868,PCDHB11,129.864501953125,30.126056671142578,22
10869,PCDHB12,129.708251953125,30.396493911743164,22
10870,PCDHB13,129.49876403808594,30.511260986328125,22
10871,PCDHB14,129.92681884765625,30.858675003051758,22
10872,PCDHB15,129.62535095214844,30.303430557250977,22
10873,PCDHB16,129.5031280517578,30.467893600463867,22
10874,PCDHB2,130.0191192626953,30.80742073059082,22
10875,PCDHB3,129.77503967285156,30.096240997314453,22
10876,PCDHB4,129.8935546875,30.166767120361328,22
10877,PCDHB5,130.16046142578125,30.550926208496094,22
10878,PCDHB6,130.02598571777344,30.764739990234375,22
10879,PCDHB7,129.56198120117188,30.502792358398438,22
10880,PCDHB8,129.6127166748047,30.655786514282227,22
10881,PCDHB9,129.4864501953125,30.47487449645996,22
10882,PCDHGA1,54.614532470703125,-70.48965454101562,2
10883,PCDHGA10,54.814971923828125,-70.42877960205078,2
10884,PCDHGA11,54.66749954223633,-70.93868255615234,2
10885,PCDHGA12,54.49056625366211,-70.36709594726562,2
10886,PCDHGA2,54.58563232421875,-70.36561584472656,2
10887,PCDHGA3,54.626583099365234,-71.06472778320312,2
10888,PCDHGA4,54.72002410888672,-70.74907684326172,2
10889,PCDHGA5,54.485107421875,-70.41216278076172,2
10890,PCDHGA6,54.45540237426758,-70.33658599853516,2
10891,PCDHGA7,54.64482879638672,-70.9601821899414,2
10892,PCDHGA8,54.063961029052734,-70.93853759765625,2
10893,PCDHGA9,54.204925537109375,-70.5741958618164,2
10894,PCDHGB1,54.14781188964844,-70.95413970947266,2
10895,PCDHGB2,54.3674201965332,-70.71622467041016,2
10896,PCDHGB3,54.81696701049805,-70.52901458740234,2
10897,PCDHGB4,54.693031311035156,-70.75564575195312,2
10898,PCDHGB5,54.08636474609375,-70.67041778564453,2
10899,PCDHGB6,54.58436584472656,-70.46176147460938,2
10900,PCDHGB7,54.2924919128418,-71.08650207519531,2
10901,PCDHGC3,130.3377227783203,30.666725158691406,22
10902,PCDHGC4,130.46153259277344,30.71893310546875,22
10903,PCDHGC5,130.35983276367188,30.949607849121094,22
10904,PCED1A,-4.559398651123047,11.837467193603516,192
10905,PCED1B,-3.5753157138824463,11.899825096130371,192
10906,PCF11,-13.57418155670166,6.674917697906494,261
10907,PCGF1,20.354034423828125,7.916937351226807,398
10908,PCGF2,11.331573486328125,7.545308589935303,396
10909,PCGF3,20.18895149230957,7.465361595153809,398
10910,PCGF5,19.583154678344727,7.415095806121826,372
10911,PCGF6,26.17069435119629,9.08620834350586,410
10912,PCID2,33.49247360229492,-4.006535053253174,295
10913,PCIF1,27.04962158203125,3.934626340866089,308
10914,PCK1,68.05013275146484,3.527028799057007,357
10915,PCK2,67.81805419921875,3.407623529434204,358
10916,PCLAF,8.385207176208496,9.637454986572266,352
10917,PCM1,-8.275055885314941,5.2713704109191895,272
10918,PCMT1,46.6297607421875,4.529853343963623,424
10919,PCMTD1,30.96540069580078,5.871940612792969,451
10920,PCMTD2,28.762479782104492,6.719021320343018,450
10921,PCNA,40.374603271484375,7.924411296844482,391
10922,PCNP,24.370737075805664,12.292946815490723,351
10923,PCNT,-13.665390968322754,-4.07192850112915,259
10924,PCNX2,15.229216575622559,-7.578201770782471,277
10925,PCNX3,17.128578186035156,-8.050204277038574,278
10926,PCOLCE,65.17511749267578,-12.774747848510742,202
10927,PCOLCE2,65.71211242675781,-13.71004867553711,197
10928,PCP2,16.173160552978516,15.449037551879883,340
10929,PCP4,22.83055877685547,16.33190155029297,280
10930,PCP4L1,22.064823150634766,16.55520248413086,280
10931,PCSK1,63.84647750854492,-10.163291931152344,202
10932,PCSK2,63.58692169189453,-10.469231605529785,202
10933,PCSK4,64.24370574951172,-10.595697402954102,202
10934,PCSK5,60.22035217285156,-16.635944366455078,197
10935,PCSK6,61.86750793457031,-14.594985008239746,197
10936,PCSK7,63.27153396606445,-10.785270690917969,202
10937,PCSK9,65.2672119140625,-13.764568328857422,197
10938,PCTP,49.73370361328125,6.716405391693115,457
10939,PCYOX1,62.05857849121094,-2.398716688156128,212
10940,PCYOX1L,63.18485641479492,-2.1444308757781982,212
10941,PCYT1A,53.02417755126953,6.460277080535889,453
10942,PCYT2,59.730079650878906,5.7270917892456055,349
10943,PDAP1,30.529815673828125,13.92715072631836,448
10944,PDC,35.59777069091797,12.105001449584961,371
10945,PDCD1,13.8233060836792,32.693321228027344,223
10946,PDCD10,31.98598289489746,10.472932815551758,445
10947,PDCD11,37.435638427734375,5.408848762512207,360
10948,PDCD1LG2,15.959205627441406,32.41558074951172,223
10949,PDCD2,36.638267517089844,8.67966079711914,425
10950,PDCD2L,38.75526428222656,7.267807960510254,426
10951,PDCD4,32.265140533447266,1.082936406135559,337
10952,PDCD5,37.09012985229492,15.877815246582031,171
10953,PDCD6,-39.147396087646484,-6.498866558074951,43
10954,PDCD6IP,9.141319274902344,-1.124538540840149,365
10955,PDCD7,16.178436279296875,12.563825607299805,341
10956,PDCL,34.21904373168945,12.05762004852295,367
10957,PDCL2,34.068511962890625,12.191601753234863,367
10958,PDCL3,34.87590408325195,12.531926155090332,367
10959,PDE10A,24.4990177154541,-1.6589545011520386,317
10960,PDE12,39.64969253540039,5.196112632751465,432
10961,PDE1A,23.251277923583984,-1.5597349405288696,305
10962,PDE1B,23.215452194213867,-1.384888768196106,305
10963,PDE1C,22.83820915222168,-1.5715389251708984,305
10964,PDE2A,27.23857879638672,-2.0843851566314697,311
10965,PDE3B,16.116703033447266,-0.4229031205177307,393
10966,PDE4A,21.965496063232422,-1.3538917303085327,305
10967,PDE4B,22.797212600708008,-1.6101971864700317,305
10968,PDE4C,22.245878219604492,-1.489385724067688,305
10969,PDE4D,22.01543617248535,-1.6184091567993164,305
10970,PDE4DIP,-12.72100830078125,-3.840960741043091,259
10971,PDE5A,26.844398498535156,-0.7723889946937561,311
10972,PDE6A,27.68074607849121,-1.248159646987915,311
10973,PDE6B,27.62191390991211,-1.473644495010376,311
10974,PDE6C,26.658357620239258,-2.140000820159912,311
10975,PDE6D,32.556312561035156,8.475815773010254,364
10976,PDE6G,20.485809326171875,16.582271575927734,279
10977,PDE6H,17.879423141479492,17.09780502319336,340
10978,PDE7A,23.027297973632812,-1.4461450576782227,305
10979,PDE7B,24.44410514831543,-1.6438441276550293,317
10980,PDE8A,22.643184661865234,-1.350325584411621,305
10981,PDE8B,21.177032470703125,-1.2891507148742676,297
10982,PDE9A,23.591585159301758,-1.1786997318267822,305
10983,PDF,52.97282409667969,9.777734756469727,353
10984,PDGFA,78.38127899169922,-13.837379455566406,209
10985,PDGFB,78.43404388427734,-14.101156234741211,209
10986,PDGFC,73.93470001220703,-13.255685806274414,218
10987,PDGFD,73.17872619628906,-13.293806076049805,218
10988,PDGFRA,68.35012817382812,32.56023025512695,64
10989,PDGFRB,68.42797088623047,32.534645080566406,64
10990,PDGFRL,63.221012115478516,-12.644745826721191,202
10991,PDHA2,68.92259216308594,7.193583011627197,356
10992,PDHB,68.26918029785156,7.3894853591918945,356
10993,PDHX,63.47800827026367,6.7256364822387695,293
10994,PDIA2,56.7567138671875,-5.253346920013428,185
10995,PDIA3,55.60103225708008,-5.375432968139648,186
10996,PDIA4,55.2467155456543,-5.27976655960083,186
10997,PDIA5,55.788047790527344,-5.7324628829956055,186
10998,PDIA6,55.246158599853516,-5.573852062225342,186
10999,PDIK1L,55.993350982666016,37.533199310302734,69
11000,PDILT,55.92908477783203,-5.34660005569458,186
11001,PDK2,51.021305084228516,1.1111478805541992,296
11002,PDK4,51.0408935546875,0.9922161102294922,296
11003,PDLIM1,13.058822631835938,9.389168739318848,379
11004,PDLIM2,12.531970977783203,9.441397666931152,379
11005,PDLIM3,13.262131690979004,9.8544921875,379
11006,PDLIM4,12.65880012512207,9.698041915893555,379
11007,PDLIM5,12.292004585266113,9.388633728027344,379
11008,PDLIM7,11.566381454467773,9.666010856628418,379
11009,PDP1,29.11715316772461,2.5896193981170654,307
11010,PDP2,30.06161117553711,2.8033370971679688,307
11011,PDPK1,57.22979736328125,36.84775161743164,69
11012,PDPN,11.66297721862793,25.843372344970703,147
11013,PDPR,60.04160690307617,3.2491281032562256,349
11014,PDRG1,39.11872482299805,12.64516830444336,371
11015,PDS5A,20.015466690063477,-4.647089958190918,278
11016,PDS5B,19.48000144958496,-4.256439685821533,368
11017,PDSS1,56.42843246459961,7.26755428314209,349
11018,PDSS2,54.81657791137695,5.305288791656494,441
11019,PDX1,-24.484050750732422,20.876543045043945,194
11020,PDXDC1,55.35142135620117,1.878729224205017,291
11021,PDXK,51.165401458740234,5.328939914703369,439
11022,PDXP,24.744918823242188,12.884407043457031,351
11023,PDYN,91.23604583740234,-16.52783966064453,107
11024,PDZD2,-1.6446316242218018,4.165616989135742,299
11025,PDZD3,17.624868392944336,1.9446933269500732,417
11026,PDZD7,7.13985538482666,3.0181291103363037,354
11027,PDZD8,16.678787231445312,4.355885982513428,409
11028,PDZD9,25.07996368408203,7.213093280792236,420
11029,PDZK1,22.07431983947754,4.450954437255859,373
11030,PDZK1IP1,19.485620498657227,24.42795753479004,228
11031,PDZRN3,4.048958778381348,1.285301923751831,389
11032,PDZRN4,5.595746040344238,1.0275546312332153,389
11033,PEA15,30.668701171875,4.66717529296875,444
11034,PEAK1,3.4210262298583984,4.723796367645264,407
11035,PEAK3,34.64781188964844,-0.7937393188476562,294
11036,PEAR1,61.634361267089844,-17.54575538635254,197
11037,PEBP1,57.479591369628906,7.643495559692383,349
11038,PEBP4,59.443416595458984,-4.847574234008789,214
11039,PECAM1,16.28900146484375,32.630916595458984,223
11040,PECR,67.12378692626953,3.4760921001434326,358
11041,PEF1,-9.250643730163574,11.098637580871582,272
11042,PEG10,7.9405999183654785,10.39408016204834,330
11043,PEG3,-70.21820831298828,-26.586454391479492,31
11044,PELI1,26.670795440673828,5.024295806884766,394
11045,PELI2,26.7753849029541,5.956026554107666,394
11046,PELI3,27.150121688842773,5.352293014526367,394
11047,PELO,40.17584228515625,8.922353744506836,361
11048,PELP1,23.5721435546875,-0.6232349872589111,305
11049,PEMT,13.639612197875977,-23.513364791870117,156
11050,PENK,91.65833282470703,-16.568286895751953,107
11051,PEPD,64.19803619384766,4.514484405517578,358
11052,PER1,-4.972209930419922,7.2445478439331055,271
11053,PER2,-5.919794082641602,8.371395111083984,271
11054,PER3,-6.529879570007324,7.158523082733154,271
11055,PERM1,1.5694139003753662,13.895819664001465,281
11056,PERP,-0.37087976932525635,-23.299072265625,104
11057,PES1,36.499210357666016,12.519322395324707,371
11058,PET100,66.98651123046875,16.702951431274414,163
11059,PET117,65.90362548828125,16.64506721496582,163
11060,PEX1,35.017852783203125,1.8399208784103394,437
11061,PEX10,19.83843421936035,-15.378300666809082,128
11062,PEX11A,17.670032501220703,-17.30260467529297,128
11063,PEX11B,18.102399826049805,-16.26747703552246,128
11064,PEX11G,17.327852249145508,-17.365930557250977,128
11065,PEX12,19.42967987060547,-14.928640365600586,128
11066,PEX13,22.64468765258789,6.308328151702881,397
11067,PEX14,22.820375442504883,5.884212017059326,421
11068,PEX16,18.83951187133789,-15.919631958007812,128
11069,PEX19,26.55017852783203,8.76676082611084,450
11070,PEX2,20.19817352294922,-14.480001449584961,128
11071,PEX3,31.352153778076172,0.8371590375900269,402
11072,PEX5,31.692514419555664,5.293113708496094,444
11073,PEX5L,13.66037368774414,1.8202635049819946,415
11074,PEX6,43.131324768066406,2.2726645469665527,334
11075,PEX7,52.74643325805664,23.901262283325195,70
11076,PF4,102.73982238769531,-28.127330780029297,36
11077,PF4V1,102.51577758789062,-28.018569946289062,36
11078,PFAS,45.06205368041992,-0.25744909048080444,208
11079,PFDN1,37.5198974609375,15.965692520141602,171
11080,PFDN2,38.9627571105957,16.115463256835938,171
11081,PFDN4,37.98306655883789,14.604643821716309,371
11082,PFDN5,40.041072845458984,15.867934226989746,171
11083,PFDN6,38.496185302734375,15.600200653076172,171
11084,PFKFB2,51.534454345703125,4.313994884490967,439
11085,PFKFB3,52.96964645385742,3.38828182220459,302
11086,PFKFB4,51.07244873046875,3.2938125133514404,414
11087,PFKL,66.94121551513672,4.496156692504883,357
11088,PFKM,67.9441146850586,5.127687931060791,356
11089,PFKP,68.6286392211914,5.622254371643066,356
11090,PFN1,47.565433502197266,13.043331146240234,322
11091,PFN2,46.455604553222656,12.285383224487305,304
11092,PFN3,19.85622787475586,10.854989051818848,345
11093,PFN4,44.7022590637207,9.550460815429688,422
11094,PGA3,66.75935363769531,-8.121792793273926,201
11095,PGA4,66.71945190429688,-8.040711402893066,201
11096,PGA5,67.00733947753906,-8.374541282653809,201
11097,PGAM1,64.0338134765625,7.873142242431641,293
11098,PGAM2,61.91460037231445,7.610279083251953,355
11099,PGAM5,36.15372085571289,9.795228004455566,369
11100,PGAP1,47.03052520751953,-4.983618259429932,169
11101,PGAP2,10.440115928649902,-24.185022354125977,146
11102,PGAP3,12.485328674316406,-24.229516983032227,157
11103,PGBD1,-70.74330139160156,-26.412813186645508,31
11104,PGBD2,10.513047218322754,12.134710311889648,330
11105,PGBD4,11.825936317443848,12.05931282043457,330
11106,PGBD5,48.96357727050781,-0.5050840377807617,296
11107,PGC,67.08895874023438,-8.260281562805176,201
11108,PGD,69.23131561279297,6.054967403411865,356
11109,PGF,78.70914459228516,-14.000794410705566,209
11110,PGGHG,50.0893669128418,0.00994046125560999,296
11111,PGGT1B,41.24234390258789,1.9131654500961304,334
11112,PGK2,66.97071838378906,7.57382869720459,356
11113,PGLS,58.112640380859375,7.895020008087158,349
11114,PGLYRP1,72.08152770996094,-11.747248649597168,218
11115,PGLYRP2,63.44703674316406,-5.896417617797852,212
11116,PGLYRP3,71.4981460571289,-11.518951416015625,218
11117,PGLYRP4,70.78488159179688,-11.088444709777832,218
11118,PGM1,68.16022491455078,5.449885845184326,356
11119,PGM2,59.32865905761719,3.7825286388397217,349
11120,PGM2L1,59.2193603515625,3.610194683074951,349
11121,PGM3,58.269771575927734,3.01765513420105,348
11122,PGM5,65.19502258300781,4.041169166564941,358
11123,PGP,27.921186447143555,12.7798433303833,442
11124,PGPEP1,54.178131103515625,5.1222758293151855,441
11125,PGPEP1L,51.36628341674805,4.787737846374512,439
11126,PGRMC2,54.49034118652344,-4.644801139831543,186
11127,PGS1,50.10417938232422,3.2523436546325684,423
11128,PHACTR1,1.457094669342041,5.989201068878174,411
11129,PHACTR2,3.38464617729187,5.489406108856201,412
11130,PHACTR3,1.5607739686965942,5.809459209442139,411
11131,PHACTR4,1.4447349309921265,5.612900733947754,411
11132,PHAX,28.944801330566406,12.202500343322754,442
11133,PHB2,62.69434356689453,6.971402168273926,355
11134,PHC1,-15.635970115661621,10.720846176147461,273
11135,PHC2,-14.775510787963867,10.573856353759766,273
11136,PHETA1,7.9218430519104,10.482282638549805,330
11137,PHETA2,13.770662307739258,11.28534984588623,335
11138,PHF1,17.568872451782227,9.5192289352417,384
11139,PHF10,20.17750358581543,9.541840553283691,398
11140,PHF11,20.479860305786133,8.414017677307129,398
11141,PHF12,8.062496185302734,7.279995441436768,388
11142,PHF13,11.537692070007324,9.058270454406738,379
11143,PHF14,-1.8302913904190063,6.322134017944336,298
11144,PHF19,14.75872802734375,7.659139633178711,359
11145,PHF2,7.893324375152588,6.9800124168396,388
11146,PHF20,6.313388824462891,6.948038578033447,404
11147,PHF20L1,3.205357313156128,6.6839141845703125,403
11148,PHF21A,-14.869771957397461,10.639355659484863,273
11149,PHF21B,-11.994464874267578,10.78477668762207,272
11150,PHF23,5.632983684539795,10.411056518554688,404
11151,PHF24,24.874677658081055,9.401632308959961,392
11152,PHF5A,46.47413635253906,14.369869232177734,322
11153,PHF7,23.331714630126953,8.143159866333008,397
11154,PHGDH,62.23134994506836,5.072722434997559,355
11155,PHGR1,8.878700256347656,21.46172523498535,154
11156,PHIP,2.863848924636841,4.130892753601074,407
11157,PHKB,24.31304168701172,-2.848719358444214,317
11158,PHKG1,56.10477066040039,37.705284118652344,69
11159,PHKG2,55.827239990234375,37.7199592590332,69
11160,PHLDA1,12.635623931884766,10.208502769470215,379
11161,PHLDA2,17.008371353149414,10.5136137008667,384
11162,PHLDA3,19.41205596923828,10.728850364685059,384
11163,PHLDB1,-6.292551517486572,-1.0565921068191528,257
11164,PHLDB2,-4.067535400390625,-1.326749563217163,254
11165,PHLDB3,-5.47857666015625,-1.2879170179367065,257
11166,PHLPP1,13.81896686553955,1.4333992004394531,415
11167,PHLPP2,12.086941719055176,2.1516785621643066,378
11168,PHOSPHO1,49.213661193847656,7.170361042022705,457
11169,PHOSPHO2,47.94096374511719,7.845001220703125,433
11170,PHOX2A,-24.11687469482422,20.7175350189209,194
11171,PHOX2B,-23.4084415435791,20.20213508605957,194
11172,PHPT1,45.992069244384766,12.606703758239746,304
11173,PHRF1,-13.372648239135742,5.514444351196289,261
11174,PHTF1,19.352434158325195,-1.3228703737258911,376
11175,PHTF2,20.555788040161133,-0.04044131562113762,350
11176,PHYH,56.332733154296875,5.770087718963623,349
11177,PHYHD1,55.554203033447266,6.256120204925537,349
11178,PHYHIP,30.955045700073242,6.444672584533691,451
11179,PHYHIPL,30.67835807800293,6.712771415710449,450
11180,PHYKPL,65.13420867919922,4.022239685058594,358
11181,PI15,70.66749572753906,-12.961846351623535,218
11182,PI16,61.673763275146484,-10.825645446777344,203
11183,PI3,80.40196990966797,-18.0206298828125,206
11184,PI4K2A,25.118072509765625,7.7698845863342285,420
11185,PI4K2B,39.527042388916016,5.079812526702881,432
11186,PI4KA,14.201868057250977,-7.41465950012207,277
11187,PI4KB,26.496540069580078,1.6137880086898804,309
11188,PIANP,19.750452041625977,22.416128158569336,228
11189,PIAS1,12.685920715332031,8.17040729522705,396
11190,PIAS2,12.507423400878906,8.095367431640625,396
11191,PIAS3,11.386934280395508,8.027621269226074,396
11192,PIAS4,14.635836601257324,7.85981559753418,359
11193,PIBF1,-15.145308494567871,-3.94010591506958,259
11194,PICALM,-5.610510349273682,7.660229682922363,271
11195,PICK1,14.86054801940918,-1.5479711294174194,375
11196,PID1,32.69499969482422,3.786900281906128,444
11197,PIDD1,26.70911407470703,-0.8304488658905029,311
11198,PIEZO1,18.067655563354492,-9.594329833984375,276
11199,PIEZO2,38.08272171020508,-20.83219337463379,112
11200,PIF1,44.467628479003906,4.266099452972412,436
11201,PIFO,1.9418548345565796,19.030025482177734,275
11202,PIGB,20.431108474731445,-22.194948196411133,129
11203,PIGBOS1,66.69442749023438,16.70477867126465,163
11204,PIGC,13.507255554199219,-19.846683502197266,149
11205,PIGF,15.056905746459961,-22.583457946777344,159
11206,PIGG,23.386615753173828,-21.82293128967285,129
11207,PIGH,43.840919494628906,8.626102447509766,436
11208,PIGK,54.928157806396484,-6.891654968261719,185
11209,PIGL,53.82494354248047,2.3565189838409424,302
11210,PIGM,16.136079788208008,-23.013452529907227,159
11211,PIGN,21.33871078491211,-21.88807487487793,129
11212,PIGO,20.10492706298828,-21.699146270751953,129
11213,PIGP,9.42210578918457,-20.390443801879883,139
11214,PIGQ,25.607133865356445,-21.97637367248535,129
11215,PIGR,17.44539451599121,31.540544509887695,227
11216,PIGS,63.30514144897461,-5.692558765411377,212
11217,PIGT,55.12843322753906,-7.176270008087158,185
11218,PIGU,18.196001052856445,-22.80594825744629,160
11219,PIGV,18.162918090820312,-22.43392562866211,160
11220,PIGW,17.002857208251953,-22.658573150634766,162
11221,PIGX,54.104209899902344,1.2311269044876099,291
11222,PIGY,20.396297454833984,21.45071792602539,228
11223,PIGZ,19.51848030090332,-22.02513313293457,160
11224,PIH1D1,42.5340461730957,9.841362953186035,347
11225,PIH1D2,6.2244038581848145,15.91369915008545,332
11226,PIK3AP1,13.776532173156738,1.829197645187378,415
11227,PIK3C2A,17.75582504272461,-2.016355514526367,377
11228,PIK3C2B,20.937124252319336,-1.9193141460418701,297
11229,PIK3C2G,21.486051559448242,-2.97795033454895,297
11230,PIK3C3,22.46470069885254,-2.587989330291748,297
11231,PIK3CA,19.21522331237793,-2.0150375366210938,376
11232,PIK3CB,20.859899520874023,-2.196601152420044,297
11233,PIK3CD,19.08967399597168,-1.5120631456375122,376
11234,PIK3CG,20.67850112915039,-1.2030479907989502,297
11235,PIK3IP1,19.42702865600586,25.82375717163086,228
11236,PIK3R1,14.624024391174316,1.0969794988632202,415
11237,PIK3R2,16.85911750793457,1.921149492263794,417
11238,PIK3R3,15.36927604675293,0.8889222145080566,416
11239,PIK3R4,24.73477554321289,-5.039888381958008,310
11240,PIK3R5,17.655550003051758,2.1075172424316406,417
11241,PIK3R6,20.49334144592285,0.7502201199531555,350
11242,PIKFYVE,14.289414405822754,-6.222256183624268,277
11243,PILRA,11.990913391113281,34.68428039550781,226
11244,PILRB,12.318709373474121,34.13691329956055,226
11245,PIM1,56.157958984375,37.50639724731445,69
11246,PIM3,55.811161041259766,37.64992141723633,69
11247,PIMREG,8.38357162475586,12.267414093017578,330
11248,PIN1,22.154850006103516,16.043352127075195,280
11249,PINK1,28.167648315429688,10.698346138000488,427
11250,PINLYP,77.98531341552734,-16.136320114135742,200
11251,PIP,-10.852484703063965,-15.35515308380127,49
11252,PIP4K2A,26.489343643188477,1.5699628591537476,309
11253,PIP4K2B,26.712202072143555,2.170348882675171,309
11254,PIP4K2C,24.626901626586914,1.858826994895935,308
11255,PIP4P1,21.534738540649414,8.077529907226562,398
11256,PIP4P2,21.78615379333496,7.777037143707275,398
11257,PIP5K1A,21.46091079711914,1.8996754884719849,400
11258,PIP5K1B,19.979721069335938,1.28825843334198,400
11259,PIP5K1C,22.292627334594727,0.7062646746635437,350
11260,PIP5KL1,29.216598510742188,3.2476541996002197,307
11261,PIPOX,60.04731750488281,4.31801700592041,349
11262,PIRT,20.711912155151367,22.294490814208984,228
11263,PISD,56.794212341308594,6.407608985900879,349
11264,PITHD1,41.30369186401367,8.831862449645996,361
11265,PITPNA,33.72917938232422,7.835458755493164,364
11266,PITPNB,33.35659408569336,8.052738189697266,364
11267,PITPNC1,28.690458297729492,5.483048439025879,451
11268,PITPNM1,17.581298828125,-0.6731722950935364,376
11269,PITPNM2,14.283782005310059,-1.2163642644882202,375
11270,PITPNM3,16.26021957397461,-0.37158116698265076,393
11271,PITRM1,48.98420715332031,-0.6912119388580322,296
11272,PITX1,-23.095401763916016,20.754352569580078,194
11273,PITX2,-23.519872665405273,20.039257049560547,194
11274,PITX3,-23.242250442504883,20.90313148498535,194
11275,PIWIL1,32.59336471557617,2.0768158435821533,402
11276,PIWIL2,30.981178283691406,2.8988609313964844,402
11277,PIWIL3,31.52962303161621,2.480334520339966,402
11278,PIWIL4,31.74228286743164,2.6615750789642334,402
11279,PJA2,8.929880142211914,11.296673774719238,330
11280,PJVK,42.87812805175781,-2.3316490650177,284
11281,PKD1L1,45.20088577270508,-16.62401580810547,181
11282,PKD1L2,47.729461669921875,-17.62013816833496,180
11283,PKD1L3,41.796974182128906,-17.351768493652344,112
11284,PKD2,28.8549861907959,-20.569765090942383,133
11285,PKD2L1,29.493656158447266,-21.126670837402344,132
11286,PKD2L2,29.96956443786621,-21.948610305786133,131
11287,PKDCC,70.75067901611328,-6.869013786315918,205
11288,PKDREJ,42.389488220214844,-16.646827697753906,106
11289,PKIA,18.606966018676758,16.256690979003906,344
11290,PKIB,16.452434539794922,16.544414520263672,340
11291,PKIG,15.687621116638184,16.50891876220703,338
11292,PKLR,61.42070007324219,5.627950668334961,355
11293,PKM,69.30158996582031,7.715464115142822,356
11294,PKMYT1,17.267417907714844,9.5277099609375,384
11295,PKN1,58.60378646850586,36.774906158447266,69
11296,PKN2,58.509037017822266,36.11735916137695,69
11297,PKN3,59.16845703125,36.545249938964844,69
11298,PKNOX1,-19.63482093811035,12.171038627624512,264
11299,PKNOX2,-15.446515083312988,12.248537063598633,273
11300,PKP1,5.4085693359375,0.5474514365196228,389
11301,PKP2,5.362151145935059,0.41234439611434937,389
11302,PKP3,6.748023986816406,0.09671369194984436,389
11303,PKP4,3.3808603286743164,-0.3971754014492035,389
11304,PLA1A,63.811153411865234,-8.136815071105957,211
11305,PLA2G10,76.02752685546875,-14.379395484924316,219
11306,PLA2G12A,62.722293853759766,-8.177350044250488,211
11307,PLA2G12B,72.04390716552734,-12.13839054107666,218
11308,PLA2G15,65.06321716308594,-5.02907657623291,212
11309,PLA2G1B,74.86542510986328,-13.838447570800781,219
11310,PLA2G2A,74.7124252319336,-14.003896713256836,219
11311,PLA2G2C,75.19630432128906,-14.326037406921387,219
11312,PLA2G2D,75.28669738769531,-14.106026649475098,219
11313,PLA2G2E,74.85995483398438,-13.960153579711914,219
11314,PLA2G2F,74.94587707519531,-14.062222480773926,219
11315,PLA2G3,73.16112518310547,-12.354154586791992,218
11316,PLA2G4A,49.35105514526367,-0.6402829885482788,296
11317,PLA2G4B,53.89891052246094,-1.5546237230300903,270
11318,PLA2G4C,53.833152770996094,-0.8943125009536743,270
11319,PLA2G4D,54.28959274291992,-1.4781593084335327,270
11320,PLA2G4E,53.69294738769531,-1.2649779319763184,270
11321,PLA2G4F,55.03276062011719,-1.032360315322876,270
11322,PLA2G5,75.0095443725586,-13.822748184204102,219
11323,PLA2G6,69.46256256103516,24.58193588256836,81
11324,PLA2G7,60.226287841796875,-0.6334971189498901,288
11325,PLAA,33.7079963684082,3.792832374572754,443
11326,PLAAT1,43.28163146972656,8.878515243530273,436
11327,PLAAT2,44.854591369628906,8.97718620300293,422
11328,PLAAT3,44.47412872314453,9.013696670532227,436
11329,PLAAT4,44.36539840698242,8.910247802734375,436
11330,PLAAT5,33.05001449584961,7.361262798309326,364
11331,PLAC8,19.92344856262207,20.610008239746094,228
11332,PLAC8L1,21.659482955932617,20.08194923400879,279
11333,PLAC9,29.599472045898438,23.89093017578125,96
11334,PLAG1,-30.31125259399414,11.299220085144043,144
11335,PLAGL1,-30.154794692993164,11.337396621704102,144
11336,PLAGL2,-29.837331771850586,11.5490083694458,144
11337,PLAT,68.4262924194336,-19.26433753967285,118
11338,PLAU,68.50707244873047,-19.33125877380371,118
11339,PLAUR,78.83882141113281,-16.553852081298828,200
11340,PLB1,62.295494079589844,-5.268791198730469,212
11341,PLBD1,64.50074005126953,-5.542723655700684,212
11342,PLBD2,64.52965545654297,-5.33354377746582,212
11343,PLCB1,9.517791748046875,-2.28615403175354,365
11344,PLCB2,12.623370170593262,-2.1590704917907715,375
11345,PLCB3,11.828666687011719,-1.8330729007720947,375
11346,PLCB4,12.359594345092773,-2.7045462131500244,375
11347,PLCD1,32.38909149169922,-1.8782284259796143,336
11348,PLCD3,24.762107849121094,-1.1828012466430664,317
11349,PLCD4,33.243682861328125,-1.9748249053955078,294
11350,PLCG1,19.068727493286133,-1.679486870765686,376
11351,PLCG2,18.93939208984375,-1.474992275238037,376
11352,PLCH1,9.307583808898926,1.5835955142974854,365
11353,PLCH2,8.881548881530762,2.2050962448120117,365
11354,PLCL1,18.366992950439453,2.378572940826416,418
11355,PLCL2,18.759563446044922,2.52455997467041,418
11356,PLCXD2,42.47726058959961,2.4358394145965576,334
11357,PLCXD3,46.516136169433594,2.9834530353546143,424
11358,PLCZ1,49.39556121826172,0.09846234321594238,296
11359,PLD1,48.485206604003906,-2.3821980953216553,170
11360,PLD2,39.01231384277344,-1.0920536518096924,285
11361,PLD3,66.47088623046875,-5.984288215637207,212
11362,PLD4,66.72653198242188,-5.848437786102295,212
11363,PLD5,58.846920013427734,-8.861205101013184,187
11364,PLD6,44.406410217285156,8.18911075592041,436
11365,PLEK,18.538301467895508,2.324800729751587,418
11366,PLEK2,19.170679092407227,2.0982673168182373,418
11367,PLEKHA1,17.286697387695312,2.9765186309814453,408
11368,PLEKHA2,16.53867530822754,2.7501864433288574,413
11369,PLEKHA4,3.6370644569396973,3.596667528152466,407
11370,PLEKHA5,3.097562551498413,-0.4255794584751129,389
11371,PLEKHA6,2.9411730766296387,0.34066829085350037,389
11372,PLEKHA7,3.037214994430542,-0.004668119829148054,389
11373,PLEKHA8,21.178430557250977,3.6210100650787354,373
11374,PLEKHB1,18.84164810180664,21.27039337158203,260
11375,PLEKHB2,15.604334831237793,21.42295265197754,260
11376,PLEKHD1,-9.402161598205566,-2.450162887573242,253
11377,PLEKHF1,22.323057174682617,4.990027904510498,373
11378,PLEKHF2,24.077598571777344,4.822481632232666,421
11379,PLEKHG1,2.773498773574829,3.65885853767395,407
11380,PLEKHG2,2.830317974090576,4.029933452606201,407
11381,PLEKHG3,4.511795997619629,2.4809999465942383,389
11382,PLEKHG4,12.426682472229004,2.6395115852355957,378
11383,PLEKHG5,10.358241081237793,0.5971391797065735,374
11384,PLEKHG6,13.577068328857422,0.45015770196914673,415
11385,PLEKHH1,8.24633502960205,-0.04447264224290848,365
11386,PLEKHH2,8.646845817565918,-0.8756169676780701,365
11387,PLEKHH3,14.577329635620117,1.5735247135162354,415
11388,PLEKHJ1,20.072900772094727,2.496969699859619,400
11389,PLEKHM1,13.103763580322266,3.961392402648926,381
11390,PLEKHM2,11.696969985961914,1.9672685861587524,378
11391,PLEKHM3,18.112207412719727,5.320159435272217,372
11392,PLEKHN1,17.277450561523438,2.018944025039673,417
11393,PLEKHO1,12.921467781066895,4.310854911804199,381
11394,PLEKHO2,6.153134346008301,13.811616897583008,314
11395,PLEKHS1,16.97224235534668,2.195098876953125,417
11396,PLET1,39.51416778564453,8.711546897888184,361
11397,PLG,68.19100952148438,-19.07380485534668,118
11398,PLGLB1,76.9156265258789,-16.390993118286133,200
11399,PLGLB2,77.93103790283203,-16.509899139404297,200
11400,PLGRKT,66.47512817382812,16.556617736816406,163
11401,PLIN1,24.564403533935547,17.437274932861328,221
11402,PLIN2,26.39224624633789,17.14847755432129,221
11403,PLIN3,25.65720558166504,17.80071258544922,221
11404,PLIN4,1.0234487056732178,16.205055236816406,281
11405,PLIN5,25.49610710144043,18.333515167236328,221
11406,PLK1,54.847679138183594,37.67845153808594,69
11407,PLK2,54.88763427734375,37.67533493041992,69
11408,PLK3,54.808963775634766,37.56283950805664,69
11409,PLK4,54.14712142944336,36.641483306884766,69
11410,PLK5,28.179988861083984,5.300284385681152,394
11411,PLLP,1.7161742448806763,-21.902725219726562,105
11412,PLN,20.342058181762695,22.491544723510742,228
11413,PLOD1,71.38988494873047,-5.451729774475098,205
11414,PLOD2,71.09135437011719,-5.628143787384033,205
11415,PLOD3,72.24317169189453,-5.111987590789795,205
11416,PLPBP,52.753292083740234,7.252013683319092,452
11417,PLPP1,15.071982383728027,-21.174030303955078,152
11418,PLPP2,14.866694450378418,-20.912817001342773,152
11419,PLPP3,14.83403491973877,-21.340497970581055,152
11420,PLPP4,14.992323875427246,-21.173240661621094,152
11421,PLPP5,15.432143211364746,-21.830276489257812,152
11422,PLPP6,14.15244197845459,-23.047700881958008,156
11423,PLPP7,15.674562454223633,-22.906768798828125,159
11424,PLPPR1,15.465014457702637,-20.91622543334961,152
11425,PLPPR2,16.380399703979492,-20.365819931030273,153
11426,PLPPR3,24.242311477661133,-16.584285736083984,124
11427,PLPPR4,24.019744873046875,-18.679861068725586,126
11428,PLPPR5,16.413021087646484,-20.79573631286621,153
11429,PLRG1,51.88005065917969,23.535564422607422,70
11430,PLS1,22.302228927612305,1.591796875,301
11431,PLSCR1,17.601547241210938,21.046825408935547,260
11432,PLSCR2,18.589454650878906,20.835874557495117,260
11433,PLSCR3,17.385547637939453,20.532855987548828,260
11434,PLSCR4,17.409818649291992,21.165279388427734,260
11435,PLSCR5,18.553733825683594,20.928369522094727,260
11436,PLTP,-17.24628448486328,-16.90850067138672,48
11437,PLVAP,-11.546274185180664,-2.393982410430908,258
11438,PLXDC1,61.78173065185547,-11.70500659942627,203
11439,PLXDC2,60.71033477783203,-11.500596046447754,203
11440,PLXNA1,49.18663024902344,-16.538366317749023,180
11441,PLXNA2,49.76292419433594,-16.089637756347656,180
11442,PLXNB1,49.71071243286133,-16.7845458984375,180
11443,PLXNB2,49.37289810180664,-16.644535064697266,180
11444,PLXNC1,52.81354904174805,-12.347332954406738,179
11445,PLXND1,49.45295333862305,-16.576852798461914,180
11446,PM20D1,62.73230743408203,-3.4427969455718994,212
11447,PM20D2,52.55177688598633,6.412470817565918,452
11448,PMAIP1,14.381485939025879,19.875930786132812,323
11449,PMCH,90.62972259521484,-16.24342155456543,107
11450,PMEL,9.734054565429688,23.92832374572754,147
11451,PMEPA1,16.49135971069336,25.2503604888916,224
11452,PMF1,30.26179313659668,12.219715118408203,455
11453,PMFBP1,-14.559239387512207,-3.736726999282837,259
11454,PMIS2,10.35900592803955,18.18763542175293,329
11455,PML,-57.56623077392578,4.200011730194092,28
11456,PMM1,53.2059211730957,6.061248779296875,453
11457,PMM2,50.82122802734375,5.986599922180176,439
11458,PMP2,-132.61463928222656,-41.568870544433594,5
11459,PMP22,0.07623397558927536,-23.27140998840332,104
11460,PMPCA,58.99711990356445,7.188963413238525,349
11461,PMPCB,64.5875015258789,8.986226081848145,293
11462,PMS1,10.616964340209961,5.909913063049316,395
11463,PMS2,27.392539978027344,4.252993106842041,308
11464,PMVK,52.80494689941406,7.178000450134277,452
11465,PNISR,-19.911937713623047,4.669365406036377,166
11466,PNKD,56.71559524536133,10.1054105758667,327
11467,PNKP,49.301971435546875,4.63010835647583,423
11468,PNLDC1,38.01393127441406,3.170010566711426,430
11469,PNLIP,64.72200012207031,-8.28873348236084,211
11470,PNLIPRP1,64.08265686035156,-8.730449676513672,211
11471,PNLIPRP2,64.2862319946289,-8.328493118286133,211
11472,PNLIPRP3,64.1483383178711,-8.193212509155273,211
11473,PNMA1,19.8886775970459,12.791160583496094,345
11474,PNMA2,20.155336380004883,13.050979614257812,345
11475,PNMA8A,13.572312355041504,13.810396194458008,342
11476,PNMA8B,9.084185600280762,13.3250093460083,330
11477,PNMA8C,20.139156341552734,12.884180068969727,345
11478,PNMT,50.45884323120117,6.6093549728393555,457
11479,PNN,-18.940305709838867,4.82068395614624,165
11480,PNO1,41.64374923706055,12.067381858825684,347
11481,PNOC,92.01981353759766,-16.703723907470703,107
11482,PNP,58.72645950317383,5.752117156982422,349
11483,PNPLA1,17.35704231262207,5.309582710266113,380
11484,PNPLA2,57.89144515991211,0.01044753659516573,288
11485,PNPLA3,57.184818267822266,0.3814336359500885,288
11486,PNPLA5,57.942020416259766,0.7141055464744568,288
11487,PNPLA6,17.516742706298828,-2.816312789916992,377
11488,PNPLA7,17.54742431640625,-3.2271006107330322,377
11489,PNPLA8,5.66646146774292,5.974486351013184,363
11490,PNPO,49.241268157958984,5.709526538848877,446
11491,PNPT1,46.48352813720703,2.470146894454956,424
11492,PNRC1,12.870227813720703,12.99782943725586,335
11493,PNRC2,14.517905235290527,13.873610496520996,341
11494,POC1A,53.037620544433594,24.17206382751465,70
11495,POC1B,52.54450988769531,23.9671573638916,70
11496,POC5,9.463908195495605,2.7466700077056885,362
11497,PODN,93.70037078857422,21.009756088256836,83
11498,PODNL1,93.7905044555664,20.860166549682617,83
11499,PODXL,9.560859680175781,25.714155197143555,147
11500,PODXL2,10.374419212341309,4.78460168838501,386
11501,POFUT1,72.45833587646484,-5.118793487548828,205
11502,POFUT2,72.99942016601562,-4.896213531494141,205
11503,POGK,-68.3239974975586,-25.303640365600586,31
11504,POGLUT1,72.64055633544922,-4.8716535568237305,205
11505,POGLUT2,71.11969757080078,-5.186990737915039,205
11506,POGLUT3,69.16583251953125,-5.837003231048584,204
11507,POGZ,-21.977886199951172,9.399292945861816,267
11508,POLA2,40.42075729370117,3.391362428665161,432
11509,POLB,44.909637451171875,5.635404586791992,436
11510,POLD1,37.08377456665039,2.1585283279418945,438
11511,POLD2,45.98051452636719,5.021570205688477,436
11512,POLD3,9.146946907043457,9.477234840393066,352
11513,POLD4,24.44333839416504,13.95549488067627,351
11514,POLDIP2,57.70855712890625,10.098814964294434,327
11515,POLDIP3,10.315107345581055,11.20227336883545,352
11516,POLE,17.538982391357422,-8.28613567352295,278
11517,POLE2,39.20439910888672,3.1766276359558105,432
11518,POLE3,32.22176742553711,14.036249160766602,448
11519,POLE4,39.22270584106445,12.531707763671875,371
11520,POLG,38.36650848388672,1.0722177028656006,432
11521,POLG2,49.91742706298828,4.287439823150635,414
11522,POLH,8.764995574951172,6.783719062805176,387
11523,POLI,14.085921287536621,6.56559944152832,381
11524,POLK,11.786218643188477,5.617789268493652,381
11525,POLL,45.29069519042969,4.536923885345459,436
11526,POLM,46.74794006347656,3.636415958404541,424
11527,POLN,36.75025939941406,1.9632254838943481,438
11528,POLQ,6.0262131690979,6.219063758850098,363
11529,POLR1B,37.88203048706055,1.4017325639724731,432
11530,POLR1C,43.671566009521484,9.409844398498535,436
11531,POLR1D,35.5853157043457,10.99532413482666,369
11532,POLR1E,38.45645523071289,6.869091033935547,426
11533,POLR2A,36.658729553222656,0.11689672619104385,432
11534,POLR2B,36.799869537353516,1.1243070363998413,432
11535,POLR2C,40.86173629760742,10.112915992736816,361
11536,POLR2D,33.492576599121094,10.305865287780762,445
11537,POLR2E,44.02064514160156,12.2611722946167,304
11538,POLR2F,37.89996337890625,13.098711013793945,371
11539,POLR2G,45.590370178222656,11.651090621948242,304
11540,POLR2H,43.09034729003906,12.22343635559082,347
11541,POLR2I,46.713050842285156,14.367036819458008,322
11542,POLR2J,43.92436599731445,13.606666564941406,321
11543,POLR2J2,43.87467575073242,12.82076644897461,347
11544,POLR2K,48.04574966430664,14.890138626098633,322
11545,POLR2L,46.310970306396484,15.006301879882812,322
11546,POLR2M,15.973478317260742,12.80732536315918,341
11547,POLR3A,36.594844818115234,1.1968249082565308,432
11548,POLR3B,37.563236236572266,0.9846992492675781,432
11549,POLR3C,36.22138977050781,3.7239882946014404,438
11550,POLR3D,28.522064208984375,12.024903297424316,442
11551,POLR3E,35.459228515625,4.142129898071289,438
11552,POLR3F,36.91684341430664,8.072513580322266,425
11553,POLR3G,30.883644104003906,14.801161766052246,326
11554,POLR3GL,28.435283660888672,14.4058198928833,268
11555,POLR3H,45.616580963134766,10.151333808898926,422
11556,POLR3K,45.636009216308594,13.970312118530273,321
11557,POLRMT,38.26124572753906,0.9849474430084229,432
11558,POM121,-6.722161293029785,9.009559631347656,272
11559,POM121C,-7.509315013885498,8.691061019897461,272
11560,POM121L12,9.790365219116211,17.67664909362793,329
11561,POM121L2,0.25660431385040283,15.3788423538208,281
11562,POMC,84.69964599609375,-14.47468376159668,110
11563,POMGNT1,71.90975952148438,-4.645264148712158,205
11564,POMGNT2,73.73484802246094,-5.13330602645874,205
11565,POMK,70.77399444580078,-5.95260763168335,205
11566,POMP,45.367366790771484,13.613262176513672,321
11567,POMT1,22.130380630493164,-22.322824478149414,129
11568,POMT2,23.5728816986084,-21.9842529296875,129
11569,POMZP3,12.002375602722168,20.472312927246094,324
11570,PON1,61.092220306396484,-1.817891001701355,213
11571,PON2,61.022483825683594,-1.1272135972976685,288
11572,PON3,60.912933349609375,-1.743416666984558,213
11573,POP1,39.14426040649414,4.818483352661133,432
11574,POP4,43.38121032714844,10.559673309326172,347
11575,POP5,53.918907165527344,14.134187698364258,246
11576,POP7,48.676902770996094,11.983134269714355,243
11577,POPDC2,26.785938262939453,-17.859580993652344,124
11578,POPDC3,28.219614028930664,-17.844303131103516,133
11579,POR,65.96871185302734,3.30584979057312,358
11580,POSTN,61.31373596191406,-11.652629852294922,203
11581,POT1,36.61622619628906,0.902223527431488,432
11582,POTEB,-24.153213500976562,-6.723788261413574,66
11583,POTEB2,-24.21312713623047,-6.702763557434082,66
11584,POTEB3,-24.830272674560547,-7.0707316398620605,66
11585,POTEC,-24.465543746948242,-6.947414398193359,66
11586,POTED,-24.868473052978516,-7.065539360046387,66
11587,POTEE,-24.555438995361328,-6.9863152503967285,66
11588,POTEF,-24.6156063079834,-7.023576736450195,66
11589,POTEG,-24.928936004638672,-7.301985263824463,66
11590,POTEH,-24.968233108520508,-7.078527450561523,66
11591,POTEI,-24.661663055419922,-7.025450706481934,66
11592,POTEJ,-24.5291748046875,-6.99201774597168,66
11593,POTEM,-24.8637638092041,-6.994710922241211,66
11594,POU1F1,-22.32436752319336,19.717496871948242,194
11595,POU2AF1,-16.596508026123047,15.859926223754883,190
11596,POU2F2,-18.432369232177734,14.780590057373047,190
11597,POU2F3,-19.516794204711914,16.405818939208984,191
11598,POU3F1,-21.028894424438477,18.8872127532959,194
11599,POU3F2,-21.933027267456055,19.090646743774414,194
11600,POU3F3,-21.251888275146484,19.102149963378906,194
11601,POU4F1,-21.08818817138672,18.828001022338867,194
11602,POU4F2,-21.316356658935547,18.23576545715332,194
11603,POU4F3,-22.235660552978516,18.184404373168945,193
11604,POU5F1,-19.03699493408203,19.72173309326172,191
11605,POU5F1B,-16.31035614013672,19.05059051513672,191
11606,POU5F2,-14.204549789428711,19.02165985107422,191
11607,POU6F1,-15.485600471496582,11.179862976074219,273
11608,POU6F2,-15.644225120544434,11.382502555847168,273
11609,PP2D1,35.207969665527344,6.000541687011719,364
11610,PPA1,54.8543815612793,5.0635905265808105,440
11611,PPA2,56.64451217651367,6.857599258422852,349
11612,PPAN,40.98930358886719,12.3911771774292,210
11613,PPARA,-37.01784896850586,16.40383529663086,73
11614,PPARD,-36.71175765991211,16.250991821289062,73
11615,PPARG,-37.20705795288086,16.286216735839844,73
11616,PPARGC1A,-2.246947765350342,7.144855499267578,298
11617,PPARGC1B,2.5031609535217285,6.275251388549805,412
11618,PPAT,52.48931884765625,3.359175205230713,302
11619,PPBP,102.38511657714844,-27.935808181762695,36
11620,PPCDC,54.56836700439453,5.97667932510376,441
11621,PPCS,53.886627197265625,7.538089752197266,453
11622,PPDPF,20.593605041503906,14.202589988708496,346
11623,PPDPFL,13.755136489868164,15.482025146484375,342
11624,PPEF2,27.524818420410156,-1.733665108680725,311
11625,PPFIA1,-4.765181064605713,-3.0277936458587646,252
11626,PPFIA2,-4.881734371185303,-3.233729362487793,252
11627,PPFIA3,-4.499281883239746,-3.2235188484191895,252
11628,PPFIA4,-4.47110652923584,-3.1421217918395996,252
11629,PPFIBP1,1.21937096118927,-0.81191086769104,240
11630,PPFIBP2,-0.18234434723854065,-1.2092328071594238,240
11631,PPHLN1,-20.373401641845703,4.8119635581970215,166
11632,PPIA,67.11980438232422,11.123187065124512,163
11633,PPIAL4A,68.73379516601562,11.150262832641602,163
11634,PPIAL4C,68.74481201171875,11.139404296875,163
11635,PPIAL4D,69.1827163696289,11.332704544067383,163
11636,PPIAL4E,69.11041259765625,11.025336265563965,356
11637,PPIAL4F,69.2739028930664,11.192480087280273,356
11638,PPIAL4G,68.92620849609375,11.115971565246582,163
11639,PPIAL4H,68.93368530273438,11.16552734375,163
11640,PPIB,67.22704315185547,9.611553192138672,163
11641,PPIC,60.99382400512695,-6.582616806030273,212
11642,PPID,44.25834274291992,1.200044870376587,208
11643,PPIE,51.371826171875,7.8830885887146,431
11644,PPIF,58.36518096923828,8.800346374511719,327
11645,PPIG,-19.584938049316406,4.6486711502075195,165
11646,PPIH,60.8311653137207,9.600788116455078,328
11647,PPIL1,56.43733596801758,8.55363655090332,353
11648,PPIL2,30.875268936157227,8.657450675964355,428
11649,PPIL3,57.30439376831055,9.335549354553223,327
11650,PPIL4,-14.723077774047852,5.3831610679626465,165
11651,PPIL6,42.72181701660156,9.092110633850098,436
11652,PPIP5K1,20.907649993896484,2.131014347076416,400
11653,PPL,7.565402507781982,-10.296626091003418,102
11654,PPM1A,28.659578323364258,2.665290355682373,307
11655,PPM1B,27.59956932067871,3.3085052967071533,308
11656,PPM1D,16.158491134643555,7.5683112144470215,359
11657,PPM1E,19.021188735961914,5.007856369018555,372
11658,PPM1F,29.69547462463379,3.4558041095733643,307
11659,PPM1G,31.17171859741211,13.69771671295166,448
11660,PPM1H,29.581890106201172,2.83760929107666,307
11661,PPM1J,30.992443084716797,3.54959774017334,444
11662,PPM1K,28.1884708404541,2.7549099922180176,307
11663,PPM1L,28.28742790222168,2.727540969848633,307
11664,PPM1M,31.068334579467773,3.4890193939208984,444
11665,PPM1N,22.126554489135742,12.601287841796875,343
11666,PPME1,40.783451080322266,4.806924343109131,432
11667,PPOX,57.91154861450195,4.879486560821533,349
11668,PPP1CA,38.18938446044922,0.5924699306488037,432
11669,PPP1CB,37.792510986328125,0.36834850907325745,432
11670,PPP1CC,37.319583892822266,0.3474876880645752,432
11671,PPP1R10,-17.77953338623047,7.328353404998779,262
11672,PPP1R11,23.34621238708496,14.21145248413086,290
11673,PPP1R12A,-2.5497546195983887,4.6411919593811035,299
11674,PPP1R12C,3.9867513179779053,4.070300579071045,407
11675,PPP1R13B,0.2491845190525055,1.094091534614563,389
11676,PPP1R13L,5.555751800537109,6.4153218269348145,401
11677,PPP1R14A,21.59822654724121,13.733383178710938,343
11678,PPP1R14B,23.931011199951172,12.50813102722168,351
11679,PPP1R14C,21.637449264526367,10.512300491333008,385
11680,PPP1R14D,18.72021484375,14.78208065032959,344
11681,PPP1R15A,3.6825592517852783,14.246410369873047,289
11682,PPP1R15B,8.102397918701172,9.890316009521484,352
11683,PPP1R16A,68.49942779541016,24.201900482177734,82
11684,PPP1R16B,67.82137298583984,24.02256965637207,82
11685,PPP1R17,11.015364646911621,17.28624153137207,329
11686,PPP1R18,3.3111209869384766,13.82297134399414,289
11687,PPP1R1A,16.904640197753906,15.629034042358398,340
11688,PPP1R1B,19.4449405670166,15.182964324951172,344
11689,PPP1R1C,15.191767692565918,15.916876792907715,338
11690,PPP1R2,24.82004165649414,13.462783813476562,351
11691,PPP1R21,18.05207633972168,-2.6759612560272217,377
11692,PPP1R26,-0.4334830641746521,9.624746322631836,320
11693,PPP1R27,70.2813720703125,24.746671676635742,81
11694,PPP1R2B,21.393585205078125,13.822373390197754,343
11695,PPP1R32,2.4153764247894287,18.627548217773438,275
11696,PPP1R35,20.421161651611328,13.901717185974121,346
11697,PPP1R36,6.136804103851318,15.045576095581055,314
11698,PPP1R37,13.832598686218262,2.8765809535980225,366
11699,PPP1R3A,-0.7011498212814331,6.697531700134277,298
11700,PPP1R3B,15.818723678588867,11.815460205078125,341
11701,PPP1R3C,12.743366241455078,12.723360061645508,335
11702,PPP1R3D,15.272930145263672,12.269706726074219,341
11703,PPP1R3E,15.185357093811035,13.425941467285156,341
11704,PPP1R3G,13.896580696105957,13.112839698791504,341
11705,PPP1R42,89.43927764892578,20.27111053466797,86
11706,PPP1R7,91.28981018066406,20.7894287109375,85
11707,PPP1R8,27.95707893371582,9.524516105651855,447
11708,PPP1R9A,3.120356321334839,0.39896222949028015,389
11709,PPP1R9B,4.9944915771484375,4.458711624145508,407
11710,PPP2CA,37.60832977294922,0.23951447010040283,432
11711,PPP2CB,37.4776611328125,0.20297324657440186,432
11712,PPP2R1A,27.880388259887695,-4.540937900543213,313
11713,PPP2R1B,27.32665252685547,-4.731539726257324,318
11714,PPP2R2A,50.163394927978516,22.691280364990234,70
11715,PPP2R2B,49.63457489013672,22.578933715820312,70
11716,PPP2R2C,49.900081634521484,22.684425354003906,70
11717,PPP2R2D,50.02035140991211,22.592849731445312,70
11718,PPP2R3A,4.803245544433594,4.074642658233643,407
11719,PPP2R3C,-40.25364303588867,-6.93386697769165,44
11720,PPP2R5A,27.9594669342041,-3.6534759998321533,315
11721,PPP2R5B,25.98969078063965,-3.0701560974121094,316
11722,PPP2R5C,27.634313583374023,-3.7815773487091064,315
11723,PPP2R5D,26.966201782226562,-3.4317007064819336,315
11724,PPP2R5E,28.134374618530273,-4.003178119659424,313
11725,PPP3CA,33.09772491455078,-1.1084849834442139,294
11726,PPP3CB,34.23219680786133,-0.9986137747764587,294
11727,PPP3CC,34.38148880004883,-0.9049518704414368,294
11728,PPP3R1,-41.0491943359375,-7.087662220001221,44
11729,PPP3R2,-41.92106246948242,-7.451519966125488,44
11730,PPP4C,37.579917907714844,0.11019806563854218,432
11731,PPP4R1,16.342344284057617,-4.536198616027832,368
11732,PPP4R2,18.170753479003906,11.058167457580566,384
11733,PPP4R3A,28.06918716430664,-2.977262496948242,312
11734,PPP4R3B,27.514780044555664,-3.238563060760498,315
11735,PPP4R4,12.93919563293457,-1.8481147289276123,375
11736,PPP5C,38.995121002197266,2.6026439666748047,432
11737,PPP6C,38.04644775390625,0.3654610514640808,432
11738,PPP6R1,24.24721908569336,-2.707913875579834,317
11739,PPP6R2,24.142181396484375,-3.3236422538757324,317
11740,PPP6R3,23.794776916503906,-3.3190524578094482,317
11741,PPRC1,-10.355976104736328,6.775637626647949,272
11742,PPT1,61.874881744384766,-5.432316303253174,212
11743,PPT2,63.846134185791016,-5.271717548370361,212
11744,PPTC7,28.6290283203125,2.8429489135742188,307
11745,PPWD1,49.29380798339844,21.620410919189453,70
11746,PPY,92.41767120361328,-16.72702407836914,107
11747,PRAC1,12.54492473602295,20.59819221496582,324
11748,PRAC2,12.647324562072754,20.63051414489746,324
11749,PRADC1,52.92285919189453,5.179296493530273,453
11750,PRAG1,4.653715133666992,5.973013401031494,401
11751,PRAM1,1.2775949239730835,12.905305862426758,281
11752,PRAME,104.36589050292969,24.604578018188477,58
11753,PRAMEF1,104.45341491699219,24.303861618041992,58
11754,PRAMEF10,104.49910736083984,24.313196182250977,58
11755,PRAMEF11,104.8864517211914,24.242944717407227,58
11756,PRAMEF12,104.36065673828125,24.272886276245117,58
11757,PRAMEF13,104.43538665771484,24.297489166259766,58
11758,PRAMEF14,104.27617645263672,24.241056442260742,58
11759,PRAMEF15,104.61725616455078,24.361854553222656,58
11760,PRAMEF17,104.7309799194336,24.406217575073242,58
11761,PRAMEF18,103.89019775390625,24.106529235839844,58
11762,PRAMEF19,103.8108139038086,24.0457706451416,58
11763,PRAMEF2,104.4823989868164,24.312854766845703,58
11764,PRAMEF20,104.74327850341797,24.099206924438477,58
11765,PRAMEF25,104.68634033203125,24.386594772338867,58
11766,PRAMEF26,104.7368392944336,24.106178283691406,58
11767,PRAMEF27,104.39544677734375,24.738094329833984,58
11768,PRAMEF33,104.53073120117188,24.009647369384766,58
11769,PRAMEF4,104.5343017578125,24.32621192932129,58
11770,PRAMEF5,104.6079330444336,23.99634552001953,58
11771,PRAMEF6,104.80067443847656,24.219715118408203,58
11772,PRAMEF7,104.22357940673828,24.225664138793945,58
11773,PRAMEF8,104.90550231933594,24.03084373474121,58
11774,PRAMEF9,104.71111297607422,24.398231506347656,58
11775,PRAP1,27.318092346191406,23.301944732666016,96
11776,PRB1,2.005051851272583,23.294492721557617,125
11777,PRB2,2.2599234580993652,23.361536026000977,125
11778,PRB3,2.212568759918213,23.45260238647461,125
11779,PRB4,2.3310084342956543,23.560739517211914,125
11780,PRC1,0.6530392169952393,3.172870397567749,399
11781,PRCC,27.632282257080078,9.930506706237793,427
11782,PRCD,16.64887046813965,18.23969268798828,260
11783,PRCP,63.62495040893555,-6.184061527252197,212
11784,PRDM1,-29.000747680664062,12.83765697479248,144
11785,PRDM10,-30.529266357421875,11.020661354064941,144
11786,PRDM11,9.593005180358887,10.354448318481445,352
11787,PRDM12,-26.067678451538086,14.351110458374023,143
11788,PRDM13,-23.273223876953125,16.768844604492188,193
11789,PRDM14,-31.129743576049805,12.595710754394531,144
11790,PRDM15,-31.355587005615234,10.99323844909668,144
11791,PRDM16,-29.746204376220703,11.097488403320312,144
11792,PRDM2,-12.147588729858398,6.61467170715332,272
11793,PRDM4,-32.56355667114258,11.502700805664062,144
11794,PRDM5,-31.1131649017334,10.82276439666748,144
11795,PRDM6,-20.38195037841797,15.047453880310059,191
11796,PRDM7,16.360864639282227,15.030250549316406,339
11797,PRDM8,-19.636241912841797,17.33660125732422,191
11798,PRDM9,-68.22515106201172,-30.041627883911133,47
11799,PRDX1,58.85872268676758,10.613597869873047,328
11800,PRDX2,59.82054138183594,10.556739807128906,328
11801,PRDX3,63.55101776123047,11.485745429992676,163
11802,PRDX5,56.1217041015625,11.21683120727539,327
11803,PRDX6,60.708805084228516,9.341236114501953,328
11804,PREB,47.67292785644531,3.2751665115356445,423
11805,PRELID1,49.03208923339844,9.919833183288574,434
11806,PRELID2,49.50048065185547,8.827373504638672,434
11807,PRELID3A,48.48993682861328,9.366047859191895,434
11808,PRELID3B,47.36216735839844,10.207088470458984,422
11809,PRELP,93.90340423583984,21.487293243408203,83
11810,PREP,47.10444641113281,-0.7607637047767639,208
11811,PREPL,42.925296783447266,-0.2606074810028076,284
11812,PREX1,12.519453048706055,-5.450112342834473,277
11813,PREX2,12.013416290283203,-4.3458147048950195,177
11814,PRF1,69.47222900390625,-6.29126501083374,201
11815,PRG2,74.44751739501953,-12.27646541595459,218
11816,PRG3,74.72174072265625,-12.550713539123535,218
11817,PRG4,7.5427141189575195,24.820985794067383,147
11818,PRH1,2.097123146057129,23.51679229736328,125
11819,PRH2,2.4101133346557617,23.382036209106445,125
11820,PRICKLE1,3.4872570037841797,1.2545427083969116,389
11821,PRICKLE2,3.214841604232788,1.1096277236938477,389
11822,PRICKLE4,16.411001205444336,11.407971382141113,384
11823,PRIM1,36.3425178527832,6.21909761428833,360
11824,PRIM2,33.362648010253906,2.9928016662597656,444
11825,PRIMA1,20.73923110961914,25.784530639648438,229
11826,PRIMPOL,36.11185073852539,5.271628379821777,360
11827,PRKAA1,57.250732421875,37.05350112915039,69
11828,PRKAA2,57.00323486328125,37.300350189208984,69
11829,PRKAB1,44.49024963378906,2.9766173362731934,435
11830,PRKAB2,40.7210578918457,1.671592354774475,334
11831,PRKACA,58.08415985107422,37.162811279296875,69
11832,PRKACB,58.49190139770508,36.95633316040039,69
11833,PRKACG,57.394287109375,37.47775650024414,69
11834,PRKAG1,45.037078857421875,6.9641642570495605,436
11835,PRKAG2,21.204322814941406,0.3655604422092438,350
11836,PRKAG3,11.109955787658691,15.76193904876709,342
11837,PRKAR1A,29.826154708862305,4.657406806945801,444
11838,PRKAR1B,28.591527938842773,4.468465328216553,394
11839,PRKAR2A,30.498157501220703,5.122289657592773,444
11840,PRKAR2B,27.994882583618164,5.071933269500732,394
11841,PRKCA,59.2116813659668,36.50601577758789,69
11842,PRKCB,59.59016418457031,36.44758605957031,69
11843,PRKCD,60.34645080566406,36.558326721191406,69
11844,PRKCE,59.0637092590332,36.54595947265625,69
11845,PRKCG,59.459129333496094,36.859432220458984,69
11846,PRKCH,60.391845703125,36.48006820678711,69
11847,PRKCI,58.53242492675781,36.77638244628906,69
11848,PRKCQ,60.945396423339844,36.24165725708008,69
11849,PRKCSH,57.42510223388672,-7.5845513343811035,185
11850,PRKCZ,59.15333938598633,36.810237884521484,69
11851,PRKD1,59.493080139160156,36.19123458862305,69
11852,PRKD2,59.78977966308594,36.349056243896484,69
11853,PRKD3,59.88289260864258,36.03389358520508,69
11854,PRKG1,59.77265930175781,36.09796905517578,69
11855,PRKG2,60.26063919067383,36.302589416503906,69
11856,PRKN,21.744314193725586,7.454543113708496,398
11857,PRKRA,41.15753936767578,7.734348297119141,391
11858,PRKRIP1,29.724889755249023,13.133808135986328,449
11859,PRL,37.232906341552734,29.34754753112793,94
11860,PRLH,91.17976379394531,-16.604955673217773,107
11861,PRLHR,-104.451416015625,-18.99617576599121,14
11862,PRLR,21.62657356262207,30.826265335083008,233
11863,PRM1,-21.436906814575195,4.487477779388428,166
11864,PRM2,-20.987709045410156,4.734414577484131,166
11865,PRM3,16.601200103759766,17.220781326293945,340
11866,PRMT1,41.383522033691406,6.380079746246338,432
11867,PRMT2,20.739547729492188,2.1595852375030518,400
11868,PRMT3,43.24353790283203,4.719295978546143,429
11869,PRMT5,41.78758239746094,3.9032540321350098,432
11870,PRMT6,43.50520324707031,5.407838344573975,436
11871,PRMT7,52.2845458984375,3.1272971630096436,302
11872,PRMT8,42.952537536621094,7.111310958862305,436
11873,PRMT9,47.596065521240234,4.150799751281738,423
11874,PRND,33.312259674072266,25.47709846496582,97
11875,PRNP,47.98579788208008,0.6525366902351379,296
11876,PROB1,1.9015703201293945,12.337567329406738,320
11877,PROC,68.62480163574219,-19.24571418762207,118
11878,PROCA1,5.6728196144104,9.807267189025879,404
11879,PROCR,-2.6499640941619873,48.45770263671875,34
11880,PRODH,53.771827697753906,3.428997755050659,302
11881,PRODH2,58.756839752197266,3.569430351257324,349
11882,PROK1,77.23489379882812,-16.60651397705078,200
11883,PROK2,76.72477722167969,-16.737089157104492,200
11884,PROKR1,-105.13346862792969,-18.780534744262695,14
11885,PROKR2,-105.75450897216797,-18.787124633789062,14
11886,PROM1,23.092554092407227,-18.881103515625,126
11887,PROM2,21.19321632385254,-18.298425674438477,127
11888,PROP1,-22.871545791625977,21.296972274780273,194
11889,PRORP,41.70130157470703,4.654673099517822,432
11890,PROS1,65.69132232666016,-16.683420181274414,197
11891,PROSER1,-6.905604839324951,9.210688591003418,272
11892,PROSER2,6.9553961753845215,12.425836563110352,330
11893,PROSER3,1.7012555599212646,10.758495330810547,320
11894,PROX1,-0.8429635763168335,11.101454734802246,320
11895,PROX2,3.66865611076355,12.879149436950684,289
11896,PROZ,68.67640686035156,-19.22878646850586,118
11897,PRPF18,32.51161575317383,11.363492012023926,445
11898,PRPF19,50.776920318603516,23.026409149169922,70
11899,PRPF3,27.19536590576172,10.887004852294922,410
11900,PRPF31,39.56916809082031,6.228830337524414,432
11901,PRPF38A,-21.75649642944336,4.327088356018066,166
11902,PRPF38B,-19.704500198364258,4.7999701499938965,166
11903,PRPF39,33.150543212890625,-4.398798942565918,295
11904,PRPF4,50.79180145263672,22.894691467285156,70
11905,PRPF40A,-13.249327659606934,7.120044231414795,261
11906,PRPF40B,-11.54944896697998,7.674619197845459,272
11907,PRPF4B,-18.734115600585938,4.669264793395996,165
11908,PRPF6,34.15281295776367,4.059467792510986,443
11909,PRPF8,15.65687370300293,-7.641647815704346,277
11910,PRPH,159.28782653808594,8.988725662231445,25
11911,PRPH2,0.3478051722049713,-20.435832977294922,103
11912,PRPS1L1,56.42286682128906,5.842434883117676,349
11913,PRPSAP1,55.70232391357422,5.29774284362793,440
11914,PRPSAP2,54.736297607421875,5.772908687591553,441
11915,PRR11,5.329701900482178,7.480508327484131,405
11916,PRR12,-7.9965643882751465,7.806805610656738,272
11917,PRR13,9.720942497253418,21.367271423339844,324
11918,PRR14,2.4024758338928223,10.904197692871094,320
11919,PRR14L,-3.033433198928833,5.660564422607422,299
11920,PRR15,17.66653823852539,16.269859313964844,340
11921,PRR15L,18.042394638061523,15.706358909606934,344
11922,PRR16,-2.2830045223236084,4.239217281341553,299
11923,PRR18,12.77995777130127,14.460624694824219,342
11924,PRR19,9.091980934143066,15.598238945007324,330
11925,PRR20A,9.874680519104004,17.37212562561035,329
11926,PRR20B,9.246577262878418,17.270204544067383,329
11927,PRR20C,10.632094383239746,17.218847274780273,329
11928,PRR20D,9.614968299865723,17.050329208374023,329
11929,PRR20E,10.513786315917969,17.348915100097656,329
11930,PRR20G,9.97898006439209,17.137441635131836,329
11931,PRR22,-1.1020431518554688,10.783499717712402,320
11932,PRR23A,11.657846450805664,16.34360694885254,342
11933,PRR23B,12.649672508239746,16.74496078491211,342
11934,PRR23C,11.529474258422852,15.968172073364258,342
11935,PRR23D1,8.738059997558594,17.127408981323242,329
11936,PRR23D2,8.60923957824707,17.53435707092285,331
11937,PRR27,4.321466445922852,22.420244216918945,154
11938,PRR29,7.239142417907715,14.05410385131836,314
11939,PRR3,9.24075984954834,17.020830154418945,329
11940,PRR30,2.6582841873168945,15.877815246582031,281
11941,PRR33,2.848666191101074,13.991605758666992,289
11942,PRR35,-13.44810676574707,16.597421646118164,234
11943,PRR36,1.1904568672180176,14.498613357543945,281
11944,PRR4,2.4560964107513428,23.24752426147461,125
11945,PRR5,24.455724716186523,5.7159247398376465,421
11946,PRR5L,26.70055389404297,5.669675350189209,394
11947,PRR7,15.783042907714844,25.195589065551758,224
11948,PRR9,-99.30839538574219,-44.48583984375,8
11949,PRRC1,-9.198593139648438,9.367551803588867,272
11950,PRRC2A,-10.77426815032959,7.197445869445801,272
11951,PRRC2B,-10.916156768798828,6.778086185455322,272
11952,PRRC2C,-10.326120376586914,5.3543171882629395,272
11953,PRRG2,18.167034149169922,25.328245162963867,224
11954,PRRG4,18.08159828186035,25.2553653717041,224
11955,PRRT1,16.429601669311523,19.845922470092773,260
11956,PRRT1B,18.626903533935547,20.03697967529297,260
11957,PRRT2,14.445026397705078,18.888267517089844,323
11958,PRRT3,3.0199086666107178,11.823160171508789,320
11959,PRRT4,34.62929153442383,-0.7796752452850342,294
11960,PRRX1,-19.221784591674805,18.561426162719727,191
11961,PRRX2,-22.216928482055664,21.088682174682617,194
11962,PRSS1,73.96680450439453,-25.332534790039062,122
11963,PRSS12,63.93318176269531,-16.574047088623047,197
11964,PRSS16,59.59550857543945,-6.3781609535217285,214
11965,PRSS2,74.06206512451172,-25.393512725830078,122
11966,PRSS21,71.3988265991211,-23.059650421142578,119
11967,PRSS22,71.31607055664062,-22.9879093170166,119
11968,PRSS23,72.37681579589844,-10.841672897338867,218
11969,PRSS27,72.28646087646484,-23.965673446655273,123
11970,PRSS3,73.8625717163086,-25.263689041137695,122
11971,PRSS33,70.15180969238281,-21.356929779052734,119
11972,PRSS35,77.21717834472656,-10.842336654663086,188
11973,PRSS36,66.60165405273438,-18.88544464111328,118
11974,PRSS37,71.12434387207031,-22.638710021972656,119
11975,PRSS38,70.61656188964844,-22.351011276245117,119
11976,PRSS41,71.1312026977539,-22.80077362060547,119
11977,PRSS48,70.55573272705078,-22.13239860534668,119
11978,PRSS50,70.71636199951172,-22.27927017211914,119
11979,PRSS51,70.8198471069336,-22.3154296875,119
11980,PRSS53,67.81797790527344,-19.62996482849121,118
11981,PRSS54,70.67344665527344,-22.1879940032959,119
11982,PRSS55,70.68809509277344,-22.296768188476562,119
11983,PRSS56,67.89655303955078,-19.228290557861328,118
11984,PRSS57,72.40756225585938,-24.210445404052734,123
11985,PRSS58,72.0870590209961,-23.785186767578125,123
11986,PRSS8,71.36705017089844,-23.007776260375977,119
11987,PRTFDC1,53.53779983520508,6.175548553466797,453
11988,PRTG,49.75634002685547,-14.110247611999512,182
11989,PRTN3,73.07560729980469,-24.777484893798828,123
11990,PRUNE1,31.13397979736328,5.275213718414307,444
11991,PRX,4.1112189292907715,13.477093696594238,289
11992,PRXL2A,55.766178131103516,0.5394185781478882,291
11993,PRXL2B,48.693206787109375,6.516716003417969,456
11994,PRXL2C,42.467960357666016,9.424954414367676,347
11995,PSAP,70.67668914794922,-10.552926063537598,218
11996,PSAPL1,74.55171203613281,-10.36852741241455,188
11997,PSAT1,65.76786804199219,4.51445198059082,358
11998,PSCA,79.30699157714844,-16.801673889160156,200
11999,PSD,11.810410499572754,1.7573834657669067,378
12000,PSD2,10.58984375,1.3745100498199463,374
12001,PSD3,7.081024646759033,2.482571601867676,354
12002,PSD4,9.374329566955566,2.6174018383026123,362
12003,PSEN1,15.668415069580078,-21.82221794128418,152
12004,PSEN2,16.162647247314453,-21.47206687927246,152
12005,PSENEN,9.445796966552734,-20.684926986694336,139
12006,PSG1,15.000211715698242,39.80378723144531,76
12007,PSG11,14.973579406738281,39.69283676147461,76
12008,PSG2,15.114298820495605,39.726959228515625,76
12009,PSG3,15.258895874023438,39.926795959472656,76
12010,PSG4,15.346870422363281,40.06660842895508,76
12011,PSG5,14.833390235900879,39.54425048828125,76
12012,PSG6,14.9844331741333,40.16313934326172,76
12013,PSG7,15.051029205322266,39.793426513671875,76
12014,PSG8,15.355265617370605,39.88762283325195,76
12015,PSG9,15.028717041015625,39.845001220703125,76
12016,PSIP1,14.263561248779297,11.467914581298828,341
12017,PSKH1,55.691043853759766,37.834083557128906,69
12018,PSKH2,55.77519989013672,37.783451080322266,69
12019,PSMA1,75.42849731445312,11.643998146057129,42
12020,PSMA2,75.39094543457031,11.688884735107422,42
12021,PSMA3,75.53096771240234,11.657424926757812,42
12022,PSMA4,75.55746459960938,11.69149112701416,42
12023,PSMA5,75.24742126464844,11.648921966552734,42
12024,PSMA6,75.02088165283203,11.55694580078125,42
12025,PSMA7,75.24507141113281,11.540539741516113,42
12026,PSMA8,74.88822937011719,11.343317031860352,42
12027,PSMB1,76.01823425292969,11.768982887268066,42
12028,PSMB10,76.44670867919922,11.98806095123291,42
12029,PSMB11,74.23155975341797,11.60709285736084,42
12030,PSMB2,75.59907531738281,11.75696086883545,42
12031,PSMB3,76.10449981689453,11.811108589172363,42
12032,PSMB4,75.90132141113281,11.839256286621094,42
12033,PSMB5,75.76992797851562,11.904536247253418,42
12034,PSMB6,75.99607849121094,11.859453201293945,42
12035,PSMB7,75.8207015991211,11.777275085449219,42
12036,PSMB8,76.27711486816406,11.884782791137695,42
12037,PSMB9,76.30574035644531,11.886756896972656,42
12038,PSMC1,41.48395919799805,4.002151012420654,432
12039,PSMC2,42.36297607421875,4.519758224487305,429
12040,PSMC3,41.58027648925781,4.551698207855225,432
12041,PSMC3IP,30.06467056274414,10.336194038391113,427
12042,PSMC4,40.98905563354492,4.3119282722473145,432
12043,PSMC5,41.80270004272461,4.132295608520508,432
12044,PSMC6,41.46574020385742,3.753230094909668,432
12045,PSMD1,28.961931228637695,-4.617403507232666,313
12046,PSMD11,32.95545196533203,-3.9845266342163086,295
12047,PSMD12,33.6077995300293,-3.8341314792633057,295
12048,PSMD13,33.82134246826172,-4.199520587921143,295
12049,PSMD14,43.091922760009766,4.070485591888428,429
12050,PSMD2,29.207786560058594,-4.401546001434326,313
12051,PSMD3,33.479557037353516,-4.1555891036987305,295
12052,PSMD4,39.0506477355957,7.78997278213501,426
12053,PSMD5,28.95823097229004,-2.691589593887329,312
12054,PSMD6,33.85136795043945,-4.200729846954346,295
12055,PSMD7,41.520851135253906,8.650117874145508,361
12056,PSMD8,33.595558166503906,-3.9833984375,295
12057,PSMD9,31.457469940185547,11.508996963500977,454
12058,PSME1,36.284873962402344,9.270878791809082,369
12059,PSME2,36.87425231933594,9.790480613708496,369
12060,PSME3,35.6646842956543,9.844002723693848,369
12061,PSME4,17.105085372924805,-7.153049468994141,278
12062,PSMF1,27.459339141845703,8.173673629760742,450
12063,PSMG1,43.74416732788086,8.65433406829834,436
12064,PSMG2,45.40117645263672,7.332727432250977,436
12065,PSMG3,46.26985168457031,7.769391059875488,436
12066,PSMG4,47.48236083984375,9.615819931030273,433
12067,PSORS1C1,11.675548553466797,20.669042587280273,324
12068,PSORS1C2,5.771460056304932,20.919025421142578,154
12069,PSPC1,-18.7523193359375,7.897693157196045,265
12070,PSPH,52.804962158203125,5.6219482421875,453
12071,PSPN,79.0097885131836,-12.332132339477539,188
12072,PSRC1,5.908867835998535,10.111429214477539,404
12073,PSTK,38.081546783447266,5.386252403259277,432
12074,PSTPIP1,9.853998184204102,-2.022470712661743,365
12075,PSTPIP2,9.638751029968262,-2.040788173675537,365
12076,PTAFR,-110.47948455810547,-18.637025833129883,14
12077,PTAR1,39.75149917602539,5.552743434906006,432
12078,PTBP1,-19.272567749023438,9.709142684936523,263
12079,PTBP2,-19.916711807250977,10.578657150268555,263
12080,PTBP3,-19.296539306640625,10.311009407043457,263
12081,PTCD1,21.144794464111328,3.548950433731079,373
12082,PTCD2,39.22554397583008,3.0343194007873535,432
12083,PTCD3,36.54032897949219,0.3058244585990906,432
12084,PTCH1,33.8310661315918,-21.380327224731445,116
12085,PTCH2,35.403167724609375,-22.28862762451172,116
12086,PTCHD3,30.43440818786621,-21.647218704223633,131
12087,PTCRA,18.643049240112305,27.265609741210938,220
12088,PTDSS1,15.924527168273926,-23.079483032226562,159
12089,PTDSS2,15.568733215332031,-23.251834869384766,159
12090,PTEN,29.743858337402344,2.0267815589904785,307
12091,PTER,58.88877868652344,4.369705677032471,349
12092,PTF1A,-9.905241012573242,18.530088424682617,241
12093,PTGDR,-106.38301849365234,-18.883569717407227,14
12094,PTGDR2,-107.92060852050781,-19.38938331604004,14
12095,PTGDS,-11.8797025680542,-16.217784881591797,49
12096,PTGER1,-106.57892608642578,-19.428146362304688,14
12097,PTGER2,-105.46928405761719,-18.68759536743164,14
12098,PTGER3,-104.61048889160156,-18.786699295043945,14
12099,PTGER4,-104.88983154296875,-18.667268753051758,14
12100,PTGES,14.797113418579102,-23.2760009765625,159
12101,PTGES2,59.25990676879883,10.858587265014648,328
12102,PTGES3,36.86723327636719,13.2719144821167,371
12103,PTGES3L,44.51250076293945,9.625602722167969,422
12104,PTGFR,-105.58229064941406,-18.897859573364258,14
12105,PTGFRN,17.165565490722656,31.94464874267578,227
12106,PTGIR,-106.7576675415039,-19.273101806640625,14
12107,PTGIS,95.70272827148438,-0.08516699075698853,71
12108,PTGR1,71.06845092773438,4.1804609298706055,189
12109,PTGR2,54.956478118896484,3.4648663997650146,292
12110,PTGS1,63.88422775268555,-5.776213645935059,212
12111,PTGS2,63.04819869995117,-6.038663864135742,212
12112,PTH,91.47847747802734,-16.382200241088867,107
12113,PTH1R,33.90835189819336,-23.332778930664062,117
12114,PTH2,91.77143096923828,-16.412294387817383,107
12115,PTH2R,33.9600830078125,-23.388992309570312,117
12116,PTHLH,84.69711303710938,-15.348316192626953,110
12117,PTK2,58.83250045776367,35.1207160949707,69
12118,PTK2B,59.01263427734375,36.21357345581055,69
12119,PTK6,62.589900970458984,36.08204650878906,68
12120,PTK7,50.73107147216797,-14.006631851196289,182
12121,PTMA,29.80949592590332,16.27029037475586,268
12122,PTMS,29.440088272094727,16.305524826049805,268
12123,PTN,71.12749481201172,-15.791210174560547,215
12124,PTOV1,-3.511782646179199,11.0924072265625,192
12125,PTP4A1,40.96965026855469,8.018277168273926,391
12126,PTP4A2,42.247779846191406,8.479475021362305,436
12127,PTP4A3,42.58534622192383,8.655250549316406,436
12128,PTPA,26.475387573242188,1.1920877695083618,309
12129,PTPDC1,7.909773349761963,3.4531025886535645,387
12130,PTPMT1,49.81577682495117,10.151249885559082,431
12131,PTPN1,21.097227096557617,2.5902247428894043,400
12132,PTPN11,19.35950469970703,1.2269214391708374,417
12133,PTPN12,2.220034599304199,4.437716007232666,406
12134,PTPN13,2.289919137954712,1.7485144138336182,389
12135,PTPN18,16.955753326416016,3.4287331104278564,408
12136,PTPN2,22.278274536132812,3.0161736011505127,301
12137,PTPN20,24.33338165283203,4.344869613647461,421
12138,PTPN21,6.2732625007629395,2.109241008758545,354
12139,PTPN22,3.046184539794922,4.26652717590332,407
12140,PTPN23,-0.74354487657547,3.940969705581665,299
12141,PTPN3,16.02726936340332,1.7614659070968628,417
12142,PTPN4,15.18511962890625,-0.5506399273872375,393
12143,PTPN5,17.147310256958008,-2.700265407562256,377
12144,PTPN6,20.864015579223633,0.5685908198356628,350
12145,PTPN7,19.359649658203125,1.8152292966842651,418
12146,PTPN9,20.521543502807617,1.7194982767105103,400
12147,PTPRA,19.02008056640625,-0.7426465749740601,376
12148,PTPRC,18.06048011779785,32.16363525390625,227
12149,PTPRCAP,16.844701766967773,25.37980079650879,224
12150,PTPRD,48.22658157348633,-15.316337585449219,181
12151,PTPRE,18.654220581054688,0.12098926305770874,376
12152,PTPRF,47.78709411621094,-15.843086242675781,181
12153,PTPRG,46.240055084228516,-12.822549819946289,182
12154,PTPRH,18.77105140686035,31.4545841217041,230
12155,PTPRJ,49.81873321533203,-13.278294563293457,182
12156,PTPRK,47.48164749145508,-13.726109504699707,182
12157,PTPRM,47.594139099121094,-13.209222793579102,182
12158,PTPRN,19.347064971923828,-1.3733279705047607,376
12159,PTPRN2,15.937085151672363,-0.7873312830924988,393
12160,PTPRO,48.833343505859375,-13.264848709106445,182
12161,PTPRQ,49.09829330444336,-15.745828628540039,181
12162,PTPRR,17.063087463378906,0.20664839446544647,417
12163,PTPRS,48.42270278930664,-15.468062400817871,181
12164,PTPRU,47.80167007446289,-13.177655220031738,182
12165,PTPRZ1,-7.304826736450195,5.104501724243164,272
12166,PTRH1,51.7458610534668,8.287125587463379,431
12167,PTRH2,53.742069244384766,8.33602237701416,353
12168,PTRHD1,53.657203674316406,11.620800018310547,196
12169,PTS,53.26422119140625,9.159684181213379,353
12170,PTTG1,7.432993412017822,10.046781539916992,352
12171,PTTG1IP,20.47011375427246,26.336950302124023,229
12172,PTTG2,7.163809776306152,12.129061698913574,330
12173,PTX3,76.313232421875,-10.88467025756836,188
12174,PTX4,73.26437377929688,-9.831698417663574,188
12175,PUF60,-18.75429916381836,9.16749095916748,263
12176,PUM1,-11.58126449584961,10.014459609985352,272
12177,PUM2,-11.017127990722656,9.867254257202148,272
12178,PUM3,37.76957321166992,12.633910179138184,371
12179,PURA,17.278703689575195,11.04591178894043,384
12180,PURB,18.79730224609375,10.463133811950684,384
12181,PURG,19.028627395629883,10.099621772766113,384
12182,PUS1,46.56958770751953,7.9484710693359375,436
12183,PUS10,44.12661361694336,4.596830368041992,436
12184,PUS3,44.87899398803711,6.889915943145752,436
12185,PUS7,39.278106689453125,4.901663303375244,432
12186,PUSL1,50.64944076538086,7.4802446365356445,431
12187,PVALB,-42.63823318481445,-7.628945350646973,44
12188,PVALEF,-41.81822204589844,-7.662551403045654,44
12189,PVR,18.78148651123047,31.214942932128906,230
12190,PVRIG,13.418732643127441,33.07252502441406,223
12191,PWP1,51.61171340942383,22.51047706604004,70
12192,PWP2,50.49618148803711,22.694917678833008,70
12193,PWWP2A,7.32890510559082,9.154952049255371,404
12194,PWWP2B,4.5389556884765625,10.448081970214844,320
12195,PWWP3A,8.606575012207031,6.8556342124938965,387
12196,PXDC1,25.927648544311523,7.628782272338867,420
12197,PXDN,58.353111267089844,-14.530041694641113,197
12198,PXDNL,59.1132926940918,-14.29256534576416,197
12199,PXK,13.630417823791504,1.943838119506836,415
12200,PXMP2,18.16615104675293,-22.995590209960938,160
12201,PXMP4,14.233235359191895,-21.721782684326172,152
12202,PXN,13.48671817779541,9.367374420166016,379
12203,PXT1,14.56259536743164,19.40308952331543,323
12204,PXYLP1,72.83009338378906,-4.838592529296875,205
12205,PYCARD,35.75859069824219,8.58754825592041,369
12206,PYCR1,59.398319244384766,5.393319129943848,349
12207,PYCR2,60.35034942626953,5.303215980529785,349
12208,PYCR3,56.6365852355957,5.9823503494262695,349
12209,PYDC1,34.92643737792969,8.52917766571045,369
12210,PYDC2,34.830265045166016,8.328428268432617,369
12211,PYGB,69.44295501708984,5.049445152282715,356
12212,PYGL,68.6832504272461,4.606142044067383,356
12213,PYGM,69.79592895507812,4.969930171966553,356
12214,PYGO1,-9.31007194519043,10.682683944702148,272
12215,PYGO2,-11.311165809631348,9.736322402954102,272
12216,PYHIN1,32.29451370239258,0.8397297859191895,337
12217,PYM1,34.930118560791016,13.610732078552246,367
12218,PYROXD1,49.98965835571289,5.149717330932617,446
12219,PYROXD2,58.47201156616211,2.9203128814697266,348
12220,PYURF,58.87862777709961,12.797215461730957,328
12221,PYY,91.68534851074219,-16.657644271850586,107
12222,PZP,50.34111404418945,-13.3687162399292,182
12223,QDPR,60.856082916259766,3.6830263137817383,349
12224,QKI,-16.861957550048828,13.329362869262695,190
12225,QPCT,62.149566650390625,-5.5381550788879395,212
12226,QPCTL,63.11912536621094,-5.748551845550537,212
12227,QPRT,61.16147232055664,5.650214672088623,355
12228,QRFP,90.20604705810547,-16.10472869873047,107
12229,QRFPR,-104.13522338867188,-18.03923225402832,14
12230,QRICH1,-16.23653221130371,10.644486427307129,273
12231,QRICH2,5.48647403717041,9.798437118530273,404
12232,QRSL1,55.49966049194336,4.250051498413086,440
12233,QSER1,-10.165596008300781,8.717913627624512,272
12234,QSOX1,61.71040725708008,-7.857272624969482,212
12235,QSOX2,58.52873229980469,-6.305377960205078,185
12236,QTRT1,61.84500503540039,4.790916919708252,355
12237,QTRT2,52.91761016845703,5.078309535980225,453
12238,R3HCC1,25.199748992919922,11.661637306213379,351
12239,R3HCC1L,2.111039400100708,6.351806640625,412
12240,R3HDM1,-11.483318328857422,8.871147155761719,272
12241,R3HDM2,-11.796880722045898,9.435032844543457,272
12242,R3HDM4,26.24725341796875,10.138649940490723,410
12243,R3HDML,71.99109649658203,-12.874872207641602,218
12244,RAB10,-12.976707458496094,-45.349613189697266,27
12245,RAB11A,-12.627642631530762,-45.139373779296875,27
12246,RAB11B,-13.122735977172852,-45.378509521484375,27
12247,RAB11FIP1,0.7219740748405457,5.833119869232178,411
12248,RAB11FIP2,10.023499488830566,6.033992290496826,395
12249,RAB11FIP3,-5.350349426269531,-1.7707054615020752,257
12250,RAB11FIP4,-6.205136299133301,-2.671036720275879,256
12251,RAB11FIP5,2.7784783840179443,7.53886079788208,403
12252,RAB12,-12.437779426574707,-45.01631546020508,27
12253,RAB13,-13.305146217346191,-45.45643615722656,27
12254,RAB14,-11.629117012023926,-44.86653518676758,27
12255,RAB15,-12.097175598144531,-44.68086242675781,27
12256,RAB17,-11.431745529174805,-44.526676177978516,27
12257,RAB18,-12.040693283081055,-44.904823303222656,27
12258,RAB19,-12.19692611694336,-44.98091506958008,27
12259,RAB1A,-12.53394889831543,-45.114402770996094,27
12260,RAB1B,-13.926009178161621,-45.71481704711914,27
12261,RAB20,-11.0136137008667,-44.44912338256836,27
12262,RAB22A,-11.930094718933105,-44.86868667602539,27
12263,RAB23,-10.795571327209473,-44.42766189575195,27
12264,RAB24,-11.218698501586914,-44.578453063964844,27
12265,RAB25,-12.220488548278809,-44.99748611450195,27
12266,RAB26,-11.581938743591309,-44.948204040527344,27
12267,RAB27A,-10.880212783813477,-44.38725280761719,27
12268,RAB27B,-12.238080978393555,-45.03031921386719,27
12269,RAB28,-10.70849895477295,-44.38435745239258,27
12270,RAB29,-12.285953521728516,-44.79708480834961,27
12271,RAB2A,-12.91083812713623,-44.998756408691406,27
12272,RAB2B,-12.981112480163574,-45.31217956542969,27
12273,RAB30,-12.573934555053711,-45.16505813598633,27
12274,RAB31,-12.102011680603027,-44.58192825317383,27
12275,RAB32,-11.388951301574707,-44.63678741455078,27
12276,RAB33B,-12.122191429138184,-44.90142059326172,27
12277,RAB34,-10.641515731811523,-44.04555130004883,27
12278,RAB35,-12.95028018951416,-45.284542083740234,27
12279,RAB36,-10.925552368164062,-44.21242141723633,27
12280,RAB37,-12.0798978805542,-44.92878341674805,27
12281,RAB38,-11.354050636291504,-44.63578796386719,27
12282,RAB39A,-11.91775131225586,-44.841636657714844,27
12283,RAB3A,-12.824387550354004,-45.256507873535156,27
12284,RAB3C,-13.066987037658691,-45.36460494995117,27
12285,RAB3D,-11.670865058898926,-45.196388244628906,27
12286,RAB3GAP1,21.349092483520508,1.5138903856277466,350
12287,RAB3GAP2,26.815603256225586,-5.427908897399902,319
12288,RAB3IL1,15.145336151123047,9.634299278259277,382
12289,RAB3IP,15.149385452270508,7.496860504150391,359
12290,RAB40B,-11.47358226776123,-44.61894989013672,27
12291,RAB40C,-11.262978553771973,-44.44759750366211,27
12292,RAB42,-12.093307495117188,-44.922977447509766,27
12293,RAB43,-12.356643676757812,-45.03515625,27
12294,RAB44,0.33607861399650574,2.8219242095947266,399
12295,RAB4A,-12.519325256347656,-44.783912658691406,27
12296,RAB4B,-12.297091484069824,-45.0089111328125,27
12297,RAB5A,-12.723939895629883,-45.216285705566406,27
12298,RAB5B,-14.095330238342285,-45.82619857788086,27
12299,RAB5C,-13.46663761138916,-45.531700134277344,27
12300,RAB5IF,8.83025074005127,-20.336807250976562,139
12301,RAB6A,-13.822542190551758,-45.67512130737305,27
12302,RAB6B,-13.056012153625488,-45.24587631225586,27
12303,RAB6C,-12.407636642456055,-44.57882308959961,27
12304,RAB6D,-12.742494583129883,-45.18416976928711,27
12305,RAB7A,-12.481009483337402,-45.47016143798828,27
12306,RAB7B,-12.122725486755371,-44.960941314697266,27
12307,RAB8A,-13.663270950317383,-45.6070556640625,27
12308,RAB8B,-12.836048126220703,-45.15888977050781,27
12309,RABAC1,10.565242767333984,-20.706279754638672,139
12310,RABEP1,-11.634700775146484,-3.3817291259765625,258
12311,RABEP2,-9.776927947998047,-2.4194698333740234,253
12312,RABEPK,48.507083892822266,3.3293139934539795,423
12313,RABGAP1,7.84574556350708,-1.626103162765503,365
12314,RABGAP1L,5.058051586151123,-1.3862693309783936,389
12315,RABGEF1,20.026758193969727,1.7148852348327637,400
12316,RABGGTA,37.8992919921875,-1.1910797357559204,285
12317,RABGGTB,40.292964935302734,1.6023235321044922,432
12318,RABIF,45.6248664855957,11.7212495803833,304
12319,RABL2A,-11.259239196777344,-44.5226936340332,27
12320,RABL2B,-11.26463508605957,-44.92095184326172,27
12321,RABL3,-10.565458297729492,-44.23538589477539,27
12322,RABL6,1.058422327041626,4.386106967926025,406
12323,RAC1,-13.143333435058594,-45.336360931396484,27
12324,RAC2,-13.18621826171875,-45.351749420166016,27
12325,RAC3,-13.363370895385742,-45.433963775634766,27
12326,RACGAP1,11.927135467529297,7.83031702041626,396
12327,RACK1,52.994808197021484,24.210838317871094,70
12328,RAD1,39.33754348754883,8.3515625,361
12329,RAD17,31.92599105834961,3.776240587234497,444
12330,RAD18,11.148301124572754,8.033964157104492,396
12331,RAD21,9.533594131469727,9.832275390625,352
12332,RAD21L1,9.813093185424805,9.875014305114746,352
12333,RAD23A,24.757081985473633,9.57114315032959,390
12334,RAD23B,23.579687118530273,9.972162246704102,385
12335,RAD50,-8.417612075805664,-4.476970672607422,248
12336,RAD51,42.1295280456543,5.4451189041137695,432
12337,RAD51AP1,7.4013752937316895,9.143545150756836,404
12338,RAD51AP2,-1.064792513847351,6.500689506530762,298
12339,RAD51B,41.05170822143555,6.082537651062012,432
12340,RAD51C,42.66698455810547,6.569512367248535,436
12341,RAD51D,48.9668083190918,6.377172470092773,456
12342,RAD52,25.18736457824707,5.912015914916992,421
12343,RAD54B,16.462921142578125,4.884899616241455,380
12344,RAD54L,31.37592315673828,2.621439218521118,402
12345,RAD54L2,21.341903686523438,2.4867684841156006,400
12346,RAD9A,37.910213470458984,8.477168083190918,425
12347,RAD9B,37.85823059082031,8.017616271972656,425
12348,RADIL,16.002708435058594,0.513785183429718,416
12349,RAE1,51.327911376953125,23.248865127563477,70
12350,RAET1E,-2.511744737625122,48.35106658935547,34
12351,RAET1G,-2.052981376647949,48.55806350708008,34
12352,RAET1L,-2.0090858936309814,48.949344635009766,34
12353,RAF1,59.53175735473633,35.95284652709961,69
12354,RAG1,11.931593894958496,7.013163089752197,396
12355,RAG2,43.597564697265625,0.7695502042770386,208
12356,RAI1,-9.00422191619873,7.888828754425049,272
12357,RAI14,-13.048916816711426,-3.572868585586548,259
12358,RALA,-12.398515701293945,-44.77786636352539,27
12359,RALB,-11.990065574645996,-44.65098571777344,27
12360,RALBP1,21.416364669799805,9.15009593963623,398
12361,RALGAPA1,14.129661560058594,-7.33509635925293,277
12362,RALGAPA2,14.411970138549805,-5.611049175262451,277
12363,RALGAPB,15.453300476074219,-4.6339569091796875,368
12364,RALGDS,7.391112804412842,1.1808372735977173,354
12365,RALGPS1,10.302404403686523,-0.36146998405456543,374
12366,RALGPS2,12.138860702514648,-0.04562605544924736,415
12367,RALY,-22.60452651977539,6.218494415283203,267
12368,RALYL,-23.261478424072266,6.087162494659424,166
12369,RAMAC,-14.98088550567627,8.854985237121582,273
12370,RAMP1,21.42700958251953,26.27850341796875,229
12371,RAMP2,21.360633850097656,26.42001724243164,229
12372,RAMP3,21.1140193939209,26.487104415893555,229
12373,RAN,-12.502018928527832,-44.996917724609375,27
12374,RANBP1,36.06295394897461,11.994829177856445,371
12375,RANBP10,15.470593452453613,4.675246238708496,409
12376,RANBP17,24.449434280395508,-5.580936908721924,310
12377,RANBP2,9.4558744430542,-4.760848045349121,177
12378,RANBP3,23.147018432617188,8.008150100708008,397
12379,RANBP3L,17.570587158203125,9.74063491821289,384
12380,RANBP6,26.69784927368164,-5.000646114349365,319
12381,RANBP9,18.659259796142578,6.288817882537842,372
12382,RANGAP1,25.804584503173828,-2.9393393993377686,316
12383,RANGRF,43.904815673828125,8.2824068069458,436
12384,RAP1A,-12.268881797790527,-45.00313186645508,27
12385,RAP1GAP,15.45076847076416,-0.09485739469528198,393
12386,RAP1GAP2,12.865156173706055,0.18381823599338531,415
12387,RAP1GDS1,28.900482177734375,-2.980020761489868,312
12388,RAP2A,-12.068135261535645,-44.65446472167969,27
12389,RAP2B,-12.41968059539795,-45.07752990722656,27
12390,RAPGEF1,10.997305870056152,-0.0017857116181403399,374
12391,RAPGEF2,5.564088344573975,-1.4491679668426514,389
12392,RAPGEF3,17.239038467407227,0.2412726730108261,376
12393,RAPGEF4,17.517627716064453,-1.131685495376587,376
12394,RAPGEF5,14.736607551574707,-0.7551037073135376,415
12395,RAPGEF6,7.9773101806640625,-2.1151111125946045,365
12396,RAPGEFL1,16.909177780151367,0.9329203367233276,417
12397,RAPH1,1.8942890167236328,2.153513193130493,389
12398,RAPSN,33.67523193359375,-4.3860626220703125,295
12399,RARA,-36.8033561706543,16.482202529907227,73
12400,RARB,-37.266624450683594,16.02117347717285,73
12401,RARG,-37.2377815246582,16.633214950561523,73
12402,RARRES1,71.44451904296875,-11.120060920715332,218
12403,RARRES2,-9.678934097290039,-16.034677505493164,49
12404,RARS2,47.90291976928711,3.4562196731567383,423
12405,RASA1,18.114072799682617,-0.6700882911682129,376
12406,RASA2,18.82298469543457,-1.7135863304138184,376
12407,RASA3,19.032955169677734,-1.1205615997314453,376
12408,RASA4,19.645048141479492,-0.6056460738182068,376
12409,RASA4B,18.482267379760742,-0.7633823752403259,376
12410,RASAL1,19.307849884033203,-0.9566189050674438,376
12411,RASAL2,4.186037063598633,-0.5831084251403809,389
12412,RASAL3,13.470163345336914,0.9729365706443787,415
12413,RASD1,-10.824788093566895,-44.355682373046875,27
12414,RASD2,-11.133089065551758,-44.27988052368164,27
12415,RASEF,0.46302640438079834,-0.15782210230827332,240
12416,RASGEF1A,16.73529624938965,1.1372675895690918,417
12417,RASGEF1B,18.126893997192383,0.5298004150390625,417
12418,RASGEF1C,15.690733909606934,1.0423648357391357,416
12419,RASGRF1,10.738636016845703,-1.0167657136917114,374
12420,RASGRF2,13.066856384277344,-1.5189926624298096,375
12421,RASGRP1,12.896088600158691,0.6606723070144653,415
12422,RASGRP2,13.589288711547852,-0.5897298455238342,375
12423,RASGRP3,13.248486518859863,0.9457628726959229,415
12424,RASGRP4,15.932916641235352,-0.1503715217113495,393
12425,RASIP1,12.712302207946777,2.0796151161193848,378
12426,RASL10A,-10.621773719787598,-44.27521896362305,27
12427,RASL10B,-10.756257057189941,-44.31904602050781,27
12428,RASL11A,-10.327730178833008,-44.14870071411133,27
12429,RASL11B,-10.649298667907715,-44.308860778808594,27
12430,RASL12,-10.44657039642334,-44.132354736328125,27
12431,RASSF1,17.615554809570312,1.6518276929855347,417
12432,RASSF10,15.248224258422852,10.51005744934082,382
12433,RASSF2,18.228515625,3.1484360694885254,418
12434,RASSF3,19.210594177246094,2.593485116958618,418
12435,RASSF4,17.97620391845703,2.3853440284729004,417
12436,RASSF5,15.818967819213867,3.301063299179077,413
12437,RASSF6,17.08530044555664,3.39436936378479,408
12438,RASSF7,12.15645694732666,12.375961303710938,330
12439,RASSF8,-5.482533931732178,-1.5630266666412354,257
12440,RASSF9,11.259683609008789,2.9933199882507324,378
12441,RAVER1,14.664850234985352,5.375357627868652,381
12442,RAVER2,-10.649701118469238,9.946039199829102,272
12443,RAX,-22.85713768005371,20.86726188659668,194
12444,RAX2,-23.513111114501953,21.3046932220459,194
12445,RB1,16.53333282470703,4.635128974914551,409
12446,RB1CC1,-10.584189414978027,-3.6094021797180176,258
12447,RBAK,-73.51274871826172,-31.30744171142578,57
12448,RBBP4,51.59089660644531,23.497426986694336,70
12449,RBBP5,49.56184387207031,22.23927879333496,70
12450,RBBP6,-15.956123352050781,5.169438362121582,165
12451,RBBP8,3.7453207969665527,7.788290977478027,403
12452,RBBP8NL,0.9604101181030273,9.081260681152344,320
12453,RBBP9,57.36017608642578,5.513160705566406,349
12454,RBCK1,21.69904327392578,7.84525203704834,398
12455,RBFA,57.686832427978516,10.92052173614502,327
12456,RBFOX1,-20.111318588256836,12.943122863769531,264
12457,RBFOX2,-19.844579696655273,12.811996459960938,264
12458,RBFOX3,-20.008066177368164,13.069089889526367,264
12459,RBIS,43.59841537475586,16.465192794799805,173
12460,RBKS,61.47604751586914,5.510756015777588,355
12461,RBL1,13.046252250671387,5.04681921005249,381
12462,RBL2,15.654380798339844,4.344877243041992,409
12463,RBM11,20.765493392944336,9.000463485717773,398
12464,RBM12,-16.148338317871094,8.174426078796387,262
12465,RBM12B,5.655566215515137,5.080081462860107,363
12466,RBM14,-18.66414451599121,11.48375129699707,264
12467,RBM15,-7.492012977600098,7.017889022827148,272
12468,RBM15B,-0.8339411020278931,9.385269165039062,320
12469,RBM17,25.912643432617188,11.78537654876709,351
12470,RBM18,28.870630264282227,10.074085235595703,427
12471,RBM19,39.54539108276367,10.188432693481445,361
12472,RBM20,-3.6463546752929688,6.556658744812012,299
12473,RBM22,-16.29891586303711,8.08576774597168,262
12474,RBM23,-18.35770606994629,7.263131141662598,262
12475,RBM24,-20.0179386138916,12.250171661376953,264
12476,RBM25,-18.719955444335938,4.9404215812683105,165
12477,RBM26,-14.494725227355957,6.940847396850586,261
12478,RBM27,-13.29574203491211,7.088862419128418,261
12479,RBM33,-13.229976654052734,7.618751525878906,261
12480,RBM34,37.12815856933594,12.985091209411621,371
12481,RBM38,-20.236940383911133,12.683205604553223,264
12482,RBM39,-20.180500030517578,4.914048194885254,166
12483,RBM4,-20.426456451416016,11.711758613586426,264
12484,RBM42,-16.901744842529297,8.707950592041016,262
12485,RBM43,38.374183654785156,-1.9389156103134155,285
12486,RBM44,2.2834689617156982,6.762015342712402,412
12487,RBM45,-18.787412643432617,9.973052978515625,263
12488,RBM46,-19.932924270629883,10.718164443969727,263
12489,RBM47,-20.412710189819336,11.550046920776367,264
12490,RBM48,24.29640769958496,8.659311294555664,392
12491,RBM4B,-20.37710952758789,11.631464958190918,264
12492,RBM5,-10.403449058532715,6.210968494415283,272
12493,RBM6,-10.23110580444336,5.7278733253479,272
12494,RBM7,-17.116817474365234,8.161864280700684,262
12495,RBM8A,43.278507232666016,14.161947250366211,210
12496,RBMS1,-19.386938095092773,12.90888786315918,264
12497,RBMS2,-19.915407180786133,12.71509075164795,264
12498,RBMS3,-19.3459529876709,12.838445663452148,264
12499,RBMXL1,-20.029287338256836,7.0779619216918945,265
12500,RBMXL2,-20.5196475982666,7.15319299697876,266
12501,RBP1,-132.74000549316406,-41.3228759765625,5
12502,RBP2,-132.1219024658203,-41.38999557495117,5
12503,RBP3,38.0711669921875,-17.58662223815918,112
12504,RBP4,-11.802908897399902,-16.09546661376953,49
12505,RBP5,-132.6317901611328,-41.19413375854492,5
12506,RBP7,-132.1792755126953,-40.905303955078125,5
12507,RBPJ,20.78245735168457,3.6366193294525146,373
12508,RBPJL,28.65472412109375,2.3255984783172607,307
12509,RBPMS,-19.431262969970703,13.024361610412598,264
12510,RBPMS2,-19.956161499023438,12.659685134887695,264
12511,RBSN,18.152498245239258,6.965651988983154,372
12512,RBX1,47.415164947509766,15.038025856018066,322
12513,RC3H1,-9.204146385192871,9.147282600402832,272
12514,RC3H2,-9.265426635742188,8.995139122009277,272
12515,RCAN1,24.149080276489258,8.260686874389648,392
12516,RCAN2,19.225605010986328,5.6209235191345215,372
12517,RCAN3,20.379491806030273,6.803955078125,372
12518,RCBTB1,33.49283981323242,-0.6740832924842834,294
12519,RCBTB2,33.600162506103516,-0.6367039084434509,294
12520,RCC1,46.25189971923828,4.095142364501953,424
12521,RCC1L,47.073829650878906,3.4160783290863037,424
12522,RCC2,45.340999603271484,4.19777250289917,436
12523,RCCD1,46.16864013671875,4.1336846351623535,424
12524,RCE1,14.910606384277344,-23.372989654541016,159
12525,RCHY1,21.196739196777344,8.623760223388672,398
12526,RCL1,51.20307540893555,4.762452125549316,439
12527,RCN1,57.39250564575195,-7.921087741851807,185
12528,RCN2,57.26375198364258,-7.974637508392334,185
12529,RCN3,57.27035903930664,-8.057878494262695,185
12530,RCOR1,19.185386657714844,9.043373107910156,383
12531,RCOR2,-0.34701770544052124,8.668536186218262,320
12532,RCOR3,-3.2132363319396973,8.972339630126953,192
12533,RCSD1,10.367843627929688,15.716238021850586,342
12534,RCVRN,-41.54849624633789,-7.62792444229126,44
12535,RD3,16.861888885498047,15.707197189331055,340
12536,RD3L,22.38898468017578,14.320877075195312,290
12537,RDH10,65.34548950195312,1.1419334411621094,244
12538,RDH11,64.7522964477539,1.1388044357299805,244
12539,RDH12,65.97698211669922,1.1035035848617554,244
12540,RDH13,64.89204406738281,1.2983758449554443,244
12541,RDH14,60.50088119506836,2.4249324798583984,349
12542,RDH16,66.21586608886719,1.0367190837860107,244
12543,RDH5,65.47483825683594,1.4736865758895874,244
12544,RDH8,65.9556884765625,1.0228309631347656,244
12545,RDM1,37.58496856689453,7.507791042327881,425
12546,RDX,-4.936027526855469,-2.9980173110961914,252
12547,REC114,35.36298751831055,7.751136779785156,369
12548,REC8,10.431818962097168,10.470174789428711,352
12549,RECK,66.95430755615234,-15.963907241821289,198
12550,RECQL,12.020737648010254,6.036794185638428,381
12551,RECQL4,34.82372283935547,2.769651174545288,437
12552,RECQL5,36.77788162231445,21.969501495361328,74
12553,REELD1,14.602128028869629,20.66141128540039,323
12554,REEP1,14.466065406799316,-19.884225845336914,149
12555,REEP2,14.603519439697266,-19.760326385498047,149
12556,REEP3,14.338906288146973,-19.742761611938477,149
12557,REEP4,14.80795669555664,-19.83660888671875,152
12558,REEP5,13.22610855102539,-19.96429443359375,149
12559,REEP6,14.75922966003418,-21.410024642944336,152
12560,REG1A,73.9604721069336,-12.627662658691406,218
12561,REG1B,74.43144989013672,-12.560576438903809,218
12562,REG3A,74.23282623291016,-12.612014770507812,218
12563,REG3G,74.12488555908203,-12.307897567749023,218
12564,REG4,73.6267318725586,-12.603686332702637,218
12565,REL,-9.148832321166992,14.463561058044434,237
12566,RELA,-8.165144920349121,13.585003852844238,237
12567,RELB,-9.558159828186035,14.585237503051758,237
12568,RELCH,24.397830963134766,-2.943634510040283,317
12569,RELL1,19.106163024902344,24.996854782104492,228
12570,RELL2,16.946334838867188,23.75511932373047,224
12571,RELN,52.922054290771484,-17.305147171020508,168
12572,RELT,17.618906021118164,27.359304428100586,220
12573,REM1,-10.299691200256348,-44.054534912109375,27
12574,REM2,18.91924285888672,7.3373236656188965,372
12575,REN,67.7143783569336,-8.130203247070312,201
12576,REP15,18.351585388183594,17.8209171295166,279
12577,REPIN1,-69.79280853271484,-26.824705123901367,31
12578,REPS1,-5.922682762145996,7.571284770965576,271
12579,RER1,10.305161476135254,-20.77635955810547,139
12580,RERE,-9.61683177947998,7.699362754821777,272
12581,RERG,-10.569745063781738,-44.30683135986328,27
12582,RERGL,-10.433475494384766,-44.2625846862793,27
12583,RESF1,-4.243988037109375,5.976039409637451,299
12584,RESP18,14.714117050170898,19.775306701660156,323
12585,REST,-29.109169006347656,10.559612274169922,144
12586,RET,68.39661407470703,32.4963264465332,64
12587,RETN,78.02155303955078,-15.578338623046875,200
12588,RETNLB,75.47340393066406,-14.103325843811035,219
12589,RETREG1,26.994140625,-11.091700553894043,98
12590,RETREG2,27.275327682495117,-10.6641206741333,98
12591,RETREG3,27.34658432006836,-11.338035583496094,98
12592,RETSAT,63.59955978393555,-0.11869648098945618,244
12593,REV1,12.412739753723145,5.094298362731934,381
12594,REV3L,-3.6524288654327393,5.531905651092529,299
12595,REX1BD,22.71257972717285,13.967780113220215,290
12596,REXO1,1.0911040306091309,8.205132484436035,411
12597,REXO2,52.6418571472168,8.336524963378906,431
12598,REXO4,36.82449722290039,12.10164737701416,371
12599,REXO5,38.67275619506836,3.526865243911743,430
12600,RFC1,9.550162315368652,7.5401411056518555,395
12601,RFC2,40.74617385864258,5.351715087890625,432
12602,RFC3,40.600032806396484,6.148067474365234,432
12603,RFC4,40.163841247558594,5.386559963226318,432
12604,RFC5,40.58188247680664,5.490123748779297,432
12605,RFESD,51.4140739440918,7.261376857757568,431
12606,RFFL,18.106250762939453,6.309396743774414,380
12607,RFK,48.97698974609375,7.924220561981201,434
12608,RFLNA,11.173257827758789,18.28669548034668,329
12609,RFLNB,15.719793319702148,13.946171760559082,341
12610,RFNG,73.4786148071289,-5.448748588562012,205
12611,RFPL1,-60.87672424316406,4.235848903656006,28
12612,RFPL2,-60.9679069519043,4.020081520080566,28
12613,RFPL3,-60.49540328979492,4.163972854614258,28
12614,RFPL4A,-60.976375579833984,4.189831733703613,28
12615,RFPL4AL1,-60.82736587524414,4.218014240264893,28
12616,RFPL4B,-60.723758697509766,4.175756931304932,28
12617,RFT1,17.510517120361328,-23.046844482421875,162
12618,RFTN1,21.022991180419922,3.8763885498046875,373
12619,RFTN2,20.71744728088379,3.364776134490967,373
12620,RFWD3,7.083966255187988,7.384392261505127,404
12621,RFX1,-14.22938060760498,10.425352096557617,272
12622,RFX2,-13.883308410644531,10.963047981262207,272
12623,RFX3,-14.313948631286621,11.44625473022461,273
12624,RFX4,-17.61794662475586,15.130273818969727,190
12625,RFX5,0.2968756854534149,12.088778495788574,320
12626,RFX6,-17.434621810913086,15.34803581237793,190
12627,RFX7,-11.633891105651855,8.202805519104004,272
12628,RFX8,24.957685470581055,1.2629799842834473,308
12629,RFXANK,69.26695251464844,24.47688102722168,81
12630,RFXAP,20.312482833862305,10.392682075500488,385
12631,RGCC,17.960691452026367,12.18718147277832,346
12632,RGL1,10.493340492248535,-0.5845038890838623,374
12633,RGL2,16.069704055786133,-0.4418462812900543,393
12634,RGL3,16.366548538208008,0.2722901403903961,416
12635,RGL4,18.77256965637207,1.2382698059082031,417
12636,RGMA,63.75298309326172,-10.827594757080078,202
12637,RGMB,63.371028900146484,-11.49398422241211,202
12638,RGP1,40.047760009765625,3.916558265686035,432
12639,RGPD1,9.73375129699707,-4.8937788009643555,177
12640,RGPD2,9.655609130859375,-4.984991550445557,177
12641,RGPD3,9.752363204956055,-5.074208736419678,177
12642,RGPD4,10.067529678344727,-5.107901096343994,177
12643,RGPD5,9.61263370513916,-4.950565338134766,177
12644,RGPD6,10.275970458984375,-4.498515605926514,177
12645,RGPD8,9.85340404510498,-4.894800186157227,177
12646,RGR,-104.97599792480469,-18.915590286254883,14
12647,RGS1,41.558128356933594,16.611492156982422,174
12648,RGS10,41.954261779785156,16.692646026611328,174
12649,RGS11,18.397340774536133,1.5472536087036133,417
12650,RGS12,8.146428108215332,1.3328720331192017,354
12651,RGS13,41.566123962402344,16.6577205657959,174
12652,RGS14,16.516237258911133,0.1170969158411026,393
12653,RGS16,41.58707046508789,16.848651885986328,174
12654,RGS17,40.80463409423828,16.292341232299805,174
12655,RGS18,41.96754455566406,16.45317840576172,174
12656,RGS19,41.60074996948242,16.418729782104492,174
12657,RGS2,41.29976272583008,16.563064575195312,174
12658,RGS20,38.20878601074219,15.043289184570312,171
12659,RGS21,41.40760803222656,16.442726135253906,174
12660,RGS22,3.520352602005005,0.20343242585659027,389
12661,RGS3,11.330926895141602,1.076899766921997,374
12662,RGS4,41.68278121948242,16.71778678894043,174
12663,RGS6,14.754415512084961,1.1633574962615967,416
12664,RGS7,15.323477745056152,1.7122302055358887,417
12665,RGS7BP,13.23092269897461,14.505413055419922,342
12666,RGS8,41.42926788330078,16.87959098815918,174
12667,RGS9,13.301756858825684,0.5291569232940674,415
12668,RGS9BP,21.635318756103516,13.514309883117676,343
12669,RGSL1,8.93727970123291,1.7923424243927002,365
12670,RHAG,-28.3339786529541,-18.216867446899414,50
12671,RHBDD1,19.154890060424805,-18.413719177246094,128
12672,RHBDD2,13.454874992370605,-20.9123477935791,150
12673,RHBDD3,18.681169509887695,-20.039331436157227,140
12674,RHBDF1,30.134132385253906,-21.62720489501953,131
12675,RHBDF2,29.55743980407715,-21.9263973236084,132
12676,RHBDL1,16.618915557861328,-23.25494956970215,162
12677,RHBDL2,13.757946014404297,-23.291587829589844,156
12678,RHBDL3,18.845935821533203,-23.096899032592773,160
12679,RHBG,-28.16127586364746,-18.212369918823242,50
12680,RHCE,-28.229578018188477,-18.230571746826172,50
12681,RHCG,-28.144351959228516,-18.24174690246582,50
12682,RHD,-28.108348846435547,-18.268844604492188,50
12683,RHEB,-12.52222728729248,-45.1014404296875,27
12684,RHEBL1,-10.051424026489258,-44.05170440673828,27
12685,RHEX,13.213233947753906,30.13124656677246,222
12686,RHNO1,8.201988220214844,13.282204627990723,314
12687,RHO,-104.22811126708984,-18.78594970703125,14
12688,RHOA,-13.660232543945312,-44.76218795776367,27
12689,RHOB,-12.52357292175293,-45.011688232421875,27
12690,RHOBTB1,20.81175422668457,4.190087795257568,373
12691,RHOBTB2,22.033994674682617,4.3141279220581055,373
12692,RHOBTB3,28.838788986206055,5.437986850738525,451
12693,RHOC,-12.667470932006836,-45.076568603515625,27
12694,RHOD,-12.545682907104492,-45.007572174072266,27
12695,RHOF,-12.368132591247559,-44.93670654296875,27
12696,RHOG,-13.220414161682129,-45.39268493652344,27
12697,RHOH,-11.038089752197266,-44.795555114746094,27
12698,RHOJ,-12.114738464355469,-44.934356689453125,27
12699,RHOQ,-12.368093490600586,-45.007293701171875,27
12700,RHOT1,36.92087936401367,0.1910015195608139,432
12701,RHOT2,41.35324478149414,-0.09149526059627533,284
12702,RHOU,-11.5192289352417,-44.62128448486328,27
12703,RHOV,-11.47024917602539,-44.67278289794922,27
12704,RHPN1,17.263757705688477,-0.5161206722259521,376
12705,RHPN2,15.716508865356445,-0.6446570754051208,393
12706,RIBC2,-11.960089683532715,-0.07892002910375595,255
12707,RIC1,27.173126220703125,-5.446125507354736,318
12708,RIC3,29.35387420654297,-11.439157485961914,98
12709,RIC8A,31.523950576782227,-1.156274676322937,336
12710,RIC8B,28.999544143676758,-2.0427114963531494,312
12711,RICTOR,11.705253601074219,-4.710341930389404,177
12712,RIDA,66.68199157714844,5.417356491088867,358
12713,RIIAD1,39.26859664916992,11.18996810913086,361
12714,RILP,18.508991241455078,13.657644271850586,346
12715,RILPL1,-5.836217403411865,-1.3439878225326538,257
12716,RILPL2,18.364776611328125,13.451457977294922,346
12717,RIMBP2,1.1486948728561401,0.36205416917800903,389
12718,RIMBP3,-3.754268169403076,2.1994311809539795,300
12719,RIMBP3B,-3.6720898151397705,2.2899630069732666,300
12720,RIMBP3C,-3.484253406524658,2.518568277359009,300
12721,RIMKLA,53.88723373413086,5.355195045471191,441
12722,RIMKLB,55.84587860107422,5.18322229385376,440
12723,RIMS1,3.9178426265716553,-1.1083279848098755,389
12724,RIMS2,4.494265556335449,-1.222258448600769,389
12725,RIMS3,17.323156356811523,-0.500544548034668,376
12726,RIMS4,16.49350357055664,0.07564651221036911,393
12727,RIN1,17.167346954345703,1.6436930894851685,417
12728,RIN2,11.413025856018066,0.3103342354297638,374
12729,RIN3,11.866141319274902,0.7376488447189331,374
12730,RING1,12.676877975463867,7.662932872772217,396
12731,RINL,19.1208438873291,7.480667591094971,372
12732,RINT1,24.24770736694336,-3.080378770828247,317
12733,RIOK1,37.57303237915039,12.299188613891602,371
12734,RIOK2,36.4799919128418,11.504517555236816,371
12735,RIOK3,29.876754760742188,7.555345058441162,450
12736,RIOX1,44.71409606933594,6.460803985595703,436
12737,RIOX2,48.2739372253418,4.147228240966797,423
12738,RIPK1,55.70823287963867,35.745201110839844,69
12739,RIPK2,55.92623519897461,36.11497497558594,69
12740,RIPK3,57.515377044677734,36.58783721923828,69
12741,RIPK4,69.70059967041016,24.55565071105957,81
12742,RIPOR1,6.258699893951416,3.068246364593506,354
12743,RIPOR2,6.969200134277344,1.4915543794631958,354
12744,RIPOR3,11.237496376037598,0.9733594059944153,374
12745,RIPPLY2,19.010082244873047,15.529973983764648,344
12746,RIPPLY3,16.7110652923584,15.90466594696045,340
12747,RIT1,-12.067839622497559,-44.8818359375,27
12748,RIT2,-10.852304458618164,-44.42563247680664,27
12749,RITA1,8.910357475280762,16.107393264770508,329
12750,RLBP1,27.154356002807617,2.502408266067505,309
12751,RLF,-20.162614822387695,8.189214706420898,265
12752,RLN1,89.92578125,-16.157869338989258,107
12753,RLN2,90.07841491699219,-16.208736419677734,107
12754,RLN3,89.19702911376953,-15.889771461486816,107
12755,RMC1,30.682973861694336,-2.799720287322998,303
12756,RMDN1,58.27552032470703,10.0302152633667,327
12757,RMDN2,33.21409606933594,-3.0033066272735596,295
12758,RMDN3,27.458520889282227,-0.43745556473731995,311
12759,RMI1,7.809365272521973,7.340826034545898,388
12760,RMI2,25.94068717956543,11.818899154663086,351
12761,RMND1,56.455753326416016,8.264775276184082,353
12762,RMND5A,30.126720428466797,8.737300872802734,428
12763,RMND5B,32.98564529418945,8.484762191772461,364
12764,RNASE1,85.50297546386719,-13.433501243591309,110
12765,RNASE10,83.3919906616211,-13.17823600769043,110
12766,RNASE11,83.9671859741211,-13.561159133911133,110
12767,RNASE12,85.0086669921875,-13.4315824508667,110
12768,RNASE13,85.05674743652344,-13.512210845947266,110
12769,RNASE2,85.30335998535156,-13.403286933898926,110
12770,RNASE3,85.27044677734375,-13.463665008544922,110
12771,RNASE4,85.30255889892578,-13.431517601013184,110
12772,RNASE6,85.52169036865234,-13.47150993347168,110
12773,RNASE7,84.97578430175781,-13.47513484954834,110
12774,RNASE8,85.37112426757812,-13.53099536895752,110
12775,RNASE9,85.1349105834961,-13.380406379699707,110
12776,RNASEH1,48.137638092041016,8.906716346740723,434
12777,RNASEH2A,42.17523193359375,7.05940055847168,436
12778,RNASEH2B,31.17450714111328,7.703077793121338,450
12779,RNASEH2C,36.15366744995117,10.42198657989502,369
12780,RNASEK,7.539086818695068,-20.328126907348633,139
12781,RNASEL,37.60773468017578,-3.8364343643188477,286
12782,RNASET2,64.20610809326172,-5.321136951446533,212
12783,RND1,-10.880104064941406,-44.42107009887695,27
12784,RND2,-10.993366241455078,-44.383907318115234,27
12785,RND3,-11.233429908752441,-44.56785202026367,27
12786,RNF10,17.68878936767578,8.22593879699707,384
12787,RNF103,54.492454528808594,-5.182661056518555,186
12788,RNF11,21.95686912536621,7.691815376281738,398
12789,RNF111,-8.983940124511719,10.000527381896973,272
12790,RNF112,52.322059631347656,-7.870253086090088,184
12791,RNF113B,15.659577369689941,14.803659439086914,341
12792,RNF114,21.133991241455078,8.755229949951172,398
12793,RNF115,23.12994956970215,8.769298553466797,398
12794,RNF121,18.6345272064209,-19.195398330688477,140
12795,RNF122,21.92131996154785,21.98568344116211,228
12796,RNF123,23.780807495117188,-4.122191905975342,317
12797,RNF125,20.15924644470215,8.443214416503906,398
12798,RNF126,22.893465042114258,8.9815034866333,398
12799,RNF13,52.883262634277344,-6.514224529266357,184
12800,RNF130,52.85116195678711,-8.246381759643555,184
12801,RNF133,49.85725021362305,-4.833459854125977,170
12802,RNF135,-59.8742561340332,4.175373077392578,28
12803,RNF138,21.36530303955078,8.438631057739258,398
12804,RNF139,15.117199897766113,-20.98638153076172,152
12805,RNF14,22.815521240234375,7.4229536056518555,397
12806,RNF141,34.157894134521484,6.864511489868164,364
12807,RNF144A,18.736690521240234,8.851606369018555,383
12808,RNF144B,20.77571678161621,8.720705032348633,398
12809,RNF145,19.051494598388672,-21.67361068725586,160
12810,RNF146,19.505460739135742,6.843291282653809,372
12811,RNF148,51.565914154052734,-4.949710845947266,236
12812,RNF149,53.34868240356445,-7.7401275634765625,184
12813,RNF150,47.33658981323242,-12.12654972076416,182
12814,RNF151,-56.85349655151367,4.13992977142334,28
12815,RNF152,20.656827926635742,18.953176498413086,279
12816,RNF157,11.998787879943848,3.1414852142333984,378
12817,RNF165,-10.121315956115723,10.495182037353516,272
12818,RNF166,20.89312744140625,8.732327461242676,398
12819,RNF167,54.36691665649414,-6.733448028564453,185
12820,RNF168,11.429250717163086,8.03915786743164,396
12821,RNF169,8.421323776245117,9.408194541931152,352
12822,RNF17,30.066320419311523,2.355273485183716,307
12823,RNF170,18.47538185119629,-16.794506072998047,128
12824,RNF175,18.669963836669922,-19.439878463745117,140
12825,RNF180,20.294715881347656,5.63395357131958,372
12826,RNF181,36.56114196777344,11.47764778137207,371
12827,RNF182,20.415990829467773,19.077409744262695,279
12828,RNF183,20.350366592407227,19.334321975708008,279
12829,RNF185,23.77496337890625,9.288314819335938,392
12830,RNF186,21.032976150512695,19.225072860717773,279
12831,RNF187,19.053756713867188,13.744693756103516,346
12832,RNF19A,27.532501220703125,-14.131139755249023,98
12833,RNF19B,27.67061424255371,-14.653826713562012,98
12834,RNF2,20.070960998535156,8.009134292602539,398
12835,RNF20,-7.342139720916748,-3.5573179721832275,256
12836,RNF207,-57.42213821411133,4.152793884277344,28
12837,RNF208,20.18988800048828,16.156713485717773,344
12838,RNF212,12.952228546142578,13.661609649658203,335
12839,RNF212B,21.437469482421875,8.623211860656738,398
12840,RNF214,7.869040012359619,6.2200446128845215,388
12841,RNF215,49.342811584472656,1.719640851020813,423
12842,RNF216,15.497186660766602,5.011673450469971,409
12843,RNF217,25.341312408447266,8.611567497253418,392
12844,RNF220,15.634066581726074,7.587740421295166,359
12845,RNF222,20.651050567626953,18.858524322509766,279
12846,RNF223,20.015850067138672,18.398101806640625,279
12847,RNF224,20.36635398864746,18.29108428955078,279
12848,RNF225,19.029644012451172,17.786165237426758,279
12849,RNF227,18.960206985473633,12.762772560119629,346
12850,RNF24,21.433380126953125,21.840557098388672,228
12851,RNF25,41.35956954956055,5.632676124572754,432
12852,RNF26,18.268285751342773,-19.856555938720703,140
12853,RNF31,40.490257263183594,0.0070675997994840145,285
12854,RNF32,16.065523147583008,10.082212448120117,382
12855,RNF34,17.129634857177734,7.070914268493652,380
12856,RNF38,-9.884515762329102,10.612688064575195,272
12857,RNF39,-57.54874801635742,4.246336936950684,28
12858,RNF4,17.22125816345215,6.946933746337891,380
12859,RNF40,-7.334805488586426,-3.2181732654571533,256
12860,RNF41,27.20754051208496,6.92620849609375,450
12861,RNF43,20.031679153442383,28.55487060546875,230
12862,RNF44,-10.503830909729004,10.503049850463867,272
12863,RNF5,23.929216384887695,11.109908103942871,390
12864,RNF6,15.98730182647705,6.987248420715332,359
12865,RNF7,48.54084014892578,14.709272384643555,322
12866,RNF8,22.146577835083008,7.994775295257568,398
12867,RNFT1,17.322284698486328,-20.50503921508789,140
12868,RNFT2,17.56326675415039,-19.326309204101562,140
12869,RNGTT,25.02242660522461,1.8097002506256104,308
12870,RNH1,91.84178924560547,20.783342361450195,85
12871,RNLS,44.28594970703125,5.087035655975342,436
12872,RNMT,37.78843688964844,8.078916549682617,425
12873,RNPC3,17.244169235229492,7.297353744506836,359
12874,RNPEP,57.43174743652344,-2.313350200653076,270
12875,RNPEPL1,55.07243728637695,-1.8845752477645874,270
12876,RNPS1,-22.757732391357422,4.095239162445068,166
12877,RO60,38.84450149536133,7.371817111968994,426
12878,ROBO1,47.913578033447266,-15.31540298461914,181
12879,ROBO2,48.06245040893555,-15.099318504333496,181
12880,ROBO3,49.978431701660156,-13.925304412841797,182
12881,ROBO4,20.99897003173828,30.388225555419922,230
12882,ROCK1,-7.301832675933838,-4.348462104797363,248
12883,ROCK2,-5.999030590057373,-4.235294818878174,252
12884,ROGDI,30.553665161132812,8.400075912475586,428
12885,ROM1,2.012385845184326,-20.341014862060547,105
12886,ROMO1,68.31366729736328,17.11600112915039,163
12887,ROPN1,36.190982818603516,9.184189796447754,369
12888,ROPN1B,34.851871490478516,9.025945663452148,369
12889,ROPN1L,33.398948669433594,9.431194305419922,364
12890,ROR1,68.45812225341797,32.41545867919922,64
12891,ROR2,68.61162567138672,32.89729309082031,64
12892,RORA,-36.70805358886719,16.291324615478516,73
12893,RORB,-36.82963180541992,16.373661041259766,73
12894,RORC,-37.22456741333008,16.412050247192383,73
12895,ROS1,52.62895584106445,-16.13545036315918,168
12896,RP1,-3.913137674331665,5.9365668296813965,299
12897,RP1L1,1.7528972625732422,11.546616554260254,320
12898,RP9,-15.662395477294922,4.588639259338379,165
12899,RPA1,42.084571838378906,5.427281379699707,432
12900,RPA2,41.44892120361328,7.480721473693848,391
12901,RPA3,46.72030258178711,13.842216491699219,322
12902,RPAIN,35.626102447509766,11.381665229797363,369
12903,RPAP1,30.389137268066406,-2.7527670860290527,303
12904,RPAP3,30.868026733398438,4.188352108001709,444
12905,RPE,55.91831970214844,6.787148475646973,349
12906,RPE65,55.799896240234375,-2.252772569656372,270
12907,RPEL1,53.07798385620117,6.9338765144348145,452
12908,RPF1,40.74333572387695,12.061979293823242,210
12909,RPF2,41.117149353027344,12.82286262512207,210
12910,RPGRIP1,-2.3997230529785156,-0.4613170027732849,250
12911,RPGRIP1L,-3.3811280727386475,-0.3425573408603668,254
12912,RPH3A,10.391666412353516,1.1403981447219849,374
12913,RPH3AL,12.033109664916992,2.1362130641937256,378
12914,RPIA,58.15351867675781,6.642867088317871,349
12915,RPL10A,122.44551086425781,8.852436065673828,20
12916,RPL10L,121.57260131835938,8.896424293518066,20
12917,RPL11,122.12728118896484,8.775623321533203,20
12918,RPL12,122.29873657226562,8.859084129333496,20
12919,RPL13,122.85651397705078,8.939244270324707,20
12920,RPL13A,122.34815979003906,9.185712814331055,20
12921,RPL14,122.40103149414062,8.804861068725586,20
12922,RPL15,122.516357421875,8.813278198242188,20
12923,RPL17,123.04019165039062,9.024657249450684,20
12924,RPL18,122.58302307128906,8.834675788879395,20
12925,RPL18A,122.93746948242188,8.69968032836914,20
12926,RPL19,122.78585815429688,8.573009490966797,20
12927,RPL21,122.27925872802734,8.8549165725708,20
12928,RPL22,121.76677703857422,9.003606796264648,20
12929,RPL22L1,48.4903450012207,14.836346626281738,322
12930,RPL23,122.35259246826172,8.921295166015625,20
12931,RPL23A,122.34245300292969,8.855542182922363,20
12932,RPL24,122.82830047607422,8.852450370788574,20
12933,RPL26,122.8597412109375,9.015205383300781,20
12934,RPL26L1,121.10755920410156,9.139873504638672,20
12935,RPL27,122.80873107910156,8.627747535705566,20
12936,RPL27A,122.49903869628906,8.498260498046875,20
12937,RPL28,122.25833892822266,8.535333633422852,20
12938,RPL29,122.00634765625,8.989646911621094,20
12939,RPL3,122.24989318847656,8.895824432373047,20
12940,RPL30,122.33206939697266,8.8798246383667,20
12941,RPL31,122.26217651367188,8.88591480255127,20
12942,RPL32,122.16374206542969,8.649157524108887,20
12943,RPL34,122.08971405029297,8.699773788452148,20
12944,RPL35,122.64019012451172,8.88181209564209,20
12945,RPL35A,122.82508087158203,8.59231948852539,20
12946,RPL36,122.42462158203125,8.593615531921387,20
12947,RPL36AL,122.36054992675781,8.843009948730469,20
12948,RPL37,122.72290802001953,8.744061470031738,20
12949,RPL37A,122.28319549560547,8.767254829406738,20
12950,RPL38,122.1546401977539,8.893828392028809,20
12951,RPL39L,44.48186111450195,16.07840919494629,173
12952,RPL3L,66.7602767944336,8.58008861541748,356
12953,RPL4,122.19603729248047,8.539145469665527,20
12954,RPL41,122.35331726074219,8.82230281829834,20
12955,RPL5,122.05686950683594,8.662114143371582,20
12956,RPL6,122.0776596069336,8.545918464660645,20
12957,RPL7,122.28797149658203,9.085391998291016,20
12958,RPL7A,122.15931701660156,9.111723899841309,20
12959,RPL7L1,39.768157958984375,13.040886878967285,210
12960,RPL8,122.75873565673828,8.664519309997559,20
12961,RPL9,122.12810516357422,8.993577003479004,20
12962,RPLP0,122.04240417480469,8.797097206115723,20
12963,RPLP1,121.67030334472656,8.773544311523438,20
12964,RPLP2,122.18120574951172,8.77081298828125,20
12965,RPN1,55.59979248046875,-7.115026473999023,185
12966,RPN2,55.0936164855957,-7.254243850708008,185
12967,RPP14,45.16851043701172,8.066899299621582,436
12968,RPP21,29.379253387451172,13.08986759185791,449
12969,RPP25,32.00050735473633,11.836875915527344,455
12970,RPP25L,48.37562561035156,10.795001983642578,434
12971,RPP30,43.9235725402832,8.64991569519043,436
12972,RPP38,35.86527633666992,12.51301383972168,371
12973,RPP40,43.11561584472656,5.898893356323242,436
12974,RPRD1A,29.804655075073242,10.197925567626953,427
12975,RPRD1B,30.108755111694336,10.422499656677246,427
12976,RPRD2,-9.162430763244629,7.283936500549316,272
12977,RPRM,19.513671875,24.14518165588379,228
12978,RPRML,20.614564895629883,23.668195724487305,228
12979,RPS10,122.42022705078125,8.825281143188477,20
12980,RPS11,122.51588439941406,8.83066177368164,20
12981,RPS12,122.32491302490234,9.159414291381836,20
12982,RPS13,122.62228393554688,8.879371643066406,20
12983,RPS14,122.03668975830078,8.627506256103516,20
12984,RPS15,122.71727752685547,8.882372856140137,20
12985,RPS15A,122.61717987060547,8.747640609741211,20
12986,RPS16,122.49826049804688,8.840980529785156,20
12987,RPS17,122.37173461914062,8.854186058044434,20
12988,RPS18,122.57234191894531,8.868402481079102,20
12989,RPS19,122.78582000732422,8.645020484924316,20
12990,RPS19BP1,37.02320098876953,14.110065460205078,371
12991,RPS2,122.39701843261719,9.056443214416504,20
12992,RPS20,122.423828125,9.279136657714844,20
12993,RPS21,121.96546936035156,8.934791564941406,20
12994,RPS23,122.47212982177734,8.834644317626953,20
12995,RPS24,122.62527465820312,8.780674934387207,20
12996,RPS25,122.04145050048828,9.0100679397583,20
12997,RPS26,122.32683563232422,8.837129592895508,20
12998,RPS27,121.56181335449219,8.650629043579102,20
12999,RPS27A,122.2741470336914,8.595609664916992,20
13000,RPS27L,48.52718734741211,15.008968353271484,322
13001,RPS28,122.58340454101562,8.651640892028809,20
13002,RPS29,122.26573944091797,8.466270446777344,20
13003,RPS3,122.22917938232422,8.796880722045898,20
13004,RPS3A,122.0407943725586,8.834247589111328,20
13005,RPS5,122.43336486816406,8.954705238342285,20
13006,RPS6,122.57963562011719,9.007019996643066,20
13007,RPS6KA1,58.599815368652344,37.03872299194336,69
13008,RPS6KA2,58.77766799926758,36.765541076660156,69
13009,RPS6KA4,57.9074592590332,37.14096450805664,69
13010,RPS6KB1,58.19413375854492,36.91065216064453,69
13011,RPS6KB2,56.822322845458984,37.52792739868164,69
13012,RPS6KC1,4.5287065505981445,2.852569341659546,407
13013,RPS6KL1,13.271800994873047,5.349099636077881,381
13014,RPS7,122.1552734375,9.006312370300293,20
13015,RPS8,122.7852554321289,8.915385246276855,20
13016,RPS9,122.59150695800781,8.861276626586914,20
13017,RPSA,122.12591552734375,8.808942794799805,20
13018,RPTN,2.0363664627075195,18.363584518432617,275
13019,RPTOR,15.351296424865723,-2.4571619033813477,375
13020,RPUSD1,50.597843170166016,7.562816619873047,431
13021,RPUSD2,46.18089294433594,7.725214958190918,436
13022,RPUSD3,50.94862747192383,8.240365028381348,431
13023,RPUSD4,51.33735656738281,8.249738693237305,431
13024,RRAD,-9.398366928100586,-43.70975112915039,27
13025,RRAGA,-11.302838325500488,-44.50503921508789,27
13026,RRAGC,35.20008087158203,7.776827812194824,369
13027,RRAGD,36.2591552734375,7.319290637969971,360
13028,RRAS,-11.731987953186035,-44.7733154296875,27
13029,RRAS2,-11.319329261779785,-44.58767318725586,27
13030,RRBP1,-13.32336139678955,-3.1512300968170166,259
13031,RREB1,-29.19342613220215,10.651926040649414,144
13032,RRH,-104.44155883789062,-18.707534790039062,14
13033,RRM1,45.37669372558594,4.958836555480957,436
13034,RRM2,44.05098342895508,6.157110214233398,436
13035,RRM2B,29.52712059020996,4.357239723205566,444
13036,RRN3,27.928428649902344,-1.3780945539474487,311
13037,RRP1,41.35724639892578,11.90259838104248,210
13038,RRP12,28.339557647705078,-2.1575512886047363,311
13039,RRP15,37.96784210205078,12.718915939331055,371
13040,RRP1B,36.254913330078125,11.721305847167969,371
13041,RRP36,33.34052658081055,13.120457649230957,367
13042,RRP7A,43.14512252807617,11.004521369934082,347
13043,RRP8,37.74969482421875,10.33641529083252,370
13044,RRP9,51.17081832885742,22.49612808227539,70
13045,RRS1,38.41275405883789,12.957334518432617,371
13046,RSAD1,48.166709899902344,4.144426345825195,423
13047,RSAD2,48.89560317993164,4.592620372772217,423
13048,RSBN1,13.132084846496582,9.19048023223877,379
13049,RSBN1L,8.544116973876953,8.0357084274292,388
13050,RSC1A1,3.3077704906463623,14.331387519836426,289
13051,RSF1,-0.8566028475761414,6.364638805389404,298
13052,RSKR,57.69831085205078,37.01325607299805,69
13053,RSL1D1,36.94071960449219,12.762763977050781,371
13054,RSL24D1,45.641761779785156,14.596840858459473,321
13055,RSPH1,32.69873046875,0.3407171666622162,337
13056,RSPH10B,29.685041427612305,-0.25251197814941406,306
13057,RSPH10B2,30.769834518432617,0.04797162860631943,306
13058,RSPH14,27.00490379333496,-3.387993574142456,315
13059,RSPH3,-6.767497539520264,1.2503957748413086,245
13060,RSPH4A,-1.2631418704986572,0.8702868223190308,250
13061,RSPH6A,0.5363142490386963,2.446777582168579,399
13062,RSPH9,30.718008041381836,7.42467737197876,450
13063,RSPO1,70.6722183227539,-15.861479759216309,215
13064,RSPO2,70.88356018066406,-15.947498321533203,215
13065,RSPO3,70.57186126708984,-15.907815933227539,215
13066,RSPO4,69.02276611328125,-15.910236358642578,198
13067,RSPRY1,29.243797302246094,4.681849956512451,444
13068,RSRC1,-20.76824951171875,4.384573936462402,166
13069,RSRC2,-20.682109832763672,4.5576066970825195,166
13070,RSRP1,-23.80413246154785,4.151289463043213,166
13071,RSU1,91.37389373779297,20.934202194213867,85
13072,RTBDN,75.07432556152344,-14.249568939208984,219
13073,RTCA,51.857177734375,4.155208587646484,439
13074,RTCB,63.51850128173828,5.358952522277832,355
13075,RTEL1,38.13030242919922,1.2033838033676147,432
13076,RTF1,23.860994338989258,11.397536277770996,390
13077,RTF2,27.917110443115234,10.500732421875,427
13078,RTKN,16.256702423095703,0.656112015247345,416
13079,RTKN2,13.988678932189941,3.077559471130371,366
13080,RTL1,7.517638683319092,11.249798774719238,330
13081,RTL10,11.857831001281738,15.589363098144531,342
13082,RTL6,19.127532958984375,10.844963073730469,384
13083,RTN1,1.1130799055099487,6.171253681182861,411
13084,RTN2,9.967095375061035,7.011520862579346,395
13085,RTN3,-1.3320635557174683,6.67132043838501,298
13086,RTN4,-1.162008285522461,6.180558681488037,298
13087,RTN4IP1,55.78864288330078,6.111283779144287,349
13088,RTN4R,95.20962524414062,19.653223037719727,84
13089,RTN4RL1,96.12205505371094,19.51803970336914,84
13090,RTN4RL2,95.08141326904297,19.91063690185547,84
13091,RTP1,18.701568603515625,-15.019316673278809,128
13092,RTP2,18.9586181640625,-14.868127822875977,128
13093,RTP3,19.053192138671875,-15.032373428344727,128
13094,RTP4,18.857728958129883,-14.57343864440918,128
13095,RTP5,5.0976104736328125,16.158079147338867,332
13096,RTRAF,34.72502899169922,10.374433517456055,369
13097,RTTN,19.63222312927246,-7.441561222076416,278
13098,RUBCN,16.170944213867188,3.9236819744110107,409
13099,RUBCNL,17.316831588745117,5.913211345672607,380
13100,RUFY1,-5.909294128417969,-2.9977803230285645,256
13101,RUFY2,-6.397233486175537,-3.328819990158081,256
13102,RUFY3,-4.923127174377441,-2.9485092163085938,252
13103,RUFY4,10.853882789611816,5.185147762298584,381
13104,RUNDC1,20.088451385498047,10.746589660644531,345
13105,RUNDC3A,10.151739120483398,1.254830241203308,374
13106,RUNDC3B,9.662422180175781,0.7767789363861084,374
13107,RUNX1,-17.182687759399414,15.306961059570312,190
13108,RUNX1T1,-8.374526977539062,10.950180053710938,272
13109,RUNX2,-17.05497932434082,15.260972023010254,190
13110,RUNX3,-17.35877799987793,15.855964660644531,190
13111,RUSC1,8.739550590515137,6.03378438949585,387
13112,RUSC2,5.156744480133057,6.12534761428833,401
13113,RUVBL1,41.72771072387695,5.242259502410889,432
13114,RUVBL2,42.36666488647461,4.801146984100342,432
13115,RWDD1,31.512712478637695,13.078383445739746,448
13116,RWDD2A,44.86391830444336,6.218392848968506,436
13117,RWDD2B,45.427978515625,6.516605377197266,436
13118,RWDD3,43.79829025268555,9.034065246582031,436
13119,RWDD4,32.102630615234375,10.27997875213623,445
13120,RXFP1,55.86298751831055,-19.921192169189453,167
13121,RXFP2,55.865478515625,-20.02438735961914,167
13122,RXFP3,-105.06947326660156,-19.345693588256836,14
13123,RXFP4,-106.05521392822266,-19.42449188232422,14
13124,RXRA,-36.60469055175781,16.7125244140625,73
13125,RXRB,18.784006118774414,8.525467872619629,383
13126,RXRG,-36.60706329345703,16.49159049987793,73
13127,RXYLT1,72.6484146118164,-5.155541896820068,205
13128,RYBP,6.162328243255615,10.818882942199707,330
13129,RYK,66.75113677978516,33.13508224487305,65
13130,S100A1,18.61220932006836,-58.95409393310547,23
13131,S100A10,19.177427291870117,-58.89984893798828,23
13132,S100A11,18.91585922241211,-58.88926696777344,23
13133,S100A12,19.34339141845703,-58.791786193847656,23
13134,S100A13,19.008522033691406,-58.71210861206055,23
13135,S100A14,19.395462036132812,-59.28775405883789,23
13136,S100A16,18.764760971069336,-59.17140197753906,23
13137,S100A2,18.700321197509766,-59.4158821105957,23
13138,S100A3,19.273120880126953,-58.886131286621094,23
13139,S100A4,19.33918571472168,-59.252716064453125,23
13140,S100A5,18.55973243713379,-59.17272186279297,23
13141,S100A6,18.877424240112305,-59.50785446166992,23
13142,S100A7,18.62649917602539,-59.195335388183594,23
13143,S100A7A,18.889780044555664,-58.94153594970703,23
13144,S100A8,18.783437728881836,-59.511627197265625,23
13145,S100A9,19.098861694335938,-59.44339370727539,23
13146,S100B,18.915359497070312,-59.07180404663086,23
13147,S100P,19.212902069091797,-59.219581604003906,23
13148,S100PBP,6.818924427032471,7.866402626037598,404
13149,S100Z,18.53752326965332,-58.90827941894531,23
13150,S1PR1,-106.56935119628906,-18.626483917236328,14
13151,S1PR2,-105.48625183105469,-18.891752243041992,14
13152,S1PR3,-106.14002227783203,-18.59442710876465,14
13153,S1PR4,-105.84219360351562,-19.235624313354492,14
13154,S1PR5,-106.24909973144531,-19.385225296020508,14
13155,SAA1,72.96855926513672,-11.923879623413086,218
13156,SAA2,72.73876953125,-11.822243690490723,218
13157,SAA4,72.7777099609375,-12.22506332397461,218
13158,SAAL1,28.67564582824707,-3.27412486076355,312
13159,SAC3D1,24.917190551757812,12.571223258972168,351
13160,SACM1L,30.366025924682617,0.9935503005981445,306
13161,SAE1,42.197776794433594,5.551633358001709,432
13162,SAFB,-17.02018165588379,4.900905132293701,165
13163,SAFB2,-17.40293312072754,4.980361461639404,165
13164,SAG,37.500099182128906,4.025993824005127,430
13165,SALL1,-29.76044273376465,10.83493709564209,144
13166,SALL2,-30.5262393951416,11.14177131652832,144
13167,SALL3,-29.5360164642334,10.893080711364746,144
13168,SALL4,-29.595203399658203,10.68559741973877,144
13169,SAMD1,7.430751323699951,13.309077262878418,314
13170,SAMD10,23.763368606567383,8.8242826461792,392
13171,SAMD11,-18.007047653198242,19.768766403198242,191
13172,SAMD12,26.261486053466797,8.297063827514648,450
13173,SAMD13,28.89436149597168,8.052414894104004,450
13174,SAMD14,12.0106201171875,9.555707931518555,379
13175,SAMD15,3.8254811763763428,16.437541961669922,275
13176,SAMD3,19.64310646057129,5.895928382873535,372
13177,SAMD4A,-3.8973679542541504,9.288721084594727,192
13178,SAMD4B,6.475345134735107,4.20684289932251,363
13179,SAMD5,23.524932861328125,7.128656387329102,397
13180,SAMD7,-15.36819839477539,18.266645431518555,191
13181,SAMD8,15.000053405761719,-23.589723587036133,159
13182,SAMD9,39.74284362792969,-2.901338577270508,286
13183,SAMD9L,39.54024887084961,-3.1846799850463867,286
13184,SAMHD1,49.60442352294922,1.026023268699646,296
13185,SAMM50,57.58311080932617,7.73536491394043,349
13186,SAMSN1,9.879231452941895,4.602719783782959,386
13187,SAP130,-14.937255859375,10.469892501831055,273
13188,SAP18,44.923580169677734,13.339432716369629,321
13189,SAP25,11.333802223205566,17.237308502197266,329
13190,SAP30,20.898773193359375,10.076945304870605,385
13191,SAP30BP,27.18096160888672,12.359695434570312,442
13192,SAP30L,21.27486801147461,9.984865188598633,385
13193,SAPCD1,15.018665313720703,18.971872329711914,323
13194,SAPCD2,8.975454330444336,11.708779335021973,330
13195,SAR1A,-11.325556755065918,-44.53705978393555,27
13196,SAR1B,-11.127753257751465,-44.438358306884766,27
13197,SARAF,46.69251251220703,-4.270357608795166,169
13198,SARDH,62.473411560058594,3.1672768592834473,358
13199,SARM1,20.834335327148438,0.6974877715110779,350
13200,SARNP,27.815080642700195,10.52546215057373,427
13201,SARS2,48.91243362426758,3.430445432662964,423
13202,SART1,26.956586837768555,11.605255126953125,442
13203,SART3,33.423667907714844,-4.306816101074219,295
13204,SASH1,5.469603061676025,2.2708916664123535,354
13205,SASS6,-8.437173843383789,-1.7294374704360962,257
13206,SAT2,57.53996658325195,5.97761344909668,349
13207,SATB1,-14.765380859375,12.473576545715332,273
13208,SATB2,-14.9404878616333,12.426188468933105,273
13209,SAV1,16.370149612426758,7.43988561630249,359
13210,SAXO1,2.1052091121673584,18.736526489257812,275
13211,SAXO2,2.5239362716674805,18.634395599365234,275
13212,SAYSD1,22.812105178833008,16.711612701416016,280
13213,SBDS,38.7322883605957,9.98495864868164,361
13214,SBF1,17.27830696105957,-7.827447414398193,278
13215,SBF2,13.10546588897705,-6.442286968231201,277
13216,SBK1,55.839900970458984,37.600494384765625,69
13217,SBK2,56.473968505859375,37.26636505126953,69
13218,SBK3,29.93962287902832,7.941359043121338,450
13219,SBNO1,21.008968353271484,2.1895127296447754,400
13220,SBNO2,36.39901351928711,0.147453173995018,432
13221,SBSN,2.1474854946136475,18.541160583496094,275
13222,SBSPON,69.1715087890625,-14.801671028137207,198
13223,SC5D,11.167268753051758,-24.964801788330078,146
13224,SCAF1,-9.950149536132812,7.359506130218506,272
13225,SCAF11,-12.01032543182373,5.500833034515381,272
13226,SCAF4,-14.145556449890137,7.731085777282715,261
13227,SCAF8,-14.203593254089355,7.150028228759766,261
13228,SCAI,24.08608055114746,-2.0110695362091064,317
13229,SCAMP1,12.318848609924316,-20.296911239624023,149
13230,SCAMP2,13.104839324951172,-20.216690063476562,149
13231,SCAMP3,12.541376113891602,-20.205364227294922,149
13232,SCAMP4,11.642518997192383,-21.219444274902344,150
13233,SCAMP5,12.337209701538086,-21.413124084472656,150
13234,SCAND1,-70.72442626953125,-26.185842514038086,31
13235,SCAP,35.91722106933594,-22.152076721191406,116
13236,SCAPER,0.7161569595336914,2.8424673080444336,399
13237,SCARA3,91.76126098632812,-11.483115196228027,93
13238,SCARA5,90.90733337402344,-11.3660306930542,93
13239,SCARB1,52.78403854370117,-9.3843994140625,184
13240,SCARB2,53.693965911865234,-8.440852165222168,184
13241,SCARF1,62.497249603271484,-16.894594192504883,197
13242,SCARF2,62.51149368286133,-16.882816314697266,197
13243,SCCPDH,65.56400299072266,1.5885062217712402,244
13244,SCD,10.784869194030762,-25.166475296020508,146
13245,SCD5,10.681031227111816,-25.092632293701172,146
13246,SCEL,6.204723358154297,5.007275104522705,363
13247,SCFD1,35.72692108154297,1.047491192817688,432
13248,SCFD2,35.01261520385742,1.4381572008132935,337
13249,SCG2,90.57310485839844,-16.433500289916992,107
13250,SCG3,88.1042709350586,-16.125221252441406,107
13251,SCG5,90.68190002441406,-16.39162254333496,107
13252,SCGB1A1,30.478437423706055,25.158401489257812,96
13253,SCGB1C1,29.90121841430664,24.905147552490234,96
13254,SCGB1C2,30.31557273864746,25.035438537597656,96
13255,SCGB1D1,30.77625846862793,25.12247657775879,96
13256,SCGB1D2,30.647003173828125,25.177711486816406,96
13257,SCGB1D4,31.291173934936523,25.199153900146484,96
13258,SCGB2A1,30.565364837646484,25.09964942932129,96
13259,SCGB2A2,29.97780990600586,25.02936553955078,96
13260,SCGB2B2,32.1330451965332,25.53584861755371,96
13261,SCGB3A1,29.89375877380371,25.006166458129883,96
13262,SCGB3A2,30.176132202148438,25.083040237426758,96
13263,SCGN,-41.580806732177734,-7.291593551635742,44
13264,SCHIP1,7.620645046234131,8.028759002685547,388
13265,SCIMP,13.073583602905273,30.76484489440918,222
13266,SCIN,24.297714233398438,-0.22867104411125183,305
13267,SCLT1,-14.605152130126953,-3.7060210704803467,259
13268,SCLY,60.13316345214844,5.640928745269775,349
13269,SCMH1,14.162731170654297,5.4585700035095215,381
13270,SCML4,17.834877014160156,4.351375102996826,380
13271,SCN10A,40.46799850463867,-21.821619033813477,99
13272,SCN11A,40.265316009521484,-21.874622344970703,99
13273,SCN1A,40.70000457763672,-21.818273544311523,99
13274,SCN1B,18.548431396484375,29.953760147094727,230
13275,SCN2A,40.419620513916016,-21.87186622619629,99
13276,SCN2B,18.74327850341797,29.90614128112793,230
13277,SCN3A,40.72077941894531,-22.032894134521484,99
13278,SCN3B,19.171218872070312,28.99810218811035,230
13279,SCN4A,41.119998931884766,-21.631145477294922,99
13280,SCN4B,18.723684310913086,29.99017333984375,230
13281,SCN5A,40.65830993652344,-21.93241310119629,99
13282,SCN7A,40.49551010131836,-21.91655921936035,99
13283,SCN8A,40.60752487182617,-21.966764450073242,99
13284,SCN9A,40.78284454345703,-21.762296676635742,99
13285,SCNM1,27.39965057373047,12.089792251586914,442
13286,SCNN1A,51.72208023071289,-10.080668449401855,183
13287,SCNN1B,51.6353645324707,-10.123722076416016,183
13288,SCNN1D,51.805999755859375,-9.305342674255371,183
13289,SCNN1G,51.43230438232422,-10.126482963562012,183
13290,SCO1,58.733280181884766,11.08044719696045,328
13291,SCO2,58.015472412109375,11.25743579864502,327
13292,SCOC,31.527143478393555,12.26181697845459,455
13293,SCP2,69.10663604736328,5.715324401855469,356
13294,SCP2D1,47.237064361572266,8.938444137573242,436
13295,SCPEP1,63.01687240600586,-5.264563083648682,212
13296,SCRG1,33.444854736328125,25.112972259521484,97
13297,SCRIB,18.88513946533203,-1.6123842000961304,376
13298,SCRN1,49.062191009521484,3.296393871307373,423
13299,SCRN2,56.34514617919922,3.6298441886901855,292
13300,SCRN3,52.50312805175781,3.1711206436157227,302
13301,SCRT1,-29.015947341918945,14.479673385620117,143
13302,SCRT2,-29.558387756347656,14.252314567565918,143
13303,SCT,90.77898406982422,-16.27202606201172,107
13304,SCTR,33.8325309753418,-23.345853805541992,117
13305,SCUBE1,63.78081512451172,-16.779680252075195,197
13306,SCUBE2,64.7960433959961,-16.42249870300293,197
13307,SCUBE3,63.32602310180664,-16.664525985717773,197
13308,SCX,-9.136834144592285,18.801210403442383,241
13309,SCYGR1,-131.1324462890625,-17.597827911376953,6
13310,SCYGR2,-130.54833984375,-17.26830291748047,6
13311,SCYGR3,-130.8535614013672,-18.03023338317871,6
13312,SCYGR4,-131.15780639648438,-17.571487426757812,6
13313,SCYGR5,-130.51307678222656,-17.91476821899414,6
13314,SCYGR6,-130.3247528076172,-17.592483520507812,6
13315,SCYGR7,-130.66046142578125,-17.635820388793945,6
13316,SCYGR8,-130.72378540039062,-17.610689163208008,6
13317,SCYL1,17.322772979736328,3.175598382949829,408
13318,SCYL2,12.488863945007324,3.7049872875213623,381
13319,SCYL3,22.822736740112305,0.061604246497154236,305
13320,SDAD1,37.10111999511719,12.329625129699707,371
13321,SDC1,11.263178825378418,25.782739639282227,147
13322,SDC2,15.741914749145508,26.029356002807617,224
13323,SDC3,9.693347930908203,25.853443145751953,147
13324,SDC4,15.430110931396484,25.944995880126953,224
13325,SDCBP,21.888118743896484,3.7567999362945557,373
13326,SDCBP2,20.727582931518555,3.555246353149414,373
13327,SDCCAG8,-13.624555587768555,-3.381618022918701,259
13328,SDE2,22.830097198486328,11.016132354736328,385
13329,SDF2,62.08290100097656,-7.8652143478393555,212
13330,SDF2L1,60.74930191040039,-7.7874369621276855,212
13331,SDF4,57.16114044189453,-7.943215370178223,185
13332,SDHA,69.34300994873047,5.785467624664307,356
13333,SDHAF1,48.19823455810547,12.19868278503418,304
13334,SDHAF2,59.8791618347168,13.167654991149902,287
13335,SDHAF3,58.63176345825195,15.760540008544922,282
13336,SDHAF4,58.75387191772461,12.160565376281738,328
13337,SDHB,64.3416976928711,11.695557594299316,163
13338,SDHC,62.164485931396484,12.193392753601074,163
13339,SDHD,62.951194763183594,12.319048881530762,163
13340,SDK1,48.467445373535156,-15.677945137023926,181
13341,SDK2,48.41385269165039,-15.496264457702637,181
13342,SDR16C5,66.07437896728516,1.187056303024292,244
13343,SDR39U1,56.685977935791016,6.261387348175049,349
13344,SDR42E1,65.09801483154297,-0.5246394276618958,244
13345,SDR42E2,61.38928985595703,2.1721689701080322,349
13346,SDR9C7,66.05917358398438,1.4308419227600098,244
13347,SDS,63.18355178833008,5.080256938934326,355
13348,SDSL,60.865108489990234,5.05031681060791,349
13349,SEBOX,-18.83478355407715,20.589080810546875,194
13350,SEC11A,47.41371536254883,10.496726989746094,304
13351,SEC11C,47.42574691772461,10.082520484924316,422
13352,SEC13,52.302921295166016,23.65665626525879,70
13353,SEC14L1,18.709239959716797,1.3455848693847656,417
13354,SEC14L2,22.21233367919922,0.6423507928848267,350
13355,SEC14L3,23.246641159057617,0.6990926265716553,301
13356,SEC14L4,23.03001594543457,0.7137455940246582,301
13357,SEC14L5,20.241682052612305,1.3758958578109741,400
13358,SEC14L6,22.636798858642578,0.867175817489624,301
13359,SEC16A,-8.729965209960938,8.896844863891602,272
13360,SEC16B,-9.051542282104492,8.866422653198242,272
13361,SEC22A,18.614728927612305,-21.783662796020508,160
13362,SEC22B,37.921424865722656,14.552334785461426,371
13363,SEC22C,17.422771453857422,-21.395660400390625,140
13364,SEC23A,32.51828384399414,-0.2692701518535614,336
13365,SEC23B,31.591367721557617,-0.6291412711143494,336
13366,SEC23IP,-9.879383087158203,9.44629955291748,272
13367,SEC24A,-9.714838981628418,9.35960865020752,272
13368,SEC24B,-9.610843658447266,9.455686569213867,272
13369,SEC24C,-11.168190956115723,9.718871116638184,272
13370,SEC24D,-9.625211715698242,9.532008171081543,272
13371,SEC31A,-7.688217639923096,8.033256530761719,272
13372,SEC31B,48.15816116333008,21.434812545776367,70
13373,SEC61A1,22.842470169067383,-23.90827751159668,129
13374,SEC61A2,22.537090301513672,-25.1989803314209,148
13375,SEC61B,43.6519889831543,16.697771072387695,173
13376,SEC61G,7.96681022644043,-19.080289840698242,139
13377,SEC62,33.09409713745117,11.923738479614258,445
13378,SEC63,34.13743591308594,10.696282386779785,369
13379,SECISBP2,2.086042881011963,7.669135570526123,412
13380,SECISBP2L,-4.112449645996094,8.314745903015137,271
13381,SECTM1,14.816147804260254,32.47983932495117,223
13382,SEH1L,50.691959381103516,22.935108184814453,70
13383,SEL1L,38.98337173461914,-5.029361724853516,286
13384,SEL1L2,36.122920989990234,-5.727917194366455,295
13385,SEL1L3,35.32002639770508,-5.115123748779297,295
13386,SELE,29.332979202270508,34.63400650024414,63
13387,SELENBP1,62.50156021118164,0.5917842984199524,244
13388,SELENOF,56.7922477722168,-6.240669250488281,185
13389,SELENOH,48.66444778442383,12.330864906311035,243
13390,SELENOI,16.408483505249023,-23.627674102783203,159
13391,SELENOK,32.036808013916016,17.651039123535156,326
13392,SELENOM,56.4105224609375,-6.625532627105713,185
13393,SELENON,63.464237213134766,-5.895562648773193,212
13394,SELENOO,55.1606559753418,-0.40776124596595764,291
13395,SELENOP,70.59375762939453,-11.885787010192871,218
13396,SELENOS,29.53799057006836,13.49915599822998,449
13397,SELENOT,12.847982406616211,-20.120464324951172,149
13398,SELENOV,3.5849478244781494,16.21876335144043,275
13399,SELENOW,49.35054016113281,12.698659896850586,243
13400,SELL,-19.238584518432617,-30.034679412841797,45
13401,SELP,29.866426467895508,34.87267303466797,63
13402,SELPLG,8.635001182556152,25.422529220581055,147
13403,SEM1,30.135650634765625,13.996222496032715,449
13404,SEMA3A,57.63554763793945,-13.093084335327148,187
13405,SEMA3B,56.84735870361328,-12.253291130065918,187
13406,SEMA3C,58.59730911254883,-12.89273738861084,187
13407,SEMA3D,59.99955368041992,-13.137407302856445,197
13408,SEMA3E,58.80975341796875,-12.982828140258789,187
13409,SEMA3F,56.67734146118164,-12.62465763092041,187
13410,SEMA3G,56.23446273803711,-12.371232032775879,187
13411,SEMA4A,57.4913330078125,-12.328534126281738,187
13412,SEMA4B,56.42530822753906,-12.33523941040039,187
13413,SEMA4C,56.7374267578125,-12.3991060256958,187
13414,SEMA4D,56.62055587768555,-12.168814659118652,187
13415,SEMA4F,56.268524169921875,-12.201842308044434,187
13416,SEMA4G,56.784427642822266,-12.434757232666016,187
13417,SEMA5A,60.5118293762207,-15.687926292419434,197
13418,SEMA5B,60.27067565917969,-15.610882759094238,197
13419,SEMA6A,53.3197021484375,-13.233895301818848,179
13420,SEMA6B,57.734596252441406,-12.664800643920898,187
13421,SEMA6C,56.54412841796875,-12.5625,187
13422,SEMA6D,52.35795211791992,-13.027099609375,179
13423,SEMA7A,56.78776168823242,-12.372493743896484,187
13424,SEMG1,2.4060637950897217,18.361846923828125,275
13425,SEMG2,2.350266933441162,18.418867111206055,275
13426,SENP1,8.866524696350098,6.61184549331665,387
13427,SENP2,12.281465530395508,6.025384902954102,381
13428,SENP3,10.471351623535156,7.294488906860352,395
13429,SENP5,4.518087863922119,6.5419816970825195,401
13430,SENP6,8.679888725280762,6.212728023529053,387
13431,SENP7,4.443045616149902,6.605567455291748,401
13432,SENP8,44.9929084777832,6.244515895843506,436
13433,SEPHS1,62.23729705810547,5.294407844543457,355
13434,SEPHS2,63.06669235229492,5.423774719238281,355
13435,SEPSECS,60.324825286865234,2.9543673992156982,349
13436,SEPTIN1,-9.997081756591797,-40.76628494262695,30
13437,SEPTIN10,-9.80749797821045,-40.368526458740234,30
13438,SEPTIN11,-9.88558578491211,-40.45873260498047,30
13439,SEPTIN12,-9.989537239074707,-40.782752990722656,30
13440,SEPTIN14,-9.959000587463379,-40.57185745239258,30
13441,SEPTIN2,-9.402429580688477,-40.23023223876953,30
13442,SEPTIN3,-9.977921485900879,-40.606048583984375,30
13443,SEPTIN4,-9.917059898376465,-40.679588317871094,30
13444,SEPTIN5,-10.058656692504883,-40.71830749511719,30
13445,SEPTIN7,-9.826842308044434,-40.37422561645508,30
13446,SEPTIN8,-9.907588005065918,-40.34956741333008,30
13447,SEPTIN9,-10.088850021362305,-40.47489929199219,30
13448,SERAC1,39.70730972290039,3.0339691638946533,432
13449,SERBP1,-19.56935691833496,7.268146991729736,265
13450,SERF1A,13.910444259643555,20.190074920654297,325
13451,SERF1B,13.954263687133789,20.183753967285156,325
13452,SERF2,43.95009994506836,16.634855270385742,173
13453,SERGEF,47.81417465209961,3.3584728240966797,423
13454,SERHL2,57.27967071533203,4.17227840423584,349
13455,SERINC1,12.286900520324707,-21.540706634521484,150
13456,SERINC2,12.681317329406738,-22.18795394897461,150
13457,SERINC3,12.469697952270508,-21.922386169433594,150
13458,SERINC4,15.93643856048584,-23.399810791015625,159
13459,SERINC5,13.523968696594238,-22.332307815551758,156
13460,SERP1,43.498844146728516,16.82123565673828,173
13461,SERP2,40.38527297973633,17.634422302246094,175
13462,SERPINA1,73.19157409667969,-41.475379943847656,55
13463,SERPINA10,72.83417510986328,-41.027732849121094,55
13464,SERPINA11,73.69426727294922,-41.0547981262207,55
13465,SERPINA12,73.45731353759766,-41.3070182800293,55
13466,SERPINA3,73.51384735107422,-41.396297454833984,55
13467,SERPINA4,72.91683959960938,-41.20186996459961,55
13468,SERPINA5,73.27690124511719,-41.441490173339844,55
13469,SERPINA6,73.65174102783203,-41.42158889770508,55
13470,SERPINA9,73.78353118896484,-41.45199203491211,55
13471,SERPINB1,73.86636352539062,-41.949745178222656,55
13472,SERPINB10,73.67071533203125,-42.000465393066406,55
13473,SERPINB11,74.00296020507812,-41.68656539916992,55
13474,SERPINB12,73.8989028930664,-41.64176559448242,55
13475,SERPINB13,74.00619506835938,-41.955780029296875,55
13476,SERPINB2,73.65277099609375,-41.41432571411133,55
13477,SERPINB3,73.47482299804688,-41.58370590209961,55
13478,SERPINB4,73.97559356689453,-41.69706344604492,55
13479,SERPINB5,74.4230728149414,-41.887474060058594,55
13480,SERPINB6,73.578857421875,-41.67195129394531,55
13481,SERPINB7,74.3302230834961,-41.8489875793457,55
13482,SERPINB8,74.00424194335938,-41.70306396484375,55
13483,SERPINB9,73.93939208984375,-41.653953552246094,55
13484,SERPINC1,73.57648468017578,-40.96479034423828,55
13485,SERPIND1,73.20655822753906,-41.139434814453125,55
13486,SERPINE1,73.55447387695312,-41.056617736816406,55
13487,SERPINE2,73.04998779296875,-40.8535270690918,55
13488,SERPINE3,73.32920837402344,-40.77497482299805,55
13489,SERPINF1,73.57144165039062,-41.090492248535156,55
13490,SERPINF2,73.65083312988281,-41.30316925048828,55
13491,SERPING1,73.21166229248047,-41.10255813598633,55
13492,SERPINH1,73.26170349121094,-41.12727737426758,55
13493,SERPINI1,73.52429962158203,-41.49831771850586,55
13494,SERPINI2,72.96222686767578,-41.513031005859375,55
13495,SERTAD1,1.3556182384490967,14.798118591308594,281
13496,SERTAD2,-3.431424617767334,14.123693466186523,145
13497,SERTAD3,1.3035411834716797,15.242711067199707,281
13498,SERTAD4,-7.468823432922363,16.334590911865234,237
13499,SERTM1,20.894155502319336,22.918020248413086,228
13500,SESN1,27.775785446166992,1.8140909671783447,309
13501,SESN2,27.381250381469727,1.768181324005127,309
13502,SESN3,27.137483596801758,1.7926877737045288,309
13503,SESTD1,26.064231872558594,2.0143344402313232,308
13504,SET,29.813453674316406,15.889467239379883,268
13505,SETBP1,-10.517909049987793,7.053446292877197,272
13506,SETD1A,-9.303851127624512,7.270864963531494,272
13507,SETD1B,-9.341878890991211,7.413730144500732,272
13508,SETD2,-9.031588554382324,5.253419876098633,272
13509,SETD3,41.17922592163086,3.712345838546753,432
13510,SETD4,39.529537200927734,4.643768310546875,432
13511,SETD5,-10.540250778198242,7.368521690368652,272
13512,SETD6,40.06304931640625,4.474687576293945,432
13513,SETD7,34.89136505126953,2.124483108520508,437
13514,SETD9,47.60490036010742,6.162083625793457,419
13515,SETDB1,11.11428165435791,6.706614017486572,395
13516,SETDB2,12.538329124450684,5.558604717254639,381
13517,SETMAR,11.754706382751465,11.477494239807129,335
13518,SETSIP,29.871374130249023,15.594717025756836,268
13519,SETX,-1.000197410583496,5.652069091796875,298
13520,SEZ6,56.07844543457031,-13.801291465759277,187
13521,SEZ6L,53.34905242919922,-13.63731861114502,179
13522,SEZ6L2,55.79155731201172,-13.574442863464355,187
13523,SF1,-15.667370796203613,7.630865573883057,262
13524,SF3A1,-11.590643882751465,6.612738609313965,272
13525,SF3A2,-15.257448196411133,7.353508472442627,262
13526,SF3A3,35.76804733276367,9.884714126586914,369
13527,SF3B1,26.751338958740234,-0.3078112006187439,311
13528,SF3B2,-8.470305442810059,6.82604455947876,272
13529,SF3B3,33.361595153808594,-2.425321578979492,294
13530,SF3B4,-15.944507598876953,7.7241692543029785,262
13531,SF3B5,47.440467834472656,14.368355751037598,322
13532,SF3B6,45.25196075439453,14.281109809875488,321
13533,SFI1,-4.581235885620117,-1.448204517364502,254
13534,SFMBT1,14.517152786254883,5.7087297439575195,381
13535,SFMBT2,14.082636833190918,5.672184467315674,381
13536,SFN,50.24504470825195,15.436149597167969,247
13537,SFPQ,-19.69987678527832,7.630978584289551,265
13538,SFR1,9.952322006225586,8.730982780456543,352
13539,SFRP1,71.12018585205078,-13.820871353149414,215
13540,SFRP2,71.35115814208984,-13.71477222442627,218
13541,SFRP4,72.12220764160156,-14.186553001403809,215
13542,SFRP5,70.68775939941406,-13.165823936462402,218
13543,SFSWAP,-15.34250259399414,5.616807460784912,165
13544,SFT2D1,8.132486343383789,-20.877161026000977,139
13545,SFT2D2,8.786866188049316,-20.98647117614746,139
13546,SFT2D3,16.309486389160156,-20.300609588623047,153
13547,SFTA2,27.743349075317383,24.318178176879883,96
13548,SFTPA1,94.55746459960938,-11.545459747314453,93
13549,SFTPA2,94.35256958007812,-11.533713340759277,93
13550,SFTPB,70.6403579711914,-10.097916603088379,218
13551,SFTPC,50.24276351928711,-5.861059665679932,236
13552,SFTPD,99.40206909179688,-12.01774787902832,91
13553,SFXN1,36.563228607177734,-38.92100143432617,39
13554,SFXN2,36.59156036376953,-38.945106506347656,39
13555,SFXN3,36.591007232666016,-38.97370529174805,39
13556,SFXN4,36.388065338134766,-38.80451202392578,39
13557,SFXN5,36.3282585144043,-38.704986572265625,39
13558,SGCA,20.323326110839844,29.4506893157959,230
13559,SGCB,48.71226501464844,-11.030954360961914,182
13560,SGCD,49.636131286621094,-11.215253829956055,182
13561,SGCE,21.429555892944336,29.757579803466797,233
13562,SGCG,48.94439697265625,-11.004429817199707,182
13563,SGCZ,48.4795036315918,-11.714314460754395,182
13564,SGF29,25.23988914489746,10.322244644165039,410
13565,SGIP1,-2.2558515071868896,4.201629161834717,299
13566,SGK1,57.68381118774414,37.14654541015625,69
13567,SGK2,58.14349365234375,37.13068389892578,69
13568,SGK3,58.52888870239258,36.960205078125,69
13569,SGMS1,14.843294143676758,-24.185203552246094,159
13570,SGMS2,15.484424591064453,-23.827098846435547,159
13571,SGO1,5.899331092834473,8.62468147277832,404
13572,SGO2,3.335523843765259,8.393108367919922,403
13573,SGPL1,62.60066223144531,2.703416347503662,244
13574,SGPP1,16.932907104492188,-22.52832794189453,162
13575,SGPP2,15.181333541870117,-22.97986602783203,159
13576,SGSH,64.04546356201172,-5.364800930023193,212
13577,SGSM1,13.60783576965332,-1.363826036453247,375
13578,SGSM2,16.33577537536621,-0.45036938786506653,393
13579,SGSM3,23.164812088012695,-1.0019768476486206,305
13580,SGTA,27.824682235717773,7.240389823913574,450
13581,SGTB,27.452638626098633,6.765058994293213,450
13582,SH2B1,15.604981422424316,5.377114772796631,409
13583,SH2B2,16.12047576904297,6.945301532745361,359
13584,SH2B3,15.148898124694824,3.1854355335235596,366
13585,SH2D1B,17.59379005432129,3.088388442993164,408
13586,SH2D2A,16.057937622070312,4.101611137390137,409
13587,SH2D3A,15.103982925415039,3.007716178894043,366
13588,SH2D3C,12.201622009277344,1.8049697875976562,378
13589,SH2D4A,8.961604118347168,3.4886107444763184,387
13590,SH2D4B,-6.554783821105957,-0.9470235705375671,257
13591,SH2D5,16.521686553955078,3.8560943603515625,409
13592,SH2D6,14.681614875793457,4.271185874938965,409
13593,SH2D7,14.869200706481934,4.7270426750183105,409
13594,SH3BGR,41.961910247802734,10.696934700012207,347
13595,SH3BGRL2,43.30643081665039,11.18928337097168,347
13596,SH3BGRL3,47.32548141479492,14.299909591674805,322
13597,SH3BP1,9.42695426940918,-0.523527979850769,365
13598,SH3BP2,2.8203721046447754,4.11079216003418,407
13599,SH3BP4,19.852943420410156,-0.5715613961219788,376
13600,SH3BP5,7.958157062530518,-0.8172253370285034,365
13601,SH3BP5L,11.2352933883667,1.1023563146591187,374
13602,SH3D19,3.822051525115967,3.6755876541137695,407
13603,SH3D21,2.7647995948791504,14.332230567932129,289
13604,SH3GL1,9.769432067871094,-2.325604200363159,365
13605,SH3GL2,9.463650703430176,-2.39406156539917,365
13606,SH3GL3,9.07871150970459,-2.2980153560638428,365
13607,SH3GLB1,12.999279975891113,-1.0010727643966675,375
13608,SH3GLB2,12.641586303710938,-2.277252674102783,375
13609,SH3PXD2A,4.651795864105225,2.5156965255737305,389
13610,SH3PXD2B,5.10552453994751,3.185603618621826,354
13611,SH3RF1,-3.1669235229492188,5.6669816970825195,299
13612,SH3RF2,3.3760457038879395,4.065400123596191,407
13613,SH3RF3,-0.630922257900238,5.4211602210998535,298
13614,SH3TC1,31.848758697509766,-4.314105987548828,295
13615,SH3YL1,29.045961380004883,5.825207233428955,451
13616,SHANK1,0.7181355357170105,2.212512969970703,399
13617,SHANK2,1.8788689374923706,0.668626070022583,389
13618,SHANK3,1.6528124809265137,1.8232970237731934,389
13619,SHARPIN,20.891399383544922,15.252613067626953,344
13620,SHB,9.700167655944824,5.305733680725098,386
13621,SHBG,36.38655090332031,3.893615245819092,438
13622,SHC1,13.462130546569824,5.04000997543335,381
13623,SHC2,14.554403305053711,2.7985312938690186,366
13624,SHC3,12.301990509033203,4.083099842071533,381
13625,SHC4,15.106330871582031,2.940446615219116,366
13626,SHCBP1,28.60532569885254,7.055351734161377,450
13627,SHCBP1L,30.45001792907715,6.176820278167725,451
13628,SHD,12.99023151397705,5.088038921356201,381
13629,SHE,13.778721809387207,5.541804313659668,381
13630,SHF,12.264423370361328,5.2777934074401855,381
13631,SHFL,19.095531463623047,10.176762580871582,384
13632,SHH,69.32284545898438,-7.661778450012207,201
13633,SHISA2,17.70949363708496,24.480865478515625,224
13634,SHISA3,17.988107681274414,24.37635040283203,224
13635,SHISA4,15.141590118408203,23.647884368896484,224
13636,SHISA5,15.163763999938965,23.459686279296875,224
13637,SHISA6,45.993282318115234,-13.107963562011719,182
13638,SHISA7,11.962182998657227,14.686586380004883,342
13639,SHISA8,15.850051879882812,22.94487953186035,224
13640,SHISA9,45.58256149291992,-13.274641036987305,182
13641,SHISAL1,18.791959762573242,25.75688362121582,228
13642,SHISAL2A,19.293960571289062,24.79086685180664,228
13643,SHISAL2B,19.695486068725586,24.455963134765625,228
13644,SHKBP1,48.98812484741211,21.77619743347168,70
13645,SHLD1,14.01508617401123,16.17855453491211,338
13646,SHLD2,2.4728617668151855,6.740725040435791,412
13647,SHLD3,12.324045181274414,15.344417572021484,342
13648,SHMT1,67.90428161621094,5.318612575531006,356
13649,SHMT2,68.27493286132812,5.330478668212891,356
13650,SHOC1,13.779565811157227,5.524066925048828,381
13651,SHOC2,91.90535736083984,20.786453247070312,85
13652,SHOX2,-23.28037452697754,20.147058486938477,194
13653,SHPK,59.649497985839844,3.6237480640411377,349
13654,SHPRH,5.3350701332092285,4.039333343505859,407
13655,SHQ1,34.545570373535156,5.65814208984375,443
13656,SHROOM1,4.5316481590271,10.554340362548828,320
13657,SHROOM3,-2.0215442180633545,5.300439357757568,299
13658,SHTN1,-3.5445351600646973,-0.32933878898620605,254
13659,SI,60.15576934814453,-4.732308387756348,214
13660,SIAE,62.75039291381836,-4.7385663986206055,212
13661,SIAH1,20.95168113708496,8.764080047607422,398
13662,SIAH2,20.308156967163086,8.756501197814941,398
13663,SIAH3,24.50048065185547,7.733828067779541,420
13664,SIDT1,22.351497650146484,-22.437498092651367,129
13665,SIDT2,23.952089309692383,-22.522504806518555,129
13666,SIGIRR,23.105863571166992,31.270526885986328,231
13667,SIGLEC1,18.76629066467285,33.2452392578125,227
13668,SIGLEC10,11.574823379516602,35.28135681152344,226
13669,SIGLEC11,11.601799011230469,35.30974197387695,226
13670,SIGLEC12,10.861889839172363,35.52628707885742,225
13671,SIGLEC14,11.007172584533691,35.37861633300781,225
13672,SIGLEC15,15.06544017791748,32.6915168762207,223
13673,SIGLEC6,10.99593448638916,35.410797119140625,225
13674,SIGLEC7,11.010384559631348,35.48568344116211,225
13675,SIGLEC8,10.79047679901123,35.271324157714844,225
13676,SIGLEC9,10.949344635009766,35.46468734741211,225
13677,SIGLECL1,18.49287223815918,29.722410202026367,230
13678,SIGMAR1,58.99296569824219,1.9263572692871094,348
13679,SIK1,55.133548736572266,37.42848205566406,69
13680,SIK2,-9.657499313354492,9.39138126373291,272
13681,SIK3,-11.444019317626953,9.071939468383789,272
13682,SIKE1,30.749574661254883,11.955388069152832,455
13683,SIL1,67.30664825439453,-4.5950517654418945,204
13684,SIM1,-17.280149459838867,15.482853889465332,190
13685,SIM2,-16.877338409423828,15.79359245300293,190
13686,SIMC1,9.312114715576172,6.263886451721191,387
13687,SIN3A,-13.183479309082031,9.135751724243164,272
13688,SIN3B,23.827699661254883,-0.7237293124198914,305
13689,SINHCAF,22.556493759155273,9.189995765686035,398
13690,SIPA1,13.635140419006348,1.4807312488555908,415
13691,SIPA1L1,5.956592082977295,-1.078973650932312,389
13692,SIPA1L2,5.938508033752441,-0.7582074403762817,389
13693,SIPA1L3,4.926328659057617,-0.4436870217323303,389
13694,SIRPA,13.147148132324219,34.01485061645508,223
13695,SIRPB1,12.636600494384766,34.4936408996582,226
13696,SIRPB2,13.20438289642334,33.657630920410156,223
13697,SIRPD,11.833718299865723,34.54836654663086,226
13698,SIRPG,12.909952163696289,34.37599563598633,226
13699,SIRT1,11.139713287353516,10.121105194091797,379
13700,SIRT2,42.47078323364258,2.786008358001709,334
13701,SIRT3,55.3148307800293,7.244315147399902,349
13702,SIRT4,54.8475341796875,7.174429416656494,441
13703,SIRT5,55.49148178100586,7.412923336029053,349
13704,SIRT6,49.6619987487793,5.22940731048584,446
13705,SIRT7,47.47567367553711,4.606037616729736,423
13706,SIT1,12.955130577087402,31.041738510131836,222
13707,SIVA1,37.53977584838867,10.770750999450684,370
13708,SIX1,-18.22413444519043,17.847143173217773,191
13709,SIX2,-18.845060348510742,17.42627716064453,191
13710,SIX3,-19.27806854248047,18.630897521972656,191
13711,SIX4,-12.722199440002441,11.601449966430664,269
13712,SIX5,-13.559930801391602,12.716859817504883,269
13713,SIX6,-16.646127700805664,17.702678680419922,191
13714,SKA1,12.727747917175293,8.608858108520508,379
13715,SKA2,29.232215881347656,11.35669231414795,427
13716,SKA3,6.480449676513672,8.876752853393555,404
13717,SKAP1,16.867929458618164,3.4117767810821533,408
13718,SKAP2,16.510604858398438,3.0085365772247314,413
13719,SKI,4.096656799316406,10.225281715393066,320
13720,SKIDA1,-18.593046188354492,17.408235549926758,191
13721,SKIL,1.8108179569244385,9.173861503601074,320
13722,SKIV2L,37.57590866088867,0.48059284687042236,432
13723,SKOR1,-16.972312927246094,18.001848220825195,191
13724,SKOR2,-19.06528091430664,17.92244529724121,191
13725,SKP1,47.93254852294922,14.667825698852539,322
13726,SKP2,89.08544921875,19.8449649810791,86
13727,SLA,17.545129776000977,3.2550132274627686,408
13728,SLA2,19.98879623413086,3.2437901496887207,373
13729,SLAIN1,-1.6908915042877197,6.494607925415039,298
13730,SLAIN2,-2.2798454761505127,5.7738261222839355,299
13731,SLAMF1,14.651790618896484,32.458595275878906,223
13732,SLAMF6,13.54202651977539,32.569114685058594,223
13733,SLAMF7,13.276193618774414,33.585567474365234,223
13734,SLAMF8,14.53246784210205,33.08845138549805,223
13735,SLAMF9,14.184310913085938,32.674583435058594,223
13736,SLBP,25.039718627929688,12.053199768066406,351
13737,SLC10A1,21.432655334472656,-27.044464111328125,137
13738,SLC10A2,21.105894088745117,-26.97528839111328,137
13739,SLC10A4,-103.41056823730469,-18.659618377685547,14
13740,SLC10A5,17.58344841003418,-24.488210678100586,161
13741,SLC10A6,21.087202072143555,-26.182228088378906,148
13742,SLC10A7,17.634180068969727,-23.31473731994629,161
13743,SLC11A1,23.245908737182617,-26.565143585205078,138
13744,SLC11A2,23.53685760498047,-25.818496704101562,138
13745,SLC12A1,27.010826110839844,-27.16033172607422,121
13746,SLC12A2,25.804664611816406,-26.834552764892578,121
13747,SLC12A3,27.204242706298828,-27.397010803222656,121
13748,SLC12A4,26.837209701538086,-27.38711929321289,121
13749,SLC12A5,26.78533172607422,-27.450590133666992,121
13750,SLC12A6,26.993335723876953,-27.060537338256836,121
13751,SLC12A7,27.012041091918945,-27.36103630065918,121
13752,SLC12A8,26.678590774536133,-27.05439567565918,121
13753,SLC12A9,26.857498168945312,-27.391353607177734,121
13754,SLC13A1,22.66633415222168,-27.325143814086914,138
13755,SLC13A2,22.441503524780273,-27.31667709350586,138
13756,SLC13A3,22.09156036376953,-27.56283187866211,138
13757,SLC13A4,23.04128074645996,-27.2261905670166,138
13758,SLC13A5,22.140432357788086,-27.323165893554688,138
13759,SLC14A1,19.33556365966797,-26.169994354248047,137
13760,SLC14A2,21.163972854614258,-27.517520904541016,137
13761,SLC15A1,21.073959350585938,-27.75479507446289,137
13762,SLC15A2,20.981201171875,-27.399799346923828,137
13763,SLC15A3,18.956777572631836,-27.402681350708008,137
13764,SLC15A4,19.562589645385742,-27.82113265991211,137
13765,SLC15A5,19.93278694152832,-25.58204460144043,148
13766,SLC16A1,19.597993850708008,-29.26050567626953,137
13767,SLC16A10,19.514892578125,-28.1733455657959,137
13768,SLC16A11,18.374710083007812,-27.349035263061523,137
13769,SLC16A12,19.799152374267578,-28.770904541015625,137
13770,SLC16A13,18.679811477661133,-27.46693229675293,137
13771,SLC16A14,19.640705108642578,-28.531726837158203,137
13772,SLC16A3,18.9307918548584,-28.56100845336914,137
13773,SLC16A4,19.08562469482422,-29.00271987915039,137
13774,SLC16A5,18.6536808013916,-27.86872100830078,137
13775,SLC16A6,19.583351135253906,-28.63950538635254,137
13776,SLC16A7,19.799468994140625,-28.709680557250977,137
13777,SLC16A8,19.780460357666016,-28.36829376220703,137
13778,SLC16A9,19.25169563293457,-28.555856704711914,137
13779,SLC17A1,20.346384048461914,-28.53647232055664,137
13780,SLC17A2,20.314924240112305,-28.64912986755371,137
13781,SLC17A3,20.489423751831055,-28.81283950805664,137
13782,SLC17A4,20.207735061645508,-28.26258087158203,137
13783,SLC17A5,20.692983627319336,-27.664958953857422,137
13784,SLC17A6,23.284162521362305,-28.12754249572754,142
13785,SLC17A7,22.054691314697266,-28.106365203857422,138
13786,SLC17A8,24.046417236328125,-28.399240493774414,142
13787,SLC17A9,19.372774124145508,-28.019514083862305,137
13788,SLC18A1,20.131454467773438,-28.025501251220703,137
13789,SLC18A2,20.634695053100586,-28.239269256591797,137
13790,SLC18A3,22.270401000976562,-27.593563079833984,138
13791,SLC18B1,20.03079605102539,-27.582805633544922,137
13792,SLC19A1,19.400962829589844,-26.878589630126953,137
13793,SLC19A2,19.594167709350586,-27.061368942260742,137
13794,SLC19A3,19.072961807250977,-27.703933715820312,137
13795,SLC1A1,29.507532119750977,-26.56308364868164,120
13796,SLC1A2,29.080007553100586,-26.660425186157227,120
13797,SLC1A3,28.852401733398438,-26.780685424804688,120
13798,SLC1A4,28.642858505249023,-26.93313980102539,121
13799,SLC1A5,28.334518432617188,-26.684038162231445,121
13800,SLC1A6,28.82488441467285,-26.56584930419922,120
13801,SLC1A7,29.01898765563965,-26.576873779296875,120
13802,SLC20A1,21.320335388183594,-27.462366104125977,137
13803,SLC20A2,22.511131286621094,-26.56879234313965,138
13804,SLC22A1,97.23328399658203,-14.035940170288086,92
13805,SLC22A10,97.44556427001953,-13.974023818969727,92
13806,SLC22A11,97.08328247070312,-14.053461074829102,92
13807,SLC22A12,97.25614929199219,-13.627981185913086,92
13808,SLC22A13,97.28694915771484,-13.936511039733887,92
13809,SLC22A14,97.10879516601562,-14.029183387756348,92
13810,SLC22A15,20.395307540893555,-28.226144790649414,137
13811,SLC22A16,96.61957550048828,-14.178881645202637,92
13812,SLC22A17,95.16092681884766,-14.36416244506836,92
13813,SLC22A18,18.809595108032227,-27.7374324798584,137
13814,SLC22A2,97.03780364990234,-14.089975357055664,92
13815,SLC22A23,20.15997314453125,-27.281158447265625,137
13816,SLC22A24,97.272216796875,-13.735970497131348,92
13817,SLC22A25,97.77556610107422,-14.136775970458984,92
13818,SLC22A3,96.42755889892578,-14.31176471710205,92
13819,SLC22A31,95.5665283203125,-14.292646408081055,92
13820,SLC22A4,96.91992950439453,-14.1080322265625,92
13821,SLC22A5,96.63066864013672,-14.207799911499023,92
13822,SLC22A6,97.474365234375,-14.120771408081055,92
13823,SLC22A7,97.72889709472656,-13.998698234558105,92
13824,SLC22A8,97.28309631347656,-14.058390617370605,92
13825,SLC22A9,98.03094482421875,-13.754940032958984,92
13826,SLC23A1,25.641666412353516,-27.211591720581055,121
13827,SLC23A2,24.796125411987305,-27.19438362121582,142
13828,SLC23A3,19.407268524169922,-25.460601806640625,148
13829,SLC24A1,4.845126152038574,19.283428192138672,274
13830,SLC24A2,31.54596519470215,-24.39040184020996,117
13831,SLC24A3,31.03099822998047,-24.368776321411133,120
13832,SLC24A4,29.022653579711914,-25.42490577697754,120
13833,SLC24A5,22.165283203125,-26.9023380279541,138
13834,SLC25A1,37.234439849853516,-39.5001220703125,39
13835,SLC25A10,37.226261138916016,-39.45548629760742,39
13836,SLC25A11,37.108978271484375,-39.74000930786133,39
13837,SLC25A12,37.08818054199219,-39.291053771972656,39
13838,SLC25A13,37.17708969116211,-39.34103775024414,39
13839,SLC25A15,37.42340850830078,-39.57421875,39
13840,SLC25A16,37.174644470214844,-39.45177459716797,39
13841,SLC25A17,37.35091018676758,-39.88688278198242,39
13842,SLC25A18,37.27083206176758,-39.513160705566406,39
13843,SLC25A19,37.6651611328125,-39.272525787353516,39
13844,SLC25A2,37.595794677734375,-39.67147445678711,39
13845,SLC25A20,37.327850341796875,-39.27257537841797,39
13846,SLC25A21,36.89318084716797,-39.32902145385742,39
13847,SLC25A22,36.96555709838867,-39.50883102416992,39
13848,SLC25A23,37.666053771972656,-39.70378875732422,39
13849,SLC25A24,37.29090881347656,-39.530662536621094,39
13850,SLC25A25,36.9735221862793,-39.41200637817383,39
13851,SLC25A26,37.20668411254883,-39.46525955200195,39
13852,SLC25A27,37.229400634765625,-39.517635345458984,39
13853,SLC25A28,37.46220016479492,-39.842403411865234,39
13854,SLC25A29,36.75230407714844,-39.135284423828125,39
13855,SLC25A3,37.19317626953125,-39.41753005981445,39
13856,SLC25A30,37.42456817626953,-39.60360336303711,39
13857,SLC25A31,37.13884353637695,-39.559104919433594,39
13858,SLC25A32,37.44068145751953,-39.8519401550293,39
13859,SLC25A33,36.98942565917969,-39.53923416137695,39
13860,SLC25A34,37.27604293823242,-39.49363708496094,39
13861,SLC25A35,36.89788818359375,-39.301448822021484,39
13862,SLC25A36,36.810791015625,-39.46078109741211,39
13863,SLC25A37,37.45196533203125,-39.638397216796875,39
13864,SLC25A38,37.60477066040039,-39.282291412353516,39
13865,SLC25A39,37.25475311279297,-39.51630401611328,39
13866,SLC25A4,37.201568603515625,-39.543128967285156,39
13867,SLC25A40,37.22002410888672,-39.84006881713867,39
13868,SLC25A41,37.54966354370117,-39.66653060913086,39
13869,SLC25A42,37.05631637573242,-39.4330940246582,39
13870,SLC25A44,37.26264190673828,-39.20750045776367,39
13871,SLC25A45,37.370765686035156,-39.455718994140625,39
13872,SLC25A46,36.90271759033203,-39.01352310180664,39
13873,SLC25A47,37.889015197753906,-39.255126953125,39
13874,SLC25A48,37.29548645019531,-39.49945831298828,39
13875,SLC25A51,37.2171745300293,-39.93980026245117,39
13876,SLC25A52,37.29376983642578,-39.576229095458984,39
13877,SLC26A1,26.330184936523438,-26.054649353027344,121
13878,SLC26A11,25.949445724487305,-26.869564056396484,121
13879,SLC26A2,27.0050106048584,-26.33759880065918,121
13880,SLC26A3,27.738731384277344,-26.40285301208496,121
13881,SLC26A4,27.516098022460938,-26.532838821411133,121
13882,SLC26A5,28.350730895996094,-25.96077537536621,121
13883,SLC26A6,27.1494083404541,-26.44413185119629,121
13884,SLC26A7,27.27308464050293,-26.364112854003906,121
13885,SLC26A8,29.56532096862793,-25.447940826416016,120
13886,SLC26A9,27.643152236938477,-26.184490203857422,121
13887,SLC27A1,63.73530578613281,2.7711167335510254,244
13888,SLC27A2,67.44131469726562,2.329268217086792,358
13889,SLC27A3,64.0853500366211,1.1361056566238403,244
13890,SLC27A4,64.36241912841797,2.078186511993408,244
13891,SLC27A5,62.76498031616211,1.501111388206482,244
13892,SLC27A6,66.98265838623047,2.6962947845458984,358
13893,SLC28A1,26.343347549438477,-26.892194747924805,121
13894,SLC28A2,24.857528686523438,-27.138795852661133,142
13895,SLC28A3,23.75650978088379,-26.508407592773438,138
13896,SLC29A1,19.14899253845215,-28.314579010009766,137
13897,SLC29A2,19.018207550048828,-28.29627799987793,137
13898,SLC29A3,19.153676986694336,-27.310958862304688,137
13899,SLC29A4,20.503189086914062,-27.598953247070312,137
13900,SLC2A1,19.341670989990234,-28.85344123840332,137
13901,SLC2A10,19.169017791748047,-27.050172805786133,137
13902,SLC2A11,19.451536178588867,-28.54425048828125,137
13903,SLC2A12,18.841476440429688,-27.24431037902832,137
13904,SLC2A13,20.11882972717285,-27.831436157226562,137
13905,SLC2A14,19.22023582458496,-28.852249145507812,137
13906,SLC2A2,19.25411033630371,-28.95766258239746,137
13907,SLC2A3,18.825780868530273,-29.066492080688477,137
13908,SLC2A4,18.654115676879883,-28.639482498168945,137
13909,SLC2A4RG,6.6117634773254395,12.872759819030762,330
13910,SLC2A5,18.778980255126953,-28.98499298095703,137
13911,SLC2A6,18.87653923034668,-28.27324867248535,137
13912,SLC2A7,19.146421432495117,-28.855539321899414,137
13913,SLC2A8,18.957799911499023,-27.574628829956055,137
13914,SLC2A9,18.879730224609375,-29.026012420654297,137
13915,SLC30A1,20.55057716369629,-24.529434204101562,148
13916,SLC30A10,20.809221267700195,-24.199020385742188,148
13917,SLC30A2,20.739059448242188,-24.952978134155273,148
13918,SLC30A3,20.901107788085938,-24.859424591064453,148
13919,SLC30A4,20.79849624633789,-24.7947940826416,148
13920,SLC30A5,21.018314361572266,-24.440149307250977,148
13921,SLC30A6,20.65235710144043,-23.105670928955078,129
13922,SLC30A7,20.57889747619629,-24.851402282714844,148
13923,SLC30A8,20.596019744873047,-24.802587509155273,148
13924,SLC30A9,59.41037368774414,10.709991455078125,328
13925,SLC31A1,17.970848083496094,-23.95461082458496,161
13926,SLC31A2,16.163372039794922,-22.657472610473633,159
13927,SLC32A1,22.504779815673828,-27.169288635253906,138
13928,SLC33A1,18.42905616760254,-24.246074676513672,161
13929,SLC34A1,23.148719787597656,-27.62519073486328,138
13930,SLC34A2,22.017230987548828,-26.319272994995117,138
13931,SLC34A3,22.900983810424805,-27.08395004272461,138
13932,SLC35A1,18.696075439453125,-24.048099517822266,161
13933,SLC35A4,18.07897186279297,-23.636165618896484,161
13934,SLC35A5,18.230871200561523,-23.521976470947266,161
13935,SLC35B1,14.278387069702148,-22.37641143798828,156
13936,SLC35B2,18.394838333129883,-23.7789306640625,161
13937,SLC35B3,18.179460525512695,-24.220434188842773,161
13938,SLC35B4,17.334182739257812,-23.746721267700195,161
13939,SLC35C1,17.920974731445312,-23.835195541381836,161
13940,SLC35C2,17.196775436401367,-23.591310501098633,161
13941,SLC35D1,17.70832633972168,-24.06048583984375,161
13942,SLC35D2,18.29891586303711,-24.414884567260742,161
13943,SLC35D3,17.87152099609375,-24.68779754638672,161
13944,SLC35E1,17.5690975189209,-23.995805740356445,161
13945,SLC35E2B,18.258697509765625,-24.466665267944336,161
13946,SLC35E4,17.94133949279785,-23.597883224487305,161
13947,SLC35F1,20.032127380371094,-24.84915542602539,148
13948,SLC35F2,19.535350799560547,-25.083723068237305,148
13949,SLC35F3,21.038681030273438,-25.38816261291504,148
13950,SLC35F4,23.53539276123047,-27.222583770751953,138
13951,SLC35F5,19.4776668548584,-24.955711364746094,148
13952,SLC35F6,18.727127075195312,-24.622055053710938,161
13953,SLC35G1,19.266836166381836,-24.957075119018555,148
13954,SLC35G2,17.444589614868164,-25.92465591430664,137
13955,SLC35G3,17.63168716430664,-26.36492919921875,137
13956,SLC35G4,17.63722801208496,-26.47150993347168,137
13957,SLC35G5,17.377792358398438,-26.392641067504883,137
13958,SLC35G6,17.498329162597656,-26.135723114013672,137
13959,SLC36A1,23.0441837310791,-26.95568084716797,138
13960,SLC36A2,22.70812225341797,-27.143056869506836,138
13961,SLC36A3,22.51291847229004,-26.62548065185547,138
13962,SLC36A4,23.08408546447754,-26.71230125427246,138
13963,SLC37A1,20.257675170898438,-28.159832000732422,137
13964,SLC37A2,20.28214454650879,-28.374788284301758,137
13965,SLC37A3,19.901578903198242,-27.863327026367188,137
13966,SLC37A4,19.32610511779785,-28.088043212890625,137
13967,SLC38A1,23.1872501373291,-26.92643928527832,138
13968,SLC38A10,2.7808525562286377,12.649871826171875,320
13969,SLC38A11,23.32625389099121,-26.327293395996094,138
13970,SLC38A2,22.71978187561035,-26.98171043395996,138
13971,SLC38A3,22.318296432495117,-27.05902671813965,138
13972,SLC38A4,22.63079833984375,-26.71582794189453,138
13973,SLC38A6,21.776208877563477,-26.498979568481445,138
13974,SLC38A7,22.66130828857422,-27.499711990356445,138
13975,SLC38A8,23.18229103088379,-27.795156478881836,138
13976,SLC38A9,22.933551788330078,-26.675086975097656,138
13977,SLC39A1,20.333839416503906,-25.166982650756836,148
13978,SLC39A10,20.895851135253906,-25.29490089416504,148
13979,SLC39A11,19.645994186401367,-25.347694396972656,148
13980,SLC39A12,21.03021812438965,-25.059831619262695,148
13981,SLC39A13,20.80816650390625,-25.252849578857422,148
13982,SLC39A14,20.665401458740234,-25.818119049072266,148
13983,SLC39A2,20.442663192749023,-25.315685272216797,148
13984,SLC39A3,20.87204933166504,-25.248668670654297,148
13985,SLC39A4,21.15167999267578,-25.742345809936523,148
13986,SLC39A5,21.77830696105957,-25.414817810058594,148
13987,SLC39A6,21.163986206054688,-25.249937057495117,148
13988,SLC39A7,20.726778030395508,-25.22816276550293,148
13989,SLC39A8,21.1187686920166,-25.130592346191406,148
13990,SLC39A9,20.510120391845703,-25.03961181640625,148
13991,SLC3A1,61.47484588623047,-5.760922908782959,212
13992,SLC3A2,52.8400993347168,-3.7760860919952393,236
13993,SLC40A1,19.780078887939453,-28.25274085998535,137
13994,SLC41A1,22.70380973815918,-26.63058853149414,138
13995,SLC41A2,22.74812889099121,-26.334665298461914,138
13996,SLC41A3,21.28900909423828,-25.933067321777344,148
13997,SLC43A1,19.184635162353516,-28.367963790893555,137
13998,SLC43A2,18.65850830078125,-28.0589656829834,137
13999,SLC43A3,18.718843460083008,-28.383058547973633,137
14000,SLC44A1,25.447128295898438,-22.393795013427734,129
14001,SLC44A2,28.251733779907227,-22.540788650512695,132
14002,SLC44A3,28.236154556274414,-22.35858726501465,132
14003,SLC44A4,28.59402084350586,-22.513797760009766,132
14004,SLC44A5,28.258975982666016,-22.420976638793945,132
14005,SLC45A1,20.102619171142578,-27.90928840637207,137
14006,SLC45A2,19.907329559326172,-28.648723602294922,137
14007,SLC45A3,18.822877883911133,-26.585630416870117,137
14008,SLC45A4,20.3687744140625,-27.98949432373047,137
14009,SLC46A1,19.087894439697266,-27.407489776611328,137
14010,SLC46A2,18.36583137512207,-27.277141571044922,137
14011,SLC46A3,19.114843368530273,-27.794172286987305,137
14012,SLC47A1,22.863693237304688,-27.287918090820312,138
14013,SLC47A2,22.06429672241211,-27.95036506652832,138
14014,SLC48A1,4.797468185424805,-21.955596923828125,105
14015,SLC49A3,19.201862335205078,-27.801986694335938,137
14016,SLC49A4,19.610050201416016,-27.315689086914062,137
14017,SLC4A1,29.29142951965332,-25.134756088256836,120
14018,SLC4A10,29.880779266357422,-25.211395263671875,120
14019,SLC4A11,29.495134353637695,-24.785388946533203,120
14020,SLC4A1AP,27.009679794311523,10.43784236907959,410
14021,SLC4A2,29.36728858947754,-25.04240608215332,120
14022,SLC4A3,29.361181259155273,-25.370052337646484,120
14023,SLC4A4,29.367908477783203,-25.472293853759766,120
14024,SLC4A5,29.188434600830078,-25.672943115234375,120
14025,SLC4A7,29.057899475097656,-25.66497039794922,120
14026,SLC4A8,29.4515323638916,-25.403789520263672,120
14027,SLC4A9,29.555204391479492,-25.096454620361328,120
14028,SLC50A1,11.786917686462402,-23.331844329833984,157
14029,SLC51A,18.03962516784668,-22.24220848083496,160
14030,SLC51B,20.652870178222656,23.208162307739258,228
14031,SLC52A1,18.0717830657959,-27.795146942138672,137
14032,SLC52A2,18.47243881225586,-27.766477584838867,137
14033,SLC52A3,18.592607498168945,-27.914581298828125,137
14034,SLC5A1,24.443359375,-28.071308135986328,142
14035,SLC5A10,24.29808235168457,-28.424644470214844,142
14036,SLC5A11,24.521692276000977,-28.167680740356445,142
14037,SLC5A12,23.796043395996094,-28.25409698486328,142
14038,SLC5A2,24.388530731201172,-28.316736221313477,142
14039,SLC5A3,23.070432662963867,-27.561574935913086,138
14040,SLC5A4,24.974096298217773,-28.64506721496582,141
14041,SLC5A5,24.711454391479492,-28.292593002319336,142
14042,SLC5A6,24.18284797668457,-28.006729125976562,142
14043,SLC5A7,24.34998893737793,-28.33694839477539,142
14044,SLC5A8,24.100643157958984,-28.10881996154785,142
14045,SLC5A9,24.397396087646484,-28.222536087036133,142
14046,SLC66A1,13.174361228942871,-22.38092041015625,150
14047,SLC66A2,16.43186378479004,-24.10317611694336,159
14048,SLC66A3,15.0049467086792,-23.286151885986328,159
14049,SLC6A1,25.33565330505371,-28.97503089904785,141
14050,SLC6A11,25.41179084777832,-28.94428253173828,141
14051,SLC6A12,25.150007247924805,-28.885051727294922,141
14052,SLC6A13,25.204511642456055,-28.98066520690918,141
14053,SLC6A15,24.152496337890625,-28.30528450012207,142
14054,SLC6A16,24.659297943115234,-28.305435180664062,142
14055,SLC6A17,24.754575729370117,-28.32850456237793,142
14056,SLC6A18,25.018970489501953,-28.751718521118164,141
14057,SLC6A19,25.603822708129883,-28.52550506591797,141
14058,SLC6A2,24.949970245361328,-28.989744186401367,141
14059,SLC6A20,25.11200523376465,-28.588289260864258,141
14060,SLC6A3,25.13622283935547,-29.146629333496094,141
14061,SLC6A4,24.96476936340332,-28.981237411499023,141
14062,SLC6A5,24.690738677978516,-28.723726272583008,141
14063,SLC6A6,25.210329055786133,-29.010923385620117,141
14064,SLC6A7,26.056793212890625,-28.94074058532715,141
14065,SLC6A9,25.21900749206543,-28.912782669067383,141
14066,SLC7A1,23.382843017578125,-28.313705444335938,142
14067,SLC7A10,23.064456939697266,-28.70639419555664,142
14068,SLC7A11,23.0622615814209,-28.230636596679688,142
14069,SLC7A13,21.722455978393555,-28.661340713500977,137
14070,SLC7A14,23.993520736694336,-28.21031951904297,142
14071,SLC7A2,23.927080154418945,-28.209135055541992,142
14072,SLC7A4,19.960355758666992,-28.26485824584961,137
14073,SLC7A5,23.349258422851562,-28.510068893432617,142
14074,SLC7A6,23.111021041870117,-28.59117317199707,142
14075,SLC7A6OS,30.80628776550293,12.398484230041504,455
14076,SLC7A7,23.39612579345703,-28.895200729370117,142
14077,SLC7A8,23.270034790039062,-28.683578491210938,142
14078,SLC7A9,23.197229385375977,-28.885705947875977,142
14079,SLC8A2,32.78252029418945,-22.762432098388672,117
14080,SLC8A3,32.93797302246094,-24.008527755737305,117
14081,SLC8B1,19.629308700561523,-25.30289649963379,148
14082,SLC9A1,29.126359939575195,-24.84294891357422,120
14083,SLC9A2,28.401607513427734,-24.83957862854004,120
14084,SLC9A3,28.36971092224121,-25.495601654052734,120
14085,SLC9A3R1,22.260480880737305,4.869330883026123,373
14086,SLC9A3R2,21.346744537353516,5.49879789352417,373
14087,SLC9A4,28.79058837890625,-24.837160110473633,120
14088,SLC9A5,28.077299118041992,-25.003746032714844,120
14089,SLC9A8,25.79547119140625,-25.90700912475586,121
14090,SLC9A9,27.007200241088867,-26.195627212524414,121
14091,SLC9B1,22.561216354370117,-26.688615798950195,138
14092,SLC9B2,23.216520309448242,-26.534839630126953,138
14093,SLC9C1,31.15534782409668,-24.924518585205078,120
14094,SLC9C2,32.03155517578125,-24.319257736206055,117
14095,SLCO1A2,20.217496871948242,-28.934816360473633,137
14096,SLCO1B1,20.348468780517578,-29.302650451660156,137
14097,SLCO1B3,20.367647171020508,-29.034801483154297,137
14098,SLCO1C1,20.350709915161133,-28.997196197509766,137
14099,SLCO2A1,19.864103317260742,-28.466808319091797,137
14100,SLCO2B1,19.729267120361328,-28.366819381713867,137
14101,SLCO3A1,19.908727645874023,-28.534521102905273,137
14102,SLCO4A1,19.886369705200195,-28.489906311035156,137
14103,SLCO4C1,20.515344619750977,-28.75128746032715,137
14104,SLCO5A1,20.995594024658203,-28.100610733032227,137
14105,SLCO6A1,20.619953155517578,-28.743404388427734,137
14106,SLF1,23.409778594970703,1.767246961593628,301
14107,SLF2,4.460246562957764,6.805674076080322,401
14108,SLFN11,39.61823272705078,-2.8317158222198486,286
14109,SLFN12,39.94074630737305,-2.4090280532836914,286
14110,SLFN13,39.68207550048828,-2.9129672050476074,286
14111,SLFN14,39.18392562866211,-2.380544662475586,286
14112,SLFN5,39.52288818359375,-2.9390342235565186,286
14113,SLFNL1,31.797157287597656,2.8688552379608154,402
14114,SLIRP,60.83269500732422,15.004816055297852,287
14115,SLIT1,55.92859649658203,-19.743234634399414,167
14116,SLIT2,55.92829132080078,-19.847797393798828,167
14117,SLIT3,56.43859100341797,-19.785425186157227,167
14118,SLITRK1,95.62562561035156,19.957965850830078,84
14119,SLITRK3,96.15206146240234,19.802522659301758,84
14120,SLITRK5,96.57827758789062,20.005308151245117,84
14121,SLITRK6,96.63426971435547,20.089107513427734,84
14122,SLK,-0.415385365486145,-2.7419357299804688,240
14123,SLMAP,-6.753950595855713,-2.729015827178955,256
14124,SLN,20.780241012573242,22.834312438964844,228
14125,SLPI,80.2935791015625,-17.936241149902344,206
14126,SLTM,-17.509998321533203,5.007722854614258,165
14127,SLU7,30.33283805847168,13.309165000915527,449
14128,SLURP1,79.63026428222656,-17.023681640625,200
14129,SLURP2,79.67604064941406,-17.326152801513672,200
14130,SLX1A,30.334686279296875,7.186772346496582,450
14131,SLX1B,31.641876220703125,7.816760063171387,450
14132,SLX4,3.5304434299468994,7.395913600921631,403
14133,SLX4IP,8.231047630310059,8.239304542541504,388
14134,SMAD1,-9.601996421813965,13.022805213928223,269
14135,SMAD3,-8.394022941589355,13.07487678527832,237
14136,SMAD4,-9.912951469421387,11.258411407470703,272
14137,SMAD5,-10.15823745727539,12.73606014251709,269
14138,SMAD6,12.895600318908691,11.707356452941895,335
14139,SMAD7,11.2839937210083,11.455389976501465,330
14140,SMAD9,-9.321781158447266,13.58839225769043,237
14141,SMAGP,18.842533111572266,24.749011993408203,228
14142,SMAP1,-7.063239574432373,8.060384750366211,272
14143,SMAP2,-6.9703898429870605,8.197779655456543,272
14144,SMARCA2,-10.272574424743652,6.1485819816589355,272
14145,SMARCA4,-11.315530776977539,6.5865068435668945,272
14146,SMARCA5,22.903240203857422,2.087491273880005,301
14147,SMARCAD1,11.1257905960083,5.047848701477051,381
14148,SMARCAL1,35.441246032714844,3.4434962272644043,438
14149,SMARCB1,15.104602813720703,7.837088584899902,359
14150,SMARCC1,-2.190504550933838,7.513326644897461,298
14151,SMARCC2,-6.557514190673828,6.729509353637695,271
14152,SMARCD1,-2.5271193981170654,10.229108810424805,192
14153,SMARCD2,-3.2251474857330322,10.386697769165039,192
14154,SMARCD3,-2.113246202468872,10.129225730895996,320
14155,SMARCE1,21.903018951416016,11.812470436096191,385
14156,SMC1B,-8.006457328796387,-4.541330814361572,248
14157,SMC2,-7.734841346740723,-4.678506374359131,248
14158,SMC3,-7.372851848602295,-4.577452182769775,248
14159,SMC4,-7.767884254455566,-4.791114330291748,248
14160,SMC5,-7.958051681518555,-4.675437927246094,248
14161,SMC6,-8.027003288269043,-4.533324241638184,248
14162,SMCHD1,47.870853424072266,-10.530888557434082,182
14163,SMCO1,20.81700325012207,16.89128303527832,279
14164,SMCO2,3.8141634464263916,17.399019241333008,275
14165,SMCO3,21.966472625732422,16.974531173706055,280
14166,SMCO4,27.31706428527832,21.64574432373047,96
14167,SMCP,-99.28067016601562,-44.399940490722656,8
14168,SMCR8,11.581314086914062,5.107107639312744,381
14169,SMDT1,63.987342834472656,13.897587776184082,163
14170,SMG5,13.5141019821167,0.25934934616088867,415
14171,SMG6,3.3609819412231445,5.281022548675537,407
14172,SMG7,-11.311065673828125,9.173172950744629,272
14173,SMG8,26.44171142578125,3.5659101009368896,308
14174,SMG9,28.459962844848633,3.41817045211792,307
14175,SMIM1,21.145479202270508,23.625797271728516,228
14176,SMIM10L1,9.41985034942627,-19.9406795501709,139
14177,SMIM12,65.85724639892578,16.40582847595215,163
14178,SMIM13,20.965425491333008,22.53274154663086,228
14179,SMIM14,21.28970718383789,23.266559600830078,228
14180,SMIM15,9.52214527130127,-19.210256576538086,139
14181,SMIM17,11.521987915039062,17.42643165588379,329
14182,SMIM18,20.600160598754883,23.076095581054688,228
14183,SMIM19,21.025733947753906,23.078020095825195,228
14184,SMIM2,13.701199531555176,20.37681007385254,325
14185,SMIM20,66.67646026611328,16.710124969482422,163
14186,SMIM21,12.40491771697998,20.58751106262207,324
14187,SMIM22,21.15605926513672,24.017757415771484,228
14188,SMIM23,14.465221405029297,19.736162185668945,323
14189,SMIM24,21.164342880249023,24.255189895629883,228
14190,SMIM26,66.84596252441406,16.77623176574707,163
14191,SMIM27,22.012414932250977,21.86675453186035,228
14192,SMIM28,18.12338638305664,24.11144256591797,224
14193,SMIM29,20.222021102905273,23.845745086669922,228
14194,SMIM3,21.120271682739258,23.315141677856445,228
14195,SMIM30,21.601694107055664,23.77447509765625,228
14196,SMIM31,21.066255569458008,22.43004035949707,228
14197,SMIM32,20.677919387817383,23.780406951904297,228
14198,SMIM33,19.894535064697266,23.592397689819336,228
14199,SMIM35,19.957862854003906,24.34778594970703,228
14200,SMIM36,20.442630767822266,23.623912811279297,228
14201,SMIM38,21.52696990966797,22.034095764160156,228
14202,SMIM39,21.643774032592773,22.79692268371582,228
14203,SMIM4,66.70325469970703,16.648277282714844,163
14204,SMIM40,20.658926010131836,21.809045791625977,228
14205,SMIM41,20.50615119934082,23.480030059814453,228
14206,SMIM5,20.18776512145996,24.333148956298828,228
14207,SMIM6,20.710527420043945,23.38035774230957,228
14208,SMIM7,8.777441024780273,-20.426410675048828,139
14209,SMIM8,66.90251159667969,16.57525634765625,163
14210,SMKR1,25.280529022216797,17.483057022094727,221
14211,SMLR1,9.190872192382812,-19.2901554107666,139
14212,SMN1,26.345617294311523,9.81298828125,410
14213,SMN2,26.317045211791992,9.64957332611084,410
14214,SMNDC1,29.946046829223633,12.540895462036133,449
14215,SMO,41.469539642333984,-19.2211971282959,106
14216,SMOC1,70.79965209960938,-14.462815284729004,215
14217,SMOC2,69.72271728515625,-14.840157508850098,215
14218,SMOX,47.33566665649414,2.8582303524017334,424
14219,SMPD1,64.24635314941406,-5.497871398925781,212
14220,SMPD2,53.80009841918945,5.19376277923584,441
14221,SMPD3,21.258813858032227,4.718053340911865,373
14222,SMPD4,29.0805606842041,-2.7359306812286377,312
14223,SMPDL3A,64.36665344238281,-5.96056604385376,212
14224,SMPDL3B,65.62779998779297,-5.569877624511719,212
14225,SMR3A,2.8387863636016846,23.274696350097656,125
14226,SMR3B,2.963940382003784,23.255950927734375,125
14227,SMTN,4.951997756958008,8.00378704071045,405
14228,SMTNL1,4.222681045532227,15.904900550842285,275
14229,SMTNL2,11.097278594970703,9.271139144897461,379
14230,SMU1,50.501922607421875,22.80669593811035,70
14231,SMUG1,51.3881950378418,6.267866134643555,439
14232,SMURF1,18.45206069946289,-0.21253995597362518,376
14233,SMURF2,19.01769256591797,0.24526187777519226,417
14234,SMYD1,24.52280044555664,6.542210102081299,420
14235,SMYD2,24.643245697021484,5.829034805297852,421
14236,SMYD3,25.44066619873047,6.139926433563232,421
14237,SMYD4,34.344398498535156,4.555608749389648,443
14238,SMYD5,36.49049377441406,5.192959785461426,360
14239,SNAI1,-30.999832153320312,14.084778785705566,143
14240,SNAI2,-30.807004928588867,14.275416374206543,143
14241,SNAI3,-31.818946838378906,13.814047813415527,143
14242,SNAP23,36.60411834716797,18.182159423828125,172
14243,SNAP25,36.60750961303711,18.461214065551758,172
14244,SNAP29,36.44391632080078,17.808303833007812,172
14245,SNAP47,40.968082427978516,6.859320163726807,391
14246,SNAP91,-5.452907085418701,7.77944278717041,271
14247,SNAPC1,25.89070701599121,9.97722339630127,410
14248,SNAPC2,14.98020076751709,14.315593719482422,341
14249,SNAPC3,30.24781036376953,8.507065773010254,428
14250,SNAPC4,-2.3828916549682617,8.592885971069336,320
14251,SNAPC5,24.72041130065918,12.518165588378906,351
14252,SNAPIN,34.826175689697266,12.883490562438965,367
14253,SNCA,25.278907775878906,17.728132247924805,221
14254,SNCAIP,6.2791852951049805,3.319398880004883,354
14255,SNCB,25.470582962036133,17.53411293029785,221
14256,SNCG,24.837202072143555,17.855178833007812,221
14257,SND1,41.12618637084961,0.8609701991081238,334
14258,SNED1,61.78860092163086,-16.88789939880371,197
14259,SNF8,35.0059928894043,9.861977577209473,369
14260,SNIP1,4.081605911254883,9.084892272949219,403
14261,SNN,20.61939239501953,23.913925170898438,228
14262,SNORC,14.256569862365723,25.76837730407715,224
14263,SNPH,8.9865083694458,6.528822422027588,387
14264,SNRK,56.08907699584961,36.72918701171875,69
14265,SNRNP200,15.75182056427002,-7.39470100402832,277
14266,SNRNP25,45.99851989746094,11.5723295211792,304
14267,SNRNP27,-21.049116134643555,4.245565414428711,166
14268,SNRNP35,0.7819260358810425,9.69748306274414,320
14269,SNRNP40,52.8370475769043,24.10250473022461,70
14270,SNRNP48,-15.158088684082031,4.882716178894043,165
14271,SNRNP70,-18.946800231933594,4.838314533233643,165
14272,SNRPA,-16.93572998046875,8.517472267150879,262
14273,SNRPA1,42.46238327026367,9.936544418334961,347
14274,SNRPB,-16.591663360595703,7.893772125244141,262
14275,SNRPB2,41.573272705078125,13.864191055297852,210
14276,SNRPC,-16.694578170776367,8.005666732788086,262
14277,SNRPD1,47.242774963378906,14.915242195129395,322
14278,SNRPD2,46.97500228881836,15.227216720581055,322
14279,SNRPD3,46.69355392456055,14.729310989379883,322
14280,SNRPE,47.3681526184082,14.845277786254883,322
14281,SNRPF,47.43914794921875,14.922616958618164,322
14282,SNRPG,47.331947326660156,14.962515830993652,322
14283,SNRPN,-16.054214477539062,7.928455829620361,262
14284,SNTA1,20.436872482299805,4.504927635192871,373
14285,SNTB1,17.095470428466797,3.574615716934204,408
14286,SNTB2,21.832929611206055,5.290192127227783,373
14287,SNTG1,15.437907218933105,0.6756953001022339,416
14288,SNTG2,16.284015655517578,1.3698564767837524,417
14289,SNTN,-39.35329818725586,-6.635501861572266,43
14290,SNU13,47.79057693481445,14.994433403015137,322
14291,SNUPN,44.482666015625,6.576827049255371,436
14292,SNURF,12.192216873168945,18.034364700317383,342
14293,SNW1,28.75290298461914,12.683053970336914,442
14294,SNX1,14.301985740661621,-1.6045866012573242,375
14295,SNX10,20.308500289916992,3.6979870796203613,373
14296,SNX11,18.59539031982422,8.347474098205566,383
14297,SNX13,21.68854331970215,-2.7306647300720215,297
14298,SNX14,21.37856101989746,-2.712312698364258,297
14299,SNX15,17.765640258789062,8.555987358093262,384
14300,SNX16,28.749473571777344,1.694968819618225,307
14301,SNX17,23.294279098510742,2.2544968128204346,301
14302,SNX18,16.226713180541992,1.928337812423706,417
14303,SNX2,14.686469078063965,-1.3792983293533325,375
14304,SNX20,21.95733070373535,10.121075630187988,385
14305,SNX21,20.39450454711914,12.297000885009766,345
14306,SNX22,18.925607681274414,5.235761642456055,372
14307,SNX24,22.685434341430664,4.485678672790527,373
14308,SNX25,20.89431381225586,-2.2008249759674072,297
14309,SNX27,24.027790069580078,5.343428134918213,421
14310,SNX29,8.86168384552002,0.03736742213368416,365
14311,SNX3,32.13191223144531,3.6445627212524414,444
14312,SNX30,13.457222938537598,-1.5094923973083496,375
14313,SNX31,20.960968017578125,1.150497555732727,350
14314,SNX32,13.708428382873535,-2.0141258239746094,375
14315,SNX33,16.89183235168457,3.9343512058258057,409
14316,SNX4,14.671550750732422,-1.7727854251861572,375
14317,SNX5,13.386969566345215,-1.5398374795913696,375
14318,SNX6,13.294660568237305,-1.5364927053451538,375
14319,SNX7,15.746768951416016,-2.2637765407562256,377
14320,SNX8,13.156764030456543,-1.4777522087097168,375
14321,SNX9,14.145477294921875,-0.6057869791984558,415
14322,SOAT1,18.421417236328125,-23.229633331298828,160
14323,SOAT2,19.427589416503906,-23.26839256286621,160
14324,SOBP,-8.94520378112793,6.897565841674805,272
14325,SOCS1,18.118913650512695,10.774737358093262,384
14326,SOCS2,25.341773986816406,6.719905376434326,421
14327,SOCS3,18.021818161010742,11.048334121704102,384
14328,SOCS4,15.450504302978516,7.388179779052734,359
14329,SOCS5,14.953054428100586,7.576685428619385,359
14330,SOCS6,11.895820617675781,7.5929388999938965,396
14331,SOCS7,12.154253959655762,6.830289840698242,396
14332,SOD1,53.65176773071289,12.814847946166992,196
14333,SOD3,68.75048065185547,-11.11555004119873,217
14334,SOGA3,-3.382394552230835,-1.0957783460617065,254
14335,SOHLH1,6.5190324783325195,16.070995330810547,332
14336,SOHLH2,25.915428161621094,5.969904899597168,421
14337,SON,-16.14113998413086,4.726869106292725,165
14338,SORBS1,2.843350410461426,0.012702924199402332,389
14339,SORBS2,2.8300278186798096,-0.36096224188804626,389
14340,SORBS3,5.707207679748535,1.918415904045105,354
14341,SORCS1,53.43185043334961,-13.253412246704102,179
14342,SORCS2,53.56997299194336,-12.751304626464844,179
14343,SORCS3,53.53089904785156,-13.021655082702637,179
14344,SORD,65.1565933227539,4.909770488739014,358
14345,SORL1,52.776390075683594,-15.993326187133789,168
14346,SORT1,53.84254455566406,-12.653108596801758,179
14347,SOS1,9.4208402633667,-1.472076654434204,365
14348,SOS2,9.035313606262207,-1.382944941520691,365
14349,SOST,77.6092758178711,-13.952091217041016,209
14350,SOSTDC1,77.32374572753906,-14.012843132019043,209
14351,SOWAHA,9.659170150756836,10.169245719909668,352
14352,SOWAHB,7.793127536773682,9.92728042602539,352
14353,SOWAHC,10.031096458435059,10.528440475463867,352
14354,SOX1,-19.160921096801758,18.395370483398438,191
14355,SOX10,-17.020418167114258,16.319194793701172,190
14356,SOX11,-18.246170043945312,17.427690505981445,191
14357,SOX12,8.205523490905762,13.35897159576416,314
14358,SOX13,-12.803771018981934,13.707111358642578,269
14359,SOX14,-19.59425163269043,18.05025291442871,191
14360,SOX15,-11.83485221862793,18.035572052001953,242
14361,SOX17,-15.889852523803711,17.070049285888672,190
14362,SOX18,-10.721148490905762,17.4830379486084,242
14363,SOX2,-19.864187240600586,17.846725463867188,191
14364,SOX21,-19.197965621948242,18.27696418762207,191
14365,SOX30,-5.435112953186035,13.694696426391602,237
14366,SOX4,-18.132429122924805,17.67673110961914,191
14367,SOX5,-15.16578197479248,12.542817115783691,273
14368,SOX6,-15.427734375,12.50582218170166,273
14369,SOX7,-14.941001892089844,16.51592445373535,190
14370,SOX8,-16.131256103515625,16.924968719482422,190
14371,SOX9,-16.25456428527832,15.781078338623047,190
14372,SP1,-19.936569213867188,11.636544227600098,264
14373,SP100,22.99711799621582,5.796045303344727,421
14374,SP110,21.8248233795166,5.877908706665039,373
14375,SP140,22.36328887939453,5.33757209777832,373
14376,SP140L,22.53313446044922,6.059377193450928,373
14377,SP2,-19.071685791015625,11.002984046936035,264
14378,SP3,-19.233999252319336,11.657458305358887,264
14379,SP4,-18.78864860534668,11.222037315368652,264
14380,SP5,-27.75889778137207,15.770455360412598,143
14381,SP6,-28.80957794189453,15.180582046508789,143
14382,SP7,-27.07256317138672,16.251243591308594,143
14383,SP8,-23.776611328125,17.222515106201172,193
14384,SP9,-23.78136444091797,17.39491844177246,193
14385,SPA17,-4.978976726531982,0.8929641842842102,245
14386,SPAAR,20.20244598388672,24.183229446411133,228
14387,SPACA1,20.135305404663086,28.954547882080078,230
14388,SPACA3,73.02373504638672,-13.286152839660645,218
14389,SPACA4,79.11273193359375,-16.63304328918457,200
14390,SPACA6,68.72515869140625,-11.014559745788574,217
14391,SPACA7,12.460055351257324,17.638025283813477,342
14392,SPACA9,14.025269508361816,16.230857849121094,338
14393,SPAG1,28.825294494628906,2.885502815246582,307
14394,SPAG11A,89.62395477294922,-16.076745986938477,107
14395,SPAG11B,89.70864868164062,-15.95206356048584,107
14396,SPAG16,51.89722442626953,23.535003662109375,70
14397,SPAG17,-3.546342372894287,-1.1926649808883667,254
14398,SPAG4,61.850704193115234,-5.90117073059082,212
14399,SPAG5,-10.259108543395996,-1.866379976272583,253
14400,SPAG6,26.2374267578125,-4.944038391113281,319
14401,SPAG7,30.952552795410156,13.586799621582031,448
14402,SPAG8,3.188591957092285,18.192535400390625,275
14403,SPAG9,0.3276101350784302,-1.6066516637802124,240
14404,SPAM1,69.67564392089844,-4.978306293487549,204
14405,SPARC,69.48420715332031,-13.664984703063965,218
14406,SPARCL1,5.154475688934326,19.525978088378906,274
14407,SPART,40.9694938659668,-0.8517698645591736,284
14408,SPAST,33.98227310180664,2.173450231552124,437
14409,SPATA1,9.440203666687012,2.8086071014404297,362
14410,SPATA12,12.098496437072754,20.97760581970215,324
14411,SPATA16,29.181747436523438,7.522891521453857,450
14412,SPATA17,-6.358214855194092,0.9424789547920227,245
14413,SPATA18,6.77295446395874,4.652727127075195,363
14414,SPATA19,13.382036209106445,18.60202980041504,323
14415,SPATA2,8.535648345947266,6.7180352210998535,387
14416,SPATA20,49.27466583251953,0.5282443761825562,296
14417,SPATA21,1.6591901779174805,12.484148025512695,320
14418,SPATA22,7.11784029006958,8.283498764038086,404
14419,SPATA24,28.23432159423828,10.621291160583496,427
14420,SPATA25,10.986226081848145,17.87616729736328,329
14421,SPATA2L,9.566082954406738,6.631071090698242,395
14422,SPATA3,12.028915405273438,20.08680534362793,324
14423,SPATA31A1,78.20380401611328,-34.36006546020508,54
14424,SPATA31A3,78.79745483398438,-34.106529235839844,54
14425,SPATA31A5,78.17952728271484,-34.204917907714844,54
14426,SPATA31A6,78.00236511230469,-34.10357666015625,54
14427,SPATA31A7,78.47836303710938,-34.35316467285156,54
14428,SPATA31D1,78.5696792602539,-34.4160270690918,54
14429,SPATA31D3,78.73902130126953,-33.908687591552734,54
14430,SPATA31D4,78.7612533569336,-33.73468017578125,54
14431,SPATA31E1,78.89114379882812,-34.160888671875,54
14432,SPATA32,3.931086301803589,16.46719741821289,275
14433,SPATA33,15.136801719665527,16.43282699584961,338
14434,SPATA4,6.254795551300049,16.607152938842773,332
14435,SPATA45,14.19674301147461,18.91706085205078,323
14436,SPATA46,14.140213966369629,15.937361717224121,338
14437,SPATA48,2.8007493019104004,18.30845069885254,275
14438,SPATA5,38.48263931274414,1.9028751850128174,432
14439,SPATA5L1,42.26396560668945,2.987830400466919,334
14440,SPATA6,7.466135501861572,1.9279935359954834,354
14441,SPATA6L,4.760204315185547,1.8753167390823364,389
14442,SPATA7,-2.8636813163757324,1.197867751121521,250
14443,SPATA9,15.904780387878418,18.225637435913086,323
14444,SPATC1,-0.20821140706539154,13.463220596313477,145
14445,SPATC1L,22.782663345336914,8.77685260772705,398
14446,SPATS1,7.652830600738525,16.79732894897461,331
14447,SPATS2,6.028112411499023,0.9390822052955627,389
14448,SPATS2L,6.971014022827148,0.15895023941993713,354
14449,SPC24,28.942546844482422,8.546090126037598,450
14450,SPC25,28.4665584564209,9.620698928833008,447
14451,SPCS1,8.831952095031738,-20.127304077148438,139
14452,SPCS2,13.230302810668945,-20.26265525817871,149
14453,SPCS3,52.862274169921875,-7.545666694641113,184
14454,SPDEF,-13.330410957336426,15.948314666748047,234
14455,SPDL1,-14.532709121704102,-3.9404196739196777,259
14456,SPDYA,26.485214233398438,7.925100803375244,450
14457,SPDYC,18.611021041870117,13.240386962890625,346
14458,SPDYE1,-4.626861572265625,26.110031127929688,62
14459,SPDYE16,-4.513489723205566,25.853967666625977,62
14460,SPDYE17,-4.791905403137207,25.834514617919922,62
14461,SPDYE2,-5.185441493988037,25.875308990478516,62
14462,SPDYE2B,-4.802510738372803,25.88092613220215,62
14463,SPDYE3,-4.660763263702393,25.775571823120117,62
14464,SPDYE4,-4.288586139678955,25.578998565673828,62
14465,SPDYE5,-4.365856647491455,25.950332641601562,62
14466,SPDYE6,-4.797577381134033,25.896116256713867,62
14467,SPECC1,-4.841911792755127,-2.3635153770446777,254
14468,SPECC1L,-5.524374961853027,-2.822805166244507,252
14469,SPEF1,16.003276824951172,10.917776107788086,382
14470,SPEF2,-4.909461498260498,-1.0935229063034058,254
14471,SPEG,35.655452728271484,-12.71142292022705,80
14472,SPEGNB,36.99308776855469,-12.525106430053711,80
14473,SPEM1,12.20003890991211,17.598474502563477,342
14474,SPEM2,1.849545955657959,16.372156143188477,281
14475,SPEM3,1.1614899635314941,15.790691375732422,281
14476,SPESP1,81.4706802368164,-17.569862365722656,206
14477,SPG11,19.201677322387695,-7.500383377075195,278
14478,SPG21,54.25823974609375,1.2780321836471558,291
14479,SPG7,43.99989700317383,2.3869292736053467,435
14480,SPHK1,57.91813278198242,1.8963359594345093,348
14481,SPHK2,37.805625915527344,2.7541956901550293,438
14482,SPHKAP,-2.7549500465393066,4.848001480102539,299
14483,SPI1,-13.617524147033691,15.988954544067383,234
14484,SPIB,-13.369528770446777,16.06981658935547,234
14485,SPIC,-13.360143661499023,16.207292556762695,234
14486,SPICE1,-2.4822707176208496,3.095629930496216,300
14487,SPIDR,32.4569206237793,-0.6688364744186401,336
14488,SPIN1,15.420257568359375,4.376004695892334,409
14489,SPINDOC,8.750894546508789,14.01309585571289,314
14490,SPINK1,80.79489135742188,-18.09491539001465,206
14491,SPINK13,81.22464752197266,-18.380434036254883,206
14492,SPINK14,81.2581787109375,-18.409303665161133,206
14493,SPINK2,80.43937683105469,-17.741291046142578,206
14494,SPINK4,80.79267883300781,-18.0123348236084,206
14495,SPINK5,65.41226196289062,-10.180814743041992,211
14496,SPINK6,80.86017608642578,-18.208953857421875,206
14497,SPINK7,80.73831939697266,-18.035615921020508,206
14498,SPINK8,80.8989028930664,-18.04088020324707,206
14499,SPINK9,81.26214599609375,-18.449491500854492,206
14500,SPINT1,63.48854064941406,-14.21707534790039,197
14501,SPINT2,20.663305282592773,26.86635398864746,229
14502,SPINT3,81.3297348022461,-18.741317749023438,206
14503,SPINT4,81.63841247558594,-18.960803985595703,206
14504,SPIRE1,10.340934753417969,2.003004789352417,374
14505,SPIRE2,10.219236373901367,2.4919252395629883,378
14506,SPN,9.384617805480957,25.981632232666016,147
14507,SPNS1,19.57176971435547,-27.983802795410156,137
14508,SPNS2,18.78449249267578,-28.15508460998535,137
14509,SPNS3,18.913366317749023,-28.00282859802246,137
14510,SPO11,34.06413269042969,6.770725250244141,364
14511,SPOCD1,5.827494144439697,9.105876922607422,404
14512,SPOCK1,68.41089630126953,-13.531105995178223,198
14513,SPOCK2,68.5141830444336,-13.455001831054688,198
14514,SPOCK3,66.67618560791016,-13.917145729064941,198
14515,SPON1,61.91419219970703,-15.6406831741333,197
14516,SPON2,69.02249145507812,-11.728992462158203,217
14517,SPOP,31.93779754638672,5.342133522033691,444
14518,SPOPL,31.35793113708496,5.249579429626465,444
14519,SPOUT1,48.99478530883789,6.49324369430542,456
14520,SPP1,4.251555442810059,19.268455505371094,275
14521,SPP2,72.3552017211914,-12.539732933044434,218
14522,SPPL2A,23.100679397583008,-22.567644119262695,129
14523,SPPL2B,22.94480323791504,-22.531166076660156,129
14524,SPPL2C,28.238357543945312,-21.122013092041016,132
14525,SPPL3,15.872384071350098,-22.139421463012695,159
14526,SPR,58.052730560302734,3.758347988128662,348
14527,SPRED1,14.855483055114746,6.4846930503845215,381
14528,SPRED2,15.36865520477295,7.744275093078613,359
14529,SPRED3,8.586115837097168,10.359147071838379,330
14530,SPRN,16.566164016723633,14.722355842590332,339
14531,SPRR1A,-99.20095825195312,-44.490360260009766,8
14532,SPRR1B,-99.85851287841797,-44.757591247558594,8
14533,SPRR2A,-99.61902618408203,-44.18434143066406,8
14534,SPRR2B,-99.78114318847656,-44.88533401489258,8
14535,SPRR2D,-99.66938018798828,-44.642112731933594,8
14536,SPRR2E,-99.91830444335938,-44.44050979614258,8
14537,SPRR2F,-99.35874938964844,-44.7808837890625,8
14538,SPRR2G,-99.53385162353516,-44.5810546875,8
14539,SPRR3,-99.3988265991211,-44.27022171020508,8
14540,SPRR4,-99.23251342773438,-44.66401290893555,8
14541,SPRR5,-99.32395935058594,-44.667327880859375,8
14542,SPRTN,22.461877822875977,9.007729530334473,398
14543,SPRY1,20.815961837768555,18.15763282775879,279
14544,SPRY2,21.03713035583496,18.163820266723633,279
14545,SPRY4,20.19141960144043,17.725339889526367,279
14546,SPRYD3,40.51205062866211,6.348578453063965,432
14547,SPRYD4,47.73369598388672,7.495524883270264,433
14548,SPRYD7,42.69041061401367,6.986884593963623,436
14549,SPSB1,34.26477813720703,6.678936958312988,364
14550,SPSB2,39.49285888671875,7.205023765563965,391
14551,SPSB3,31.61581039428711,9.06586742401123,428
14552,SPSB4,33.27851867675781,6.009685516357422,364
14553,SPTA1,8.26664924621582,-10.155951499938965,102
14554,SPTAN1,9.025915145874023,-9.977128982543945,102
14555,SPTB,8.607366561889648,-10.126852035522461,102
14556,SPTBN1,8.43867015838623,-9.950923919677734,102
14557,SPTBN2,8.580985069274902,-10.056589126586914,102
14558,SPTBN4,9.026410102844238,-9.661153793334961,102
14559,SPTBN5,9.098194122314453,-9.999706268310547,102
14560,SPTLC1,56.150901794433594,2.434664487838745,292
14561,SPTLC2,59.59814453125,2.2695069313049316,349
14562,SPTLC3,64.73643493652344,3.0591111183166504,358
14563,SPTSSA,9.312503814697266,-20.043495178222656,139
14564,SPTSSB,8.743587493896484,-19.72618293762207,139
14565,SPTY2D1,5.414702892303467,9.00555419921875,404
14566,SPTY2D1OS,17.688196182250977,20.74001121520996,260
14567,SPX,90.88998413085938,-16.412553787231445,107
14568,SPZ1,-12.963048934936523,-0.36550652980804443,255
14569,SQLE,66.1625747680664,-1.1616618633270264,244
14570,SQOR,58.94395065307617,4.581644058227539,349
14571,SQSTM1,23.61965560913086,8.880199432373047,392
14572,SRA1,29.148216247558594,12.680261611938477,442
14573,SRARP,12.437854766845703,19.922807693481445,324
14574,SRBD1,29.903282165527344,3.064724922180176,307
14575,SRC,62.88368606567383,36.119964599609375,68
14576,SRCAP,-7.8072190284729,6.328970432281494,272
14577,SRCIN1,2.84084415435791,0.7152847647666931,389
14578,SRD5A1,14.637874603271484,-23.529348373413086,159
14579,SRD5A2,13.490991592407227,-23.86879539489746,158
14580,SRD5A3,15.327527046203613,-23.83637809753418,159
14581,SREBF1,24.607643127441406,-0.9141187071800232,305
14582,SREBF2,-1.5720824003219604,7.137725830078125,298
14583,SREK1,-20.45970916748047,4.590299129486084,166
14584,SREK1IP1,-17.386188507080078,4.490241050720215,165
14585,SRF,-13.51746940612793,11.56141471862793,269
14586,SRFBP1,27.01314926147461,11.481163024902344,442
14587,SRGAP2,8.98902702331543,-2.1667892932891846,365
14588,SRGAP2B,8.918416976928711,-2.314312696456909,365
14589,SRGAP2C,9.668351173400879,-2.126371383666992,365
14590,SRGAP3,9.106913566589355,-1.8799104690551758,365
14591,SRGN,90.65367126464844,-16.18990135192871,107
14592,SRI,-38.77398681640625,-6.3547868728637695,43
14593,SRL,33.43111038208008,2.843207359313965,444
14594,SRM,49.40446472167969,6.022860050201416,457
14595,SRMS,61.90400695800781,35.927574157714844,68
14596,SRP14,46.00954818725586,15.755166053771973,322
14597,SRP19,36.550445556640625,11.845160484313965,371
14598,SRP54,42.804298400878906,3.8034865856170654,429
14599,SRP68,33.132537841796875,-3.5219972133636475,295
14600,SRP72,32.94681167602539,-4.123842716217041,295
14601,SRP9,45.73794174194336,14.750677108764648,321
14602,SRPK1,57.52776336669922,37.24885177612305,69
14603,SRPK2,58.59393310546875,37.14181137084961,69
14604,SRPRA,39.95948791503906,3.7453038692474365,432
14605,SRPRB,49.8752555847168,2.573441982269287,423
14606,SRR,61.40518569946289,5.40424919128418,355
14607,SRRD,38.51167297363281,9.227106094360352,361
14608,SRRM1,-21.569719314575195,4.137971878051758,166
14609,SRRM2,-20.787137985229492,4.327312469482422,166
14610,SRRM3,-21.104215621948242,4.401107311248779,166
14611,SRRM4,-21.91329574584961,4.17474889755249,166
14612,SRRM5,-22.12986946105957,4.6198906898498535,166
14613,SRRT,-10.855277061462402,6.197017669677734,272
14614,SRSF1,-22.806476593017578,4.583991527557373,166
14615,SRSF10,-22.971525192260742,4.253679275512695,166
14616,SRSF11,-20.898771286010742,4.507430553436279,166
14617,SRSF12,-22.618701934814453,4.397838115692139,166
14618,SRSF2,-23.643001556396484,4.21941614151001,166
14619,SRSF3,-23.40755271911621,3.9706296920776367,166
14620,SRSF4,-21.31696319580078,4.4697346687316895,166
14621,SRSF5,-23.465248107910156,4.225726127624512,166
14622,SRSF6,-23.15842056274414,4.529842376708984,166
14623,SRSF7,-23.584449768066406,4.217634677886963,166
14624,SRSF8,-22.793615341186523,4.326822280883789,166
14625,SRSF9,-21.215118408203125,6.448739051818848,267
14626,SRXN1,28.395763397216797,10.527050971984863,427
14627,SS18,-13.02303409576416,9.982638359069824,272
14628,SS18L1,-12.314363479614258,9.902152061462402,272
14629,SS18L2,37.508514404296875,13.903679847717285,371
14630,SSB,36.21195602416992,13.211223602294922,371
14631,SSBP1,59.748756408691406,14.474276542663574,287
14632,SSBP2,-13.371790885925293,11.809062957763672,269
14633,SSBP3,-14.651813507080078,11.880239486694336,273
14634,SSBP4,-15.421844482421875,11.681522369384766,273
14635,SSC4D,64.8945083618164,-17.477615356445312,197
14636,SSC5D,61.54326629638672,-13.9187650680542,197
14637,SSH2,1.983009934425354,3.07491135597229,407
14638,SSH3,13.918926239013672,0.40386340022087097,415
14639,SSMEM1,13.208709716796875,17.82350730895996,333
14640,SSNA1,37.423667907714844,15.97047233581543,171
14641,SSPN,2.120048761367798,-22.076135635375977,105
14642,SSR1,55.10029602050781,-7.116398334503174,185
14643,SSR2,55.506980895996094,-7.404733657836914,185
14644,SSR3,11.401351928710938,-20.48566436767578,139
14645,SSRP1,33.28030014038086,10.589387893676758,445
14646,SST,92.34185028076172,-16.707965850830078,107
14647,SSTR1,-104.58860778808594,-18.89900779724121,14
14648,SSTR2,-104.35618591308594,-18.511581420898438,14
14649,SSTR3,-103.83252716064453,-19.14757537841797,14
14650,SSTR4,-104.82664489746094,-18.954036712646484,14
14651,SSTR5,-104.73767852783203,-19.15639305114746,14
14652,SSU72,45.484554290771484,9.413320541381836,422
14653,SSUH2,29.543807983398438,7.464297771453857,450
14654,SSX2IP,-4.974808692932129,-0.030402302742004395,254
14655,ST13,35.260467529296875,9.941064834594727,369
14656,ST14,68.19035339355469,-19.7314395904541,118
14657,ST18,6.69873046875,6.464810371398926,388
14658,ST3GAL1,78.91085815429688,-4.121845722198486,199
14659,ST3GAL2,79.0296401977539,-4.062264919281006,199
14660,ST3GAL3,79.19798278808594,-4.018988132476807,199
14661,ST3GAL4,79.3001937866211,-3.9731783866882324,199
14662,ST3GAL5,78.17960357666016,-4.251094818115234,199
14663,ST3GAL6,79.15803527832031,-4.0641326904296875,199
14664,ST6GAL1,78.07830810546875,-4.270016670227051,199
14665,ST6GAL2,76.36729431152344,-4.63992977142334,205
14666,ST6GALNAC1,76.12181854248047,-4.594920635223389,205
14667,ST6GALNAC2,78.90070343017578,-4.024856090545654,199
14668,ST6GALNAC3,78.98038482666016,-4.0917582511901855,199
14669,ST6GALNAC4,78.92176818847656,-4.15826940536499,199
14670,ST6GALNAC5,78.0638427734375,-4.265363693237305,199
14671,ST6GALNAC6,79.21257781982422,-4.082302093505859,199
14672,ST7,36.32014846801758,-4.353815078735352,295
14673,ST7L,36.23263931274414,-1.5756686925888062,432
14674,ST8SIA1,78.78437042236328,-4.13741397857666,199
14675,ST8SIA2,79.63623046875,-4.089757442474365,199
14676,ST8SIA3,79.3138198852539,-3.947521448135376,199
14677,ST8SIA4,79.05654907226562,-4.12239408493042,199
14678,ST8SIA6,79.04029846191406,-4.118397235870361,199
14679,STAB1,53.82822036743164,-17.783681869506836,168
14680,STAB2,55.023868560791016,-17.7049617767334,168
14681,STAC,15.225602149963379,2.4724273681640625,366
14682,STAC2,16.569053649902344,2.8680360317230225,413
14683,STAC3,19.128732681274414,5.631371021270752,372
14684,STAG1,19.830533981323242,-4.273253440856934,297
14685,STAG3,22.068634033203125,-4.276686191558838,297
14686,STAM,-9.534363746643066,9.178069114685059,272
14687,STAM2,-10.055318832397461,8.934639930725098,272
14688,STAMBP,24.23429298400879,9.287609100341797,392
14689,STAMBPL1,23.9996280670166,7.72544527053833,420
14690,STAP1,15.548036575317383,2.7393462657928467,366
14691,STAP2,13.90709400177002,3.594236135482788,366
14692,STAR,50.446414947509766,8.36520767211914,431
14693,STARD10,49.78632354736328,8.644062042236328,431
14694,STARD13,5.93211030960083,0.9135100245475769,389
14695,STARD3,16.360336303710938,-20.055097579956055,153
14696,STARD3NL,7.4669599533081055,-21.244556427001953,139
14697,STARD4,48.85881423950195,7.336724758148193,434
14698,STARD5,48.79464340209961,8.07241153717041,434
14699,STARD6,48.94676971435547,8.416187286376953,434
14700,STARD7,53.363075256347656,9.521285057067871,353
14701,STAT1,18.06314468383789,-1.7760452032089233,377
14702,STAT2,17.480178833007812,-1.6338475942611694,377
14703,STAT3,17.574466705322266,-1.5306177139282227,377
14704,STAT4,18.030746459960938,-1.683271884918213,377
14705,STAT5A,17.60294532775879,-1.4517285823822021,377
14706,STAT5B,18.028873443603516,-1.4164034128189087,377
14707,STAT6,18.153078079223633,-1.3595436811447144,377
14708,STATH,5.053039073944092,23.447477340698242,155
14709,STAU1,19.308732986450195,5.989307880401611,372
14710,STAU2,19.792200088500977,5.578339099884033,372
14711,STBD1,12.92756175994873,12.252665519714355,335
14712,STC1,76.40813446044922,-14.222332954406738,219
14713,STC2,74.30879974365234,-14.444855690002441,219
14714,STEAP1,18.823366165161133,-23.396757125854492,160
14715,STEAP1B,17.191789627075195,-23.179227828979492,162
14716,STEAP2,20.51860237121582,-23.3559627532959,148
14717,STEAP3,20.09847640991211,-23.126102447509766,148
14718,STEAP4,20.535104751586914,-23.491226196289062,148
14719,STH,12.58142375946045,21.018482208251953,324
14720,STIL,4.490235805511475,7.0216569900512695,401
14721,STIM1,4.899590969085693,1.532927393913269,389
14722,STIM2,6.728725910186768,2.5497806072235107,354
14723,STIMATE,18.186338424682617,-22.05988311767578,160
14724,STIP1,36.65142059326172,-4.822976589202881,295
14725,STK10,-0.44829627871513367,-2.5878007411956787,240
14726,STK11,55.50014877319336,37.68730926513672,69
14727,STK11IP,23.003700256347656,-1.3767719268798828,305
14728,STK16,56.651912689208984,37.23368835449219,69
14729,STK17A,55.7916374206543,37.69771194458008,69
14730,STK17B,56.28659439086914,37.413002014160156,69
14731,STK19,46.56570816040039,7.101550579071045,433
14732,STK24,57.782859802246094,36.91135787963867,69
14733,STK25,57.56088638305664,37.19752502441406,69
14734,STK3,57.82539367675781,36.87697982788086,69
14735,STK31,29.576824188232422,2.4240918159484863,307
14736,STK32A,55.87285232543945,38.064361572265625,69
14737,STK32B,56.19532775878906,37.92167663574219,69
14738,STK32C,55.58243179321289,38.61263656616211,69
14739,STK33,55.798641204833984,37.72024917602539,69
14740,STK35,55.65583801269531,37.144039154052734,69
14741,STK36,28.822391510009766,-3.216115951538086,312
14742,STK38,57.6632080078125,37.21058654785156,69
14743,STK38L,57.82260513305664,37.291324615478516,69
14744,STK39,57.792884826660156,36.597103118896484,69
14745,STK4,57.968875885009766,36.792964935302734,69
14746,STK40,56.145599365234375,37.37421417236328,69
14747,STKLD1,29.072357177734375,-3.220186471939087,312
14748,STMN1,32.065799713134766,15.702719688415527,326
14749,STMN2,31.690128326416016,15.578152656555176,326
14750,STMN3,31.368986129760742,15.9299898147583,326
14751,STMN4,31.66241455078125,15.556366920471191,326
14752,STMND1,7.8247456550598145,16.608983993530273,331
14753,STMP1,66.64546203613281,16.74750328063965,163
14754,STN1,44.21601486206055,7.145831108093262,436
14755,STOM,50.302330017089844,-0.24627800285816193,296
14756,STOML1,53.78483581542969,-0.6217020153999329,270
14757,STOML2,64.0536880493164,7.270480155944824,293
14758,STOML3,50.353694915771484,0.06598372757434845,296
14759,STON1,8.72207260131836,5.45211124420166,387
14760,STON2,8.61512279510498,3.6925759315490723,387
14761,STOX1,1.5038955211639404,6.09893798828125,411
14762,STOX2,-1.2968177795410156,4.293148994445801,299
14763,STPG1,2.770313262939453,19.13759994506836,275
14764,STPG2,2.1662163734436035,19.063875198364258,275
14765,STPG3,7.285982608795166,18.7979793548584,154
14766,STPG4,2.1037580966949463,19.15829086303711,275
14767,STRA6,20.650100708007812,-22.69581413269043,129
14768,STRA8,9.904927253723145,17.228002548217773,329
14769,STRADA,29.6385440826416,5.215456962585449,451
14770,STRADB,31.228952407836914,4.877013206481934,444
14771,STRAP,51.35932159423828,23.295846939086914,70
14772,STRBP,20.09267234802246,5.114367485046387,372
14773,STRC,33.47373962402344,-1.9459364414215088,294
14774,STRIP1,24.700862884521484,-1.7342350482940674,317
14775,STRIP2,24.680086135864258,-1.7193433046340942,317
14776,STRIT1,21.2441463470459,22.89927864074707,228
14777,STRN3,49.09535217285156,22.16023063659668,70
14778,STRN4,49.86226272583008,22.422883987426758,70
14779,STT3A,22.636760711669922,-23.307544708251953,129
14780,STT3B,21.836015701293945,-23.157339096069336,129
14781,STUB1,27.778989791870117,11.59832763671875,427
14782,STUM,17.591323852539062,-17.99323081970215,128
14783,STX10,35.83273696899414,17.907455444335938,172
14784,STX11,36.8728141784668,17.904420852661133,172
14785,STX12,37.12174987792969,17.92498016357422,172
14786,STX16,36.79951095581055,18.039989471435547,172
14787,STX17,38.39556884765625,16.72858238220215,171
14788,STX18,36.37430953979492,17.957019805908203,172
14789,STX19,36.39137649536133,17.811641693115234,172
14790,STX1A,36.84649658203125,18.291889190673828,172
14791,STX1B,36.75325393676758,18.475521087646484,172
14792,STX2,36.66239547729492,18.10797882080078,172
14793,STX3,36.812889099121094,18.34539031982422,172
14794,STX4,36.3046875,18.07564353942871,172
14795,STX5,36.154457092285156,18.160694122314453,172
14796,STX6,36.58781433105469,18.015928268432617,172
14797,STX8,36.58597946166992,18.287572860717773,172
14798,STXBP1,35.37179946899414,0.558242678642273,337
14799,STXBP2,34.48735809326172,1.1619378328323364,337
14800,STXBP3,35.68965530395508,1.0300686359405518,337
14801,STXBP5,48.80371856689453,21.653295516967773,70
14802,STXBP5L,48.76099395751953,21.395366668701172,70
14803,STXBP6,22.965883255004883,1.440100073814392,301
14804,STYK1,67.01090240478516,33.20012283325195,65
14805,STYX,41.19744110107422,8.267892837524414,391
14806,STYXL1,44.489139556884766,5.757160663604736,436
14807,SUB1,35.16181564331055,14.560711860656738,367
14808,SUCLA2,69.4791259765625,6.582640171051025,356
14809,SUCLG1,70.1866226196289,7.455158233642578,356
14810,SUCLG2,69.20258331298828,6.45188570022583,356
14811,SUCNR1,-110.66236877441406,-18.544219970703125,14
14812,SUCO,50.8402099609375,-5.527315616607666,236
14813,SUDS3,23.468608856201172,10.708009719848633,390
14814,SUFU,24.557662963867188,7.418877601623535,420
14815,SUGCT,66.6139907836914,6.5141777992248535,356
14816,SUGP1,25.033809661865234,10.215102195739746,390
14817,SUGP2,6.54788064956665,6.3551201820373535,363
14818,SULF1,61.88969421386719,-12.200407981872559,203
14819,SULF2,61.469242095947266,-11.703286170959473,203
14820,SULT1A1,79.51963806152344,2.602320432662964,108
14821,SULT1A2,79.59260559082031,2.6711742877960205,108
14822,SULT1A3,79.682373046875,2.615250587463379,108
14823,SULT1A4,79.67357635498047,2.576110363006592,108
14824,SULT1B1,80.00306701660156,2.5991768836975098,108
14825,SULT1C2,79.8201904296875,2.6575422286987305,108
14826,SULT1C3,79.59425354003906,2.5517051219940186,108
14827,SULT1C4,79.68919372558594,2.6393930912017822,108
14828,SULT1E1,79.73745727539062,2.7427914142608643,108
14829,SULT2A1,79.33267211914062,2.4002091884613037,108
14830,SULT2B1,78.87834167480469,2.6563994884490967,108
14831,SULT4A1,77.4099349975586,2.82643461227417,108
14832,SULT6B1,79.03562927246094,2.596378803253174,108
14833,SUMF1,61.07918930053711,-3.4199090003967285,212
14834,SUMF2,61.85372543334961,-4.6170549392700195,212
14835,SUMO1,46.84363555908203,14.821634292602539,322
14836,SUMO2,47.35917282104492,14.989615440368652,322
14837,SUMO3,46.26996994018555,14.831439018249512,322
14838,SUMO4,45.364288330078125,15.426276206970215,173
14839,SUN1,25.579010009765625,0.0071956319734454155,308
14840,SUN2,23.203025817871094,-0.5381197333335876,305
14841,SUN3,68.06936645507812,-7.8510541915893555,201
14842,SUN5,66.39356994628906,-6.6796159744262695,212
14843,SUOX,47.146602630615234,3.2016563415527344,424
14844,SUPT16H,31.127357482910156,9.565722465515137,428
14845,SUPT20H,-12.441424369812012,9.43996810913086,272
14846,SUPT3H,25.23699951171875,1.6851171255111694,308
14847,SUPT4H1,45.952178955078125,14.135814666748047,321
14848,SUPT5H,34.339595794677734,4.279296398162842,443
14849,SUPT6H,33.59935760498047,4.629276275634766,443
14850,SUPT7L,27.889739990234375,7.094527244567871,450
14851,SUPV3L1,40.0677604675293,3.334333658218384,432
14852,SURF1,57.86933898925781,11.156214714050293,327
14853,SURF2,28.114761352539062,12.55583381652832,442
14854,SURF4,13.456563949584961,-22.43634605407715,156
14855,SURF6,37.12722396850586,13.332381248474121,371
14856,SUSD1,62.14982986450195,-15.678938865661621,197
14857,SUSD2,60.44851303100586,-12.024092674255371,203
14858,SUSD3,19.47735023498535,27.280683517456055,220
14859,SUSD4,60.813724517822266,-13.638169288635254,197
14860,SUSD5,60.31797790527344,-11.75484561920166,203
14861,SUSD6,17.174997329711914,26.749732971191406,220
14862,SUV39H2,29.572206497192383,7.466044902801514,450
14863,SUZ12,19.82172203063965,9.355749130249023,383
14864,SV2A,23.728044509887695,-27.991804122924805,142
14865,SV2C,23.51039695739746,-28.2484188079834,142
14866,SVBP,29.949291229248047,13.030498504638672,449
14867,SVEP1,53.702457427978516,-17.74195098876953,168
14868,SVIL,3.011519432067871,3.129732608795166,407
14869,SVIP,29.396215438842773,14.402703285217285,449
14870,SVOP,19.42655372619629,-28.375598907470703,137
14871,SVOPL,19.932472229003906,-28.83697509765625,137
14872,SWAP70,-6.290889263153076,-2.5519237518310547,256
14873,SWI5,24.744510650634766,15.226266860961914,290
14874,SWSAP1,44.20150375366211,8.322070121765137,436
14875,SWT1,4.267780303955078,6.565474033355713,401
14876,SYBU,9.89255428314209,6.04368782043457,395
14877,SYCE1,-14.574989318847656,-1.7667135000228882,249
14878,SYCE1L,-14.355557441711426,-1.626778244972229,249
14879,SYCE2,13.86661148071289,16.09235382080078,338
14880,SYCE3,21.67363739013672,14.723114013671875,290
14881,SYCN,75.24542236328125,-15.831220626831055,219
14882,SYCP1,-14.301395416259766,-3.5256123542785645,259
14883,SYCP2,5.88029670715332,4.953001499176025,363
14884,SYCP2L,7.190573692321777,3.2685508728027344,354
14885,SYCP3,10.854239463806152,8.413830757141113,396
14886,SYDE1,10.945137023925781,4.252991676330566,381
14887,SYDE2,4.8958048820495605,5.275104999542236,401
14888,SYF2,30.17171287536621,13.453839302062988,449
14889,SYK,62.65593338012695,36.122802734375,68
14890,SYMPK,24.079023361206055,-4.432409763336182,317
14891,SYN2,21.589481353759766,2.537658452987671,400
14892,SYN3,22.345916748046875,1.366573691368103,301
14893,SYNC,5.807088375091553,13.86640739440918,314
14894,SYNCRIP,-20.509429931640625,7.209601879119873,266
14895,SYNDIG1,21.539737701416016,19.167098999023438,279
14896,SYNDIG1L,20.21608543395996,19.572568893432617,279
14897,SYNE4,12.482162475585938,15.736045837402344,342
14898,SYNGAP1,2.512809991836548,1.311908483505249,389
14899,SYNGR1,1.7421996593475342,-22.510211944580078,105
14900,SYNGR2,2.1348750591278076,-22.16908836364746,105
14901,SYNGR3,3.376889944076538,-22.00457191467285,105
14902,SYNGR4,0.28583502769470215,-22.944852828979492,104
14903,SYNJ1,8.894766807556152,-0.6900950074195862,365
14904,SYNJ2,8.71223258972168,0.8539660573005676,365
14905,SYNJ2BP,23.3856258392334,3.7229785919189453,373
14906,SYNM,2.2225539684295654,11.64979362487793,320
14907,SYNPO,0.4439393877983093,10.17322826385498,320
14908,SYNPO2,0.2635822296142578,9.630703926086426,320
14909,SYNPO2L,0.28260329365730286,10.29151725769043,320
14910,SYNPR,2.268444776535034,-22.148130416870117,105
14911,SYNRG,-6.385994911193848,7.569026470184326,271
14912,SYPL1,2.0435686111450195,-21.945226669311523,105
14913,SYPL2,0.7633534669876099,-22.49522590637207,105
14914,SYS1,10.10140323638916,-20.92095947265625,139
14915,SYT1,16.477998733520508,-4.519217491149902,368
14916,SYT10,16.35240936279297,-4.1791205406188965,368
14917,SYT11,16.536273956298828,-4.682877540588379,368
14918,SYT12,16.279634475708008,-4.0702714920043945,368
14919,SYT13,16.22820472717285,-3.780622959136963,368
14920,SYT14,16.412940979003906,-0.9820007085800171,393
14921,SYT15,17.155330657958984,-4.120940685272217,368
14922,SYT17,16.711658477783203,-4.289699077606201,368
14923,SYT2,16.45602798461914,-4.266753673553467,368
14924,SYT3,16.290874481201172,-4.731794834136963,368
14925,SYT4,16.479738235473633,-4.64088249206543,368
14926,SYT5,16.902502059936523,-4.244814395904541,368
14927,SYT6,16.39457893371582,-4.3811564445495605,368
14928,SYT7,16.073108673095703,-4.512514591217041,368
14929,SYT8,16.94535255432129,-4.272933483123779,368
14930,SYT9,15.937110900878906,-4.2701897621154785,368
14931,SYTL1,17.413393020629883,-2.664947748184204,377
14932,SYTL2,3.037069797515869,3.8582074642181396,407
14933,SYTL3,16.30797004699707,1.4515527486801147,417
14934,SYVN1,24.149185180664062,-18.837648391723633,126
14935,SZRD1,25.453184127807617,13.164544105529785,351
14936,TAAR1,-105.33314514160156,-17.437448501586914,14
14937,TAAR2,-104.67200469970703,-17.698936462402344,14
14938,TAAR5,-104.90540313720703,-17.75902557373047,14
14939,TAAR6,-104.86711120605469,-17.792240142822266,14
14940,TAAR8,-104.0816650390625,-17.45937156677246,14
14941,TAAR9,-104.8519287109375,-17.720458984375,14
14942,TAB1,27.769651412963867,4.979372978210449,394
14943,TAB2,-11.263280868530273,10.146968841552734,272
14944,TAC1,91.72148895263672,-16.581300735473633,107
14945,TAC3,91.78618621826172,-16.220245361328125,107
14946,TAC4,90.5796890258789,-16.408395767211914,107
14947,TACC1,-2.548593759536743,3.1014082431793213,300
14948,TACC2,-2.1170847415924072,4.177002906799316,299
14949,TACC3,-2.5996551513671875,3.541720390319824,300
14950,TACO1,59.07831573486328,11.309844970703125,328
14951,TACR1,-104.51493072509766,-18.430965423583984,14
14952,TACR2,-104.37370300292969,-19.046863555908203,14
14953,TACR3,-103.91549682617188,-18.235197067260742,14
14954,TACSTD2,20.367094039916992,29.778152465820312,230
14955,TADA1,29.04030418395996,6.092076301574707,451
14956,TADA2A,17.841697692871094,6.731587886810303,380
14957,TADA2B,15.708673477172852,6.435598373413086,359
14958,TADA3,24.07174301147461,10.639200210571289,390
14959,TAF10,25.581951141357422,12.944296836853027,351
14960,TAF11,31.01445770263672,11.963170051574707,455
14961,TAF12,29.512163162231445,10.536039352416992,427
14962,TAF13,37.91914367675781,13.096713066101074,371
14963,TAF15,-21.117202758789062,7.161637306213379,267
14964,TAF1A,32.1220703125,-4.205470085144043,295
14965,TAF1B,35.62023162841797,5.2473955154418945,360
14966,TAF1C,33.66432189941406,-2.000593900680542,294
14967,TAF1D,7.039882659912109,11.792845726013184,330
14968,TAF1L,-7.330954074859619,4.67033576965332,272
14969,TAF2,26.14685821533203,-5.095213413238525,319
14970,TAF3,3.9609830379486084,8.064291000366211,403
14971,TAF4,-15.316252708435059,10.448633193969727,273
14972,TAF4B,-15.725608825683594,10.468496322631836,273
14973,TAF5,49.803524017333984,22.476627349853516,70
14974,TAF5L,50.17723083496094,22.698694229125977,70
14975,TAF6,-2.0516059398651123,8.861834526062012,320
14976,TAF6L,13.768841743469238,6.146665096282959,381
14977,TAF7,30.323698043823242,12.70051383972168,449
14978,TAF8,26.893278121948242,10.072833061218262,410
14979,TAF9,27.59958267211914,10.293490409851074,427
14980,TAFA1,73.42557525634766,-16.079938888549805,219
14981,TAFA2,73.4516830444336,-16.0827693939209,219
14982,TAFA3,74.74977111816406,-16.07562255859375,219
14983,TAFA4,74.03321075439453,-16.10047149658203,219
14984,TAFA5,74.43743896484375,-16.25423240661621,219
14985,TAGAP,4.132245063781738,4.426791667938232,407
14986,TAGLN,26.135555267333984,3.3894801139831543,308
14987,TAGLN2,25.7138729095459,3.172659397125244,308
14988,TAGLN3,26.14592170715332,3.2621448040008545,308
14989,TAL1,-10.98086166381836,17.990215301513672,242
14990,TAL2,-5.960599422454834,16.002933502197266,237
14991,TALDO1,68.07940673828125,6.729055881500244,356
14992,TAMM41,52.04715347290039,4.900753021240234,439
14993,TANC1,10.349205017089844,-2.574796199798584,365
14994,TANGO2,55.38231658935547,4.015283107757568,440
14995,TANGO6,26.35767364501953,-4.4826579093933105,319
14996,TANK,1.582789421081543,5.373164176940918,411
14997,TAOK2,-2.353067398071289,-0.6083268523216248,250
14998,TAOK3,1.6221637725830078,-2.9842288494110107,240
14999,TAP1,34.4052619934082,-18.75657081604004,130
15000,TAP2,33.971946716308594,-18.423316955566406,130
15001,TAPBP,17.21186637878418,32.60544204711914,223
15002,TAPBPL,16.67117691040039,32.56543731689453,223
15003,TAPT1,18.423818588256836,-21.71170425415039,160
15004,TARBP1,21.418344497680664,-7.012256145477295,278
15005,TARBP2,40.68634033203125,7.462291717529297,391
15006,TARDBP,-19.715072631835938,7.94568395614624,265
15007,TARM1,11.488622665405273,36.21913146972656,225
15008,TARS2,48.153846740722656,2.6303937435150146,423
15009,TAS1R1,35.758644104003906,-21.048181533813477,115
15010,TAS1R2,35.866878509521484,-20.926647186279297,115
15011,TAS1R3,35.57711410522461,-20.77292823791504,115
15012,TAS2R1,-119.97850036621094,-21.339269638061523,13
15013,TAS2R10,-120.48408508300781,-21.699176788330078,13
15014,TAS2R13,-120.56068420410156,-21.573060989379883,13
15015,TAS2R14,-120.30650329589844,-21.238754272460938,13
15016,TAS2R16,-120.43669891357422,-21.1105899810791,13
15017,TAS2R19,-120.3023910522461,-21.787343978881836,13
15018,TAS2R20,-120.70636749267578,-21.69931411743164,13
15019,TAS2R3,-120.08240509033203,-21.54034996032715,13
15020,TAS2R30,-120.2529296875,-21.356386184692383,13
15021,TAS2R31,-120.26578521728516,-21.79844093322754,13
15022,TAS2R38,-119.54328155517578,-21.31688117980957,13
15023,TAS2R39,-120.22857666015625,-21.475229263305664,13
15024,TAS2R4,-120.31505584716797,-21.50205421447754,13
15025,TAS2R40,-120.05242919921875,-21.444467544555664,13
15026,TAS2R41,-119.67648315429688,-21.34851837158203,13
15027,TAS2R42,-120.45658874511719,-21.537887573242188,13
15028,TAS2R43,-120.53272247314453,-21.56730079650879,13
15029,TAS2R46,-120.8737564086914,-21.439640045166016,13
15030,TAS2R5,-120.4293212890625,-21.53168487548828,13
15031,TAS2R50,-120.76991271972656,-21.177383422851562,13
15032,TAS2R60,-119.71072387695312,-21.36264419555664,13
15033,TAS2R7,-120.83648681640625,-21.451675415039062,13
15034,TAS2R8,-120.226318359375,-21.866859436035156,13
15035,TAS2R9,-120.67814636230469,-21.760787963867188,13
15036,TASOR,3.1159372329711914,3.988119125366211,407
15037,TASOR2,-1.323449969291687,4.66373348236084,299
15038,TASP1,54.579498291015625,4.148627281188965,440
15039,TAT,66.64923858642578,3.3716607093811035,358
15040,TATDN1,53.126617431640625,5.896162033081055,453
15041,TATDN2,9.321843147277832,6.87811279296875,387
15042,TATDN3,54.78255844116211,5.60291862487793,441
15043,TAX1BP1,-9.053455352783203,-3.7292275428771973,248
15044,TAX1BP3,21.35773277282715,4.19399356842041,373
15045,TBATA,8.014904022216797,16.087539672851562,331
15046,TBC1D1,12.065862655639648,-0.8625064492225647,375
15047,TBC1D10A,14.339051246643066,1.120262861251831,415
15048,TBC1D10B,16.03911590576172,3.259700298309326,413
15049,TBC1D10C,15.270041465759277,0.6411519050598145,416
15050,TBC1D12,17.87703514099121,-0.6254264116287231,376
15051,TBC1D13,24.2196102142334,0.3066033124923706,305
15052,TBC1D14,18.2830867767334,-0.4746960699558258,376
15053,TBC1D15,22.98821449279785,-1.6095855236053467,305
15054,TBC1D16,15.493902206420898,0.48145875334739685,416
15055,TBC1D17,21.493425369262695,-0.9898845553398132,297
15056,TBC1D19,23.071857452392578,-2.2242166996002197,305
15057,TBC1D2,14.954202651977539,-0.017007330432534218,415
15058,TBC1D20,26.14089584350586,1.0687607526779175,309
15059,TBC1D21,24.4999942779541,0.2837125360965729,308
15060,TBC1D22A,19.92798614501953,-0.46051234006881714,376
15061,TBC1D22B,25.216726303100586,0.6308582425117493,308
15062,TBC1D23,31.35942268371582,1.3540534973144531,402
15063,TBC1D24,23.944820404052734,0.48092415928840637,305
15064,TBC1D26,139.92086791992188,-7.541897773742676,9
15065,TBC1D28,139.84458923339844,-7.5267791748046875,9
15066,TBC1D2B,17.565305709838867,-0.4788346588611603,376
15067,TBC1D3,139.65106201171875,-7.83220100402832,9
15068,TBC1D30,7.244273662567139,2.5869874954223633,354
15069,TBC1D31,2.0335042476654053,-1.1751699447631836,240
15070,TBC1D32,23.1997013092041,-4.86468505859375,310
15071,TBC1D3B,140.22854614257812,-7.872715473175049,9
15072,TBC1D3C,140.23634338378906,-7.371751308441162,9
15073,TBC1D3D,139.67044067382812,-7.329659938812256,9
15074,TBC1D3E,140.35916137695312,-7.718868255615234,9
15075,TBC1D3F,139.89266967773438,-7.543213844299316,9
15076,TBC1D3G,139.76449584960938,-7.348568916320801,9
15077,TBC1D3H,139.96304321289062,-7.263985633850098,9
15078,TBC1D3I,140.24061584472656,-7.611995220184326,9
15079,TBC1D3K,140.0685272216797,-7.798729419708252,9
15080,TBC1D3L,139.81069946289062,-7.923203468322754,9
15081,TBC1D4,11.158299446105957,-0.605747640132904,374
15082,TBC1D5,12.713489532470703,-1.2176806926727295,375
15083,TBC1D7,31.731903076171875,2.9471688270568848,402
15084,TBC1D8,17.56693458557129,-2.368068218231201,377
15085,TBC1D9,16.58022689819336,-2.7773566246032715,377
15086,TBC1D9B,16.478973388671875,-2.8560853004455566,377
15087,TBCA,38.95651626586914,16.44198989868164,171
15088,TBCB,31.85564422607422,8.004075050354004,450
15089,TBCC,31.2351131439209,10.624619483947754,454
15090,TBCCD1,34.71076965332031,3.47285532951355,437
15091,TBCD,25.742496490478516,-4.644632816314697,319
15092,TBCEL,86.9359130859375,18.984941482543945,86
15093,TBCK,23.347623825073242,-2.2728688716888428,317
15094,TBK1,24.432483673095703,1.101406216621399,308
15095,TBKBP1,2.8730955123901367,5.929117679595947,412
15096,TBL1XR1,51.03776931762695,23.45696449279785,70
15097,TBL2,52.01005935668945,23.46184539794922,70
15098,TBL3,51.421607971191406,23.11334991455078,70
15099,TBP,-15.554191589355469,11.777189254760742,273
15100,TBPL1,37.77040481567383,8.113850593566895,425
15101,TBPL2,15.934208869934082,16.345794677734375,338
15102,TBR1,-17.52103614807129,15.670112609863281,190
15103,TBRG1,24.32017707824707,7.494445323944092,420
15104,TBRG4,38.474369049072266,0.8197556734085083,432
15105,TBX1,-17.997661590576172,17.438879013061523,191
15106,TBX10,-15.964961051940918,16.11895179748535,190
15107,TBX15,-17.513652801513672,15.602231979370117,190
15108,TBX18,-17.192888259887695,15.93936824798584,190
15109,TBX19,-16.649085998535156,15.495583534240723,190
15110,TBX2,-19.246965408325195,17.89925193786621,191
15111,TBX20,-16.698545455932617,16.292421340942383,190
15112,TBX21,-18.0330810546875,16.137495040893555,190
15113,TBX3,-18.79826545715332,17.803741455078125,191
15114,TBX4,-17.072891235351562,16.185556411743164,190
15115,TBX5,-17.395109176635742,15.837575912475586,190
15116,TBX6,-15.317584991455078,16.773616790771484,190
15117,TBXA2R,-105.47245788574219,-19.166194915771484,14
15118,TBXAS1,96.8245849609375,0.29540276527404785,71
15119,TBXT,-16.741418838500977,16.011709213256836,190
15120,TC2N,17.080366134643555,-3.7274818420410156,368
15121,TCAF1,54.18894577026367,-3.155366897583008,270
15122,TCAF2,49.3724250793457,-2.7673115730285645,170
15123,TCAIM,34.429927825927734,1.864680528640747,337
15124,TCAP,15.153606414794922,17.281877517700195,338
15125,TCEA1,29.322071075439453,10.802847862243652,427
15126,TCEA2,17.128374099731445,9.996521949768066,384
15127,TCEA3,15.359342575073242,9.990126609802246,382
15128,TCEANC2,35.81883239746094,6.603973388671875,360
15129,TCERG1,-11.79606819152832,7.176017761230469,272
15130,TCERG1L,0.23315775394439697,8.199803352355957,320
15131,TCF12,-12.589750289916992,12.32461929321289,269
15132,TCF15,-7.56884241104126,18.647226333618164,239
15133,TCF19,12.485618591308594,9.096491813659668,379
15134,TCF20,-9.397197723388672,7.737549781799316,272
15135,TCF21,-9.675504684448242,19.028898239135742,241
15136,TCF23,-7.973026752471924,18.186433792114258,239
15137,TCF24,-8.334945678710938,18.639463424682617,239
15138,TCF25,31.504783630371094,7.916291236877441,450
15139,TCF3,-12.9646577835083,12.324469566345215,269
15140,TCF4,-11.913883209228516,12.226202964782715,269
15141,TCF7,-20.615840911865234,16.771451950073242,191
15142,TCF7L1,-18.949525833129883,15.765300750732422,190
15143,TCF7L2,-18.883115768432617,15.764719009399414,190
15144,TCFL5,14.366475105285645,11.462937355041504,341
15145,TCHH,-17.92741584777832,-1.0664069652557373,249
15146,TCHHL1,2.758296489715576,17.554893493652344,275
15147,TCHP,-11.86983871459961,-0.9373902678489685,255
15148,TCIM,18.661264419555664,17.330812454223633,344
15149,TCIRG1,28.981287002563477,-23.5236759185791,132
15150,TCL1A,43.489784240722656,10.293163299560547,347
15151,TCL1B,43.52899932861328,10.608399391174316,347
15152,TCN1,69.15265655517578,-9.654964447021484,216
15153,TCN2,67.79052734375,-8.489493370056152,201
15154,TCOF1,9.362668991088867,10.408851623535156,352
15155,TCP1,75.46946716308594,9.282672882080078,77
15156,TCP10L,11.827031135559082,16.16463279724121,342
15157,TCP11,28.704479217529297,1.9664459228515625,307
15158,TCP11L1,28.907670974731445,2.0137386322021484,307
15159,TCP11L2,28.708477020263672,2.82741117477417,307
15160,TCTA,21.376277923583984,21.855953216552734,228
15161,TCTE1,89.93463134765625,19.966028213500977,86
15162,TCTN1,44.87944030761719,-5.914178848266602,151
15163,TCTN2,44.90152359008789,-5.713273048400879,151
15164,TCTN3,45.61652755737305,-5.996333599090576,151
15165,TDG,39.34700393676758,8.120189666748047,361
15166,TDGF1,75.06358337402344,-14.940775871276855,219
15167,TDO2,54.278526306152344,3.4653897285461426,440
15168,TDP1,35.936153411865234,3.1605148315429688,438
15169,TDP2,40.43282699584961,5.608517646789551,432
15170,TDRD1,29.78763771057129,2.8573648929595947,307
15171,TDRD10,35.15951919555664,5.167174816131592,360
15172,TDRD12,31.050495147705078,2.118711471557617,402
15173,TDRD15,-2.4342827796936035,5.41096305847168,299
15174,TDRD3,5.089682579040527,4.842092037200928,401
15175,TDRD5,19.50519561767578,5.475383758544922,372
15176,TDRD6,-3.288041114807129,5.571012020111084,299
15177,TDRD7,31.80284309387207,2.1179146766662598,402
15178,TDRD9,33.31452941894531,1.2779541015625,337
15179,TDRKH,31.73918342590332,4.126604080200195,444
15180,TDRP,20.344154357910156,14.886944770812988,344
15181,TEAD1,-12.150004386901855,13.825583457946777,269
15182,TEAD2,-11.790958404541016,13.746596336364746,269
15183,TEAD3,-11.160436630249023,13.390063285827637,269
15184,TEAD4,-10.83914566040039,13.639918327331543,269
15185,TEC,63.12775421142578,35.96937561035156,68
15186,TECPR1,19.97002601623535,-2.9740326404571533,376
15187,TECPR2,18.533763885498047,-3.2710697650909424,377
15188,TECR,13.513310432434082,-24.280128479003906,158
15189,TECRL,15.054478645324707,-23.93916893005371,159
15190,TECTA,55.352542877197266,-17.33136558532715,168
15191,TECTB,57.86224365234375,-10.526959419250488,187
15192,TEDC1,31.437379837036133,5.718050956726074,451
15193,TEDC2,10.471114158630371,14.390000343322754,330
15194,TEDDM1,10.98154354095459,-24.354581832885742,146
15195,TEF,-7.12294340133667,15.817358016967773,237
15196,TEFM,49.79903793334961,8.080936431884766,431
15197,TEK,68.18014526367188,32.89210510253906,64
15198,TEKT1,-16.365070343017578,0.03747333213686943,249
15199,TEKT2,-16.109783172607422,0.25854259729385376,249
15200,TEKT3,-16.707754135131836,0.3580419421195984,249
15201,TEKT4,-16.585832595825195,0.3009614944458008,249
15202,TEKT5,-16.815776824951172,0.4910740852355957,249
15203,TELO2,29.29567527770996,-2.521604061126709,312
15204,TEN1,48.54293441772461,9.308601379394531,434
15205,TENM2,49.373504638671875,-15.775827407836914,181
15206,TENM3,49.45685577392578,-15.689334869384766,181
15207,TENT2,15.998553276062012,0.7060568928718567,416
15208,TENT4A,9.207822799682617,5.765825271606445,387
15209,TENT4B,17.677921295166016,6.1524834632873535,380
15210,TENT5A,17.918315887451172,10.432836532592773,384
15211,TENT5B,27.081159591674805,7.555406093597412,450
15212,TENT5C,25.401092529296875,7.451488971710205,420
15213,TEP1,18.218597412109375,-8.030309677124023,278
15214,TEPP,47.06364059448242,8.3706636428833,436
15215,TEPSIN,16.40467071533203,2.7572758197784424,413
15216,TERB1,12.177311897277832,3.9853625297546387,381
15217,TERB2,19.354887008666992,9.116182327270508,383
15218,TERF1,21.88968849182129,9.731670379638672,385
15219,TERF2,20.9315128326416,10.665197372436523,385
15220,TERF2IP,22.097442626953125,12.985605239868164,343
15221,TERT,42.197750091552734,4.026926040649414,432
15222,TES,15.681316375732422,9.570852279663086,382
15223,TESC,-41.53617858886719,-6.959473133087158,44
15224,TESK1,54.373802185058594,36.91510009765625,69
15225,TESK2,55.059669494628906,37.41143035888672,69
15226,TESMIN,10.511425018310547,14.183064460754395,330
15227,TESPA1,9.546613693237305,12.921631813049316,330
15228,TET1,-5.754645824432373,6.12510347366333,271
15229,TET2,-9.778388023376465,7.2674102783203125,272
15230,TET3,-8.364877700805664,6.783603668212891,272
15231,TEX10,24.823932647705078,-5.145648956298828,310
15232,TEX101,78.23058319091797,-16.260818481445312,200
15233,TEX12,17.916080474853516,15.188138008117676,340
15234,TEX14,3.583786964416504,3.698993444442749,407
15235,TEX15,-2.025026559829712,6.191435813903809,298
15236,TEX19,13.443082809448242,15.903209686279297,333
15237,TEX2,8.644155502319336,3.8516082763671875,387
15238,TEX22,12.10279655456543,20.414104461669922,324
15239,TEX26,2.4912099838256836,18.47458267211914,275
15240,TEX261,10.033049583435059,-21.168216705322266,139
15241,TEX264,48.763763427734375,7.188167095184326,456
15242,TEX29,19.235734939575195,25.68910789489746,228
15243,TEX30,51.18189239501953,6.710271835327148,431
15244,TEX33,8.377214431762695,17.269752502441406,331
15245,TEX35,12.693544387817383,17.27980613708496,342
15246,TEX36,9.19454574584961,18.541234970092773,329
15247,TEX37,2.769312620162964,18.439056396484375,275
15248,TEX38,12.391621589660645,16.984752655029297,342
15249,TEX43,6.599311828613281,17.72542381286621,332
15250,TEX44,6.184080123901367,16.97591209411621,332
15251,TEX45,2.62070369720459,18.722349166870117,275
15252,TEX46,15.985481262207031,19.92928123474121,260
15253,TEX47,39.30411911010742,6.282199859619141,426
15254,TEX48,16.015199661254883,18.605751037597656,323
15255,TEX49,13.761956214904785,19.138198852539062,323
15256,TEX50,18.10130500793457,20.624343872070312,260
15257,TEX51,68.38899230957031,-10.913558006286621,217
15258,TEX52,7.777535915374756,16.548160552978516,331
15259,TEX53,14.789027214050293,19.201866149902344,323
15260,TEX54,15.997537612915039,17.72506332397461,338
15261,TEX55,3.668959617614746,17.172664642333984,275
15262,TEX9,-8.839591026306152,-0.5855013728141785,251
15263,TFAM,59.06285095214844,12.442785263061523,328
15264,TFAP2A,-22.622501373291016,18.019433975219727,193
15265,TFAP2B,-23.00760269165039,17.922283172607422,193
15266,TFAP2C,-22.65045928955078,17.561758041381836,193
15267,TFAP2D,-22.897403717041016,18.073047637939453,193
15268,TFAP2E,-22.613872528076172,17.7629337310791,193
15269,TFAP4,-9.139032363891602,13.40195083618164,237
15270,TFB1M,52.58259582519531,7.113107204437256,452
15271,TFB2M,52.75433349609375,8.008296012878418,452
15272,TFCP2,-10.559158325195312,12.332901000976562,269
15273,TFCP2L1,-11.06863021850586,13.1429443359375,269
15274,TFDP1,1.8800430297851562,11.495986938476562,320
15275,TFDP2,-0.5318201184272766,11.974672317504883,320
15276,TFEB,-8.198171615600586,14.459691047668457,237
15277,TFEC,-7.6020965576171875,14.902972221374512,237
15278,TFF1,80.67485809326172,-17.98173713684082,206
15279,TFF2,80.36544036865234,-17.84796714782715,206
15280,TFF3,80.14092254638672,-17.759178161621094,206
15281,TFG,-12.63122272491455,9.713294982910156,272
15282,TFIP11,37.88297653198242,3.8030059337615967,430
15283,TFPI,70.83576965332031,-15.549548149108887,215
15284,TFPI2,71.16636657714844,-15.158859252929688,215
15285,TFPT,21.08110809326172,14.528833389282227,346
15286,TFR2,62.05039978027344,-4.207158088684082,212
15287,TFRC,60.40701675415039,-4.686837196350098,214
15288,TG,52.27090835571289,-17.184934616088867,168
15289,TGDS,55.80120086669922,4.224433422088623,440
15290,TGFA,20.29462432861328,25.27008628845215,228
15291,TGFB1,78.07960510253906,-11.058773040771484,188
15292,TGFB1I1,13.749886512756348,9.730948448181152,379
15293,TGFB2,77.44483947753906,-11.14799690246582,188
15294,TGFB3,78.1864242553711,-11.144755363464355,188
15295,TGFBI,61.8163948059082,-11.280542373657227,203
15296,TGFBR1,66.7273941040039,33.260711669921875,65
15297,TGFBR2,66.69757843017578,33.28337478637695,65
15298,TGFBR3,59.1123046875,-12.413848876953125,187
15299,TGFBR3L,18.63786506652832,17.000049591064453,344
15300,TGFBRAP1,29.746747970581055,-4.316565990447998,313
15301,TGIF1,-5.357010364532471,14.942363739013672,237
15302,TGIF2,-7.254817008972168,14.784651756286621,237
15303,TGM1,51.9853515625,-3.8213541507720947,236
15304,TGM2,51.6113166809082,-3.6786272525787354,236
15305,TGM3,52.17131805419922,-3.932169198989868,236
15306,TGM4,52.03484344482422,-3.888598918914795,236
15307,TGM5,52.49032211303711,-3.5456695556640625,236
15308,TGM6,51.99198913574219,-3.807522773742676,236
15309,TGM7,51.866188049316406,-3.7108407020568848,236
15310,TGOLN2,6.156511306762695,20.269323348999023,154
15311,TGS1,22.485858917236328,9.922203063964844,385
15312,TH,50.23355484008789,0.4924391806125641,296
15313,THADA,20.59881591796875,-7.041191577911377,278
15314,THAP1,17.758331298828125,12.625947952270508,346
15315,THAP10,14.544167518615723,13.175084114074707,341
15316,THAP11,14.486590385437012,12.602139472961426,341
15317,THAP12,8.956010818481445,12.19336223602295,330
15318,THAP2,17.35173988342285,12.720834732055664,341
15319,THAP3,16.67790412902832,12.871809959411621,341
15320,THAP4,9.523991584777832,8.184779167175293,395
15321,THAP5,7.265193939208984,9.2943696975708,404
15322,THAP6,15.54930305480957,11.787008285522461,341
15323,THAP7,18.055723190307617,13.142117500305176,346
15324,THAP8,16.217388153076172,13.11939811706543,341
15325,THAP9,8.876761436462402,11.974405288696289,330
15326,THBD,65.77864837646484,-14.307082176208496,198
15327,THBS1,62.14855194091797,-16.440412521362305,197
15328,THBS2,62.44245529174805,-16.305025100708008,197
15329,THBS3,62.89188766479492,-16.36689567565918,197
15330,THBS4,62.6768798828125,-16.338937759399414,197
15331,THEG,4.38579797744751,17.497905731201172,275
15332,THEGL,2.918142080307007,18.43955421447754,275
15333,THEM4,58.048851013183594,9.325665473937988,327
15334,THEM5,57.83959197998047,6.4973835945129395,349
15335,THEM6,53.31090545654297,6.921184062957764,453
15336,THEMIS,37.18850326538086,-1.2217434644699097,285
15337,THEMIS2,28.80744743347168,-0.12792405486106873,306
15338,THG1L,50.241600036621094,7.371885299682617,431
15339,THNSL1,41.21207046508789,4.806308269500732,432
15340,THNSL2,59.94420623779297,4.871394634246826,349
15341,THOC1,28.042753219604492,-0.14295296370983124,311
15342,THOC3,51.77959060668945,23.507221221923828,70
15343,THOC5,36.63957595825195,3.2157669067382812,438
15344,THOC6,52.18446731567383,23.145864486694336,70
15345,THOC7,32.53722381591797,11.85488224029541,445
15346,THOP1,54.879112243652344,-1.4143706560134888,270
15347,THPO,33.51531982421875,26.872230529785156,97
15348,THRA,-37.084476470947266,16.463687896728516,73
15349,THRAP3,-18.951908111572266,4.765507221221924,165
15350,THRB,-37.17993927001953,16.39186668395996,73
15351,THRSP,16.32283592224121,15.681877136230469,340
15352,THSD1,20.047454833984375,29.28147315979004,230
15353,THSD4,61.940757751464844,-16.045883178710938,197
15354,THSD7A,61.2158203125,-16.048229217529297,197
15355,THSD7B,61.15189743041992,-16.23145294189453,197
15356,THSD8,75.81015014648438,-12.309547424316406,188
15357,THTPA,45.51383972167969,6.547719478607178,436
15358,THUMPD1,35.26094436645508,9.507729530334473,369
15359,THUMPD2,43.46598815917969,6.522912502288818,436
15360,THUMPD3,40.39616775512695,6.695830345153809,391
15361,THY1,16.2980899810791,31.01084327697754,223
15362,THYN1,51.87410354614258,8.992239952087402,431
15363,TIA1,-19.405725479125977,10.4592866897583,263
15364,TIAL1,-19.283117294311523,9.152308464050293,263
15365,TIAM1,5.78128719329834,-0.30994826555252075,389
15366,TIAM2,5.024612903594971,-0.3801027536392212,389
15367,TICAM1,5.321523666381836,8.913725852966309,404
15368,TICAM2,31.041868209838867,4.753550052642822,444
15369,TICRR,3.3653481006622314,7.830819129943848,403
15370,TIE1,68.47454833984375,32.56039810180664,64
15371,TIFA,24.184232711791992,5.5344719886779785,421
15372,TIFAB,24.550289154052734,4.5899977684021,421
15373,TIGAR,46.90811538696289,6.292512893676758,433
15374,TIGD1,10.447080612182617,11.967748641967773,330
15375,TIGD2,10.827580451965332,12.24208927154541,330
15376,TIGD3,9.816047668457031,12.358654975891113,330
15377,TIGD4,10.86665153503418,12.322022438049316,330
15378,TIGD5,8.907692909240723,11.864527702331543,330
15379,TIGD6,11.017699241638184,12.347946166992188,330
15380,TIGD7,10.343282699584961,12.414813995361328,330
15381,TIGIT,14.682802200317383,32.664222717285156,223
15382,TIMD4,11.341690063476562,29.99282455444336,222
15383,TIMELESS,22.83243179321289,-4.565435886383057,317
15384,TIMM10,52.15423583984375,16.040184020996094,246
15385,TIMM10B,51.32594680786133,15.813075065612793,247
15386,TIMM13,51.74005889892578,15.669748306274414,247
15387,TIMM17A,68.74528503417969,15.746420860290527,163
15388,TIMM21,59.064857482910156,11.039881706237793,328
15389,TIMM22,68.56559753417969,15.820808410644531,163
15390,TIMM23,68.47662353515625,15.854475975036621,163
15391,TIMM23B,68.48677062988281,15.831771850585938,163
15392,TIMM29,50.87794876098633,9.236324310302734,431
15393,TIMM44,55.48122024536133,10.315746307373047,353
15394,TIMM50,55.524932861328125,8.686141967773438,353
15395,TIMM8B,51.71955871582031,15.77116870880127,247
15396,TIMM9,52.25792694091797,16.09748649597168,246
15397,TIMMDC1,68.48033905029297,15.81622314453125,163
15398,TIMP2,70.2039566040039,-12.686918258666992,218
15399,TIMP3,70.29613494873047,-12.870344161987305,218
15400,TIMP4,71.2112808227539,-12.53396987915039,218
15401,TINAG,67.86504364013672,-18.048791885375977,118
15402,TINAGL1,68.25357055664062,-14.361966133117676,198
15403,TINCR,34.41582489013672,13.290066719055176,367
15404,TINF2,16.590593338012695,14.037320137023926,339
15405,TIPARP,11.256095886230469,7.298081398010254,395
15406,TIPIN,30.53281021118164,12.144563674926758,455
15407,TIPRL,34.177085876464844,8.358417510986328,364
15408,TIRAP,27.35472297668457,5.92913293838501,394
15409,TJAP1,3.125579833984375,4.23345422744751,407
15410,TJP1,2.9933557510375977,0.0169008057564497,389
15411,TJP2,4.507706642150879,-0.3438724875450134,389
15412,TJP3,8.455118179321289,0.2938450276851654,365
15413,TK1,42.29563903808594,6.658653736114502,436
15414,TK2,54.664554595947266,8.155067443847656,353
15415,TKFC,63.12990188598633,4.336658477783203,358
15416,TKT,68.52960205078125,6.114487171173096,356
15417,TKTL2,65.49462127685547,5.7279052734375,293
15418,TLCD1,12.565832138061523,-24.216867446899414,157
15419,TLCD2,12.42521858215332,-24.226911544799805,157
15420,TLCD3A,12.169087409973145,-24.281553268432617,157
15421,TLCD3B,12.868863105773926,-24.213180541992188,157
15422,TLCD4,13.854990005493164,-24.560054779052734,158
15423,TLCD5,12.703569412231445,-24.219106674194336,157
15424,TLDC2,22.54986000061035,2.6927947998046875,301
15425,TLE1,48.551326751708984,23.198766708374023,70
15426,TLE2,48.1657600402832,23.095434188842773,70
15427,TLE3,48.43065643310547,23.31601333618164,70
15428,TLE4,48.64460372924805,23.285015106201172,70
15429,TLE5,-19.92047882080078,16.548025131225586,191
15430,TLE6,50.8670539855957,23.106870651245117,70
15431,TLE7,51.8966178894043,23.321144104003906,70
15432,TLK1,59.32828903198242,36.1370849609375,69
15433,TLK2,58.07103729248047,36.5898551940918,69
15434,TLL1,60.66671371459961,-15.327973365783691,197
15435,TLL2,61.03221893310547,-15.61204719543457,197
15436,TLN1,12.239466667175293,-9.476685523986816,277
15437,TLN2,12.201807022094727,-9.035222053527832,277
15438,TLNRD1,21.964189529418945,13.057929992675781,343
15439,TLR1,93.53343200683594,19.978731155395508,83
15440,TLR10,93.86006927490234,20.145797729492188,83
15441,TLR2,93.64837646484375,20.34357452392578,83
15442,TLR3,93.39044189453125,20.163686752319336,83
15443,TLR5,93.68292236328125,19.977907180786133,83
15444,TLR6,93.90929412841797,20.26424789428711,83
15445,TLR9,94.52033233642578,20.361351013183594,83
15446,TLX1,-23.9706974029541,19.97224998474121,194
15447,TLX2,-23.4786376953125,20.764297485351562,194
15448,TLX3,-23.515180587768555,20.767173767089844,194
15449,TM2D1,58.559783935546875,-8.980520248413086,187
15450,TM2D2,58.87636184692383,-9.444934844970703,187
15451,TM2D3,60.552127838134766,-9.726354598999023,187
15452,TM4SF1,-1.4051666259765625,-23.010486602783203,104
15453,TM4SF18,-0.8778663277626038,-22.485671997070312,104
15454,TM4SF19,-0.499133437871933,-23.28470230102539,104
15455,TM4SF20,-1.1342549324035645,-22.348896026611328,104
15456,TM4SF4,-1.1326984167099,-22.994720458984375,104
15457,TM4SF5,-0.8363814353942871,-22.975139617919922,104
15458,TM6SF1,16.95952606201172,-23.001705169677734,162
15459,TM6SF2,16.515050888061523,-23.11592674255371,159
15460,TM7SF2,13.92330551147461,-24.004549026489258,158
15461,TM7SF3,26.60786247253418,-21.238059997558594,132
15462,TM9SF1,24.78013801574707,-22.481714248657227,129
15463,TM9SF2,23.13907814025879,-22.55105972290039,129
15464,TM9SF3,23.880159378051758,-22.708030700683594,129
15465,TM9SF4,24.980480194091797,-22.747970581054688,129
15466,TMA16,35.996761322021484,13.310385704040527,371
15467,TMA7,43.213890075683594,16.526262283325195,173
15468,TMBIM1,-7.4714484214782715,11.505086898803711,272
15469,TMBIM4,10.319486618041992,-21.32944679260254,139
15470,TMBIM6,11.789753913879395,-21.93852996826172,150
15471,TMC1,28.80194664001465,-22.314695358276367,132
15472,TMC2,28.75189971923828,-22.217445373535156,132
15473,TMC3,29.376140594482422,-21.78634262084961,132
15474,TMC4,28.46221923828125,-22.42536163330078,132
15475,TMC5,28.901655197143555,-22.354907989501953,132
15476,TMC6,27.38347816467285,-22.441387176513672,132
15477,TMC7,28.492769241333008,-22.541215896606445,132
15478,TMC8,27.488780975341797,-22.589473724365234,132
15479,TMCC1,-1.1937321424484253,-0.45635828375816345,250
15480,TMCC2,-1.4279009103775024,-0.7542455196380615,250
15481,TMCC3,-3.3070225715637207,-1.1285860538482666,254
15482,TMCO1,10.11942195892334,-19.514629364013672,139
15483,TMCO2,17.329910278320312,20.347484588623047,260
15484,TMCO3,21.8064022064209,-24.968097686767578,148
15485,TMCO4,49.18687057495117,-2.6604115962982178,170
15486,TMCO5A,-15.4867525100708,-1.1301003694534302,249
15487,TMCO6,29.46140480041504,-2.4703142642974854,312
15488,TMED1,56.223358154296875,-7.087586879730225,185
15489,TMED10,55.25812530517578,-7.479881763458252,185
15490,TMED2,55.30058670043945,-7.492720127105713,185
15491,TMED3,55.440948486328125,-7.489673614501953,185
15492,TMED4,55.23807907104492,-7.320357322692871,185
15493,TMED5,55.243797302246094,-7.558647155761719,185
15494,TMED6,56.2275505065918,-7.250735282897949,185
15495,TMED7,55.155540466308594,-7.411970615386963,185
15496,TMED8,26.349613189697266,7.39493465423584,450
15497,TMED9,55.233154296875,-7.363982200622559,185
15498,TMEFF1,65.41603088378906,-15.212681770324707,197
15499,TMEFF2,64.53114318847656,-15.471656799316406,197
15500,TMEM100,20.342453002929688,22.106189727783203,228
15501,TMEM101,12.268895149230957,-22.85346794128418,150
15502,TMEM102,34.43148422241211,-0.46880659461021423,337
15503,TMEM104,20.807769775390625,-25.52113914489746,148
15504,TMEM106A,50.409969329833984,-6.900920867919922,183
15505,TMEM106C,50.22513961791992,-6.948924541473389,183
15506,TMEM107,9.009696960449219,-20.929895401000977,139
15507,TMEM108,9.023784637451172,25.229429244995117,147
15508,TMEM109,17.89145278930664,-20.290605545043945,140
15509,TMEM11,50.10175323486328,9.360023498535156,431
15510,TMEM114,-0.5026422142982483,-23.693532943725586,104
15511,TMEM115,18.310562133789062,-19.981149673461914,140
15512,TMEM116,-105.9463119506836,-19.49778938293457,14
15513,TMEM117,29.319557189941406,-14.557604789733887,98
15514,TMEM119,16.78861427307129,20.998571395874023,260
15515,TMEM120A,15.68661880493164,-23.887529373168945,159
15516,TMEM120B,18.572174072265625,-23.32707977294922,160
15517,TMEM121,16.582231521606445,-19.241125106811523,153
15518,TMEM121B,12.107638359069824,11.72281265258789,335
15519,TMEM123,10.047209739685059,26.04907989501953,147
15520,TMEM125,2.4387505054473877,-22.62860870361328,105
15521,TMEM126A,67.39497375488281,16.23961067199707,163
15522,TMEM126B,67.16285705566406,16.383644104003906,163
15523,TMEM127,0.34413814544677734,-23.221960067749023,104
15524,TMEM128,10.9459810256958,-20.747806549072266,139
15525,TMEM129,20.65280532836914,-14.977714538574219,127
15526,TMEM130,19.658235549926758,29.277009963989258,230
15527,TMEM131,9.879522323608398,-5.203592300415039,177
15528,TMEM131L,8.529659271240234,-4.2893195152282715,177
15529,TMEM132A,48.206573486328125,-14.170308113098145,181
15530,TMEM132B,49.60642623901367,-13.65162181854248,182
15531,TMEM132C,49.71819305419922,-13.643416404724121,182
15532,TMEM132D,49.7310791015625,-13.739124298095703,182
15533,TMEM132E,49.406494140625,-13.599666595458984,182
15534,TMEM134,22.635190963745117,17.230026245117188,280
15535,TMEM135,36.56705093383789,-39.03683090209961,39
15536,TMEM138,10.009780883789062,-20.888734817504883,139
15537,TMEM139,17.63072395324707,24.617582321166992,224
15538,TMEM140,0.04036831855773926,-23.468326568603516,104
15539,TMEM141,67.86482238769531,16.48050880432129,163
15540,TMEM143,42.16998291015625,2.0582921504974365,334
15541,TMEM144,20.015031814575195,-27.661270141601562,137
15542,TMEM145,20.864517211914062,-21.473297119140625,129
15543,TMEM147,11.078983306884766,-21.915498733520508,139
15544,TMEM14A,67.81925201416016,16.098756790161133,163
15545,TMEM14B,68.0621337890625,15.968344688415527,163
15546,TMEM14C,67.8804702758789,15.790875434875488,163
15547,TMEM150A,7.705554008483887,-23.896041870117188,139
15548,TMEM150B,4.5559983253479,-23.84160614013672,105
15549,TMEM150C,10.370587348937988,-24.42832374572754,146
15550,TMEM151A,22.323043823242188,-16.773006439208984,124
15551,TMEM151B,22.178157806396484,-16.814573287963867,124
15552,TMEM154,18.787948608398438,25.013566970825195,228
15553,TMEM156,15.371999740600586,31.13082504272461,223
15554,TMEM158,20.648412704467773,15.413087844848633,344
15555,TMEM160,58.20195770263672,11.564045906066895,328
15556,TMEM161A,17.39094352722168,-22.275007247924805,162
15557,TMEM161B,17.475351333618164,-22.261568069458008,162
15558,TMEM163,19.272363662719727,-24.6464900970459,148
15559,TMEM165,20.03969955444336,-24.133163452148438,148
15560,TMEM167A,8.52688980102539,-20.10841941833496,139
15561,TMEM167B,9.340205192565918,-20.109577178955078,139
15562,TMEM168,55.64947509765625,-1.8125765323638916,270
15563,TMEM169,21.124149322509766,18.13786506652832,279
15564,TMEM17,13.129762649536133,-21.198375701904297,150
15565,TMEM170A,9.737022399902344,-20.400493621826172,139
15566,TMEM170B,9.998865127563477,-20.043466567993164,139
15567,TMEM171,17.203001022338867,24.939281463623047,224
15568,TMEM174,16.94773292541504,24.558067321777344,224
15569,TMEM175,18.56009292602539,-24.526086807250977,161
15570,TMEM176A,-0.5701524615287781,-21.131624221801758,103
15571,TMEM176B,-0.6649280190467834,-21.173568725585938,103
15572,TMEM177,50.32929229736328,6.291512489318848,457
15573,TMEM178A,-1.4209295511245728,-23.982633590698242,104
15574,TMEM178B,-1.4767132997512817,-23.950334548950195,104
15575,TMEM179,0.8096134066581726,-22.6981143951416,104
15576,TMEM179B,2.0409700870513916,-22.152372360229492,105
15577,TMEM18,9.669631004333496,-20.391324996948242,139
15578,TMEM181,22.556638717651367,-22.442014694213867,129
15579,TMEM182,-0.8137988448143005,-23.526527404785156,104
15580,TMEM183A,25.974693298339844,6.83579683303833,420
15581,TMEM184A,18.343143463134766,-22.5811767578125,160
15582,TMEM184B,16.894126892089844,-21.415958404541016,153
15583,TMEM184C,19.626604080200195,-21.15846061706543,140
15584,TMEM185B,12.967094421386719,-20.838075637817383,149
15585,TMEM186,56.413963317871094,9.878957748413086,327
15586,TMEM19,17.216745376586914,-23.164649963378906,162
15587,TMEM190,73.66284942626953,-14.656426429748535,219
15588,TMEM191B,20.35875701904297,12.487096786499023,345
15589,TMEM191C,20.079191207885742,12.531859397888184,345
15590,TMEM192,16.804784774780273,-20.108734130859375,153
15591,TMEM196,-0.5734633207321167,-22.923503875732422,104
15592,TMEM198,16.99358558654785,-19.32954978942871,153
15593,TMEM199,17.341821670532227,-16.10781478881836,128
15594,TMEM200A,17.524354934692383,22.843460083007812,224
15595,TMEM200B,15.525975227355957,17.14838981628418,338
15596,TMEM200C,17.47012710571289,22.04427719116211,260
15597,TMEM201,15.504810333251953,7.469147205352783,359
15598,TMEM202,0.009027091786265373,-23.147523880004883,104
15599,TMEM203,12.474762916564941,-20.732585906982422,149
15600,TMEM204,-0.5456374287605286,-23.46169090270996,104
15601,TMEM205,56.053749084472656,-6.519174575805664,185
15602,TMEM207,17.426538467407227,24.724197387695312,224
15603,TMEM208,10.598127365112305,-20.575801849365234,139
15604,TMEM209,8.790743827819824,5.698225498199463,387
15605,TMEM210,17.959543228149414,24.538061141967773,224
15606,TMEM212,0.5142329335212708,-22.172231674194336,105
15607,TMEM213,79.41764831542969,-16.39862060546875,200
15608,TMEM214,29.76364517211914,-3.055431842803955,312
15609,TMEM215,17.01851463317871,23.28677749633789,224
15610,TMEM216,10.209383010864258,-21.301313400268555,139
15611,TMEM217,-105.3570556640625,-18.03007698059082,14
15612,TMEM218,10.817832946777344,-21.096826553344727,139
15613,TMEM219,61.002723693847656,-6.1540398597717285,212
15614,TMEM220,10.067556381225586,-20.995683670043945,139
15615,TMEM221,14.041955947875977,-19.59133529663086,149
15616,TMEM222,42.380836486816406,7.900801181793213,436
15617,TMEM223,58.22526550292969,10.827902793884277,328
15618,TMEM225,-0.38888514041900635,-23.313474655151367,104
15619,TMEM225B,-0.41049158573150635,-23.385852813720703,104
15620,TMEM229A,13.233983039855957,-23.998170852661133,158
15621,TMEM229B,12.640543937683105,-24.386037826538086,157
15622,TMEM230,21.058460235595703,22.384811401367188,228
15623,TMEM231,44.88445281982422,-6.015852928161621,151
15624,TMEM232,14.490877151489258,-2.1159071922302246,375
15625,TMEM233,20.248430252075195,21.29268455505371,228
15626,TMEM234,15.73331356048584,-22.1968936920166,159
15627,TMEM235,-0.7020599842071533,-23.38433265686035,104
15628,TMEM236,17.368057250976562,-19.735614776611328,140
15629,TMEM237,19.392995834350586,-23.866872787475586,148
15630,TMEM238,18.793832778930664,14.183963775634766,344
15631,TMEM238L,1.9803190231323242,-22.894521713256836,105
15632,TMEM239,16.750730514526367,-19.25311279296875,153
15633,TMEM240,19.6209716796875,-16.34857177734375,128
15634,TMEM241,17.5656681060791,-23.654773712158203,161
15635,TMEM242,67.9392318725586,16.108352661132812,163
15636,TMEM243,8.17303466796875,-20.674482345581055,139
15637,TMEM244,12.127067565917969,-21.273942947387695,150
15638,TMEM245,20.180866241455078,-22.032514572143555,129
15639,TMEM247,18.7247257232666,15.8333740234375,344
15640,TMEM248,55.06303405761719,-7.654752254486084,185
15641,TMEM249,52.42497634887695,-2.014207124710083,235
15642,TMEM25,20.138893127441406,30.327587127685547,230
15643,TMEM250,13.948710441589355,19.49424934387207,323
15644,TMEM251,9.707528114318848,-19.987937927246094,139
15645,TMEM252,17.599857330322266,25.057544708251953,224
15646,TMEM253,1.4231021404266357,-21.1579532623291,105
15647,TMEM254,12.897275924682617,-23.36896514892578,156
15648,TMEM255B,0.9998636245727539,-21.069379806518555,103
15649,TMEM256,65.56983947753906,15.116703033447266,163
15650,TMEM258,8.375545501708984,-20.221782684326172,139
15651,TMEM259,20.213659286499023,-21.405282974243164,129
15652,TMEM26,17.822214126586914,-21.420257568359375,160
15653,TMEM260,22.95610809326172,-21.65732765197754,129
15654,TMEM262,1.576761245727539,-22.70899200439453,105
15655,TMEM263,23.98047637939453,17.57390594482422,221
15656,TMEM265,21.1393985748291,19.72471046447754,279
15657,TMEM266,26.090864181518555,-18.01654815673828,126
15658,TMEM267,15.698173522949219,-23.309141159057617,159
15659,TMEM268,29.741853713989258,0.8575571179389954,306
15660,TMEM269,17.010915756225586,-22.95527458190918,162
15661,TMEM270,18.322446823120117,-19.882675170898438,140
15662,TMEM271,11.763978958129883,14.874396324157715,342
15663,TMEM272,7.134750843048096,-21.367263793945312,139
15664,TMEM273,20.165037155151367,24.646867752075195,228
15665,TMEM275,20.578975677490234,23.457651138305664,228
15666,TMEM30A,52.70064926147461,-8.427302360534668,184
15667,TMEM30B,52.56476974487305,-8.541090965270996,184
15668,TMEM33,12.57154369354248,-21.529495239257812,150
15669,TMEM35B,11.4185791015625,-22.66900634765625,150
15670,TMEM37,0.27182644605636597,-23.516061782836914,104
15671,TMEM38A,15.748866081237793,-22.955690383911133,159
15672,TMEM38B,15.479194641113281,-23.288644790649414,159
15673,TMEM39A,16.540205001831055,-20.63544273376465,153
15674,TMEM39B,16.255826950073242,-20.150339126586914,153
15675,TMEM40,22.28512191772461,17.430025100708008,221
15676,TMEM41A,16.48365592956543,-22.58245086669922,162
15677,TMEM41B,18.77273941040039,-23.491065979003906,161
15678,TMEM42,16.80975914001465,-23.329479217529297,162
15679,TMEM43,38.488929748535156,-4.24645471572876,286
15680,TMEM44,4.172978401184082,-20.453641891479492,105
15681,TMEM45A,11.069103240966797,-24.43181800842285,146
15682,TMEM45B,10.57677173614502,-24.571468353271484,146
15683,TMEM50A,7.8373823165893555,-21.275440216064453,139
15684,TMEM50B,7.809932708740234,-21.007287979125977,139
15685,TMEM51,17.563650131225586,25.107322692871094,224
15686,TMEM52,17.349590301513672,24.80815315246582,224
15687,TMEM52B,17.626054763793945,24.8925724029541,224
15688,TMEM53,55.71258544921875,0.975170373916626,291
15689,TMEM54,1.2704784870147705,-22.187108993530273,105
15690,TMEM59,54.45970153808594,-7.802842140197754,185
15691,TMEM59L,54.90061569213867,-8.73813247680664,185
15692,TMEM60,11.810912132263184,-21.188339233398438,150
15693,TMEM61,17.739971160888672,24.735410690307617,224
15694,TMEM62,19.53809356689453,-22.019245147705078,160
15695,TMEM63A,28.3441219329834,-22.673709869384766,132
15696,TMEM63B,29.131359100341797,-22.54065704345703,132
15697,TMEM63C,27.706863403320312,-22.611875534057617,132
15698,TMEM64,17.204570770263672,-19.327880859375,140
15699,TMEM65,58.82109069824219,10.724087715148926,328
15700,TMEM67,44.6286735534668,-5.985788345336914,151
15701,TMEM68,56.072044372558594,0.0910031795501709,291
15702,TMEM69,60.264793395996094,11.206364631652832,328
15703,TMEM70,59.30916213989258,11.207098007202148,328
15704,TMEM71,11.684320449829102,14.450626373291016,342
15705,TMEM72,4.474043846130371,-20.754911422729492,105
15706,TMEM74,20.407339096069336,21.722707748413086,228
15707,TMEM74B,20.101009368896484,21.386127471923828,228
15708,TMEM79,15.285277366638184,-22.299551010131836,159
15709,TMEM80,14.19792366027832,-21.84064483642578,152
15710,TMEM81,21.360475540161133,27.61758041381836,229
15711,TMEM82,18.332090377807617,-21.62070655822754,160
15712,TMEM86A,11.142971992492676,-23.314346313476562,146
15713,TMEM86B,12.439187049865723,-23.863040924072266,157
15714,TMEM87A,22.663484573364258,-22.219131469726562,129
15715,TMEM87B,22.74793243408203,-22.377559661865234,129
15716,TMEM88,15.10817813873291,-18.13701820373535,128
15717,TMEM88B,15.41510009765625,-19.3322811126709,153
15718,TMEM89,14.565932273864746,19.234804153442383,323
15719,TMEM9,53.33083724975586,-7.638941287994385,184
15720,TMEM91,20.42038345336914,20.489171981811523,228
15721,TMEM92,17.50469970703125,24.829992294311523,224
15722,TMEM94,36.8826789855957,-23.623414993286133,114
15723,TMEM95,68.05503845214844,-10.91819953918457,217
15724,TMEM97,13.798810958862305,-23.511301040649414,156
15725,TMEM98,32.88526153564453,10.398104667663574,445
15726,TMEM9B,22.505788803100586,24.841527938842773,228
15727,TMF1,-11.420514106750488,-3.4492571353912354,258
15728,TMIE,23.190732955932617,21.42167854309082,279
15729,TMIGD1,15.829976081848145,32.74308776855469,223
15730,TMIGD2,13.344297409057617,32.37675857543945,223
15731,TMIGD3,14.192581176757812,32.749229431152344,223
15732,TMOD1,31.881181716918945,4.007740020751953,444
15733,TMOD2,30.940101623535156,4.023812770843506,444
15734,TMOD3,30.525115966796875,3.3311429023742676,307
15735,TMOD4,32.2148551940918,3.62125301361084,444
15736,TMPO,8.9296293258667,9.768401145935059,352
15737,TMPPE,55.41319274902344,-1.703875184059143,270
15738,TMPRSS11A,69.9494857788086,-21.561269760131836,119
15739,TMPRSS11B,70.66649627685547,-22.331825256347656,119
15740,TMPRSS11D,70.87073516845703,-21.986440658569336,119
15741,TMPRSS11E,70.09832763671875,-21.610017776489258,119
15742,TMPRSS11F,70.25927734375,-21.782230377197266,119
15743,TMPRSS12,70.76116180419922,-22.33509635925293,119
15744,TMPRSS13,68.7312240600586,-20.337764739990234,118
15745,TMPRSS15,66.21304321289062,-18.816162109375,118
15746,TMPRSS2,69.3436279296875,-20.831132888793945,118
15747,TMPRSS3,68.70404052734375,-20.209938049316406,118
15748,TMPRSS4,69.50617980957031,-20.87308692932129,118
15749,TMPRSS5,68.38865661621094,-19.812013626098633,118
15750,TMPRSS6,66.80117797851562,-18.540042877197266,118
15751,TMPRSS7,66.48101043701172,-18.745603561401367,118
15752,TMPRSS9,69.14823913574219,-20.72016143798828,118
15753,TMSB10,44.37046432495117,16.107826232910156,173
15754,TMTC1,23.223867416381836,-21.361223220825195,129
15755,TMTC2,23.409500122070312,-21.269309997558594,129
15756,TMTC3,23.007287979125977,-21.165603637695312,129
15757,TMTC4,22.731311798095703,-21.505901336669922,129
15758,TMUB1,23.14167594909668,16.668546676635742,280
15759,TMUB2,23.90052604675293,17.149919509887695,221
15760,TMX1,54.855079650878906,-7.28492546081543,185
15761,TMX2,55.47383117675781,-3.187692403793335,270
15762,TMX3,54.01862716674805,-5.119204998016357,186
15763,TMX4,28.163196563720703,-10.035462379455566,98
15764,TNC,54.01836395263672,-17.59501838684082,168
15765,TNF,94.1915283203125,-9.572540283203125,93
15766,TNFAIP1,28.604413986206055,6.901913166046143,450
15767,TNFAIP2,26.850942611694336,-2.0111396312713623,311
15768,TNFAIP3,6.799652576446533,5.854495525360107,363
15769,TNFAIP6,73.1283187866211,-11.809279441833496,218
15770,TNFAIP8,30.02247428894043,10.045994758605957,427
15771,TNFAIP8L1,27.69784164428711,10.198644638061523,427
15772,TNFAIP8L2,29.401689529418945,10.210508346557617,427
15773,TNFAIP8L3,30.37297821044922,10.247869491577148,427
15774,TNFRSF10A,18.025127410888672,27.307249069213867,220
15775,TNFRSF10B,17.19359588623047,27.478721618652344,220
15776,TNFRSF10C,15.59202766418457,27.54753303527832,220
15777,TNFRSF10D,17.248403549194336,27.720691680908203,220
15778,TNFRSF11A,18.192716598510742,27.800739288330078,220
15779,TNFRSF11B,17.50176429748535,27.494346618652344,220
15780,TNFRSF12A,20.616899490356445,26.540224075317383,229
15781,TNFRSF13B,17.534345626831055,27.86442756652832,220
15782,TNFRSF13C,19.41421890258789,23.696609497070312,228
15783,TNFRSF14,17.281578063964844,27.85047149658203,220
15784,TNFRSF17,19.71269989013672,28.73582649230957,230
15785,TNFRSF18,17.884870529174805,27.708810806274414,220
15786,TNFRSF19,17.847488403320312,27.21603012084961,220
15787,TNFRSF1A,17.63364028930664,27.72534942626953,220
15788,TNFRSF1B,16.74033546447754,27.505630493164062,220
15789,TNFRSF21,17.71459197998047,27.137659072875977,220
15790,TNFRSF25,18.32724952697754,28.012779235839844,220
15791,TNFRSF4,16.4455623626709,28.344242095947266,220
15792,TNFRSF6B,68.40043640136719,-15.365821838378906,198
15793,TNFRSF8,17.421070098876953,27.731796264648438,220
15794,TNFRSF9,17.081554412841797,28.22420310974121,220
15795,TNFSF10,94.26168823242188,-9.549666404724121,93
15796,TNFSF11,94.1776123046875,-9.702963829040527,93
15797,TNFSF12,93.01702880859375,-10.133501052856445,93
15798,TNFSF13,93.4366226196289,-9.826264381408691,93
15799,TNFSF13B,94.27674102783203,-9.536890029907227,93
15800,TNFSF14,94.46500396728516,-9.245044708251953,93
15801,TNFSF15,94.2120361328125,-9.667021751403809,93
15802,TNFSF18,94.46485137939453,-9.583745956420898,93
15803,TNFSF4,94.80170440673828,-9.246550559997559,93
15804,TNFSF8,94.39875030517578,-9.602649688720703,93
15805,TNFSF9,92.6607894897461,-10.045905113220215,93
15806,TNIK,0.504379391670227,-1.725961685180664,240
15807,TNIP1,-9.196683883666992,-2.427948474884033,253
15808,TNIP2,-8.21410083770752,-2.135307788848877,257
15809,TNIP3,-9.5658540725708,-2.3149189949035645,253
15810,TNK1,59.95182800292969,35.66827392578125,69
15811,TNK2,2.7944390773773193,1.4087417125701904,389
15812,TNKS,69.20372009277344,24.403684616088867,81
15813,TNKS1BP1,0.4893287718296051,10.751922607421875,320
15814,TNKS2,68.63893127441406,24.163637161254883,82
15815,TNN,55.612098693847656,-16.814300537109375,168
15816,TNNC1,-43.133602142333984,-7.904059886932373,44
15817,TNNC2,-42.759403228759766,-7.7510857582092285,44
15818,TNNI1,31.52409553527832,15.431510925292969,326
15819,TNNI2,31.9625301361084,15.67648696899414,326
15820,TNNI3,31.701656341552734,15.607792854309082,326
15821,TNNI3K,68.56842041015625,24.073280334472656,82
15822,TNNT1,31.40283203125,15.192232131958008,326
15823,TNNT2,31.06699562072754,15.377411842346191,326
15824,TNNT3,30.919708251953125,15.375800132751465,326
15825,TNP1,17.28169822692871,19.110498428344727,260
15826,TNP2,12.096306800842285,19.160512924194336,324
15827,TNPO1,25.15351676940918,-6.1510210037231445,310
15828,TNPO2,25.05624771118164,-5.890279769897461,310
15829,TNPO3,24.579586029052734,-6.166161060333252,310
15830,TNRC18,-7.818612098693848,6.772524833679199,272
15831,TNRC6A,-12.585745811462402,8.70910930633545,272
15832,TNRC6C,-13.194129943847656,8.798877716064453,272
15833,TNS1,1.924997091293335,3.5668468475341797,407
15834,TNS2,1.2631642818450928,3.8026785850524902,406
15835,TNS3,1.874753475189209,3.3355751037597656,407
15836,TNS4,7.511544704437256,4.6189727783203125,363
15837,TOB1,-8.171969413757324,12.83816909790039,237
15838,TOB2,-5.788823127746582,13.350232124328613,237
15839,TOE1,41.85853576660156,5.973466873168945,432
15840,TOGARAM1,11.253958702087402,-4.803679943084717,177
15841,TOGARAM2,3.378829002380371,12.895864486694336,289
15842,TOLLIP,24.49209213256836,6.117283344268799,421
15843,TOM1,16.217321395874023,4.219520092010498,409
15844,TOM1L1,12.342222213745117,5.026037216186523,381
15845,TOM1L2,13.15708065032959,4.365218639373779,381
15846,TOMM20,43.014732360839844,-2.360351085662842,284
15847,TOMM20L,42.79799270629883,-2.0577564239501953,284
15848,TOMM22,49.26808547973633,12.990138053894043,243
15849,TOMM34,29.494869232177734,5.758503437042236,451
15850,TOMM40,42.256778717041016,8.593636512756348,436
15851,TOMM40L,44.85807418823242,4.850223064422607,436
15852,TOMM5,22.522884368896484,21.721078872680664,228
15853,TOMM6,26.81264877319336,20.687747955322266,221
15854,TOMM7,67.1588363647461,16.576435089111328,163
15855,TOMM70,36.48445129394531,-4.949505805969238,295
15856,TONSL,30.25918197631836,0.1073819175362587,306
15857,TOP1,19.15161895751953,8.818805694580078,383
15858,TOP1MT,39.58893585205078,4.25911283493042,432
15859,TOP2A,8.059211730957031,5.49782133102417,387
15860,TOP2B,13.591545104980469,3.76704740524292,366
15861,TOP3A,38.78181838989258,1.3706735372543335,432
15862,TOP3B,39.33588409423828,1.3722132444381714,432
15863,TOPAZ1,0.29960617423057556,6.368865966796875,411
15864,TOPBP1,11.978882789611816,5.5563154220581055,381
15865,TOPORS,-16.58226203918457,4.863856792449951,165
15866,TOR1A,59.16007995605469,-2.703500509262085,213
15867,TOR1AIP1,14.633139610290527,8.548675537109375,359
15868,TOR1AIP2,40.62413024902344,-0.8764379620552063,285
15869,TOR1B,60.08776092529297,-2.6499557495117188,213
15870,TOR2A,59.69257736206055,-2.594896078109741,213
15871,TOR3A,61.14619827270508,-2.9384145736694336,212
15872,TOR4A,40.8906364440918,-1.4915165901184082,284
15873,TOX,-17.975072860717773,13.990036964416504,190
15874,TOX2,-19.19308090209961,15.848882675170898,190
15875,TOX3,-13.905290603637695,11.543963432312012,273
15876,TOX4,-14.564696311950684,9.92070198059082,273
15877,TP53,11.668306350708008,8.76616096496582,379
15878,TP53AIP1,12.515892028808594,20.96952247619629,324
15879,TP53BP1,-3.559018611907959,5.894587993621826,299
15880,TP53BP2,1.4640593528747559,1.3313452005386353,389
15881,TP53I11,14.757858276367188,-23.745927810668945,159
15882,TP53I13,22.253515243530273,26.55841827392578,229
15883,TP53I3,60.08123016357422,5.479430198669434,349
15884,TP53INP1,13.801290512084961,14.00202465057373,342
15885,TP53INP2,12.498466491699219,14.299515724182129,342
15886,TP53RK,47.1134033203125,8.823588371276855,436
15887,TP53TG3,11.807759284973145,20.630245208740234,324
15888,TP53TG3B,12.155414581298828,20.297334671020508,324
15889,TP53TG3C,12.506539344787598,20.21249008178711,324
15890,TP53TG3D,11.133408546447754,20.31447410583496,324
15891,TP53TG3E,13.01124382019043,20.485254287719727,324
15892,TP53TG3F,12.240732192993164,20.633594512939453,324
15893,TP53TG5,13.604432106018066,18.477407455444336,323
15894,TP63,-12.525247573852539,12.494606971740723,269
15895,TP73,-12.27190113067627,12.50169849395752,269
15896,TPBG,95.13691711425781,19.758222579956055,84
15897,TPBGL,95.09297180175781,19.5701961517334,84
15898,TPCN1,28.728816986083984,-20.502864837646484,133
15899,TPCN2,29.62028694152832,-21.66688346862793,132
15900,TPD52,29.992055892944336,15.553668022155762,268
15901,TPD52L1,31.26191520690918,15.9009370803833,326
15902,TPD52L2,30.127761840820312,15.389674186706543,268
15903,TPD52L3,29.159164428710938,16.040027618408203,268
15904,TPGS1,21.19708251953125,12.920652389526367,343
15905,TPGS2,41.593902587890625,5.437213897705078,432
15906,TPH1,49.932437896728516,0.6297458410263062,296
15907,TPH2,51.63776397705078,0.41392797231674194,296
15908,TPI1,66.12085723876953,8.718994140625,293
15909,TPK1,53.01020812988281,5.456418991088867,453
15910,TPM1,1.3613430261611938,-9.446553230285645,87
15911,TPM2,1.5399062633514404,-9.631148338317871,87
15912,TPM3,1.2713557481765747,-9.30465030670166,87
15913,TPM4,1.0854583978652954,-9.296574592590332,87
15914,TPMT,51.0457763671875,6.1571197509765625,439
15915,TPO,61.445194244384766,-6.676394939422607,212
15916,TPP1,64.02620697021484,-5.334444046020508,212
15917,TPP2,47.22590637207031,-10.029644012451172,182
15918,TPPP,25.90730094909668,4.013904571533203,308
15919,TPPP2,26.284610748291016,3.974842071533203,308
15920,TPPP3,25.526365280151367,3.7260947227478027,308
15921,TPR,-14.032858848571777,-4.044106960296631,259
15922,TPRA1,12.855342864990234,-21.605283737182617,150
15923,TPRG1,20.635181427001953,2.0175302028656006,400
15924,TPRG1L,26.54618263244629,9.70811653137207,410
15925,TPRKB,43.99646759033203,9.331070899963379,436
15926,TPRN,6.831772327423096,12.947734832763672,330
15927,TPRX1,-5.256444454193115,17.690160751342773,238
15928,TPSAB1,72.90290832519531,-24.627626419067383,123
15929,TPSB2,72.71894836425781,-24.46483612060547,123
15930,TPSD1,72.06523895263672,-23.765121459960938,123
15931,TPSG1,71.35226440429688,-22.935325622558594,119
15932,TPST1,75.93673706054688,-4.8192033767700195,205
15933,TPST2,76.05663299560547,-4.741058826446533,205
15934,TPT1,51.11564636230469,14.6952543258667,243
15935,TPTE,37.19902038574219,-4.990368843078613,295
15936,TPTE2,37.08907699584961,-4.732869625091553,295
15937,TPX2,6.059176921844482,9.304497718811035,404
15938,TRA2A,-23.344104766845703,4.187535762786865,166
15939,TRA2B,-23.123498916625977,4.267193794250488,166
15940,TRABD,49.34844207763672,5.205114364624023,446
15941,TRABD2A,65.07613372802734,-8.911885261535645,211
15942,TRABD2B,65.8906478881836,-9.073928833007812,211
15943,TRAC,15.193482398986816,33.368919372558594,223
15944,TRADD,17.74378204345703,10.406453132629395,384
15945,TRAF1,-55.658668518066406,4.337099552154541,28
15946,TRAF2,-55.43516540527344,4.270617961883545,28
15947,TRAF3,-55.758541107177734,4.231464862823486,28
15948,TRAF3IP1,8.578531265258789,10.169723510742188,352
15949,TRAF3IP2,12.292017936706543,7.003646373748779,396
15950,TRAF3IP3,-12.850083351135254,-2.003610372543335,255
15951,TRAF4,-55.2607307434082,4.251763343811035,28
15952,TRAF5,-55.711124420166016,4.307497501373291,28
15953,TRAF6,-54.745094299316406,4.29041862487793,28
15954,TRAF7,50.90971374511719,23.20574188232422,70
15955,TRAFD1,20.777774810791016,7.927074909210205,398
15956,TRAIP,6.891051292419434,9.181768417358398,404
15957,TRAJ3,-56.56464385986328,-76.54601287841797,7
15958,TRAJ31,-56.74943161010742,-76.54601287841797,7
15959,TRAJ42,-56.875431060791016,-76.45390319824219,7
15960,TRAK1,0.8534726500511169,-0.8459923267364502,240
15961,TRAK2,-0.5727114677429199,-0.9615018367767334,240
15962,TRAM1,13.545034408569336,-22.316680908203125,156
15963,TRAM1L1,14.841631889343262,-22.542566299438477,159
15964,TRAM2,13.844780921936035,-23.10741424560547,156
15965,TRANK1,17.892375946044922,-7.688342094421387,278
15966,TRAP1,65.1484146118164,5.7390055656433105,293
15967,TRAPPC1,45.16023254394531,13.942940711975098,321
15968,TRAPPC10,26.813440322875977,-4.459573745727539,319
15969,TRAPPC11,27.485034942626953,-5.341823101043701,318
15970,TRAPPC12,6.60960054397583,5.159987926483154,363
15971,TRAPPC13,35.86663818359375,4.1725382804870605,438
15972,TRAPPC2B,45.23672866821289,12.294427871704102,304
15973,TRAPPC2L,45.34254455566406,12.926968574523926,321
15974,TRAPPC3,41.174461364746094,9.83718490600586,361
15975,TRAPPC3L,40.55597686767578,9.611316680908203,361
15976,TRAPPC4,43.327693939208984,11.436432838439941,347
15977,TRAPPC5,40.19607925415039,9.531891822814941,361
15978,TRAPPC6A,43.76572036743164,10.743035316467285,347
15979,TRAPPC6B,39.04186248779297,9.439311027526855,361
15980,TRAPPC8,27.0455322265625,-5.604912281036377,319
15981,TRAPPC9,24.133066177368164,-3.386000394821167,317
15982,TRARG1,20.598064422607422,19.990097045898438,279
15983,TRAT1,12.812050819396973,30.829784393310547,222
15984,TRAV1-1,44.438697814941406,75.90186309814453,1
15985,TRAV1-2,44.41996765136719,76.20162200927734,1
15986,TRAV10,43.87701416015625,76.37006378173828,1
15987,TRAV12-1,44.33126449584961,76.51786804199219,1
15988,TRAV12-2,44.62466049194336,76.02350616455078,1
15989,TRAV12-3,44.10407638549805,76.3870620727539,1
15990,TRAV13-1,43.69702911376953,76.29833221435547,1
15991,TRAV13-2,43.9895133972168,76.4426498413086,1
15992,TRAV14DV4,44.43085861206055,76.04879760742188,1
15993,TRAV16,44.2852783203125,76.17143249511719,1
15994,TRAV17,43.99364471435547,76.39752197265625,1
15995,TRAV18,43.770931243896484,76.18598937988281,1
15996,TRAV19,44.49092102050781,76.1602783203125,1
15997,TRAV2,44.844539642333984,76.04585266113281,1
15998,TRAV20,44.186439514160156,76.32077026367188,1
15999,TRAV21,44.34144592285156,76.25248718261719,1
16000,TRAV22,44.22453308105469,76.28956604003906,1
16001,TRAV23DV6,43.877288818359375,76.45047760009766,1
16002,TRAV24,44.64422607421875,76.07489013671875,1
16003,TRAV25,44.09284973144531,76.37065887451172,1
16004,TRAV26-1,44.106529235839844,76.346923828125,1
16005,TRAV26-2,44.14529800415039,76.50984191894531,1
16006,TRAV27,43.85302734375,76.07251739501953,1
16007,TRAV29DV5,44.47651672363281,76.17501831054688,1
16008,TRAV3,44.95121383666992,75.9742660522461,1
16009,TRAV30,44.17341995239258,76.33831024169922,1
16010,TRAV34,44.448184967041016,76.21300506591797,1
16011,TRAV36DV7,43.720977783203125,76.54601287841797,1
16012,TRAV38-1,44.6833610534668,76.0927734375,1
16013,TRAV38-2DV8,44.879783630371094,76.00750732421875,1
16014,TRAV39,44.0363655090332,76.23780822753906,1
16015,TRAV4,43.789634704589844,76.47648620605469,1
16016,TRAV40,44.16569137573242,76.29625701904297,1
16017,TRAV41,44.28800964355469,76.27889251708984,1
16018,TRAV5,43.9132194519043,76.44886016845703,1
16019,TRAV6,43.861473083496094,76.46569061279297,1
16020,TRAV7,44.46787643432617,76.18892669677734,1
16021,TRAV8-1,45.280296325683594,75.80809783935547,1
16022,TRAV8-2,44.88945770263672,76.14434051513672,1
16023,TRAV8-3,44.84470748901367,75.94452667236328,1
16024,TRAV8-4,44.50251770019531,76.17786407470703,1
16025,TRAV8-6,44.41706848144531,75.92459106445312,1
16026,TRAV9-1,44.41876983642578,76.17475891113281,1
16027,TRAV9-2,44.369197845458984,76.23628234863281,1
16028,TRBC1,14.482144355773926,33.264190673828125,223
16029,TRBC2,14.412300109863281,33.27741622924805,223
16030,TRBD1,-56.14924621582031,-76.54601287841797,7
16031,TRBJ1-1,-56.4678955078125,-76.54601287841797,7
16032,TRBJ1-2,-56.194217681884766,-76.54601287841797,7
16033,TRBJ1-3,-56.189762115478516,-76.52635955810547,7
16034,TRBJ1-4,-56.61939239501953,-76.12565612792969,7
16035,TRBJ1-5,-56.69268035888672,-76.26848602294922,7
16036,TRBJ1-6,-56.28319549560547,-76.41463470458984,7
16037,TRBJ2-1,-56.77814483642578,-76.54601287841797,7
16038,TRBJ2-2,-56.26454162597656,-76.54601287841797,7
16039,TRBJ2-3,-56.25902557373047,-76.37057495117188,7
16040,TRBJ2-4,-56.819549560546875,-76.54601287841797,7
16041,TRBJ2-5,-56.838478088378906,-76.38472747802734,7
16042,TRBJ2-6,-56.256446838378906,-76.54601287841797,7
16043,TRBJ2-7,-56.489288330078125,-76.5027847290039,7
16044,TRBV10-1,47.45677185058594,74.76785278320312,0
16045,TRBV10-2,47.18609619140625,74.90042877197266,0
16046,TRBV10-3,47.09189224243164,74.62460327148438,0
16047,TRBV11-1,46.82501220703125,74.96732330322266,0
16048,TRBV11-3,47.009117126464844,74.95826721191406,0
16049,TRBV12-3,46.66390609741211,74.79936218261719,0
16050,TRBV12-4,47.370567321777344,74.80890655517578,0
16051,TRBV12-5,47.2722282409668,74.93062591552734,0
16052,TRBV13,46.87083435058594,75.32185363769531,0
16053,TRBV14,46.98462677001953,74.98799896240234,0
16054,TRBV16,45.56764221191406,75.658447265625,1
16055,TRBV17,45.06722640991211,75.83808898925781,1
16056,TRBV18,47.048370361328125,74.9533462524414,0
16057,TRBV19,46.8488883972168,75.12667083740234,0
16058,TRBV2,47.17460250854492,75.18421936035156,0
16059,TRBV20-1,46.84587860107422,75.10232543945312,0
16060,TRBV23-1,46.971309661865234,75.02203369140625,0
16061,TRBV24-1,47.06593704223633,75.3797836303711,0
16062,TRBV25-1,47.17447280883789,74.90919494628906,0
16063,TRBV27,47.67778015136719,74.6798095703125,0
16064,TRBV28,47.49882125854492,74.75794219970703,0
16065,TRBV29-1,46.464271545410156,75.2473373413086,0
16066,TRBV3-1,47.21464157104492,74.89630126953125,0
16067,TRBV30,47.19550323486328,74.71538543701172,0
16068,TRBV4-1,47.25115203857422,75.05967712402344,0
16069,TRBV4-2,47.51235580444336,74.81085205078125,0
16070,TRBV5-1,46.52418518066406,74.90715789794922,0
16071,TRBV5-3,45.215728759765625,75.78620910644531,1
16072,TRBV5-4,46.877140045166016,75.03567504882812,0
16073,TRBV5-5,46.5675048828125,75.06409454345703,0
16074,TRBV5-6,46.998985290527344,74.98820495605469,0
16075,TRBV5-7,45.28285598754883,75.76272583007812,1
16076,TRBV6-1,46.78185272216797,75.07466125488281,0
16077,TRBV6-2,46.77845764160156,74.9718017578125,0
16078,TRBV6-4,47.16584396362305,74.7509994506836,0
16079,TRBV6-5,46.7746696472168,75.2414321899414,0
16080,TRBV6-6,47.19428634643555,74.91455078125,0
16081,TRBV6-7,47.24661636352539,74.87799072265625,0
16082,TRBV6-8,45.82102584838867,75.47250366210938,0
16083,TRBV7-1,45.514766693115234,75.8326187133789,1
16084,TRBV7-2,47.323768615722656,74.82462310791016,0
16085,TRBV7-3,46.34824752807617,74.8879623413086,0
16086,TRBV7-4,45.855220794677734,75.9124526977539,1
16087,TRBV7-6,47.19841766357422,74.87944793701172,0
16088,TRBV7-7,46.33580780029297,75.27499389648438,0
16089,TRBV7-9,47.574615478515625,74.74052429199219,0
16090,TRBV9,46.581153869628906,75.15309143066406,0
16091,TRDC,14.850667953491211,33.044254302978516,223
16092,TRDD1,-56.017784118652344,-76.26953887939453,7
16093,TRDJ1,-56.187313079833984,-76.50265502929688,7
16094,TRDN,8.697432518005371,15.56779956817627,314
16095,TRDV1,44.74312973022461,76.03833770751953,1
16096,TRDV2,43.73102951049805,76.2630844116211,1
16097,TRDV3,44.5221061706543,76.11783599853516,1
16098,TREH,64.01358032226562,-5.155472278594971,212
16099,TREM1,12.627471923828125,32.62761306762695,223
16100,TREM2,12.781500816345215,33.26335906982422,223
16101,TREML1,13.578618049621582,32.602176666259766,223
16102,TREML2,12.291728019714355,33.04806137084961,223
16103,TREML4,12.87845230102539,33.37626647949219,223
16104,TRERF1,-15.386651992797852,10.26987075805664,273
16105,TREX1,42.66119384765625,5.871031284332275,436
16106,TRGC1,14.889158248901367,32.92652130126953,223
16107,TRGC2,15.125181198120117,32.85175323486328,223
16108,TRGJ1,-56.797306060791016,-76.3302001953125,7
16109,TRGV1,43.81978988647461,76.16999053955078,1
16110,TRGV10,43.80294418334961,76.33384704589844,1
16111,TRGV11,43.93330764770508,76.22486114501953,1
16112,TRGV2,43.570892333984375,76.2431411743164,1
16113,TRGV3,43.71078109741211,76.2177505493164,1
16114,TRGV4,43.65835952758789,76.19085693359375,1
16115,TRGV5,43.69354248046875,76.10064697265625,1
16116,TRGV8,43.650169372558594,76.2098159790039,1
16117,TRGV9,43.8896484375,76.17230987548828,1
16118,TRH,91.59325408935547,-16.43749237060547,107
16119,TRHDE,60.37413024902344,-4.1446332931518555,214
16120,TRHR,-105.60575866699219,-18.669511795043945,14
16121,TRIAP1,51.324867248535156,15.722323417663574,247
16122,TRIB1,17.320846557617188,11.593276023864746,384
16123,TRIB2,17.667579650878906,11.490546226501465,384
16124,TRIB3,28.625751495361328,10.573737144470215,427
16125,TRIL,95.08343505859375,19.62637710571289,84
16126,TRIM10,-60.67166519165039,4.273473739624023,28
16127,TRIM11,-60.67472457885742,4.295653343200684,28
16128,TRIM13,-58.09465408325195,4.165155410766602,28
16129,TRIM14,-59.5540771484375,4.16793155670166,28
16130,TRIM15,-61.818965911865234,4.392656326293945,28
16131,TRIM16,-60.513153076171875,4.211232662200928,28
16132,TRIM17,-62.659942626953125,4.499687194824219,28
16133,TRIM2,-57.833251953125,4.104342937469482,28
16134,TRIM21,-62.89408493041992,4.05139684677124,28
16135,TRIM22,-62.60728454589844,4.762169361114502,28
16136,TRIM23,22.846176147460938,5.475119590759277,373
16137,TRIM24,0.2766410708427429,6.856877326965332,411
16138,TRIM25,-60.35545349121094,4.320255756378174,28
16139,TRIM26,-60.846065521240234,4.272947311401367,28
16140,TRIM27,-61.47807693481445,4.6964430809021,28
16141,TRIM28,13.25202751159668,7.276284694671631,396
16142,TRIM29,-59.256263732910156,4.172761917114258,28
16143,TRIM3,-58.258323669433594,4.109189510345459,28
16144,TRIM31,-61.656646728515625,4.371419429779053,28
16145,TRIM32,-57.79803466796875,4.204819679260254,28
16146,TRIM33,8.893658638000488,6.261599063873291,387
16147,TRIM34,-63.33656692504883,4.597558975219727,28
16148,TRIM35,-60.247100830078125,4.228490352630615,28
16149,TRIM36,-58.4821662902832,4.142192363739014,28
16150,TRIM37,11.12462329864502,2.2353909015655518,378
16151,TRIM38,-61.09817123413086,4.042552947998047,28
16152,TRIM39,-61.22212600708008,4.322097301483154,28
16153,TRIM4,-61.46521759033203,4.347825527191162,28
16154,TRIM40,-59.205421447753906,4.193049430847168,28
16155,TRIM41,-59.98904037475586,4.275684833526611,28
16156,TRIM42,-57.854000091552734,4.146022796630859,28
16157,TRIM43,-62.270912170410156,4.4686431884765625,28
16158,TRIM43B,-62.613677978515625,4.486018657684326,28
16159,TRIM45,-58.434078216552734,4.143478870391846,28
16160,TRIM46,-58.74946594238281,4.134196758270264,28
16161,TRIM47,-59.99808120727539,4.1436967849731445,28
16162,TRIM48,-58.96859359741211,4.0824127197265625,28
16163,TRIM49,-62.536827087402344,4.91431999206543,28
16164,TRIM49B,-62.75990295410156,4.1144304275512695,28
16165,TRIM49C,-62.75048828125,4.85164737701416,28
16166,TRIM49D1,-62.592041015625,4.479591369628906,28
16167,TRIM49D2,-62.13844680786133,4.447396755218506,28
16168,TRIM5,-62.903846740722656,4.508932590484619,28
16169,TRIM50,-59.3650016784668,4.141848564147949,28
16170,TRIM51,-62.5753173828125,4.492049694061279,28
16171,TRIM52,19.58139991760254,12.347354888916016,345
16172,TRIM54,-57.81121826171875,4.140918731689453,28
16173,TRIM55,-57.52019500732422,4.1208271980285645,28
16174,TRIM56,-58.02041244506836,4.233944892883301,28
16175,TRIM58,-60.50923538208008,4.27686071395874,28
16176,TRIM59,-58.22785186767578,4.167020320892334,28
16177,TRIM6,-62.442779541015625,4.358279228210449,28
16178,TRIM60,-62.595699310302734,4.640384674072266,28
16179,TRIM61,-59.82526397705078,4.22435998916626,28
16180,TRIM62,-59.72164535522461,4.198971271514893,28
16181,TRIM63,-57.98068618774414,4.141887664794922,28
16182,TRIM64,-62.690059661865234,4.485161781311035,28
16183,TRIM64B,-62.61671447753906,4.469615936279297,28
16184,TRIM64C,-62.266963958740234,4.174992084503174,28
16185,TRIM65,-59.510902404785156,4.190665245056152,28
16186,TRIM66,9.256535530090332,5.2857842445373535,386
16187,TRIM67,-58.18267059326172,4.167048931121826,28
16188,TRIM68,-62.46246337890625,4.7573747634887695,28
16189,TRIM69,-62.343170166015625,4.464008331298828,28
16190,TRIM7,-60.34709930419922,4.248008728027344,28
16191,TRIM71,-58.80324935913086,4.238269805908203,28
16192,TRIM72,-59.08060073852539,4.189228057861328,28
16193,TRIM73,-58.914188385009766,4.147458553314209,28
16194,TRIM74,-58.843849182128906,4.144044399261475,28
16195,TRIM77,-61.998600006103516,4.428300380706787,28
16196,TRIM8,-59.451969146728516,4.192950248718262,28
16197,TRIM9,-58.602272033691406,4.113337993621826,28
16198,TRIML1,-63.045345306396484,4.6463775634765625,28
16199,TRIML2,-62.60771179199219,4.500242710113525,28
16200,TRIO,8.976628303527832,-7.729398250579834,102
16201,TRIOBP,-2.105767011642456,5.007969379425049,299
16202,TRIP10,9.384710311889648,-2.3777570724487305,365
16203,TRIP11,-14.107873916625977,-4.16588020324707,259
16204,TRIP12,13.538966178894043,-7.03581428527832,277
16205,TRIP13,40.90901184082031,5.418361663818359,432
16206,TRIP4,32.73720932006836,6.9481282234191895,364
16207,TRIP6,12.774931907653809,8.557562828063965,379
16208,TRIQK,43.721981048583984,17.138675689697266,173
16209,TRIR,23.66187858581543,14.028624534606934,290
16210,TRIT1,48.2733154296875,5.043111324310303,419
16211,TRMO,39.684513092041016,7.472325801849365,391
16212,TRMT1,45.292179107666016,4.752847194671631,436
16213,TRMT10A,37.049991607666016,10.19698715209961,370
16214,TRMT10B,39.28714370727539,9.969902992248535,361
16215,TRMT10C,46.953739166259766,9.712824821472168,422
16216,TRMT11,44.8249397277832,6.862414360046387,436
16217,TRMT112,46.860469818115234,14.145834922790527,322
16218,TRMT12,45.55265808105469,6.210595607757568,436
16219,TRMT13,39.35111999511719,5.2960286140441895,432
16220,TRMT1L,33.04828643798828,5.231227874755859,443
16221,TRMT2A,46.0128173828125,4.224460124969482,424
16222,TRMT44,43.87837600708008,6.480888366699219,436
16223,TRMT5,45.12504196166992,6.526693820953369,436
16224,TRMT6,38.72590255737305,7.057018280029297,426
16225,TRMT61A,50.717430114746094,7.149603843688965,431
16226,TRMT61B,51.96163558959961,7.170056343078613,452
16227,TRMT9B,41.694087982177734,5.539396286010742,432
16228,TRMU,46.72200393676758,4.372864246368408,424
16229,TRNAU1AP,-19.890132904052734,11.114779472351074,263
16230,TRNP1,15.177033424377441,14.279900550842285,341
16231,TRNT1,49.20915603637695,5.6979827880859375,446
16232,TROAP,2.6665151119232178,10.445091247558594,320
16233,TRPA1,30.367952346801758,-21.577407836914062,131
16234,TRPC1,29.030595779418945,-21.15953826904297,132
16235,TRPC3,29.746139526367188,-21.308719635009766,132
16236,TRPC4,30.21835708618164,-20.128921508789062,131
16237,TRPC4AP,24.43183708190918,-2.865957498550415,317
16238,TRPC6,29.158348083496094,-20.833219528198242,132
16239,TRPC7,30.66054916381836,-20.77728843688965,131
16240,TRPM1,29.98280906677246,-21.239574432373047,131
16241,TRPM2,30.31918716430664,-21.40012550354004,131
16242,TRPM4,30.407550811767578,-21.521831512451172,131
16243,TRPM5,30.28289794921875,-21.596162796020508,131
16244,TRPM6,29.219024658203125,-20.67387580871582,132
16245,TRPM7,15.026883125305176,-7.298352241516113,277
16246,TRPM8,30.10573387145996,-21.49552345275879,131
16247,TRPS1,-28.24629020690918,10.346617698669434,144
16248,TRPT1,46.56233215332031,6.46602725982666,433
16249,TRPV1,30.67234230041504,-21.675168991088867,131
16250,TRPV2,30.67711639404297,-21.719968795776367,131
16251,TRPV3,30.568649291992188,-21.788461685180664,131
16252,TRPV4,30.91551399230957,-21.574705123901367,131
16253,TRPV5,30.556303024291992,-21.739501953125,131
16254,TRPV6,30.680566787719727,-21.737529754638672,131
16255,TRUB1,46.65686798095703,6.953574180603027,433
16256,TRUB2,52.29195785522461,8.659154891967773,431
16257,TSACC,13.430564880371094,17.486997604370117,333
16258,TSBP1,6.003076553344727,16.669008255004883,332
16259,TSC1,7.181155681610107,1.1090662479400635,354
16260,TSC2,14.987337112426758,-5.7714619636535645,277
16261,TSC22D1,-13.021681785583496,10.284832000732422,272
16262,TSC22D2,-12.640759468078613,9.805418968200684,272
16263,TSC22D4,10.035660743713379,12.096592903137207,330
16264,TSEN15,26.671144485473633,11.22670841217041,410
16265,TSEN2,38.62308120727539,5.848471164703369,432
16266,TSEN34,31.876922607421875,10.701577186584473,445
16267,TSEN54,41.736785888671875,4.9363532066345215,432
16268,TSFM,56.648826599121094,9.975667953491211,327
16269,TSG101,24.03401756286621,7.113344192504883,420
16270,TSGA10,-14.803165435791016,-3.616647958755493,259
16271,TSGA10IP,2.039809465408325,11.052133560180664,320
16272,TSGA13,6.947745323181152,17.171144485473633,331
16273,TSHB,77.73915100097656,-15.150506019592285,209
16274,TSHR,55.878273010253906,-19.836654663085938,167
16275,TSHZ1,-28.31997299194336,10.367267608642578,144
16276,TSHZ2,-28.681333541870117,10.439882278442383,144
16277,TSHZ3,-28.522918701171875,10.495880126953125,144
16278,TSKS,-9.694089889526367,-0.09916651993989944,251
16279,TSKU,93.65718078613281,20.703006744384766,83
16280,TSLP,20.652421951293945,19.037809371948242,279
16281,TSN,40.508724212646484,9.120691299438477,361
16282,TSNARE1,14.359101295471191,3.2237958908081055,366
16283,TSNAX,39.54375457763672,9.043845176696777,361
16284,TSNAXIP1,-11.613067626953125,-0.22321508824825287,255
16285,TSPAN1,-3.694685459136963,-21.07700538635254,95
16286,TSPAN10,2.8302652835845947,-20.624906539916992,105
16287,TSPAN11,-2.855872392654419,-21.078365325927734,95
16288,TSPAN12,-2.7475104331970215,-21.254026412963867,95
16289,TSPAN13,-3.512547731399536,-21.25973892211914,95
16290,TSPAN14,-3.2871572971343994,-21.249853134155273,95
16291,TSPAN15,-2.994520425796509,-21.190786361694336,95
16292,TSPAN16,-3.1539041996002197,-21.189250946044922,95
16293,TSPAN17,-3.221836566925049,-21.184673309326172,95
16294,TSPAN18,-3.331319808959961,-21.06155014038086,95
16295,TSPAN19,-2.928480863571167,-21.32094383239746,95
16296,TSPAN2,-3.7169911861419678,-21.12800407409668,95
16297,TSPAN3,-3.3745064735412598,-21.146085739135742,95
16298,TSPAN31,-3.1431801319122314,-21.38131332397461,95
16299,TSPAN32,-1.9674357175827026,-21.101774215698242,95
16300,TSPAN33,-2.7364962100982666,-21.361486434936523,95
16301,TSPAN4,-3.0261781215667725,-21.232473373413086,95
16302,TSPAN5,-3.3243815898895264,-21.36020851135254,95
16303,TSPAN8,-3.8772456645965576,-20.998550415039062,95
16304,TSPAN9,-3.460444211959839,-21.165050506591797,95
16305,TSPEAR,62.954200744628906,-12.912394523620605,202
16306,TSPO,12.282072067260742,-22.102222442626953,150
16307,TSPO2,12.70693302154541,-23.977054595947266,157
16308,TSPOAP1,-1.8425984382629395,0.11304228752851486,250
16309,TSPYL1,19.394670486450195,13.196056365966797,346
16310,TSPYL4,18.803211212158203,13.325121879577637,346
16311,TSPYL5,19.620813369750977,12.217375755310059,345
16312,TSPYL6,19.05775260925293,13.47050666809082,346
16313,TSR1,36.548545837402344,12.940580368041992,371
16314,TSR3,36.356529235839844,10.397777557373047,369
16315,TSSC4,21.319215774536133,13.47643756866455,343
16316,TSSK1B,55.287776947021484,38.186683654785156,69
16317,TSSK2,55.776729583740234,38.72118377685547,69
16318,TSSK3,55.335296630859375,38.43880844116211,69
16319,TSSK4,55.203857421875,38.69488525390625,69
16320,TSSK6,55.56086349487305,38.32273483276367,69
16321,TST,59.53368377685547,7.366196632385254,349
16322,TSTD1,53.376487731933594,10.74950885772705,196
16323,TSTD2,34.000885009765625,6.013040542602539,364
16324,TSTD3,50.80219650268555,9.037010192871094,431
16325,TTBK1,1.8872319459915161,3.2828259468078613,407
16326,TTBK2,1.2381612062454224,3.7614877223968506,406
16327,TTC1,32.70457458496094,12.144939422607422,445
16328,TTC12,30.31268310546875,-3.0053672790527344,312
16329,TTC13,36.5533332824707,-3.240326166152954,295
16330,TTC14,-16.02225685119629,5.178882122039795,165
16331,TTC16,15.17935562133789,2.7371304035186768,366
16332,TTC17,66.64614868164062,-6.279757022857666,212
16333,TTC19,35.211795806884766,-4.654974460601807,295
16334,TTC21A,31.688676834106445,-6.4100341796875,295
16335,TTC21B,32.793006896972656,-5.998157978057861,295
16336,TTC22,33.26738357543945,-3.8781230449676514,295
16337,TTC23,34.393428802490234,-4.975223064422607,295
16338,TTC23L,33.902400970458984,-4.528453350067139,295
16339,TTC24,29.821109771728516,-2.1668848991394043,312
16340,TTC26,34.066139221191406,-5.092856407165527,295
16341,TTC27,28.763402938842773,-4.397029399871826,313
16342,TTC28,13.400028228759766,-6.278356552124023,277
16343,TTC29,34.293888092041016,-5.149284839630127,295
16344,TTC3,8.97968864440918,-3.0211846828460693,365
16345,TTC30A,35.48166275024414,-5.14765739440918,295
16346,TTC30B,35.31266403198242,-5.025165557861328,295
16347,TTC31,28.51738166809082,2.7223517894744873,307
16348,TTC32,34.85654067993164,8.57345199584961,369
16349,TTC33,29.0355224609375,6.404571056365967,450
16350,TTC34,32.22418212890625,-3.545069932937622,295
16351,TTC36,19.98468017578125,13.885272026062012,346
16352,TTC37,33.29465103149414,-5.845727443695068,295
16353,TTC38,62.016563415527344,3.22849702835083,355
16354,TTC39A,34.28209686279297,-4.59287166595459,295
16355,TTC39B,33.653438568115234,-4.518655776977539,295
16356,TTC39C,33.8122444152832,-4.717700481414795,295
16357,TTC4,30.20897674560547,4.343829154968262,444
16358,TTC5,34.4676513671875,-2.0319294929504395,294
16359,TTC6,34.00787353515625,-5.484400272369385,295
16360,TTC7A,33.209861755371094,-4.9505510330200195,295
16361,TTC8,34.52413558959961,-5.4466047286987305,295
16362,TTC9,28.79376792907715,10.103972434997559,427
16363,TTC9B,22.517332077026367,12.740161895751953,343
16364,TTC9C,32.00654602050781,1.3514894247055054,402
16365,TTF1,10.834716796875,8.995548248291016,379
16366,TTF2,12.022966384887695,7.290188789367676,396
16367,TTI1,26.383764266967773,-4.8385210037231445,319
16368,TTI2,28.834434509277344,-2.9976797103881836,312
16369,TTK,5.4923834800720215,8.91874885559082,404
16370,TTLL1,21.516958236694336,3.115363359451294,373
16371,TTLL10,17.170961380004883,4.073519229888916,409
16372,TTLL11,19.841772079467773,5.084659576416016,372
16373,TTLL12,44.80730056762695,1.244260311126709,208
16374,TTLL2,18.065031051635742,4.588227272033691,380
16375,TTLL3,16.698638916015625,4.08008337020874,409
16376,TTLL4,10.079730987548828,5.108736991882324,386
16377,TTLL5,9.593348503112793,1.837401270866394,362
16378,TTLL6,15.289854049682617,4.1385979652404785,409
16379,TTLL7,10.420395851135254,1.0443195104599,374
16380,TTLL8,16.885223388671875,5.333982944488525,380
16381,TTLL9,18.80617904663086,4.270485877990723,372
16382,TTPA,38.329349517822266,2.716158390045166,438
16383,TTPAL,26.773801803588867,1.6481163501739502,309
16384,TTR,87.71424865722656,-15.706199645996094,107
16385,TTYH1,21.223081588745117,-18.472742080688477,127
16386,TTYH2,20.813230514526367,-18.190025329589844,127
16387,TTYH3,21.180513381958008,-18.1403751373291,127
16388,TUB,22.206491470336914,4.461047649383545,373
16389,TUBA1A,89.96038055419922,10.07199478149414,72
16390,TUBA1B,90.00619506835938,9.65018367767334,72
16391,TUBA1C,90.0230484008789,10.082942008972168,72
16392,TUBA3C,89.88407135009766,10.073633193969727,72
16393,TUBA3D,89.96904754638672,10.083735466003418,72
16394,TUBA3E,89.90148162841797,10.061882019042969,72
16395,TUBA4A,89.96964263916016,10.058905601501465,72
16396,TUBA4B,90.02619171142578,10.146795272827148,72
16397,TUBA8,89.99626159667969,10.065497398376465,72
16398,TUBAL3,89.46292877197266,9.978385925292969,72
16399,TUBB,90.2697525024414,10.267477989196777,72
16400,TUBB1,89.5059585571289,9.984704971313477,72
16401,TUBB2A,89.84107208251953,10.219461441040039,72
16402,TUBB2B,90.1082992553711,9.624456405639648,72
16403,TUBB3,90.44661712646484,9.930800437927246,72
16404,TUBB4A,89.93270874023438,10.042192459106445,72
16405,TUBB4B,90.16221618652344,10.065485000610352,72
16406,TUBB6,90.06890106201172,10.05090045928955,72
16407,TUBB8,89.9832534790039,10.047104835510254,72
16408,TUBD1,47.36134719848633,2.508951187133789,424
16409,TUBE1,48.230064392089844,2.2921407222747803,423
16410,TUBG1,48.41529083251953,2.7710790634155273,423
16411,TUBG2,49.42017364501953,2.3389673233032227,423
16412,TUBGCP2,27.37969398498535,-2.0730130672454834,311
16413,TUBGCP3,25.632314682006836,-1.5589221715927124,311
16414,TUBGCP4,27.07004737854004,-1.786064863204956,311
16415,TUBGCP5,26.332216262817383,-1.765699863433838,311
16416,TUBGCP6,16.427108764648438,-7.133114337921143,278
16417,TUFM,68.91130065917969,7.895684242248535,356
16418,TUFT1,-5.650887489318848,-1.9452803134918213,257
16419,TULP1,21.411405563354492,4.578372478485107,373
16420,TULP2,20.857341766357422,4.2429962158203125,373
16421,TULP3,20.728334426879883,4.005647659301758,373
16422,TULP4,-4.271820545196533,4.575074195861816,299
16423,TUSC1,17.09208106994629,14.07099723815918,339
16424,TUSC2,23.78982925415039,15.341519355773926,290
16425,TUSC3,55.65874099731445,-7.37061071395874,185
16426,TUT1,16.95157241821289,5.746926784515381,380
16427,TUT4,2.376793622970581,3.5072786808013916,407
16428,TUT7,9.423412322998047,4.772340774536133,386
16429,TVP23A,15.118585586547852,-21.12903594970703,152
16430,TVP23B,16.02633285522461,-20.875202178955078,152
16431,TVP23C,17.057823181152344,-20.232585906982422,140
16432,TWF1,43.44535827636719,9.770294189453125,347
16433,TWF2,27.285669326782227,2.051697254180908,309
16434,TWIST1,-10.890602111816406,18.70415496826172,241
16435,TWIST2,-9.747196197509766,19.014911651611328,241
16436,TWNK,45.75888442993164,5.6573615074157715,436
16437,TWSG1,74.04130554199219,-14.571742057800293,219
16438,TXK,62.931182861328125,36.04812240600586,68
16439,TXLNA,-10.240157127380371,-2.0671701431274414,253
16440,TXLNB,-10.769962310791016,-1.1254138946533203,255
16441,TXN,50.6760139465332,13.154173851013184,243
16442,TXN2,58.34429931640625,11.226164817810059,328
16443,TXNDC11,59.16765213012695,-6.1555352210998535,214
16444,TXNDC12,56.41111373901367,-6.332156181335449,185
16445,TXNDC15,54.09980392456055,-6.769534587860107,185
16446,TXNDC16,54.86106872558594,-5.212889671325684,186
16447,TXNDC17,49.80335235595703,12.96328353881836,243
16448,TXNDC2,2.948190450668335,16.853187561035156,275
16449,TXNDC5,56.649906158447266,-5.759251117706299,185
16450,TXNDC8,48.831703186035156,7.0220136642456055,456
16451,TXNDC9,35.46731185913086,12.641653060913086,371
16452,TXNIP,39.30869674682617,3.1370456218719482,432
16453,TXNL1,39.9493408203125,9.378486633300781,361
16454,TXNL4A,46.865413665771484,10.89801025390625,304
16455,TXNL4B,45.080810546875,11.420516014099121,304
16456,TXNRD1,60.42182922363281,3.826958656311035,349
16457,TXNRD2,58.99354553222656,4.444958686828613,349
16458,TXNRD3,59.84523391723633,4.625027656555176,349
16459,TYK2,63.429927825927734,34.922828674316406,68
16460,TYMP,61.22865295410156,4.491391181945801,349
16461,TYMS,45.80475997924805,6.21014404296875,436
16462,TYR,62.45975875854492,-6.506218910217285,212
16463,TYRO3,68.14222717285156,32.98062515258789,64
16464,TYROBP,13.094873428344727,31.62578010559082,222
16465,TYRP1,62.11275100708008,-6.668664455413818,212
16466,TYSND1,45.045963287353516,3.111304998397827,435
16467,TYW1,35.71292495727539,4.607247829437256,438
16468,TYW1B,31.11548614501953,4.345368385314941,444
16469,TYW3,35.382232666015625,10.088688850402832,369
16470,TYW5,46.09709548950195,5.57086181640625,436
16471,U2AF1,-22.51908302307129,4.4073100090026855,166
16472,U2AF1L4,19.91024398803711,10.086444854736328,383
16473,U2AF2,-17.174724578857422,8.675680160522461,262
16474,U2SURP,-16.11048126220703,5.264253616333008,165
16475,UACA,-14.185075759887695,-4.296132564544678,259
16476,UAP1,58.22789001464844,3.338946580886841,348
16477,UAP1L1,52.34689712524414,3.041745901107788,302
16478,UBA2,41.360267639160156,4.6205549240112305,432
16479,UBA3,39.6138801574707,2.8922805786132812,432
16480,UBA5,44.11440658569336,3.919887065887451,436
16481,UBA52,122.08235931396484,8.891167640686035,20
16482,UBA6,40.25171661376953,2.078716516494751,432
16483,UBA7,39.98469543457031,-1.4719606637954712,285
16484,UBAC1,33.695838928222656,9.442761421203613,369
16485,UBAC2,19.296268463134766,-18.49338722229004,128
16486,UBALD1,-9.216207504272461,11.872356414794922,272
16487,UBALD2,-10.244126319885254,11.976096153259277,269
16488,UBAP1,-4.504703044891357,9.399235725402832,192
16489,UBAP1L,14.2479829788208,13.0927095413208,341
16490,UBAP2,-7.821742057800293,8.327281951904297,272
16491,UBAP2L,-8.716279983520508,8.313250541687012,272
16492,UBASH3A,40.6485481262207,-0.3981213867664337,285
16493,UBASH3B,40.36724090576172,-0.6235716342926025,285
16494,UBB,79.39618682861328,8.735003471374512,78
16495,UBC,79.44628143310547,8.706467628479004,78
16496,UBD,40.83427429199219,11.205470085144043,361
16497,UBE2B,37.29512405395508,-9.751763343811035,79
16498,UBE2C,36.99180603027344,-9.36531925201416,79
16499,UBE2D1,36.8217658996582,-9.57258129119873,79
16500,UBE2D2,35.92855453491211,-9.346325874328613,79
16501,UBE2D3,37.09252166748047,-9.187273979187012,79
16502,UBE2D4,37.0475959777832,-9.341891288757324,79
16503,UBE2E1,37.05535888671875,-9.75788688659668,79
16504,UBE2E2,37.02714538574219,-9.8060941696167,79
16505,UBE2E3,37.06793975830078,-9.772794723510742,79
16506,UBE2F,36.90565872192383,-9.545790672302246,79
16507,UBE2G1,37.00089645385742,-9.56507396697998,79
16508,UBE2G2,37.04864501953125,-9.6521577835083,79
16509,UBE2H,36.9864387512207,-9.617640495300293,79
16510,UBE2I,36.72134017944336,-10.098298072814941,79
16511,UBE2J1,36.55949401855469,-9.144296646118164,79
16512,UBE2J2,36.446266174316406,-9.31733226776123,79
16513,UBE2K,36.93767547607422,-9.955155372619629,79
16514,UBE2L3,37.00574493408203,-9.806373596191406,79
16515,UBE2L5,37.006832122802734,-9.748336791992188,79
16516,UBE2L6,37.04442596435547,-9.720466613769531,79
16517,UBE2M,36.95478057861328,-9.68421459197998,79
16518,UBE2N,36.96882247924805,-9.760889053344727,79
16519,UBE2O,15.487055778503418,5.058056354522705,409
16520,UBE2Q1,26.59965705871582,7.6506428718566895,450
16521,UBE2Q2,28.979652404785156,6.534436225891113,450
16522,UBE2QL1,37.36982727050781,-9.30035400390625,79
16523,UBE2R2,36.98696517944336,-9.689284324645996,79
16524,UBE2S,37.041099548339844,-9.75187873840332,79
16525,UBE2T,36.99490737915039,-9.82402515411377,79
16526,UBE2U,36.7958869934082,-9.509446144104004,79
16527,UBE2V1,37.125335693359375,-9.842442512512207,79
16528,UBE2V2,37.08395767211914,-9.853699684143066,79
16529,UBE2W,37.09406280517578,-9.627843856811523,79
16530,UBE2Z,24.638708114624023,9.066973686218262,392
16531,UBE3A,24.896560668945312,0.18936686217784882,308
16532,UBE3B,23.87946128845215,-2.619792938232422,317
16533,UBE3C,22.837377548217773,-3.2512285709381104,317
16534,UBE3D,35.233638763427734,2.4140172004699707,437
16535,UBE4A,24.399993896484375,-3.834832191467285,317
16536,UBE4B,23.225292205810547,-3.0590877532958984,317
16537,UBFD1,27.349828720092773,9.276844024658203,447
16538,UBIAD1,18.175580978393555,-24.57457160949707,161
16539,UBL3,41.22587966918945,11.255300521850586,347
16540,UBL4B,25.324586868286133,11.77379322052002,351
16541,UBL5,47.11956024169922,14.990979194641113,322
16542,UBL7,29.109331130981445,9.712603569030762,427
16543,UBLCP1,42.48340606689453,8.324581146240234,436
16544,UBN1,-5.427607536315918,7.221189498901367,271
16545,UBOX5,25.288959503173828,7.981597900390625,420
16546,UBP1,-9.508193016052246,12.904022216796875,269
16547,UBQLN1,24.66954803466797,10.151878356933594,390
16548,UBQLN3,23.865083694458008,11.287809371948242,390
16549,UBQLN4,23.811674118041992,10.426167488098145,390
16550,UBQLNL,24.982431411743164,13.028404235839844,351
16551,UBR1,14.97900104522705,-6.67098331451416,277
16552,UBR2,14.326664924621582,-6.606257438659668,277
16553,UBR3,14.181158065795898,-6.98121452331543,277
16554,UBR5,13.271814346313477,-7.1330647468566895,277
16555,UBR7,23.007604598999023,7.827028751373291,397
16556,UBTD1,26.14980125427246,9.703761100769043,410
16557,UBTD2,32.414127349853516,8.79677677154541,364
16558,UBTF,25.546152114868164,14.446730613708496,351
16559,UBTFL1,14.712218284606934,14.134140968322754,341
16560,UBXN1,30.614330291748047,13.247215270996094,448
16561,UBXN10,11.082321166992188,15.80824089050293,342
16562,UBXN11,11.175447463989258,11.994549751281738,330
16563,UBXN2A,26.941232681274414,7.188289642333984,450
16564,UBXN2B,27.15262794494629,7.719317436218262,450
16565,UBXN4,27.206260681152344,12.603922843933105,442
16566,UBXN6,28.54669189453125,9.369993209838867,447
16567,UBXN7,22.609970092773438,8.37582015991211,398
16568,UBXN8,19.998794555664062,14.992655754089355,344
16569,UCHL1,40.69516372680664,4.2790303230285645,432
16570,UCHL3,43.900108337402344,4.951335906982422,436
16571,UCHL5,36.57975387573242,6.353371620178223,360
16572,UCK1,50.130062103271484,6.750749111175537,457
16573,UCK2,48.80482482910156,6.369636535644531,456
16574,UCKL1,54.543067932128906,6.090522289276123,441
16575,UCMA,90.27122497558594,-16.21080780029297,107
16576,UCN,91.9088363647461,-16.246294021606445,107
16577,UCN2,89.69762420654297,-16.03839111328125,107
16578,UCN3,91.32679748535156,-16.52105712890625,107
16579,UCP1,37.71550369262695,-39.75238800048828,39
16580,UCP2,37.34949493408203,-39.83699035644531,39
16581,UCP3,36.96002960205078,-39.40766143798828,39
16582,UEVLD,55.48280334472656,2.5108089447021484,292
16583,UFC1,37.45115280151367,-9.55866813659668,79
16584,UFD1,42.36896514892578,9.906757354736328,347
16585,UFL1,31.606367111206055,3.602672815322876,444
16586,UFM1,38.95943069458008,11.916328430175781,371
16587,UFSP1,44.39356231689453,8.274864196777344,436
16588,UFSP2,36.85806655883789,3.342463731765747,438
16589,UGCG,32.87615966796875,-20.15239715576172,130
16590,UGDH,66.2577896118164,4.721408367156982,358
16591,UGGT1,21.82198143005371,-4.564797878265381,278
16592,UGGT2,14.841948509216309,-6.181697845458984,277
16593,UGP2,65.43982696533203,5.0047502517700195,358
16594,UGT1A1,155.8946533203125,-23.627031326293945,10
16595,UGT1A10,155.259521484375,-23.347869873046875,10
16596,UGT1A3,155.43701171875,-23.910871505737305,10
16597,UGT1A4,155.68797302246094,-23.796024322509766,10
16598,UGT1A5,155.51976013183594,-23.842214584350586,10
16599,UGT1A6,155.52879333496094,-23.878904342651367,10
16600,UGT1A7,155.83270263671875,-23.71282958984375,10
16601,UGT1A8,155.76089477539062,-23.879905700683594,10
16602,UGT1A9,155.33682250976562,-23.39780616760254,10
16603,UGT2A1,155.83489990234375,-23.619522094726562,10
16604,UGT2A2,155.9467315673828,-23.58598518371582,10
16605,UGT2A3,155.3308563232422,-23.250804901123047,10
16606,UGT2B10,155.2391357421875,-23.66254234313965,10
16607,UGT2B11,155.22291564941406,-23.775590896606445,10
16608,UGT2B15,155.14556884765625,-23.418193817138672,10
16609,UGT2B17,155.77774047851562,-23.826438903808594,10
16610,UGT2B28,155.89874267578125,-23.58578872680664,10
16611,UGT2B4,155.75698852539062,-23.335058212280273,10
16612,UGT2B7,155.32688903808594,-23.184207916259766,10
16613,UGT3A1,155.47975158691406,-23.517597198486328,10
16614,UGT3A2,155.50851440429688,-23.524660110473633,10
16615,UGT8,155.6027374267578,-23.1524715423584,10
16616,UHMK1,44.105777740478516,2.934587001800537,435
16617,UHRF1,14.490560531616211,6.388582706451416,381
16618,UHRF1BP1,16.248828887939453,-5.199574947357178,368
16619,UHRF1BP1L,15.599903106689453,-4.809466361999512,368
16620,UHRF2,14.523972511291504,6.299337863922119,381
16621,UIMC1,10.765913963317871,7.599730491638184,396
16622,ULBP1,-2.349113941192627,49.0752067565918,34
16623,ULBP2,-2.3273932933807373,49.11506652832031,34
16624,ULBP3,-2.099246025085449,48.95785140991211,34
16625,ULK1,55.92047882080078,36.26338195800781,69
16626,ULK2,55.004398345947266,35.631507873535156,69
16627,ULK3,57.60274124145508,37.231388092041016,69
16628,ULK4,24.554141998291016,-4.145690441131592,317
16629,UMAD1,16.469160079956055,16.165645599365234,340
16630,UMOD,63.46355056762695,-16.238107681274414,197
16631,UMODL1,56.02321243286133,-12.22884464263916,187
16632,UMPS,54.96708297729492,5.044337272644043,440
16633,UNC119,28.090450286865234,9.108078002929688,447
16634,UNC119B,27.17538070678711,9.484686851501465,447
16635,UNC13A,10.03610897064209,-5.023955821990967,177
16636,UNC13C,12.02407455444336,-5.5944504737854,277
16637,UNC13D,19.182193756103516,-1.3736473321914673,376
16638,UNC45A,28.24422836303711,-3.8970181941986084,313
16639,UNC45B,26.73293685913086,-4.940194606781006,319
16640,UNC50,12.014616966247559,-21.41297149658203,150
16641,UNC5A,49.095272064208984,-12.918787956237793,182
16642,UNC5B,48.436038970947266,-12.840596199035645,182
16643,UNC5C,48.15363693237305,-13.125895500183105,182
16644,UNC5CL,46.461143493652344,-3.8647959232330322,169
16645,UNC5D,48.2296142578125,-12.994123458862305,182
16646,UNC79,14.267927169799805,-7.562623500823975,277
16647,UNC93A,18.877065658569336,-28.024242401123047,137
16648,UNC93B1,19.64040184020996,-26.81173324584961,137
16649,UNCX,-22.87198257446289,20.402633666992188,194
16650,UNG,46.08668518066406,5.869438171386719,436
16651,UNK,17.0515193939209,8.376097679138184,384
16652,UNKL,17.863468170166016,7.342935562133789,380
16653,UPB1,63.75885009765625,4.345485687255859,358
16654,UPF1,35.00965881347656,3.4182686805725098,437
16655,UPF2,22.33814811706543,9.282882690429688,398
16656,UPF3A,-17.241905212402344,4.983767986297607,165
16657,UPK1A,-1.6040040254592896,-21.74383544921875,95
16658,UPK1B,-2.850820302963257,-21.35953712463379,95
16659,UPK2,19.1429386138916,30.1275634765625,230
16660,UPK3A,18.518157958984375,30.384136199951172,230
16661,UPK3B,19.300859451293945,27.464391708374023,220
16662,UPK3BL1,18.374841690063477,30.074026107788086,230
16663,UPK3BL2,19.026899337768555,29.8225154876709,230
16664,UPP1,58.068599700927734,5.3248491287231445,349
16665,UPP2,57.32755661010742,5.778578281402588,349
16666,UQCC1,56.2055778503418,9.24409008026123,353
16667,UQCC2,59.923851013183594,15.728911399841309,282
16668,UQCC3,66.02542877197266,16.572877883911133,163
16669,UQCR10,67.12297821044922,16.630420684814453,163
16670,UQCR11,67.10433959960938,16.56600570678711,163
16671,UQCRB,64.99564361572266,15.934063911437988,163
16672,UQCRC1,66.27105712890625,9.994353294372559,163
16673,UQCRC2,67.20600128173828,8.872236251831055,356
16674,UQCRFS1,64.86890411376953,12.31050968170166,163
16675,UQCRH,48.29213333129883,14.333852767944336,322
16676,UQCRHL,48.854923248291016,14.591320037841797,243
16677,UQCRQ,67.10120391845703,16.68907356262207,163
16678,URAD,30.42938232421875,11.853850364685059,455
16679,URB1,18.527589797973633,-7.5947370529174805,278
16680,URB2,25.032398223876953,-5.397268295288086,310
16681,URGCP,36.57380676269531,-2.1081736087799072,285
16682,URI1,18.415390014648438,11.733750343322754,384
16683,URM1,45.30000305175781,11.612064361572266,304
16684,UROC1,64.74129486083984,4.041408538818359,358
16685,UROD,59.027366638183594,4.939917087554932,349
16686,UROS,53.75939178466797,5.843165874481201,453
16687,USB1,48.6627197265625,4.862176895141602,423
16688,USE1,36.00749969482422,18.03240203857422,172
16689,USF1,-18.928218841552734,11.940652847290039,264
16690,USF2,-16.60409164428711,12.057547569274902,273
16691,USH1C,15.055718421936035,1.4474951028823853,416
16692,USH1G,9.750635147094727,5.470359802246094,386
16693,USHBP1,2.971498489379883,10.80880355834961,320
16694,USO1,0.1335477977991104,-3.0044596195220947,240
16695,USP1,10.942841529846191,6.874779224395752,395
16696,USP10,6.148741722106934,5.529077053070068,363
16697,USP12,25.82236671447754,3.801509380340576,308
16698,USP13,30.04408073425293,2.312187671661377,307
16699,USP14,36.664241790771484,3.4133553504943848,438
16700,USP16,19.207862854003906,6.48756217956543,372
16701,USP17L1,37.153038024902344,22.969614028930664,74
16702,USP17L10,37.10891342163086,23.075790405273438,74
16703,USP17L11,37.03618240356445,23.067955017089844,74
16704,USP17L12,36.78358840942383,23.274009704589844,74
16705,USP17L13,36.70216369628906,22.869096755981445,74
16706,USP17L15,36.93340301513672,22.776325225830078,74
16707,USP17L17,36.980140686035156,22.891237258911133,74
16708,USP17L18,37.224334716796875,23.103750228881836,74
16709,USP17L19,37.194297790527344,23.25309944152832,74
16710,USP17L2,36.6834716796875,23.063785552978516,74
16711,USP17L20,36.9903678894043,23.045543670654297,74
16712,USP17L21,36.97981643676758,23.014493942260742,74
16713,USP17L22,36.73640823364258,22.8397274017334,74
16714,USP17L23,35.925804138183594,22.53505516052246,74
16715,USP17L24,37.12123489379883,22.986595153808594,74
16716,USP17L25,37.25232696533203,23.339685440063477,74
16717,USP17L26,37.150665283203125,23.124544143676758,74
16718,USP17L27,37.23786926269531,22.863479614257812,74
16719,USP17L28,37.19229507446289,23.125680923461914,74
16720,USP17L29,37.06021499633789,23.09463119506836,74
16721,USP17L3,37.11353302001953,23.03607749938965,74
16722,USP17L30,37.16058349609375,23.141679763793945,74
16723,USP17L4,37.23637771606445,22.789491653442383,74
16724,USP17L5,37.105140686035156,22.921966552734375,74
16725,USP17L7,37.06700897216797,23.032146453857422,74
16726,USP17L8,37.292293548583984,22.814468383789062,74
16727,USP18,36.53374481201172,21.799375534057617,74
16728,USP19,19.536590576171875,3.633025884628296,373
16729,USP2,13.43126392364502,2.6934754848480225,366
16730,USP20,20.474361419677734,2.8708651065826416,373
16731,USP21,14.061234474182129,3.1817147731781006,366
16732,USP22,20.456052780151367,7.264919757843018,398
16733,USP24,14.196815490722656,-7.163914680480957,277
16734,USP25,16.267578125,-1.132903814315796,393
16735,USP28,19.96981430053711,2.0564310550689697,400
16736,USP29,4.809788227081299,8.619522094726562,404
16737,USP3,22.359371185302734,5.661633491516113,373
16738,USP30,31.385236740112305,3.836592435836792,444
16739,USP31,7.4358296394348145,4.478221893310547,363
16740,USP32,13.990894317626953,-2.523953437805176,375
16741,USP33,20.082740783691406,2.280038833618164,400
16742,USP34,13.370613098144531,-7.288451671600342,277
16743,USP35,21.49911117553711,2.303459644317627,400
16744,USP36,-0.8339147567749023,7.119609832763672,298
16745,USP37,10.631025314331055,6.383842468261719,395
16746,USP38,21.57180404663086,3.6811563968658447,373
16747,USP39,32.23627853393555,3.548628091812134,444
16748,USP4,18.558048248291016,2.5318708419799805,418
16749,USP40,23.061264038085938,1.5033305883407593,301
16750,USP42,-13.558764457702637,5.409948825836182,261
16751,USP43,10.142756462097168,2.196889638900757,378
16752,USP44,21.31035041809082,5.046915531158447,373
16753,USP45,20.960472106933594,3.907080888748169,373
16754,USP46,24.739444732666016,4.84773063659668,421
16755,USP47,17.489503860473633,1.8773208856582642,417
16756,USP48,21.159910202026367,2.367604970932007,400
16757,USP49,19.701356887817383,5.179914474487305,372
16758,USP5,36.132259368896484,2.461425542831421,438
16759,USP50,36.009464263916016,21.67154312133789,74
16760,USP53,8.288018226623535,5.1854071617126465,387
16761,USP54,-0.6305397152900696,4.686467170715332,299
16762,USP6,18.501880645751953,1.6049269437789917,417
16763,USP6NL,4.138906478881836,3.9469664096832275,407
16764,USP7,21.671659469604492,0.7645288705825806,350
16765,USPL1,11.418750762939453,5.43920373916626,381
16766,UST,75.83069610595703,-4.730136871337891,205
16767,UTF1,-7.259055137634277,18.06222915649414,238
16768,UTP11,35.944671630859375,13.79537582397461,371
16769,UTP14C,20.65237045288086,12.846379280090332,345
16770,UTP15,51.01642608642578,23.175811767578125,70
16771,UTP18,50.58890151977539,22.284622192382812,70
16772,UTP20,18.824066162109375,-7.46652889251709,278
16773,UTP23,36.53065872192383,11.677123069763184,371
16774,UTP25,38.55059051513672,10.626805305480957,370
16775,UTP3,34.869850158691406,12.909828186035156,367
16776,UTP4,49.49998092651367,22.786144256591797,70
16777,UTP6,33.45832061767578,-4.509601593017578,295
16778,UTS2,90.52900695800781,-16.282405853271484,107
16779,UTS2B,90.63987731933594,-16.265962600708008,107
16780,UTS2R,-106.22662353515625,-19.414743423461914,14
16781,UVRAG,6.745709419250488,1.9596034288406372,354
16782,UVSSA,26.25545883178711,5.150638103485107,394
16783,UXS1,58.38840866088867,3.186161756515503,348
16784,VAC14,24.174036026000977,-3.340179681777954,317
16785,VAMP1,35.70924377441406,18.597076416015625,172
16786,VAMP2,35.733646392822266,18.64850425720215,172
16787,VAMP3,36.550048828125,18.456939697265625,172
16788,VAMP4,36.280906677246094,18.303756713867188,172
16789,VAMP5,36.33831024169922,18.6437931060791,172
16790,VAMP8,36.29104995727539,18.692760467529297,172
16791,VANGL1,19.318309783935547,-17.778907775878906,128
16792,VANGL2,19.800920486450195,-16.298622131347656,128
16793,VAPA,34.2610969543457,4.843906879425049,443
16794,VAPB,36.140804290771484,5.87386417388916,360
16795,VARS2,42.07963180541992,-0.046148572117090225,284
16796,VASH1,22.0098819732666,5.7798285484313965,373
16797,VASH2,23.252965927124023,6.174626350402832,421
16798,VASN,94.51278686523438,19.592710494995117,84
16799,VASP,-3.695648431777954,2.831111192703247,300
16800,VAT1,60.98552322387695,1.7571481466293335,349
16801,VAT1L,56.648048400878906,3.877863883972168,292
16802,VAV1,16.377405166625977,-0.4127155840396881,393
16803,VAV2,14.64493179321289,-0.5681061744689941,415
16804,VAV3,14.437969207763672,-0.9637283682823181,415
16805,VAX1,-21.550901412963867,20.890262603759766,194
16806,VAX2,-22.14783477783203,21.116228103637695,194
16807,VCAM1,17.363189697265625,32.87387466430664,223
16808,VCL,19.918699264526367,-7.259250164031982,278
16809,VCP,41.38227081298828,3.901388645172119,432
16810,VCPIP1,24.86614227294922,3.36257266998291,308
16811,VCPKMT,50.91277313232422,6.596897125244141,457
16812,VDAC1,60.413516998291016,7.686145305633545,349
16813,VDAC2,61.29841995239258,7.8228864669799805,355
16814,VDAC3,60.74794387817383,7.6919026374816895,355
16815,VDR,-37.1513671875,16.380176544189453,73
16816,VEGFA,77.14649963378906,-14.057186126708984,209
16817,VEGFB,77.65316009521484,-13.657422065734863,209
16818,VEGFC,71.1181869506836,-14.52811336517334,215
16819,VENTX,-19.78469467163086,20.630334854125977,194
16820,VEPH1,21.518171310424805,0.3968031108379364,350
16821,VEZF1,-27.867517471313477,11.563803672790527,144
16822,VEZT,13.522385597229004,0.6059823632240295,415
16823,VGF,91.05352783203125,-16.34824562072754,107
16824,VGLL2,-18.184722900390625,17.00765609741211,191
16825,VGLL3,-19.126625061035156,17.26528549194336,191
16826,VGLL4,-10.911609649658203,12.78186321258545,269
16827,VHL,24.822757720947266,9.714455604553223,390
16828,VHLL,33.0446662902832,11.623723983764648,445
16829,VIL1,24.173866271972656,-0.48291224241256714,305
16830,VILL,24.40401840209961,-0.3925808370113373,305
16831,VIM,159.66293334960938,8.82229232788086,25
16832,VIP,92.09493255615234,-16.731388092041016,107
16833,VIPAS39,28.110130310058594,1.2804614305496216,309
16834,VIPR1,34.214176177978516,-23.28177833557129,117
16835,VIPR2,34.13344955444336,-23.514720916748047,117
16836,VIRMA,17.498645782470703,-5.5244550704956055,368
16837,VIT,64.34825134277344,-12.987343788146973,202
16838,VKORC1,13.343539237976074,-23.129037857055664,156
16839,VKORC1L1,14.743374824523926,-22.963367462158203,159
16840,VLDLR,63.93988037109375,-16.72360610961914,197
16841,VMAC,21.3579158782959,13.119946479797363,343
16842,VMO1,72.82679748535156,-13.029584884643555,218
16843,VMP1,19.600011825561523,-23.70332908630371,148
16844,VN1R1,-119.82369232177734,-21.311460494995117,13
16845,VN1R2,-120.13666534423828,-21.45306396484375,13
16846,VN1R4,-120.32919311523438,-21.152442932128906,13
16847,VN1R5,-120.29106903076172,-21.493249893188477,13
16848,VNN1,65.55325317382812,-5.800561428070068,212
16849,VNN2,67.37826538085938,-5.806726932525635,212
16850,VOPP1,16.46929168701172,24.299407958984375,224
16851,VPREB1,16.484527587890625,72.48359680175781,61
16852,VPREB3,15.634871482849121,72.80156707763672,60
16853,VPS11,30.795345306396484,-4.544135570526123,313
16854,VPS16,30.1066837310791,-4.463613510131836,313
16855,VPS18,30.176647186279297,-4.194772243499756,313
16856,VPS25,42.745361328125,10.533990859985352,347
16857,VPS26A,38.507476806640625,6.827905654907227,426
16858,VPS26B,37.09787368774414,7.383986949920654,425
16859,VPS26C,38.74529266357422,4.303170680999756,432
16860,VPS28,36.5073356628418,4.583220481872559,360
16861,VPS29,46.108741760253906,11.461701393127441,304
16862,VPS33A,35.523216247558594,1.2245157957077026,337
16863,VPS33B,34.51211929321289,1.1422473192214966,337
16864,VPS35,29.427642822265625,-3.64766526222229,312
16865,VPS35L,25.4163818359375,-3.793623208999634,316
16866,VPS36,37.36468505859375,7.922125816345215,425
16867,VPS37A,22.334125518798828,7.359246253967285,398
16868,VPS37B,-5.506197929382324,4.952300071716309,272
16869,VPS37C,-8.956758499145508,8.125347137451172,272
16870,VPS37D,19.95319366455078,13.960063934326172,346
16871,VPS39,29.113452911376953,-4.542798042297363,313
16872,VPS41,29.842023849487305,-4.574772357940674,313
16873,VPS45,35.14452362060547,0.7518772482872009,337
16874,VPS4A,39.437835693359375,4.318281173706055,432
16875,VPS4B,36.112247467041016,4.259572505950928,438
16876,VPS50,24.329727172851562,-3.061436176300049,317
16877,VPS51,27.15711212158203,-2.0576019287109375,311
16878,VPS52,27.422035217285156,-2.1351444721221924,311
16879,VPS54,23.66648292541504,-3.4574694633483887,317
16880,VPS72,27.728403091430664,11.105135917663574,427
16881,VPS8,28.309391021728516,-5.657024383544922,313
16882,VPS9D1,24.103116989135742,0.4501228928565979,308
16883,VRK1,55.45833206176758,38.4075813293457,69
16884,VRK2,55.00045394897461,38.2829704284668,69
16885,VRK3,27.67330551147461,5.0501484870910645,394
16886,VRTN,8.718419075012207,11.632057189941406,330
16887,VSIG10,18.187360763549805,32.27358627319336,227
16888,VSIG10L,18.57832145690918,32.80104064941406,227
16889,VSIG10L2,18.985824584960938,33.0230712890625,227
16890,VSIG2,18.435848236083984,30.530487060546875,230
16891,VSIG8,19.442052841186523,29.453426361083984,230
16892,VSIR,15.906376838684082,31.636886596679688,223
16893,VSNL1,-41.66132354736328,-7.350516319274902,44
16894,VSTM1,11.06339168548584,36.191802978515625,225
16895,VSTM2A,64.38385772705078,-10.945921897888184,202
16896,VSTM2B,63.09725570678711,-11.647526741027832,202
16897,VSTM2L,20.027748107910156,28.260343551635742,230
16898,VSTM4,19.010372161865234,29.057903289794922,230
16899,VSTM5,19.0075626373291,29.880949020385742,230
16900,VSX1,-22.1407527923584,21.060104370117188,194
16901,VSX2,-22.480960845947266,21.005216598510742,194
16902,VTA1,24.593700408935547,6.931746006011963,420
16903,VTCN1,16.36457061767578,32.26420593261719,223
16904,VTI1A,36.61132049560547,18.344350814819336,172
16905,VTI1B,36.38298797607422,18.10784149169922,172
16906,VTN,67.71295166015625,-11.569037437438965,217
16907,VWA1,65.18628692626953,-9.639192581176758,211
16908,VWA2,56.11711883544922,-11.208525657653809,187
16909,VWA3A,3.1275715827941895,0.4376925230026245,389
16910,VWA3B,3.9269707202911377,-0.03058115392923355,389
16911,VWA5A,45.7227668762207,-7.438918113708496,151
16912,VWA5B1,44.76948547363281,-7.779764175415039,151
16913,VWA5B2,45.40850830078125,-7.855782985687256,151
16914,VWA7,50.07876205444336,-7.871635913848877,183
16915,VWA8,14.166885375976562,-6.433652400970459,277
16916,VWC2,70.43787384033203,-14.465953826904297,215
16917,VWC2L,68.95012664794922,-15.479507446289062,198
16918,VWCE,63.1118049621582,-16.879518508911133,197
16919,VWDE,61.91167068481445,-16.88335609436035,197
16920,VWF,54.12434005737305,-17.735658645629883,168
16921,VXN,12.575843811035156,17.396745681762695,342
16922,WAC,-6.887401580810547,8.438606262207031,272
16923,WAPL,5.7878031730651855,6.309781074523926,363
16924,WARS2,54.96152877807617,6.564866065979004,441
16925,WASF1,-3.0736780166625977,2.7114341259002686,300
16926,WASF2,-3.331557273864746,2.8202784061431885,300
16927,WASF3,-3.1747193336486816,2.810166120529175,300
16928,WASHC1,-3.709670305252075,2.753131151199341,300
16929,WASHC2A,2.0689213275909424,7.985808372497559,412
16930,WASHC2C,4.932488441467285,7.852118492126465,405
16931,WASHC3,33.21247100830078,11.636075973510742,445
16932,WASHC4,23.32984161376953,-3.2756800651550293,317
16933,WASHC5,24.681156158447266,-3.743285894393921,317
16934,WASL,-4.171597003936768,2.671689033508301,300
16935,WBP1,17.91213607788086,24.86174964904785,224
16936,WBP11,-13.3687744140625,6.923018455505371,261
16937,WBP1L,16.83892250061035,25.617856979370117,224
16938,WBP2,14.84070873260498,22.369821548461914,325
16939,WBP2NL,-11.362445831298828,9.451789855957031,272
16940,WBP4,29.175865173339844,12.615427017211914,442
16941,WDCP,42.255271911621094,2.4728658199310303,334
16942,WDFY1,51.39435577392578,23.302244186401367,70
16943,WDFY2,51.571136474609375,23.444181442260742,70
16944,WDFY4,17.865888595581055,-8.723640441894531,278
16945,WDHD1,11.248167991638184,5.4152936935424805,381
16946,WDPCP,27.497129440307617,-3.9715473651885986,315
16947,WDR1,51.18115234375,23.39938735961914,70
16948,WDR11,29.381362915039062,-5.963511943817139,313
16949,WDR12,52.10140609741211,23.271883010864258,70
16950,WDR17,30.49683952331543,-5.694605827331543,313
16951,WDR18,52.141624450683594,23.275602340698242,70
16952,WDR19,31.438474655151367,-6.323233127593994,295
16953,WDR20,49.297393798828125,22.283769607543945,70
16954,WDR24,50.653629302978516,22.85286521911621,70
16955,WDR25,51.6934928894043,23.381893157958984,70
16956,WDR26,19.753644943237305,6.7450361251831055,372
16957,WDR27,51.52863693237305,23.40642547607422,70
16958,WDR3,51.458343505859375,22.658021926879883,70
16959,WDR31,52.724853515625,23.96894645690918,70
16960,WDR33,-13.955574035644531,7.4860429763793945,261
16961,WDR35,31.33086395263672,-5.854811668395996,295
16962,WDR36,50.381752014160156,22.638870239257812,70
16963,WDR37,51.333824157714844,23.410940170288086,70
16964,WDR38,52.91413879394531,24.123193740844727,70
16965,WDR4,51.68482971191406,23.12949562072754,70
16966,WDR41,51.18754959106445,23.14090347290039,70
16967,WDR43,47.97334671020508,20.91607666015625,70
16968,WDR45B,49.516571044921875,22.281599044799805,70
16969,WDR46,49.26776885986328,21.208223342895508,70
16970,WDR47,46.760009765625,20.788745880126953,70
16971,WDR48,50.14616775512695,22.48982810974121,70
16972,WDR49,50.421852111816406,21.864858627319336,70
16973,WDR5,53.0378303527832,24.260854721069336,70
16974,WDR53,51.574275970458984,23.242582321166992,70
16975,WDR54,52.11264419555664,21.980838775634766,70
16976,WDR55,51.79093551635742,23.088468551635742,70
16977,WDR59,50.44700622558594,22.778371810913086,70
16978,WDR5B,52.36185836791992,23.865253448486328,70
16979,WDR6,52.33292770385742,21.219289779663086,70
16980,WDR61,51.687557220458984,23.45883560180664,70
16981,WDR62,3.9417707920074463,4.036920547485352,407
16982,WDR64,49.3742561340332,21.522022247314453,70
16983,WDR7,47.19882583618164,20.778213500976562,70
16984,WDR70,50.12140655517578,22.25330924987793,70
16985,WDR72,28.186359405517578,-4.728638172149658,313
16986,WDR73,51.74274826049805,23.103904724121094,70
16987,WDR74,52.07375717163086,22.804513931274414,70
16988,WDR75,49.25267791748047,22.171756744384766,70
16989,WDR76,10.961348533630371,6.9360527992248535,395
16990,WDR77,52.10929489135742,23.393413543701172,70
16991,WDR81,17.49416160583496,-7.517528057098389,278
16992,WDR82,50.63208770751953,23.483182907104492,70
16993,WDR83,52.687007904052734,23.829702377319336,70
16994,WDR83OS,8.600176811218262,-20.300029754638672,139
16995,WDR86,53.44301223754883,24.29686164855957,70
16996,WDR87,1.5717618465423584,13.737350463867188,281
16997,WDR88,53.90888214111328,24.707569122314453,70
16998,WDR89,51.54863357543945,23.080312728881836,70
16999,WDR90,49.03345489501953,21.958202362060547,70
17000,WDR91,46.710636138916016,20.983247756958008,70
17001,WDR93,28.183135986328125,-1.0156482458114624,311
17002,WDR97,30.30278968811035,-3.302525758743286,312
17003,WDSUB1,51.6507682800293,23.50592041015625,70
17004,WDTC1,49.844505310058594,22.329790115356445,70
17005,WEE1,15.744077682495117,8.790699005126953,359
17006,WEE2,16.434303283691406,9.125908851623535,382
17007,WFDC1,72.5262222290039,-15.427217483520508,219
17008,WFDC10A,82.10227966308594,-19.19980812072754,207
17009,WFDC10B,82.4185562133789,-19.396013259887695,207
17010,WFDC11,82.78729248046875,-19.639102935791016,207
17011,WFDC12,79.49551391601562,-17.750524520874023,200
17012,WFDC13,79.00443267822266,-17.65387725830078,200
17013,WFDC2,80.73924255371094,-18.287975311279297,206
17014,WFDC3,78.94934844970703,-17.949352264404297,200
17015,WFDC5,78.03980255126953,-16.552133560180664,200
17016,WFDC6,81.57550811767578,-19.0642147064209,206
17017,WFDC8,76.61674499511719,-17.362581253051758,200
17018,WFDC9,82.00970458984375,-19.191020965576172,206
17019,WFIKKN1,67.65299224853516,-15.138786315917969,198
17020,WFIKKN2,69.29724884033203,-16.312265396118164,215
17021,WFS1,42.284610748291016,-3.5093631744384766,283
17022,WHAMM,8.199416160583496,4.882301330566406,387
17023,WHRN,9.543910026550293,2.268270969390869,362
17024,WIF1,67.70665740966797,-16.292434692382812,198
17025,WIPF1,-3.461921453475952,2.7420146465301514,300
17026,WIPF2,-3.362107038497925,2.7538132667541504,300
17027,WIPF3,-3.440288782119751,2.689385175704956,300
17028,WIPI1,24.159778594970703,5.537384986877441,421
17029,WIPI2,27.0592098236084,5.491637229919434,394
17030,WIZ,-30.561201095581055,10.899209976196289,144
17031,WLS,28.678138732910156,-23.003684997558594,132
17032,WNK1,-8.014200210571289,6.24365758895874,272
17033,WNK2,-2.581597089767456,3.4488933086395264,300
17034,WNK4,0.38360488414764404,2.6512882709503174,399
17035,WNT1,98.26191711425781,-37.33715057373047,37
17036,WNT10A,98.56861114501953,-37.476322174072266,37
17037,WNT10B,98.57193756103516,-37.46199417114258,37
17038,WNT11,98.64547729492188,-37.2367057800293,37
17039,WNT16,98.8974838256836,-37.61721420288086,37
17040,WNT2,98.92292022705078,-37.17926025390625,37
17041,WNT2B,98.73102569580078,-37.767669677734375,37
17042,WNT3,98.818603515625,-37.80612564086914,37
17043,WNT3A,98.68284606933594,-37.90398025512695,37
17044,WNT4,98.92583465576172,-37.381561279296875,37
17045,WNT5A,98.80175018310547,-37.19467544555664,37
17046,WNT5B,98.35786437988281,-37.48179626464844,37
17047,WNT6,98.21663665771484,-37.31588363647461,37
17048,WNT7A,98.96101379394531,-37.29729080200195,37
17049,WNT7B,98.50267791748047,-37.744625091552734,37
17050,WNT8A,98.47054290771484,-37.37033462524414,37
17051,WNT8B,98.36673736572266,-37.88507843017578,37
17052,WNT9A,98.61846923828125,-37.81683349609375,37
17053,WNT9B,98.58676147460938,-37.470672607421875,37
17054,WRAP53,51.168025970458984,22.93497657775879,70
17055,WRAP73,51.66619110107422,23.25075912475586,70
17056,WRN,17.84064292907715,3.837153434753418,408
17057,WRNIP1,18.51131248474121,10.213155746459961,384
17058,WSB1,51.344730377197266,23.37070083618164,70
17059,WSB2,52.38545608520508,23.897470474243164,70
17060,WSCD1,69.87875366210938,-8.304276466369629,216
17061,WSCD2,72.33484649658203,-6.282087802886963,205
17062,WT1,-28.039947509765625,15.822832107543945,143
17063,WTAP,21.94829559326172,10.640631675720215,385
17064,WWC1,2.5274581909179688,-0.0667634904384613,389
17065,WWC2,4.232231140136719,-0.09388204663991928,389
17066,WWOX,64.2356948852539,1.3884941339492798,244
17067,WWP1,18.286357879638672,-0.6916943192481995,376
17068,WWP2,20.37714385986328,-0.47337308526039124,350
17069,WWTR1,-10.969939231872559,12.010281562805176,269
17070,XAB2,33.35631561279297,-4.422308444976807,295
17071,XAF1,21.205312728881836,8.539865493774414,398
17072,XBP1,-6.127772331237793,15.202160835266113,237
17073,XCL1,103.03792572021484,-28.608484268188477,36
17074,XCL2,102.87732696533203,-28.662799835205078,36
17075,XCR1,-110.60826873779297,-18.639013290405273,14
17076,XDH,65.66909790039062,3.3727762699127197,358
17077,XIRP1,-0.32372283935546875,9.660836219787598,320
17078,XKR3,17.112802505493164,-22.885047912597656,162
17079,XKR5,4.6727495193481445,7.966157913208008,405
17080,XKR6,28.37241554260254,-19.84600830078125,133
17081,XKR7,23.063507080078125,-18.21776580810547,126
17082,XKR8,17.67730140686035,-21.96164321899414,160
17083,XKR9,17.3764591217041,-23.92266845703125,161
17084,XPA,30.085603713989258,13.151803970336914,449
17085,XPC,23.357383728027344,7.643115520477295,397
17086,XPNPEP1,60.511104583740234,5.750690460205078,349
17087,XPNPEP3,50.95047378540039,3.8795063495635986,414
17088,XPO1,25.576801300048828,-5.780007362365723,310
17089,XPO4,24.65580177307129,-6.029784679412842,310
17090,XPO5,24.633312225341797,-5.901756763458252,310
17091,XPO6,24.475419998168945,-6.123415470123291,310
17092,XPO7,23.796781539916992,-5.772814750671387,310
17093,XPOT,24.70790672302246,-6.1637067794799805,310
17094,XPR1,22.94265365600586,-21.92438316345215,129
17095,XRCC1,15.383284568786621,8.242838859558105,359
17096,XRCC2,45.337215423583984,6.696155548095703,436
17097,XRCC3,46.04401397705078,5.986902713775635,436
17098,XRCC4,22.70900535583496,8.39942455291748,398
17099,XRCC5,39.1068115234375,3.35728120803833,432
17100,XRCC6,39.619693756103516,3.292581558227539,432
17101,XRN1,12.29464340209961,-3.6907799243927,177
17102,XRN2,27.32084846496582,5.956799507141113,394
17103,XRRA1,-0.3859567940235138,0.6604196429252625,389
17104,XXYLT1,72.28572082519531,-4.705410003662109,205
17105,XYLB,62.05227279663086,3.4420647621154785,355
17106,XYLT1,74.5289535522461,-4.608243942260742,205
17107,XYLT2,73.49040985107422,-4.5371246337890625,205
17108,YAE1,42.6248664855957,6.595375061035156,436
17109,YAF2,8.291183471679688,10.727391242980957,330
17110,YAP1,-11.392189025878906,11.161985397338867,272
17111,YARS2,52.160709381103516,4.916231632232666,453
17112,YBEY,54.036224365234375,9.724739074707031,353
17113,YBX1,-17.56145668029785,7.582740783691406,262
17114,YBX2,-15.60848617553711,7.592711448669434,262
17115,YBX3,-17.077085494995117,7.694887638092041,262
17116,YDJC,50.82587432861328,7.757853031158447,431
17117,YEATS2,-10.834246635437012,9.468832969665527,272
17118,YEATS4,33.53399658203125,10.010603904724121,369
17119,YES1,63.349609375,36.002864837646484,68
17120,YIF1A,12.713489532470703,-20.253543853759766,149
17121,YIF1B,13.180217742919922,-19.92324447631836,149
17122,YIPF1,12.867926597595215,-20.3690242767334,149
17123,YIPF2,12.663324356079102,-20.15001106262207,149
17124,YIPF3,12.86945629119873,-20.275434494018555,149
17125,YIPF4,12.99501895904541,-20.212051391601562,149
17126,YIPF5,13.246553421020508,-19.82265853881836,149
17127,YIPF7,13.238072395324707,-20.09347915649414,149
17128,YJEFN3,53.743324279785156,4.297030925750732,440
17129,YJU2,29.739782333374023,12.443998336791992,449
17130,YKT6,39.39113998413086,14.957050323486328,171
17131,YLPM1,-13.078520774841309,7.106606483459473,261
17132,YME1L1,41.28123092651367,2.383993625640869,334
17133,YOD1,38.070796966552734,6.294546604156494,426
17134,YPEL1,41.39017868041992,14.054823875427246,210
17135,YPEL2,41.636959075927734,14.002556800842285,210
17136,YPEL3,41.790977478027344,13.959555625915527,210
17137,YPEL4,41.59565734863281,14.21585750579834,210
17138,YPEL5,41.387611389160156,14.03374195098877,210
17139,YRDC,25.693994522094727,12.680721282958984,351
17140,YTHDC1,-16.64469337463379,5.398992538452148,165
17141,YTHDC2,24.60541343688965,-0.6383249163627625,305
17142,YTHDF1,-10.59997844696045,10.483242988586426,272
17143,YTHDF2,-10.704906463623047,10.19115161895752,272
17144,YTHDF3,-9.983970642089844,10.440223693847656,272
17145,YWHAB,50.13086700439453,15.435385704040527,247
17146,YWHAE,50.89566421508789,15.646814346313477,247
17147,YWHAG,50.18345642089844,15.565744400024414,247
17148,YWHAH,51.015220642089844,15.86865520477295,247
17149,YWHAQ,51.063228607177734,15.84314250946045,247
17150,YWHAZ,50.47799301147461,15.593087196350098,247
17151,YY1,-30.306360244750977,12.015654563903809,144
17152,YY1AP1,-2.000478506088257,8.76069450378418,320
17153,ZACN,123.36817932128906,-32.247337341308594,11
17154,ZADH2,55.351585388183594,4.97370719909668,440
17155,ZAN,53.723880767822266,-17.49513816833496,168
17156,ZAP70,62.68094253540039,36.175174713134766,68
17157,ZAR1,11.099297523498535,12.138593673706055,330
17158,ZAR1L,11.886903762817383,14.697883605957031,342
17159,ZBBX,-0.8422117233276367,2.1321656703948975,399
17160,ZBED2,19.967018127441406,15.285032272338867,344
17161,ZBED3,19.09020233154297,13.649510383605957,346
17162,ZBED4,7.850414752960205,11.786629676818848,330
17163,ZBED5,9.386524200439453,12.08238697052002,330
17164,ZBED6,8.639881134033203,11.836013793945312,330
17165,ZBED8,9.422290802001953,12.204916000366211,330
17166,ZBED9,9.227542877197266,11.937944412231445,330
17167,ZBP1,11.945905685424805,16.697784423828125,342
17168,ZBTB1,-32.26726150512695,10.657950401306152,144
17169,ZBTB10,11.145939826965332,10.616242408752441,379
17170,ZBTB11,-30.970537185668945,10.3616304397583,144
17171,ZBTB12,-32.94422912597656,11.178215026855469,144
17172,ZBTB14,-32.715431213378906,10.925829887390137,144
17173,ZBTB16,-32.86429977416992,11.004647254943848,144
17174,ZBTB17,-32.12446975708008,10.920830726623535,144
17175,ZBTB18,-32.80671691894531,11.112186431884766,144
17176,ZBTB2,-32.68241500854492,10.921398162841797,144
17177,ZBTB21,-31.365474700927734,10.583593368530273,144
17178,ZBTB22,-33.0357551574707,11.33469009399414,144
17179,ZBTB24,-31.78527069091797,10.459589958190918,144
17180,ZBTB25,-32.892520904541016,10.91511344909668,144
17181,ZBTB26,-33.045799255371094,10.686092376708984,144
17182,ZBTB3,-33.8615837097168,11.2731351852417,144
17183,ZBTB32,-32.846981048583984,12.80512809753418,144
17184,ZBTB34,-33.547054290771484,10.836860656738281,144
17185,ZBTB38,-30.36087989807129,10.444761276245117,144
17186,ZBTB39,-33.39466857910156,10.877290725708008,144
17187,ZBTB4,-31.122928619384766,11.206628799438477,144
17188,ZBTB40,-32.42618942260742,10.35635757446289,144
17189,ZBTB41,-30.737865447998047,10.641589164733887,144
17190,ZBTB42,-32.526206970214844,12.475403785705566,144
17191,ZBTB43,-33.80292510986328,10.877873420715332,144
17192,ZBTB44,-33.54777908325195,10.953359603881836,144
17193,ZBTB45,-33.46887969970703,11.586104393005371,144
17194,ZBTB46,-33.1282958984375,11.086167335510254,144
17195,ZBTB47,-32.84031295776367,11.267099380493164,144
17196,ZBTB48,-32.981163024902344,10.969698905944824,144
17197,ZBTB49,-33.333953857421875,10.941954612731934,144
17198,ZBTB5,-33.91272735595703,10.636213302612305,144
17199,ZBTB6,-32.61869430541992,10.700790405273438,144
17200,ZBTB7A,-33.111690521240234,11.877387046813965,144
17201,ZBTB7B,-33.17011642456055,11.718871116638184,144
17202,ZBTB7C,-31.21590232849121,11.124913215637207,144
17203,ZBTB8A,-33.46528244018555,10.728382110595703,144
17204,ZBTB8OS,45.956111907958984,8.915782928466797,436
17205,ZBTB9,-33.48771286010742,11.337716102600098,144
17206,ZC2HC1A,11.842806816101074,9.42193603515625,379
17207,ZC2HC1B,13.52221393585205,12.095253944396973,335
17208,ZC2HC1C,9.79713249206543,15.658075332641602,342
17209,ZC3H10,-18.62879753112793,10.669837951660156,264
17210,ZC3H11A,3.4453237056732178,10.337747573852539,320
17211,ZC3H11B,4.179217338562012,11.586287498474121,320
17212,ZC3H12A,3.050023078918457,6.309855937957764,412
17213,ZC3H12C,4.129580497741699,5.1310811042785645,401
17214,ZC3H12D,4.385982513427734,5.969120502471924,401
17215,ZC3H13,-18.437013626098633,4.881602764129639,165
17216,ZC3H15,32.73303985595703,13.214278221130371,448
17217,ZC3H18,-17.698970794677734,4.967339992523193,165
17218,ZC3H3,0.3561813235282898,8.43543529510498,320
17219,ZC3H4,-14.871856689453125,7.309844017028809,262
17220,ZC3H6,-12.384181022644043,7.215550422668457,261
17221,ZC3H7A,16.120580673217773,5.778234958648682,359
17222,ZC3H7B,16.58328628540039,5.271895408630371,380
17223,ZC3H8,33.638282775878906,11.937856674194336,445
17224,ZC3HAV1,20.190113067626953,6.338138580322266,372
17225,ZC3HAV1L,29.01772117614746,7.481545448303223,450
17226,ZC3HC1,34.813262939453125,6.268417835235596,364
17227,ZCCHC10,6.1639509201049805,10.697649002075195,330
17228,ZCCHC14,-5.773601055145264,8.2850923538208,271
17229,ZCCHC17,-15.41203498840332,4.654835224151611,165
17230,ZCCHC2,-5.883743762969971,8.252866744995117,271
17231,ZCCHC24,14.459074020385742,9.057265281677246,382
17232,ZCCHC3,20.26722526550293,12.59247875213623,345
17233,ZCCHC4,30.61210060119629,5.899545669555664,451
17234,ZCCHC7,-0.9592664837837219,6.951078414916992,298
17235,ZCCHC8,24.14202308654785,9.854679107666016,390
17236,ZCCHC9,34.65614700317383,12.874338150024414,367
17237,ZCRB1,31.24755859375,13.1643648147583,448
17238,ZCWPW1,15.732430458068848,13.897201538085938,341
17239,ZCWPW2,19.49755859375,8.641448020935059,383
17240,ZDBF2,-4.180131435394287,5.102295875549316,299
17241,ZDHHC1,22.329126358032227,-16.724262237548828,124
17242,ZDHHC11,20.922147750854492,-17.052562713623047,127
17243,ZDHHC11B,21.456531524658203,-17.142257690429688,127
17244,ZDHHC12,20.81939125061035,-17.267765045166016,127
17245,ZDHHC13,20.991979598999023,-20.951702117919922,129
17246,ZDHHC14,22.648090362548828,-16.674301147460938,124
17247,ZDHHC16,20.88451385498047,-17.232892990112305,127
17248,ZDHHC17,22.2166748046875,-19.10869026184082,126
17249,ZDHHC18,21.676130294799805,-17.064538955688477,127
17250,ZDHHC19,20.974315643310547,-17.147573471069336,127
17251,ZDHHC2,21.324188232421875,-17.031679153442383,127
17252,ZDHHC20,21.16510772705078,-17.39432716369629,127
17253,ZDHHC21,21.102582931518555,-17.20059585571289,127
17254,ZDHHC22,21.375118255615234,-17.39786720275879,127
17255,ZDHHC23,19.782821655273438,-18.035009384155273,128
17256,ZDHHC24,16.387086868286133,-20.516965866088867,153
17257,ZDHHC4,20.80403709411621,-17.227277755737305,127
17258,ZDHHC5,23.55991554260254,-16.486745834350586,124
17259,ZDHHC6,20.913599014282227,-17.219688415527344,127
17260,ZDHHC7,21.641029357910156,-17.275447845458984,127
17261,ZDHHC8,24.09230613708496,-16.385377883911133,124
17262,ZEB1,-29.9612979888916,10.770160675048828,144
17263,ZEB2,-27.555484771728516,11.186480522155762,144
17264,ZER1,88.85423278808594,19.194215774536133,86
17265,ZFAND1,22.95037078857422,8.45832347869873,398
17266,ZFAND2A,20.684938430786133,9.019927978515625,398
17267,ZFAND2B,20.367950439453125,7.908140182495117,398
17268,ZFAND3,17.39933204650879,8.058645248413086,384
17269,ZFAND4,6.654923915863037,7.952474117279053,404
17270,ZFAND5,17.93614387512207,9.26590347290039,384
17271,ZFAND6,18.138582229614258,9.09250259399414,384
17272,ZFAT,-31.6962890625,10.758146286010742,144
17273,ZFC3H1,-4.731874465942383,4.578081130981445,299
17274,ZFHX2,-29.67218017578125,11.000730514526367,144
17275,ZFP1,-73.41897583007812,-31.161121368408203,57
17276,ZFP14,-77.40199279785156,-32.493961334228516,57
17277,ZFP2,-75.36981964111328,-30.80596923828125,57
17278,ZFP28,-74.43614959716797,-30.825098037719727,57
17279,ZFP3,-75.22689056396484,-30.298904418945312,57
17280,ZFP30,-77.76065063476562,-32.64838409423828,57
17281,ZFP36,-4.648535251617432,14.267836570739746,237
17282,ZFP36L1,-5.929779529571533,14.338668823242188,237
17283,ZFP36L2,-6.943720817565918,14.112462997436523,237
17284,ZFP37,-73.4005126953125,-31.393112182617188,57
17285,ZFP41,-70.85543823242188,-27.128803253173828,31
17286,ZFP42,-31.242319107055664,13.535945892333984,143
17287,ZFP57,-70.34033966064453,-26.7836971282959,31
17288,ZFP62,-66.72744750976562,-32.35400390625,21
17289,ZFP64,-31.656593322753906,10.598530769348145,144
17290,ZFP69,-73.50545501708984,-30.41118621826172,57
17291,ZFP69B,-74.04341125488281,-30.622655868530273,57
17292,ZFP82,-77.37168884277344,-32.51436996459961,57
17293,ZFP90,-74.466552734375,-30.81459617614746,57
17294,ZFP91,-30.760284423828125,11.320455551147461,144
17295,ZFPL1,21.866737365722656,11.03481388092041,385
17296,ZFPM1,-31.136423110961914,11.583638191223145,144
17297,ZFPM2,-28.94683837890625,10.293404579162598,144
17298,ZFR,-11.156192779541016,7.801760196685791,272
17299,ZFR2,-11.349470138549805,8.843545913696289,272
17300,ZFYVE1,22.017717361450195,6.411895751953125,373
17301,ZFYVE16,-0.6009924411773682,5.498548984527588,298
17302,ZFYVE19,19.103565216064453,7.590198516845703,372
17303,ZFYVE21,20.495466232299805,3.875418186187744,373
17304,ZFYVE26,17.990224838256836,-7.816586017608643,278
17305,ZFYVE27,26.690292358398438,0.8369742631912231,309
17306,ZFYVE28,5.9107279777526855,2.4050424098968506,354
17307,ZFYVE9,0.17352896928787231,5.233522891998291,411
17308,ZG16,73.26667785644531,-12.950252532958984,218
17309,ZG16B,73.34598541259766,-12.791708946228027,218
17310,ZGLP1,13.689037322998047,16.823856353759766,333
17311,ZGPAT,27.57489013671875,8.800843238830566,447
17312,ZGRF1,2.4393177032470703,6.869016647338867,412
17313,ZHX1,-26.78514289855957,9.947421073913574,144
17314,ZHX1-C8orf76,35.45027160644531,5.113558292388916,360
17315,ZHX2,-27.285348892211914,10.096321105957031,144
17316,ZHX3,-25.895784378051758,9.9265718460083,144
17317,ZIC1,-27.4024715423584,15.893189430236816,143
17318,ZIC2,-25.31376075744629,16.814983367919922,143
17319,ZIC4,-28.664798736572266,15.431923866271973,143
17320,ZIC5,-26.65982437133789,16.251569747924805,143
17321,ZIK1,-77.21808624267578,-29.98379135131836,57
17322,ZIM2,-70.70321655273438,-27.471210479736328,31
17323,ZIM3,-73.37936401367188,-30.913667678833008,57
17324,ZKSCAN1,-72.1773681640625,-26.620901107788086,31
17325,ZKSCAN2,-71.05274963378906,-26.2459774017334,31
17326,ZKSCAN3,-72.07877349853516,-26.225534439086914,31
17327,ZKSCAN4,-71.7408676147461,-26.33158302307129,31
17328,ZKSCAN5,-71.33756256103516,-27.22459602355957,31
17329,ZKSCAN7,-73.92196655273438,-28.03080940246582,57
17330,ZKSCAN8,-72.16231536865234,-26.28684425354004,31
17331,ZMAT2,30.908655166625977,13.586160659790039,448
17332,ZMAT3,22.267881393432617,8.95279598236084,398
17333,ZMAT4,20.918718338012695,9.260869979858398,398
17334,ZMAT5,29.668498992919922,11.711039543151855,427
17335,ZMIZ1,-12.367676734924316,10.040833473205566,272
17336,ZMIZ2,-12.068768501281738,9.96675968170166,272
17337,ZMPSTE24,14.54006576538086,-22.032699584960938,152
17338,ZMYM1,8.475841522216797,11.958157539367676,330
17339,ZMYM2,-21.64735221862793,9.032033920288086,267
17340,ZMYM4,-21.064205169677734,8.94909381866455,266
17341,ZMYM5,-25.03813362121582,9.622345924377441,144
17342,ZMYM6,7.380217552185059,12.15534782409668,330
17343,ZMYND10,16.2409725189209,10.061371803283691,382
17344,ZMYND11,7.663554668426514,6.0569682121276855,387
17345,ZMYND12,34.59134292602539,-5.24744987487793,295
17346,ZMYND15,15.474748611450195,7.878966808319092,359
17347,ZMYND19,29.66470718383789,6.697841167449951,450
17348,ZMYND8,-5.004447937011719,6.976914405822754,271
17349,ZNF10,-74.31183624267578,-31.527936935424805,57
17350,ZNF100,151.72308349609375,23.17524528503418,26
17351,ZNF101,-72.76154327392578,-33.259788513183594,56
17352,ZNF106,-3.905763864517212,6.0016326904296875,299
17353,ZNF107,151.70826721191406,23.380830764770508,26
17354,ZNF112,-68.31307983398438,-30.490123748779297,47
17355,ZNF114,-71.31845092773438,-31.454572677612305,57
17356,ZNF117,152.0498504638672,22.928485870361328,26
17357,ZNF12,-74.01872253417969,-31.670862197875977,57
17358,ZNF121,-72.47781372070312,-33.08305740356445,56
17359,ZNF124,-73.83610534667969,-34.76411437988281,56
17360,ZNF131,-30.491844177246094,10.525331497192383,144
17361,ZNF132,-78.39378356933594,-29.882444381713867,57
17362,ZNF133,-69.73045349121094,-30.3626708984375,47
17363,ZNF134,-76.9984130859375,-29.9625301361084,57
17364,ZNF135,-75.1153335571289,-30.868528366088867,57
17365,ZNF136,-74.30445098876953,-34.75200653076172,56
17366,ZNF138,151.73941040039062,23.19542121887207,26
17367,ZNF14,-74.28791809082031,-35.25859451293945,56
17368,ZNF140,-74.55301666259766,-31.186050415039062,57
17369,ZNF142,-33.60636520385742,10.668216705322266,144
17370,ZNF143,-32.04957580566406,11.13314151763916,144
17371,ZNF146,-75.7518539428711,-31.68107795715332,57
17372,ZNF148,-28.670978546142578,10.500419616699219,144
17373,ZNF154,-75.51410675048828,-30.14168930053711,57
17374,ZNF155,-69.2781982421875,-30.647443771362305,47
17375,ZNF16,-76.41883850097656,-29.758304595947266,57
17376,ZNF160,-65.19010162353516,-32.607643127441406,21
17377,ZNF165,-72.20953369140625,-25.892776489257812,31
17378,ZNF169,-69.94058227539062,-30.55612564086914,47
17379,ZNF17,-78.39466094970703,-29.902063369750977,57
17380,ZNF174,-71.617431640625,-26.140926361083984,31
17381,ZNF175,-73.05370330810547,-31.477893829345703,57
17382,ZNF177,-73.01384735107422,-32.417850494384766,56
17383,ZNF18,-71.14627075195312,-26.415327072143555,31
17384,ZNF180,-74.56736755371094,-30.88471221923828,57
17385,ZNF181,-74.2533950805664,-30.82243537902832,57
17386,ZNF184,-75.02664947509766,-31.119556427001953,57
17387,ZNF189,-75.1352767944336,-30.531808853149414,57
17388,ZNF19,-75.88330078125,-30.154191970825195,57
17389,ZNF195,-65.66213989257812,-32.3665657043457,21
17390,ZNF197,-73.22230529785156,-30.484996795654297,57
17391,ZNF2,-73.90992736816406,-30.573179244995117,57
17392,ZNF20,-73.58519744873047,-34.77663040161133,56
17393,ZNF200,-70.0078353881836,-26.21701431274414,31
17394,ZNF202,-70.99427795410156,-26.409513473510742,31
17395,ZNF205,-70.7437973022461,-27.220056533813477,31
17396,ZNF208,152.02459716796875,23.426387786865234,26
17397,ZNF211,-77.97938537597656,-30.01043128967285,57
17398,ZNF212,-70.03995513916016,-26.668010711669922,31
17399,ZNF213,-71.357177734375,-26.12480354309082,31
17400,ZNF214,-70.75933837890625,-30.61212158203125,47
17401,ZNF215,-71.50894927978516,-27.074737548828125,31
17402,ZNF217,-28.390392303466797,10.426919937133789,144
17403,ZNF219,-31.938512802124023,11.35922908782959,144
17404,ZNF22,-72.13047790527344,-29.38519859313965,57
17405,ZNF221,-69.04183959960938,-30.58334732055664,47
17406,ZNF222,-70.98712158203125,-30.49205207824707,47
17407,ZNF223,-69.9095458984375,-30.749771118164062,47
17408,ZNF224,-68.71894836425781,-30.556808471679688,47
17409,ZNF225,-68.95443725585938,-30.593029022216797,47
17410,ZNF226,-68.21941375732422,-30.606027603149414,47
17411,ZNF227,-68.2640609741211,-30.625654220581055,47
17412,ZNF229,-68.82890319824219,-30.575761795043945,47
17413,ZNF23,-77.27999114990234,-29.87682342529297,57
17414,ZNF230,-70.5019302368164,-30.671524047851562,47
17415,ZNF232,-72.02127075195312,-26.010990142822266,31
17416,ZNF233,-69.02169799804688,-30.60152244567871,47
17417,ZNF234,-69.4859619140625,-30.508970260620117,47
17418,ZNF235,-68.07420349121094,-30.64532470703125,47
17419,ZNF236,-31.05434799194336,10.655782699584961,144
17420,ZNF239,-72.45441436767578,-30.568288803100586,57
17421,ZNF24,-72.0119857788086,-26.209997177124023,31
17422,ZNF248,-73.42807006835938,-31.452842712402344,57
17423,ZNF25,-72.91775512695312,-31.716516494750977,57
17424,ZNF250,-74.04325866699219,-30.177642822265625,57
17425,ZNF251,-75.06130981445312,-30.63052749633789,57
17426,ZNF253,152.25572204589844,23.380718231201172,26
17427,ZNF254,151.92098999023438,23.196386337280273,26
17428,ZNF256,-78.33916473388672,-29.83067512512207,57
17429,ZNF257,151.99313354492188,23.277284622192383,26
17430,ZNF260,-75.49232482910156,-31.763565063476562,57
17431,ZNF263,-71.16631317138672,-26.46337127685547,31
17432,ZNF264,-75.76760864257812,-29.626697540283203,57
17433,ZNF266,-74.06041717529297,-34.861080169677734,56
17434,ZNF267,-65.32144165039062,-32.55811309814453,21
17435,ZNF273,151.72564697265625,23.19060516357422,26
17436,ZNF274,-71.2310562133789,-26.468170166015625,31
17437,ZNF276,-32.28582000732422,11.703500747680664,144
17438,ZNF277,21.860445022583008,8.326385498046875,398
17439,ZNF28,-65.1798095703125,-32.58544158935547,21
17440,ZNF280A,-29.307313919067383,10.33305835723877,144
17441,ZNF280B,-27.12657356262207,9.905417442321777,144
17442,ZNF280D,-25.567419052124023,9.425322532653809,144
17443,ZNF281,-28.50655746459961,10.351786613464355,144
17444,ZNF282,-70.48494720458984,-26.4354248046875,31
17445,ZNF283,-77.71150207519531,-33.010650634765625,57
17446,ZNF284,-71.15237426757812,-30.40938949584961,47
17447,ZNF285,-71.93324279785156,-30.816726684570312,57
17448,ZNF286A,-73.27143859863281,-30.86683464050293,57
17449,ZNF287,-73.59971618652344,-29.663339614868164,57
17450,ZNF296,-32.04420471191406,12.625223159790039,144
17451,ZNF3,-75.72982025146484,-29.669677734375,57
17452,ZNF30,-78.13700103759766,-32.844844818115234,57
17453,ZNF300,-74.0145492553711,-31.61707878112793,57
17454,ZNF302,-74.60457611083984,-31.060317993164062,57
17455,ZNF304,-78.03300476074219,-30.147306442260742,57
17456,ZNF311,-73.31117248535156,-30.137239456176758,57
17457,ZNF316,-34.46477508544922,11.047396659851074,144
17458,ZNF317,-72.23552703857422,-31.653444290161133,57
17459,ZNF318,-8.972099304199219,6.67134952545166,272
17460,ZNF319,-34.81349182128906,10.531281471252441,144
17461,ZNF32,-74.57870483398438,-30.159942626953125,57
17462,ZNF320,-67.85820770263672,-31.986896514892578,21
17463,ZNF322,-72.05824279785156,-29.87361717224121,57
17464,ZNF324,-70.67753601074219,-27.39297866821289,31
17465,ZNF324B,-70.82099151611328,-27.480806350708008,31
17466,ZNF326,-10.248761177062988,6.291971683502197,272
17467,ZNF329,-74.92073059082031,-30.523530960083008,57
17468,ZNF330,22.80370330810547,8.471611022949219,398
17469,ZNF331,-75.85645294189453,-31.939294815063477,57
17470,ZNF333,-72.4284439086914,-31.1641902923584,57
17471,ZNF334,-74.80992126464844,-31.877321243286133,57
17472,ZNF335,-31.86225700378418,10.828073501586914,144
17473,ZNF337,-69.61739349365234,-30.710105895996094,47
17474,ZNF33A,-73.70733642578125,-31.836496353149414,57
17475,ZNF33B,-73.88629913330078,-31.77354621887207,57
17476,ZNF34,-75.17792510986328,-30.169601440429688,57
17477,ZNF341,-31.364788055419922,11.061745643615723,144
17478,ZNF343,-70.19206237792969,-30.40962028503418,47
17479,ZNF345,-76.89542388916016,-32.31882858276367,57
17480,ZNF346,21.551584243774414,8.791549682617188,398
17481,ZNF347,-65.29190826416016,-32.59310531616211,21
17482,ZNF35,-74.19981384277344,-30.76102638244629,57
17483,ZNF350,-73.46757507324219,-31.130067825317383,57
17484,ZNF354A,-72.32998657226562,-31.068147659301758,57
17485,ZNF354B,-73.61932373046875,-31.09873390197754,57
17486,ZNF354C,-73.99066925048828,-31.042659759521484,57
17487,ZNF358,-35.05267333984375,10.964675903320312,144
17488,ZNF362,-30.436349868774414,11.332287788391113,144
17489,ZNF365,16.369701385498047,17.634525299072266,340
17490,ZNF366,-31.020540237426758,11.622267723083496,144
17491,ZNF367,-25.56307029724121,14.15825366973877,143
17492,ZNF37A,-73.1957015991211,-31.422056198120117,57
17493,ZNF382,-73.09819793701172,-31.47098731994629,57
17494,ZNF383,-76.22097778320312,-32.04322814941406,57
17495,ZNF384,-30.293825149536133,11.441497802734375,144
17496,ZNF385A,-23.797405242919922,12.474000930786133,264
17497,ZNF385B,-25.56683921813965,12.33211612701416,144
17498,ZNF385C,-23.856935501098633,12.754120826721191,264
17499,ZNF385D,-24.1287784576416,12.460734367370605,144
17500,ZNF391,-75.14883422851562,-30.678203582763672,57
17501,ZNF394,-71.20999145507812,-26.4246883392334,31
17502,ZNF395,6.754144668579102,12.043375968933105,330
17503,ZNF396,-71.87278747558594,-25.950481414794922,31
17504,ZNF397,-72.31757354736328,-26.163509368896484,31
17505,ZNF398,-70.18782806396484,-26.424766540527344,31
17506,ZNF404,-77.78907775878906,-32.79409408569336,57
17507,ZNF407,-28.370220184326172,10.007808685302734,144
17508,ZNF408,-35.20594787597656,10.459519386291504,144
17509,ZNF410,-31.714916229248047,10.905077934265137,144
17510,ZNF414,-22.945295333862305,13.504036903381348,264
17511,ZNF415,-65.76830291748047,-32.476036071777344,21
17512,ZNF416,-78.42922973632812,-29.830060958862305,57
17513,ZNF417,-76.95299530029297,-29.75554084777832,57
17514,ZNF418,-78.12979888916016,-30.273372650146484,57
17515,ZNF419,-77.76451110839844,-29.94904327392578,57
17516,ZNF420,-78.107421875,-32.82687759399414,57
17517,ZNF423,-29.334754943847656,10.414679527282715,144
17518,ZNF425,-68.82930755615234,-30.54942512512207,47
17519,ZNF426,-72.90180969238281,-33.131900787353516,56
17520,ZNF428,18.48204231262207,14.831927299499512,344
17521,ZNF429,152.0885772705078,23.016643524169922,26
17522,ZNF43,151.9684295654297,23.184329986572266,26
17523,ZNF430,152.02554321289062,22.89260482788086,26
17524,ZNF432,-75.1800308227539,-31.909038543701172,57
17525,ZNF433,-74.30198669433594,-35.21865463256836,56
17526,ZNF436,-74.50605773925781,-30.091360092163086,57
17527,ZNF438,-28.72010612487793,10.194681167602539,144
17528,ZNF439,-73.87913513183594,-34.84297180175781,56
17529,ZNF44,-74.26849365234375,-35.332942962646484,56
17530,ZNF440,-74.24349975585938,-34.683189392089844,56
17531,ZNF441,-74.04151916503906,-35.091468811035156,56
17532,ZNF442,-73.98406982421875,-34.862998962402344,56
17533,ZNF443,-73.91123962402344,-34.937721252441406,56
17534,ZNF444,-70.71218872070312,-26.404401779174805,31
17535,ZNF446,-70.79561614990234,-26.30910301208496,31
17536,ZNF45,-68.37055969238281,-30.5399169921875,47
17537,ZNF451,-23.473217010498047,9.11880111694336,267
17538,ZNF454,-75.21485137939453,-30.738811492919922,57
17539,ZNF460,-76.05347442626953,-30.148767471313477,57
17540,ZNF461,-76.77136993408203,-32.32905578613281,57
17541,ZNF462,-29.960481643676758,10.562124252319336,144
17542,ZNF467,-69.7824478149414,-26.882183074951172,31
17543,ZNF468,-67.4431381225586,-32.146385192871094,21
17544,ZNF470,-76.70613098144531,-32.13117599487305,57
17545,ZNF471,-75.47974395751953,-31.810304641723633,57
17546,ZNF473,-72.79232788085938,-29.44652557373047,57
17547,ZNF474,11.974899291992188,13.724559783935547,335
17548,ZNF479,151.66319274902344,23.205795288085938,26
17549,ZNF48,-69.89593505859375,-27.00035858154297,31
17550,ZNF480,-66.94754791259766,-32.15663528442383,21
17551,ZNF484,-74.24993896484375,-32.006874084472656,57
17552,ZNF485,-74.37629699707031,-30.586910247802734,57
17553,ZNF486,151.6337432861328,23.188169479370117,26
17554,ZNF487,-72.78585815429688,-31.122745513916016,57
17555,ZNF488,-1.2581161260604858,13.967486381530762,145
17556,ZNF490,-73.23983764648438,-33.77095413208008,56
17557,ZNF491,-73.88105010986328,-35.015411376953125,56
17558,ZNF492,151.81396484375,23.03106117248535,26
17559,ZNF493,151.6890106201172,23.363256454467773,26
17560,ZNF496,-70.54399108886719,-26.380970001220703,31
17561,ZNF497,-70.4740219116211,-27.333393096923828,31
17562,ZNF500,-71.12885284423828,-26.495723724365234,31
17563,ZNF501,-74.34135437011719,-30.5499267578125,57
17564,ZNF502,-74.25513458251953,-30.644865036010742,57
17565,ZNF503,-20.5580997467041,17.4824275970459,191
17566,ZNF506,151.33755493164062,23.252424240112305,26
17567,ZNF507,-28.737777709960938,10.111709594726562,144
17568,ZNF510,-73.01837921142578,-31.409629821777344,57
17569,ZNF511,22.00471305847168,9.80523681640625,385
17570,ZNF512,18.22591781616211,8.047986030578613,384
17571,ZNF512B,0.4727875590324402,8.86586856842041,320
17572,ZNF513,-34.05204772949219,11.454377174377441,144
17573,ZNF514,-73.04373931884766,-30.571048736572266,57
17574,ZNF516,-28.492692947387695,10.584565162658691,144
17575,ZNF517,-70.92122650146484,-27.89250946044922,31
17576,ZNF518A,-27.732681274414062,10.106771469116211,144
17577,ZNF518B,-28.901811599731445,10.257201194763184,144
17578,ZNF519,151.64303588867188,23.154666900634766,26
17579,ZNF521,-29.82586097717285,10.30626106262207,144
17580,ZNF524,-32.944091796875,12.242426872253418,144
17581,ZNF525,151.84674072265625,23.22072410583496,26
17582,ZNF526,-35.7597770690918,10.52121353149414,144
17583,ZNF527,-74.7019271850586,-31.16655731201172,57
17584,ZNF528,-66.15631866455078,-32.3990478515625,21
17585,ZNF529,-75.68981170654297,-31.901777267456055,57
17586,ZNF530,-77.83470153808594,-30.227266311645508,57
17587,ZNF532,-28.42281723022461,10.09441089630127,144
17588,ZNF534,-65.53864288330078,-32.50104522705078,21
17589,ZNF536,-29.14131736755371,10.477100372314453,144
17590,ZNF540,-78.36839294433594,-32.97336959838867,57
17591,ZNF541,-4.233501434326172,8.246980667114258,271
17592,ZNF543,-75.9901351928711,-30.29149055480957,57
17593,ZNF544,-75.83037567138672,-31.346210479736328,57
17594,ZNF546,-77.79326629638672,-32.46445846557617,57
17595,ZNF547,-77.01102447509766,-30.08448028564453,57
17596,ZNF548,-78.06067657470703,-29.861604690551758,57
17597,ZNF549,-78.50704193115234,-30.175678253173828,57
17598,ZNF550,-74.75556182861328,-30.069063186645508,57
17599,ZNF551,-78.51000213623047,-30.246692657470703,57
17600,ZNF552,-76.31670379638672,-30.097707748413086,57
17601,ZNF554,-72.764892578125,-30.279945373535156,57
17602,ZNF555,-73.52571105957031,-34.25780487060547,56
17603,ZNF556,-71.95149230957031,-32.52322769165039,56
17604,ZNF557,-71.1684799194336,-32.098411560058594,57
17605,ZNF558,-72.84588623046875,-30.940414428710938,57
17606,ZNF559,-73.46162414550781,-34.21086883544922,56
17607,ZNF560,-73.9936752319336,-34.75904083251953,56
17608,ZNF561,-72.85553741455078,-31.912063598632812,57
17609,ZNF563,-74.01025390625,-34.85985565185547,56
17610,ZNF564,-74.19680786132812,-35.23844528198242,56
17611,ZNF565,-79.06236267089844,-33.214317321777344,57
17612,ZNF566,-76.69688415527344,-32.213706970214844,57
17613,ZNF567,-74.73898315429688,-31.89716339111328,57
17614,ZNF568,-75.8886947631836,-32.01316452026367,57
17615,ZNF569,-75.89059448242188,-32.179443359375,57
17616,ZNF57,-74.18573760986328,-35.15043258666992,56
17617,ZNF570,-75.98627471923828,-31.966611862182617,57
17618,ZNF571,-78.48967742919922,-32.72783660888672,57
17619,ZNF572,-72.56565856933594,-29.479290008544922,57
17620,ZNF573,-77.97373962402344,-32.79045867919922,57
17621,ZNF574,-34.54560089111328,10.648118019104004,144
17622,ZNF575,-34.40840148925781,11.594340324401855,144
17623,ZNF576,22.681886672973633,10.730025291442871,385
17624,ZNF577,-73.08167266845703,-30.985090255737305,57
17625,ZNF578,-66.32505798339844,-32.21561050415039,21
17626,ZNF579,-30.81730842590332,12.142257690429688,144
17627,ZNF580,-32.207908630371094,12.601621627807617,144
17628,ZNF581,-32.9218635559082,12.61462116241455,144
17629,ZNF582,-76.76982879638672,-32.397422790527344,57
17630,ZNF583,-76.09925842285156,-32.10226821899414,57
17631,ZNF584,-75.17847442626953,-29.91411590576172,57
17632,ZNF585A,-74.39759063720703,-31.85543441772461,57
17633,ZNF585B,-75.26199340820312,-31.591201782226562,57
17634,ZNF586,-77.25366973876953,-29.891075134277344,57
17635,ZNF587,-76.19442749023438,-30.0888729095459,57
17636,ZNF587B,-77.6406478881836,-29.688190460205078,57
17637,ZNF589,-70.56027221679688,-30.00888442993164,47
17638,ZNF592,-29.181474685668945,10.227766036987305,144
17639,ZNF593,50.39493179321289,13.843629837036133,243
17640,ZNF594,-76.16999053955078,-32.04176330566406,57
17641,ZNF595,152.06982421875,23.24576187133789,26
17642,ZNF596,-72.76651763916016,-31.863344192504883,57
17643,ZNF597,-71.02767944335938,-27.197860717773438,31
17644,ZNF598,17.933307647705078,8.88916015625,384
17645,ZNF599,-76.21652221679688,-30.4190616607666,57
17646,ZNF600,-65.0546646118164,-32.58668518066406,21
17647,ZNF605,-74.0473861694336,-31.600223541259766,57
17648,ZNF606,-74.33094787597656,-31.205730438232422,57
17649,ZNF607,-77.851806640625,-32.721107482910156,57
17650,ZNF608,-10.979433059692383,7.047938823699951,272
17651,ZNF609,-10.28378963470459,6.60804557800293,272
17652,ZNF610,-66.0251235961914,-32.416473388671875,21
17653,ZNF611,-65.15274810791016,-32.55464172363281,21
17654,ZNF613,-73.15186309814453,-31.289817810058594,57
17655,ZNF614,-73.20626831054688,-31.168813705444336,57
17656,ZNF615,-74.25333404541016,-31.757511138916016,57
17657,ZNF616,-65.20753479003906,-32.56431198120117,21
17658,ZNF618,7.92400598526001,11.323582649230957,330
17659,ZNF619,-74.26509857177734,-30.277324676513672,57
17660,ZNF620,-73.20426177978516,-30.958515167236328,57
17661,ZNF621,-73.33418273925781,-30.49982452392578,57
17662,ZNF622,31.293535232543945,12.023467063903809,455
17663,ZNF623,-75.73531341552734,-30.217500686645508,57
17664,ZNF624,-74.2366714477539,-32.09824752807617,57
17665,ZNF625,-73.91558074951172,-34.7976188659668,56
17666,ZNF626,151.4470977783203,23.371366500854492,26
17667,ZNF627,-74.07874298095703,-35.00163650512695,56
17668,ZNF628,-34.671878814697266,10.691166877746582,144
17669,ZNF629,-70.52375793457031,-27.335237503051758,31
17670,ZNF638,-10.745149612426758,5.176462650299072,272
17671,ZNF639,-70.43048095703125,-27.038116455078125,31
17672,ZNF641,-70.18522644042969,-26.728219985961914,31
17673,ZNF644,-21.710548400878906,9.207121849060059,267
17674,ZNF646,-33.987998962402344,10.887361526489258,144
17675,ZNF648,-70.19361114501953,-27.059106826782227,31
17676,ZNF649,-73.77734375,-31.127046585083008,57
17677,ZNF652,-30.727760314941406,11.052660942077637,144
17678,ZNF653,-31.32785415649414,11.198030471801758,144
17679,ZNF654,-26.666261672973633,9.646500587463379,144
17680,ZNF655,-72.80455780029297,-30.332901000976562,57
17681,ZNF658,-73.943115234375,-31.843795776367188,57
17682,ZNF66,152.05189514160156,23.27012825012207,26
17683,ZNF660,-73.77872467041016,-30.721084594726562,57
17684,ZNF662,-74.42282104492188,-30.15276336669922,57
17685,ZNF664,-73.52826690673828,-30.308340072631836,57
17686,ZNF665,-65.20758819580078,-32.58709716796875,21
17687,ZNF667,-73.9347152709961,-31.223886489868164,57
17688,ZNF668,-35.71269607543945,10.57801628112793,144
17689,ZNF669,-74.07515716552734,-34.929237365722656,56
17690,ZNF670,-73.71524047851562,-34.48357009887695,56
17691,ZNF671,-79.0619125366211,-29.49421501159668,57
17692,ZNF672,-70.03196716308594,-27.0538330078125,31
17693,ZNF675,152.16168212890625,23.30388832092285,26
17694,ZNF676,152.20211791992188,23.3154296875,26
17695,ZNF677,-66.2562026977539,-32.37938690185547,21
17696,ZNF678,151.41993713378906,23.21262550354004,26
17697,ZNF679,151.43096923828125,23.346694946289062,26
17698,ZNF680,151.69393920898438,23.197851181030273,26
17699,ZNF681,151.50164794921875,23.262712478637695,26
17700,ZNF682,151.8843536376953,23.25602149963379,26
17701,ZNF683,-32.57239532470703,12.922877311706543,144
17702,ZNF684,-73.83636474609375,-30.914274215698242,57
17703,ZNF687,-31.659608840942383,10.820345878601074,144
17704,ZNF688,-70.23944854736328,-26.722909927368164,31
17705,ZNF689,-69.98441314697266,-27.170358657836914,31
17706,ZNF69,-73.92906188964844,-34.92738342285156,56
17707,ZNF691,-71.45787048339844,-27.69013786315918,31
17708,ZNF692,-32.64948272705078,11.743966102600098,144
17709,ZNF695,151.7915496826172,23.223346710205078,26
17710,ZNF696,-70.79348754882812,-27.529239654541016,31
17711,ZNF697,-69.71215057373047,-26.693899154663086,31
17712,ZNF699,-73.37632751464844,-34.2741584777832,56
17713,ZNF7,-74.91072082519531,-30.159908294677734,57
17714,ZNF70,-74.01457977294922,-30.158126831054688,57
17715,ZNF700,-74.20841979980469,-35.17048645019531,56
17716,ZNF701,-68.72308349609375,-32.09514617919922,21
17717,ZNF703,-20.102191925048828,17.026948928833008,191
17718,ZNF705A,-71.63064575195312,-31.337047576904297,57
17719,ZNF705B,-71.88427734375,-31.258872985839844,57
17720,ZNF705D,-71.45614624023438,-31.443754196166992,57
17721,ZNF705G,-71.58537292480469,-31.40533447265625,57
17722,ZNF706,44.47923278808594,16.010583877563477,173
17723,ZNF707,-70.75863647460938,-27.42808723449707,31
17724,ZNF708,151.54464721679688,23.063743591308594,26
17725,ZNF709,-74.23078155517578,-35.16798782348633,56
17726,ZNF71,-74.49115753173828,-29.992008209228516,57
17727,ZNF710,-31.974979400634766,11.373204231262207,144
17728,ZNF713,-72.90082550048828,-31.212404251098633,57
17729,ZNF714,151.63075256347656,23.466583251953125,26
17730,ZNF716,151.75738525390625,23.216007232666016,26
17731,ZNF717,-74.8207778930664,-31.799095153808594,57
17732,ZNF718,151.464599609375,23.108959197998047,26
17733,ZNF721,152.02761840820312,22.806529998779297,26
17734,ZNF723,151.8067626953125,23.1357421875,26
17735,ZNF724,152.42710876464844,23.379667282104492,26
17736,ZNF726,152.2869873046875,23.325746536254883,26
17737,ZNF727,151.45237731933594,23.363094329833984,26
17738,ZNF728,152.24383544921875,23.302095413208008,26
17739,ZNF729,152.4757537841797,22.948396682739258,26
17740,ZNF730,151.9557342529297,23.322040557861328,26
17741,ZNF732,152.1450958251953,22.995885848999023,26
17742,ZNF735,151.15817260742188,23.002296447753906,26
17743,ZNF736,151.51426696777344,23.10352325439453,26
17744,ZNF737,151.8227996826172,23.187490463256836,26
17745,ZNF738,151.57188415527344,23.164825439453125,26
17746,ZNF74,-72.14212799072266,-28.68387222290039,57
17747,ZNF740,-31.421607971191406,11.460040092468262,144
17748,ZNF746,-70.33995056152344,-26.440021514892578,31
17749,ZNF747,-70.23092651367188,-26.938783645629883,31
17750,ZNF749,-78.2493667602539,-30.659608840942383,57
17751,ZNF750,-3.735814332962036,11.658770561218262,192
17752,ZNF75A,-71.50515747070312,-26.685731887817383,31
17753,ZNF76,-32.440338134765625,10.877500534057617,144
17754,ZNF761,-65.02542114257812,-32.6666374206543,21
17755,ZNF763,-73.72807312011719,-34.63953399658203,56
17756,ZNF764,-69.83039855957031,-26.82539176940918,31
17757,ZNF765,-65.36446380615234,-32.55082702636719,21
17758,ZNF766,-69.47850799560547,-31.607547760009766,47
17759,ZNF768,-69.98173522949219,-27.009191513061523,31
17760,ZNF77,-74.13041687011719,-35.00600051879883,56
17761,ZNF770,-29.791484832763672,10.067081451416016,144
17762,ZNF771,-70.21177673339844,-27.131410598754883,31
17763,ZNF772,-76.3985366821289,-30.035085678100586,57
17764,ZNF773,-79.04242706298828,-29.624027252197266,57
17765,ZNF774,-72.9792251586914,-29.68947410583496,57
17766,ZNF775,-69.78695678710938,-26.842193603515625,31
17767,ZNF776,-76.19448852539062,-30.174560546875,57
17768,ZNF777,-70.60800170898438,-26.814306259155273,31
17769,ZNF778,-72.99317932128906,-33.69365310668945,56
17770,ZNF780A,-78.12203216552734,-32.83955383300781,57
17771,ZNF780B,-78.21370697021484,-32.84956359863281,57
17772,ZNF782,-72.67977142333984,-31.361679077148438,57
17773,ZNF783,-70.43700408935547,-26.47503662109375,31
17774,ZNF784,-34.271366119384766,11.54326343536377,144
17775,ZNF785,-69.8470458984375,-27.071949005126953,31
17776,ZNF786,-69.2649917602539,-30.225149154663086,47
17777,ZNF787,-34.09506607055664,11.196789741516113,144
17778,ZNF789,-73.73188781738281,-30.81184959411621,57
17779,ZNF79,-75.9547348022461,-29.84227752685547,57
17780,ZNF790,-78.18160247802734,-33.10725021362305,57
17781,ZNF791,-73.85574340820312,-34.7278938293457,56
17782,ZNF792,-78.57410430908203,-29.733970642089844,57
17783,ZNF793,-73.04344177246094,-31.147348403930664,57
17784,ZNF799,-74.18971252441406,-35.181705474853516,56
17785,ZNF8,-71.67485809326172,-28.589265823364258,57
17786,ZNF80,-71.67430877685547,-31.721729278564453,57
17787,ZNF800,-29.637170791625977,10.003681182861328,144
17788,ZNF804A,-9.003826141357422,6.297582626342773,272
17789,ZNF804B,-7.9175519943237305,5.799149513244629,272
17790,ZNF805,-75.67059326171875,-29.880184173583984,57
17791,ZNF808,-65.17442321777344,-32.607452392578125,21
17792,ZNF813,-65.50162506103516,-32.48954772949219,21
17793,ZNF814,-77.24336242675781,-31.326011657714844,57
17794,ZNF816,-65.2996597290039,-32.60756301879883,21
17795,ZNF821,15.871091842651367,11.603832244873047,341
17796,ZNF823,-74.173095703125,-34.90176773071289,56
17797,ZNF827,-30.40596580505371,10.95367431640625,144
17798,ZNF829,-75.41127014160156,-31.853675842285156,57
17799,ZNF83,-65.1025619506836,-32.62471008300781,21
17800,ZNF830,29.854040145874023,12.017258644104004,427
17801,ZNF831,-1.626665711402893,8.424260139465332,320
17802,ZNF835,-70.91685485839844,-27.667736053466797,31
17803,ZNF836,-65.15459442138672,-32.6151237487793,21
17804,ZNF837,-70.47240447998047,-27.7048282623291,31
17805,ZNF839,2.836174726486206,8.204606056213379,403
17806,ZNF84,-73.44286346435547,-31.311426162719727,57
17807,ZNF841,-65.18153381347656,-32.62813949584961,21
17808,ZNF843,-69.51355743408203,-26.890174865722656,31
17809,ZNF844,-73.73342895507812,-34.591365814208984,56
17810,ZNF845,-65.37505340576172,-32.56157302856445,21
17811,ZNF846,-72.90774536132812,-34.365604400634766,56
17812,ZNF85,152.42543029785156,23.601409912109375,26
17813,ZNF850,-79.1069564819336,-33.175010681152344,57
17814,ZNF852,-75.758056640625,-30.061689376831055,57
17815,ZNF853,-14.402107238769531,9.403796195983887,273
17816,ZNF860,-65.43612670898438,-32.55187225341797,21
17817,ZNF862,8.027131080627441,11.985444068908691,330
17818,ZNF865,-32.74494934082031,11.004596710205078,144
17819,ZNF875,-69.4670181274414,-30.415987014770508,47
17820,ZNF878,-74.28673553466797,-35.21261978149414,56
17821,ZNF879,-74.43009185791016,-30.868274688720703,57
17822,ZNF880,-65.45146942138672,-32.52880859375,21
17823,ZNF888,-65.24920654296875,-32.59031295776367,21
17824,ZNF90,152.61175537109375,23.27425765991211,26
17825,ZNF91,152.08071899414062,23.16272735595703,26
17826,ZNF92,151.96237182617188,23.226301193237305,26
17827,ZNF93,152.1877899169922,23.301727294921875,26
17828,ZNF98,152.1461944580078,23.2980899810791,26
17829,ZNF99,151.97357177734375,23.145235061645508,26
17830,ZNFX1,24.721267700195312,-2.2668890953063965,317
17831,ZNHIT1,27.96235466003418,12.39343547821045,442
17832,ZNHIT2,26.84817123413086,12.14657974243164,442
17833,ZNHIT3,34.41887283325195,11.392935752868652,367
17834,ZNHIT6,31.01949691772461,7.530935287475586,450
17835,ZNRD2,29.684459686279297,13.00644588470459,449
17836,ZNRF1,20.336345672607422,7.883172988891602,398
17837,ZNRF2,19.357776641845703,8.317036628723145,383
17838,ZNRF3,0.3936826288700104,5.816424369812012,411
17839,ZNRF4,51.1824836730957,-4.285496711730957,236
17840,ZP1,57.42877960205078,-11.248139381408691,187
17841,ZP2,57.60004806518555,-11.050503730773926,187
17842,ZP3,57.724212646484375,-10.736956596374512,187
17843,ZP4,58.02112579345703,-11.165352821350098,187
17844,ZPBP,20.476734161376953,30.57770347595215,230
17845,ZPBP2,42.92093276977539,-0.2841190695762634,284
17846,ZPLD1,58.566524505615234,-10.809502601623535,187
17847,ZPR1,38.23752975463867,9.233646392822266,425
17848,ZRANB1,23.79705810546875,5.340526103973389,421
17849,ZRANB2,-22.11116600036621,3.8676891326904297,166
17850,ZRANB3,16.175508499145508,4.974738121032715,409
17851,ZSCAN1,-70.66726684570312,-26.16473388671875,31
17852,ZSCAN10,-70.7771224975586,-26.882150650024414,31
17853,ZSCAN12,-72.1812515258789,-26.586219787597656,31
17854,ZSCAN16,-71.86870574951172,-26.081274032592773,31
17855,ZSCAN18,-70.54955291748047,-26.095884323120117,31
17856,ZSCAN2,-72.16246032714844,-28.85106658935547,57
17857,ZSCAN20,-71.15623474121094,-26.63543701171875,31
17858,ZSCAN21,-71.93647003173828,-25.978229522705078,31
17859,ZSCAN22,-71.71089935302734,-26.805288314819336,31
17860,ZSCAN23,-72.37208557128906,-25.964994430541992,31
17861,ZSCAN25,-71.5546875,-26.506227493286133,31
17862,ZSCAN26,-72.14305877685547,-26.03317642211914,31
17863,ZSCAN29,-70.6262435913086,-26.274072647094727,31
17864,ZSCAN30,-72.29586029052734,-26.063472747802734,31
17865,ZSCAN31,-72.45712280273438,-25.969179153442383,31
17866,ZSCAN32,-71.38053894042969,-26.33618927001953,31
17867,ZSCAN4,-70.91625213623047,-26.194978713989258,31
17868,ZSCAN5A,-70.97196960449219,-26.191495895385742,31
17869,ZSCAN5B,-70.99160766601562,-26.128856658935547,31
17870,ZSCAN5C,-70.9582290649414,-26.1766300201416,31
17871,ZSCAN9,-72.10379028320312,-25.981090545654297,31
17872,ZSWIM1,8.365764617919922,12.399454116821289,330
17873,ZSWIM2,13.155471801757812,4.762901782989502,381
17874,ZSWIM3,9.336834907531738,12.238750457763672,330
17875,ZSWIM4,22.47020149230957,-0.8781428337097168,305
17876,ZSWIM5,18.624279022216797,-1.058404803276062,376
17877,ZSWIM6,15.886656761169434,0.32453006505966187,416
17878,ZSWIM7,43.025272369384766,11.09035873413086,347
17879,ZSWIM8,15.0491361618042,-5.737833023071289,277
17880,ZSWIM9,8.274602890014648,11.607861518859863,330
17881,ZUP1,20.59905242919922,7.171049118041992,398
17882,ZW10,26.165576934814453,-3.238049030303955,316
17883,ZWILCH,30.609224319458008,4.452359199523926,444
17884,ZWINT,26.882625579833984,8.776396751403809,447
17885,ZXDC,-30.756423950195312,10.687179565429688,144
17886,ZYG11A,88.44711303710938,19.014848709106445,86
17887,ZYG11B,87.90617370605469,18.793901443481445,86
17888,ZYX,12.969930648803711,9.443592071533203,379
17889,ZZEF1,17.33543586730957,-7.928299903869629,278
