{"type": "FeatureCollection", "features": [{"type": "Feature", "geometry": {"type": "Point", "coordinates": [46.92982210018947, 75.01205652467388]}, "properties": {"ownerId": 0, "name": "TRBV5-6, TRBV14, TRBV11-3", "size": 41, "labelId": "0", "symbolzoom": 6}}, {"type": "Feature", "geometry": {"type": "Point", "coordinates": [44.641584701692025, 76.15610398702202]}, "properties": {"ownerId": 1, "name": "TRAV16, TRAV9-2, TRAV21", "size": 62, "labelId": "1", "symbolzoom": 5}}, {"type": "Feature", "geometry": {"type": "Point", "coordinates": [54.44469747607357, -70.67308807504304]}, "properties": {"ownerId": 2, "name": "PCDHGB2, PCDHGB4, PCDHGA1", "size": 19, "labelId": "2", "symbolzoom": 8}}, {"type": "Feature", "geometry": {"type": "Point", "coordinates": [-153.90819991738192, 15.647688321210573]}, "properties": {"ownerId": 3, "name": "OR51Q1, OR51V1, OR51A4", "size": 53, "labelId": "3", "symbolzoom": 6}}, {"type": "Feature", "geometry": {"type": "Point", "coordinates": [-22.16733067119823, -75.10958981197095]}, "properties": {"ownerId": 4, "name": "MT1H, MT1G, MT1M", "size": 12, "labelId": "4", "symbolzoom": 9}}, {"type": "Feature", "geometry": {"type": "Point", "coordinates": [-132.37376360180642, -41.247513418268134]}, "properties": {"ownerId": 5, "name": "RBP5, FABP9, FABP7", "size": 16, "labelId": "5", "symbolzoom": 8}}, {"type": "Feature", "geometry": {"type": "Point", "coordinates": [-130.74056892616002, -17.653748574525025]}, "properties": {"ownerId": 6, "name": "SCYGR8, SCYGR7, SCYGR5", "size": 8, "labelId": "6", "symbolzoom": 9}}, {"type": "Feature", "geometry": {"type": "Point", "coordinates": [-56.4438403268311, -76.32391510707177]}, "properties": {"ownerId": 7, "name": "TRBJ2-7, TRBJ1-1, TRAJ3", "size": 23, "labelId": "7", "symbolzoom": 8}}, {"type": "Feature", "geometry": {"type": "Point", "coordinates": [-100.06076413367114, -44.799540286275004]}, "properties": {"ownerId": 8, "name": "LCE1D, LCE3C, LCE3E", "size": 33, "labelId": "8", "symbolzoom": 7}}, {"type": "Feature", "geometry": {"type": "Point", "coordinates": [140.00544357715137, -7.590701151215655]}, "properties": {"ownerId": 9, "name": "TBC1D26, TBC1D3F, TBC1D28", "size": 13, "labelId": "9", "symbolzoom": 9}}, {"type": "Feature", "geometry": {"type": "Point", "coordinates": [155.54814791114632, -23.52993368508673]}, "properties": {"ownerId": 10, "name": "UGT3A2, UGT3A1, UGT1A4", "size": 22, "labelId": "10", "symbolzoom": 8}}, {"type": "Feature", "geometry": {"type": "Point", "coordinates": [123.78671142931478, -32.281535062409475]}, "properties": {"ownerId": 11, "name": "CHRNA7, GABRD, CHRFAM7A", "size": 42, "labelId": "11", "symbolzoom": 6}}, {"type": "Feature", "geometry": {"type": "Point", "coordinates": [-161.0090541021197, -0.8484704835656625]}, "properties": {"ownerId": 12, "name": "OR7C1, OR7D2, OR7A17", "size": 24, "labelId": "12", "symbolzoom": 8}}, {"type": "Feature", "geometry": {"type": "Point", "coordinates": [-120.2140990228838, -21.489582710923056]}, "properties": {"ownerId": 13, "name": "VN1R5, TAS2R4, TAS2R39", "size": 28, "labelId": "13", "symbolzoom": 7}}, {"type": "Feature", "geometry": {"type": "Point", "coordinates": [-107.72858554625861, -18.539937896231798]}, "properties": {"ownerId": 14, "name": "PTGDR, S1PR1, CNR2", "size": 260, "labelId": "14", "symbolzoom": 2}}, {"type": "Feature", "geometry": {"type": "Point", "coordinates": [116.2405545091034, 50.39112922220311]}, "properties": {"ownerId": 15, "name": "KRTAP10-9, KRTAP10-4, KRTAP10-1", "size": 12, "labelId": "15", "symbolzoom": 9}}, {"type": "Feature", "geometry": {"type": "Point", "coordinates": [-65.67664255561854, -58.39948796170579]}, "properties": {"ownerId": 16, "name": "KRTAP5-10, KRTAP17-1, KRTAP5-4", "size": 13, "labelId": "16", "symbolzoom": 9}}, {"type": "Feature", "geometry": {"type": "Point", "coordinates": [-68.83557223036647, -59.4400057006818]}, "properties": {"ownerId": 17, "name": "KRTAP6-3, KRTAP6-1, KRTAP8-1", "size": 21, "labelId": "17", "symbolzoom": 8}}, {"type": "Feature", "geometry": {"type": "Point", "coordinates": [-59.20694037750043, -60.162646920895966]}, "properties": {"ownerId": 18, "name": "KRTAP4-2, KRTAP4-7, KRTAP4-6", "size": 19, "labelId": "18", "symbolzoom": 8}}, {"type": "Feature", "geometry": {"type": "Point", "coordinates": [-61.970243556331795, -59.15813872970976]}, "properties": {"ownerId": 19, "name": "KRTAP29-1, KRTAP3-2, KRTAP3-3", "size": 26, "labelId": "19", "symbolzoom": 7}}, {"type": "Feature", "geometry": {"type": "Point", "coordinates": [121.87330881689769, 8.88794941984022]}, "properties": {"ownerId": 20, "name": "RPS26, RPL23A, RPL41", "size": 79, "labelId": "20", "symbolzoom": 5}}, {"type": "Feature", "geometry": {"type": "Point", "coordinates": [-66.78233289022717, -32.41554783297418]}, "properties": {"ownerId": 21, "name": "ZNF415, ZNF195, ZNF534", "size": 32, "labelId": "21", "symbolzoom": 7}}, {"type": "Feature", "geometry": {"type": "Point", "coordinates": [130.11819573832332, 30.64866537876067]}, "properties": {"ownerId": 22, "name": "PCDHGC3, PCDHB5, PCDHGC4", "size": 40, "labelId": "22", "symbolzoom": 6}}, {"type": "Feature", "geometry": {"type": "Point", "coordinates": [18.964507764192287, -59.08502961458382]}, "properties": {"ownerId": 23, "name": "S100B, S100A7A, S100A16", "size": 19, "labelId": "23", "symbolzoom": 8}}, {"type": "Feature", "geometry": {"type": "Point", "coordinates": [13.235692854869338, -70.46779112680738]}, "properties": {"ownerId": 24, "name": "NPIPB2, NPIPA5, NPIPA3", "size": 18, "labelId": "24", "symbolzoom": 8}}, {"type": "Feature", "geometry": {"type": "Point", "coordinates": [160.4548291803439, 8.531786207882275]}, "properties": {"ownerId": 25, "name": "KRT8, KRT81, KRT7", "size": 67, "labelId": "25", "symbolzoom": 5}}, {"type": "Feature", "geometry": {"type": "Point", "coordinates": [151.8943528147016, 23.22410774539846]}, "properties": {"ownerId": 26, "name": "ZNF525, ZNF682, ZNF254", "size": 54, "labelId": "26", "symbolzoom": 6}}, {"type": "Feature", "geometry": {"type": "Point", "coordinates": [-11.756856137952253, -44.63195545769274]}, "properties": {"ownerId": 27, "name": "ARL2, RRAS, ARL11", "size": 142, "labelId": "27", "symbolzoom": 2}}, {"type": "Feature", "geometry": {"type": "Point", "coordinates": [-59.04488191525774, 4.474034455177018]}, "properties": {"ownerId": 28, "name": "TRIM41, TRIM47, RNF135", "size": 88, "labelId": "28", "symbolzoom": 4}}, {"type": "Feature", "geometry": {"type": "Point", "coordinates": [-11.388822818975619, -40.763482038953505]}, "properties": {"ownerId": 29, "name": "GNA13, GNAO1, GNAI3", "size": 16, "labelId": "29", "symbolzoom": 8}}, {"type": "Feature", "geometry": {"type": "Point", "coordinates": [-9.481857605969298, -40.51974670269473]}, "properties": {"ownerId": 30, "name": "SEPTIN14, SEPTIN11, SEPTIN3", "size": 12, "labelId": "30", "symbolzoom": 9}}, {"type": "Feature", "geometry": {"type": "Point", "coordinates": [-70.67030123236967, -26.7881771187875]}, "properties": {"ownerId": 31, "name": "MZF1, ZNF202, ZSCAN20", "size": 89, "labelId": "31", "symbolzoom": 4}}, {"type": "Feature", "geometry": {"type": "Point", "coordinates": [4.1520400004867986, 73.85478934506807]}, "properties": {"ownerId": 32, "name": "IGHV3-23, IGHV3-72, IGHV3-48", "size": 22, "labelId": "32", "symbolzoom": 8}}, {"type": "Feature", "geometry": {"type": "Point", "coordinates": [9.077649610529335, 73.04948441205337]}, "properties": {"ownerId": 33, "name": "IGHV4-59, IGHV4-4, IGHV4-61", "size": 26, "labelId": "33", "symbolzoom": 7}}, {"type": "Feature", "geometry": {"type": "Point", "coordinates": [-2.7779989379975234, 48.98631705966076]}, "properties": {"ownerId": 34, "name": "HLA-DQB2, HLA-DOA, HLA-DRA", "size": 37, "labelId": "34", "symbolzoom": 7}}, {"type": "Feature", "geometry": {"type": "Point", "coordinates": [8.531717036338115, 53.67773516472141]}, "properties": {"ownerId": 35, "name": "IGHD, B2M, IGLL1", "size": 17, "labelId": "35", "symbolzoom": 8}}, {"type": "Feature", "geometry": {"type": "Point", "coordinates": [102.96995618890344, -28.204717380569136]}, "properties": {"ownerId": 36, "name": "CXCL13, CCL22, CCL13", "size": 44, "labelId": "36", "symbolzoom": 6}}, {"type": "Feature", "geometry": {"type": "Point", "coordinates": [98.58729998495616, -37.53965302534601]}, "properties": {"ownerId": 37, "name": "WNT9B, WNT10A, WNT10B", "size": 19, "labelId": "37", "symbolzoom": 8}}, {"type": "Feature", "geometry": {"type": "Point", "coordinates": [33.524670635150166, -47.01259137176891]}, "properties": {"ownerId": 38, "name": "ANXA8L1, ANXA9, ANXA4", "size": 11, "labelId": "38", "symbolzoom": 9}}, {"type": "Feature", "geometry": {"type": "Point", "coordinates": [37.18578160760495, -39.307328458519635]}, "properties": {"ownerId": 39, "name": "SLC25A16, SLC25A3, SLC25A26", "size": 54, "labelId": "39", "symbolzoom": 6}}, {"type": "Feature", "geometry": {"type": "Point", "coordinates": [17.59363492794237, 72.08380502189002]}, "properties": {"ownerId": 40, "name": "IGKV1-33, IGKV1-6, IGKV1D-17", "size": 27, "labelId": "40", "symbolzoom": 7}}, {"type": "Feature", "geometry": {"type": "Point", "coordinates": [-47.646205406699224, -10.855701825749625]}, "properties": {"ownerId": 41, "name": "HBM, HBE1, HBD", "size": 11, "labelId": "41", "symbolzoom": 9}}, {"type": "Feature", "geometry": {"type": "Point", "coordinates": [75.31861387946697, 11.663359718609879]}, "properties": {"ownerId": 42, "name": "PSMB2, PSMA4, PSMA3", "size": 19, "labelId": "42", "symbolzoom": 8}}, {"type": "Feature", "geometry": {"type": "Point", "coordinates": [-38.501221875613886, -6.435906556575772]}, "properties": {"ownerId": 43, "name": "CAPS, CAPNS2, DCUN1D2", "size": 12, "labelId": "43", "symbolzoom": 9}}, {"type": "Feature", "geometry": {"type": "Point", "coordinates": [-41.678869841378415, -7.395649117956368]}, "properties": {"ownerId": 44, "name": "KCNIP2, KCNIP4, CETN1", "size": 69, "labelId": "44", "symbolzoom": 5}}, {"type": "Feature", "geometry": {"type": "Point", "coordinates": [-19.304534565482914, -30.13428652866901]}, "properties": {"ownerId": 45, "name": "OLR1, CLEC6A, CLEC2B", "size": 37, "labelId": "45", "symbolzoom": 7}}, {"type": "Feature", "geometry": {"type": "Point", "coordinates": [-27.951051437154213, -37.610472836400895]}, "properties": {"ownerId": 46, "name": "CRYGB, CRYGC, CRYGD", "size": 11, "labelId": "46", "symbolzoom": 9}}, {"type": "Feature", "geometry": {"type": "Point", "coordinates": [-69.28489196990613, -30.781645246641645]}, "properties": {"ownerId": 47, "name": "ZNF234, ZNF875, ZNF155", "size": 28, "labelId": "47", "symbolzoom": 7}}, {"type": "Feature", "geometry": {"type": "Point", "coordinates": [-16.5179953351603, -16.875360312683043]}, "properties": {"ownerId": 48, "name": "BPIFA1, BPIFA2, BPIFB2", "size": 13, "labelId": "48", "symbolzoom": 9}}, {"type": "Feature", "geometry": {"type": "Point", "coordinates": [-10.937798454902344, -15.85094662210245]}, "properties": {"ownerId": 49, "name": "CST6, CST3, LCN8", "size": 36, "labelId": "49", "symbolzoom": 7}}, {"type": "Feature", "geometry": {"type": "Point", "coordinates": [-28.6583971677646, -18.09537389665443]}, "properties": {"ownerId": 50, "name": "AQP9, AQP7, AQP8", "size": 16, "labelId": "50", "symbolzoom": 8}}, {"type": "Feature", "geometry": {"type": "Point", "coordinates": [-33.146571741908865, -18.351770050082937]}, "properties": {"ownerId": 51, "name": "NLRP4, NLRP9, NLRP6", "size": 20, "labelId": "51", "symbolzoom": 8}}, {"type": "Feature", "geometry": {"type": "Point", "coordinates": [49.64351890408261, -29.687497846521225]}, "properties": {"ownerId": 52, "name": "CDH15, CDH22, CDH7", "size": 36, "labelId": "52", "symbolzoom": 7}}, {"type": "Feature", "geometry": {"type": "Point", "coordinates": [61.045831879570514, -32.1973906904487]}, "properties": {"ownerId": 53, "name": "KLHL9, KLHL14, KLHL21", "size": 47, "labelId": "53", "symbolzoom": 6}}, {"type": "Feature", "geometry": {"type": "Point", "coordinates": [78.44525251962597, -34.07307950318173]}, "properties": {"ownerId": 54, "name": "SPATA31A7, FAM205A, SPATA31D1", "size": 10, "labelId": "54", "symbolzoom": 9}}, {"type": "Feature", "geometry": {"type": "Point", "coordinates": [73.43775984651755, -41.112097617156095]}, "properties": {"ownerId": 55, "name": "SERPINA12, SERPINA3, SERPINF2", "size": 38, "labelId": "55", "symbolzoom": 7}}, {"type": "Feature", "geometry": {"type": "Point", "coordinates": [-73.42043875706798, -34.20288665532367]}, "properties": {"ownerId": 56, "name": "ZNF844, ZNF763, ZNF670", "size": 42, "labelId": "56", "symbolzoom": 6}}, {"type": "Feature", "geometry": {"type": "Point", "coordinates": [-75.78831273724181, -30.62631054340286]}, "properties": {"ownerId": 57, "name": "ZNF135, ZNF184, ZNF454", "size": 187, "labelId": "57", "symbolzoom": 2}}, {"type": "Feature", "geometry": {"type": "Point", "coordinates": [102.77954841120764, 23.80325474414645]}, "properties": {"ownerId": 58, "name": "PRAMEF14, PRAMEF12, PRAMEF7", "size": 24, "labelId": "58", "symbolzoom": 8}}, {"type": "Feature", "geometry": {"type": "Point", "coordinates": [-154.027801804074, 1.0106177261079474]}, "properties": {"ownerId": 59, "name": "OR4F5, OR4C11, OR4E1", "size": 58, "labelId": "59", "symbolzoom": 6}}, {"type": "Feature", "geometry": {"type": "Point", "coordinates": [14.928790830083075, 73.00852484907134]}, "properties": {"ownerId": 60, "name": "IGLV4-60, IGLV7-43, IGLV3-22", "size": 45, "labelId": "60", "symbolzoom": 6}}, {"type": "Feature", "geometry": {"type": "Point", "coordinates": [16.315923611956087, 72.38152547025669]}, "properties": {"ownerId": 61, "name": "IGKV2D-29, IGKV2D-30, IGKV1D-43", "size": 11, "labelId": "61", "symbolzoom": 9}}, {"type": "Feature", "geometry": {"type": "Point", "coordinates": [-4.751545046864443, 25.852629894958923]}, "properties": {"ownerId": 62, "name": "SPDYE3, SPDYE17, SPDYE6", "size": 9, "labelId": "62", "symbolzoom": 9}}, {"type": "Feature", "geometry": {"type": "Point", "coordinates": [29.965533904377168, 34.92310149647771]}, "properties": {"ownerId": 63, "name": "C4BPA, SELP, CR1L", "size": 16, "labelId": "63", "symbolzoom": 8}}, {"type": "Feature", "geometry": {"type": "Point", "coordinates": [68.59453703058398, 32.26871399382432]}, "properties": {"ownerId": 64, "name": "PDGFRB, FLT4, ERBB3", "size": 52, "labelId": "64", "symbolzoom": 6}}, {"type": "Feature", "geometry": {"type": "Point", "coordinates": [65.89167199856327, 33.14559585613398]}, "properties": {"ownerId": 65, "name": "ACVRL1, TGFBR2, TGFBR1", "size": 12, "labelId": "65", "symbolzoom": 9}}, {"type": "Feature", "geometry": {"type": "Point", "coordinates": [-23.013081535250798, -6.50923130598752]}, "properties": {"ownerId": 66, "name": "ANKRD30A, ANKRD36, ANKRD36C", "size": 25, "labelId": "66", "symbolzoom": 7}}, {"type": "Feature", "geometry": {"type": "Point", "coordinates": [92.53177398166494, 4.826994477980614]}, "properties": {"ownerId": 67, "name": "AICDA, APOBEC3A, APOBEC3H", "size": 10, "labelId": "67", "symbolzoom": 9}}, {"type": "Feature", "geometry": {"type": "Point", "coordinates": [62.806725553297255, 35.775353280249284]}, "properties": {"ownerId": 68, "name": "MATK, TXK, ITK", "size": 20, "labelId": "68", "symbolzoom": 8}}, {"type": "Feature", "geometry": {"type": "Point", "coordinates": [57.288949988582104, 36.8814303230028]}, "properties": {"ownerId": 69, "name": "PRKAA2, MAPKAPK5, MKNK2", "size": 225, "labelId": "69", "symbolzoom": 2}}, {"type": "Feature", "geometry": {"type": "Point", "coordinates": [50.40216481617343, 22.748539237351608]}, "properties": {"ownerId": 70, "name": "PRPF4, EIF3I, ARPC1A", "size": 182, "labelId": "70", "symbolzoom": 2}}, {"type": "Feature", "geometry": {"type": "Point", "coordinates": [96.43844048420686, -0.013818300641095]}, "properties": {"ownerId": 71, "name": "CYP1A1, CYP27B1, CYP4B1", "size": 58, "labelId": "71", "symbolzoom": 6}}, {"type": "Feature", "geometry": {"type": "Point", "coordinates": [89.14546146385545, 9.990708981557813]}, "properties": {"ownerId": 72, "name": "TUBB1, TUBAL3, TUBA3C", "size": 27, "labelId": "72", "symbolzoom": 7}}, {"type": "Feature", "geometry": {"type": "Point", "coordinates": [-35.75026146618819, 16.156963233573812]}, "properties": {"ownerId": 73, "name": "RORA, PPARD, NR1D1", "size": 38, "labelId": "73", "symbolzoom": 7}}, {"type": "Feature", "geometry": {"type": "Point", "coordinates": [36.8181668161311, 23.118700830643306]}, "properties": {"ownerId": 74, "name": "USP17L26, USP17L30, USP17L28", "size": 37, "labelId": "74", "symbolzoom": 7}}, {"type": "Feature", "geometry": {"type": "Point", "coordinates": [83.25782497851691, 8.90904852806774]}, "properties": {"ownerId": 75, "name": "ACTL10, ACTL9, ACTL7A", "size": 9, "labelId": "75", "symbolzoom": 9}}, {"type": "Feature", "geometry": {"type": "Point", "coordinates": [15.107731710622126, 39.81184665267341]}, "properties": {"ownerId": 76, "name": "PSG7, PSG1, CEACAM8", "size": 15, "labelId": "76", "symbolzoom": 8}}, {"type": "Feature", "geometry": {"type": "Point", "coordinates": [75.68700690996118, 9.018765944493875]}, "properties": {"ownerId": 77, "name": "CCT7, CCT4, CCT5", "size": 10, "labelId": "77", "symbolzoom": 9}}, {"type": "Feature", "geometry": {"type": "Point", "coordinates": [78.91242709741937, 8.719648786132389]}, "properties": {"ownerId": 78, "name": "UBB, UBC, HSPA6", "size": 12, "labelId": "78", "symbolzoom": 9}}, {"type": "Feature", "geometry": {"type": "Point", "coordinates": [36.680597657692346, -9.344394137836666]}, "properties": {"ownerId": 79, "name": "UBE2H, UBE2G1, UBE2M", "size": 33, "labelId": "79", "symbolzoom": 7}}, {"type": "Feature", "geometry": {"type": "Point", "coordinates": [36.51617175656533, -12.783787815558618]}, "properties": {"ownerId": 80, "name": "MYOM2, MYBPC3, MYOM3", "size": 14, "labelId": "80", "symbolzoom": 9}}, {"type": "Feature", "geometry": {"type": "Point", "coordinates": [70.37487307241476, 24.660652937939304]}, "properties": {"ownerId": 81, "name": "ANKRD29, ANKRD37, ANKDD1A", "size": 54, "labelId": "81", "symbolzoom": 6}}, {"type": "Feature", "geometry": {"type": "Point", "coordinates": [67.89963666868303, 24.127947898812508]}, "properties": {"ownerId": 82, "name": "ANKEF1, TNNI3K, ANKRD50", "size": 21, "labelId": "82", "symbolzoom": 8}}, {"type": "Feature", "geometry": {"type": "Point", "coordinates": [93.39619721437265, 19.71771926740831]}, "properties": {"ownerId": 83, "name": "CHADL, LRRC32, LRRC15", "size": 46, "labelId": "83", "symbolzoom": 6}}, {"type": "Feature", "geometry": {"type": "Point", "coordinates": [95.62403262421225, 19.507855778401595]}, "properties": {"ownerId": 84, "name": "LRTM1, ELFN1, RTN4R", "size": 54, "labelId": "84", "symbolzoom": 6}}, {"type": "Feature", "geometry": {"type": "Point", "coordinates": [91.53766902722367, 19.953151658214537]}, "properties": {"ownerId": 85, "name": "LRR1, LRRC28, LRRC20", "size": 26, "labelId": "85", "symbolzoom": 7}}, {"type": "Feature", "geometry": {"type": "Point", "coordinates": [88.66623562804848, 19.630733087512034]}, "properties": {"ownerId": 86, "name": "CFAP410, SKP2, FBXL20", "size": 35, "labelId": "86", "symbolzoom": 7}}, {"type": "Feature", "geometry": {"type": "Point", "coordinates": [2.9793909256167495, -10.332122268298479]}, "properties": {"ownerId": 87, "name": "MYH3, MYH7, MYO18B", "size": 20, "labelId": "87", "symbolzoom": 8}}, {"type": "Feature", "geometry": {"type": "Point", "coordinates": [94.14944319657917, -4.362346247840232]}, "properties": {"ownerId": 88, "name": "LGALS14, LGALS8, CLC", "size": 16, "labelId": "88", "symbolzoom": 8}}, {"type": "Feature", "geometry": {"type": "Point", "coordinates": [91.78580678733223, -7.194628060672734]}, "properties": {"ownerId": 89, "name": "FGF20, FGF19, FGF10", "size": 22, "labelId": "89", "symbolzoom": 8}}, {"type": "Feature", "geometry": {"type": "Point", "coordinates": [94.14638083422822, -6.346927880974585]}, "properties": {"ownerId": 90, "name": "IL18, IL36A, IL37", "size": 11, "labelId": "90", "symbolzoom": 9}}, {"type": "Feature", "geometry": {"type": "Point", "coordinates": [103.69560086064223, -12.822621338231048]}, "properties": {"ownerId": 91, "name": "COL18A1, COL4A3, COL15A1", "size": 44, "labelId": "91", "symbolzoom": 6}}, {"type": "Feature", "geometry": {"type": "Point", "coordinates": [96.61355206643682, -13.990793623848514]}, "properties": {"ownerId": 92, "name": "SLC22A2, SLC22A11, SLC22A14", "size": 19, "labelId": "92", "symbolzoom": 8}}, {"type": "Feature", "geometry": {"type": "Point", "coordinates": [93.15309125610065, -10.437417468955498]}, "properties": {"ownerId": 93, "name": "C1QL2, C1QL3, C1QL1", "size": 51, "labelId": "93", "symbolzoom": 6}}, {"type": "Feature", "geometry": {"type": "Point", "coordinates": [35.94511633011241, 28.511353214316923]}, "properties": {"ownerId": 94, "name": "IL20, IL13, IL22", "size": 60, "labelId": "94", "symbolzoom": 5}}, {"type": "Feature", "geometry": {"type": "Point", "coordinates": [-3.029270567066568, -21.263770346483224]}, "properties": {"ownerId": 95, "name": "CD82, CD151, TSPAN16", "size": 28, "labelId": "95", "symbolzoom": 7}}, {"type": "Feature", "geometry": {"type": "Point", "coordinates": [28.819777609763214, 25.197720088014975]}, "properties": {"ownerId": 96, "name": "APOA2, DCD, FAM180B", "size": 36, "labelId": "96", "symbolzoom": 7}}, {"type": "Feature", "geometry": {"type": "Point", "coordinates": [33.55650049153033, 26.01419035757516]}, "properties": {"ownerId": 97, "name": "DEFA6, DEFA5, DEFA4", "size": 10, "labelId": "97", "symbolzoom": 9}}, {"type": "Feature", "geometry": {"type": "Point", "coordinates": [28.17970293199177, -11.239919351741404]}, "properties": {"ownerId": 98, "name": "RETREG2, TMX4, RETREG3", "size": 22, "labelId": "98", "symbolzoom": 8}}, {"type": "Feature", "geometry": {"type": "Point", "coordinates": [40.534461600442924, -21.77377138739312]}, "properties": {"ownerId": 99, "name": "SCN10A, SCN2A, CACNA1B", "size": 18, "labelId": "99", "symbolzoom": 8}}, {"type": "Feature", "geometry": {"type": "Point", "coordinates": [-158.28725404148605, 0.142960850591449]}, "properties": {"ownerId": 100, "name": "OR5B17, OR8K3, OR8B12", "size": 72, "labelId": "100", "symbolzoom": 5}}, {"type": "Feature", "geometry": {"type": "Point", "coordinates": [-160.12637228643467, 1.9960964062395479]}, "properties": {"ownerId": 101, "name": "OR3A2, OR11A1, OR5C1", "size": 176, "labelId": "101", "symbolzoom": 2}}, {"type": "Feature", "geometry": {"type": "Point", "coordinates": [8.551503550352052, -8.740563663426382]}, "properties": {"ownerId": 102, "name": "ACTN3, SPTBN1, ACTN1", "size": 15, "labelId": "102", "symbolzoom": 8}}, {"type": "Feature", "geometry": {"type": "Point", "coordinates": [-0.15933339962091142, -20.579959667356853]}, "properties": {"ownerId": 103, "name": "MS4A3, MS4A4E, MS4A2", "size": 18, "labelId": "103", "symbolzoom": 8}}, {"type": "Feature", "geometry": {"type": "Point", "coordinates": [-1.1032822427989122, -23.42391176671971]}, "properties": {"ownerId": 104, "name": "CLDN24, CLDND1, TMEM182", "size": 73, "labelId": "104", "symbolzoom": 5}}, {"type": "Feature", "geometry": {"type": "Point", "coordinates": [2.88029683639002, -21.99272906717769]}, "properties": {"ownerId": 105, "name": "SYPL1, MAL2, SSPN", "size": 47, "labelId": "105", "symbolzoom": 6}}, {"type": "Feature", "geometry": {"type": "Point", "coordinates": [42.348810211088804, -18.481138997559164]}, "properties": {"ownerId": 106, "name": "FZD1, FZD4, FZD7", "size": 10, "labelId": "106", "symbolzoom": 9}}, {"type": "Feature", "geometry": {"type": "Point", "coordinates": [89.65572370811293, -16.12954821702437]}, "properties": {"ownerId": 107, "name": "NPVF, SPX, NMU", "size": 87, "labelId": "107", "symbolzoom": 4}}, {"type": "Feature", "geometry": {"type": "Point", "coordinates": [78.78164826746706, 2.024193449749194]}, "properties": {"ownerId": 108, "name": "SULT2A1, SULT1A1, SULT1C3", "size": 14, "labelId": "108", "symbolzoom": 9}}, {"type": "Feature", "geometry": {"type": "Point", "coordinates": [78.86351358606007, 4.011299061036933]}, "properties": {"ownerId": 109, "name": "GSTA2, GSTA4, GSTA3", "size": 15, "labelId": "109", "symbolzoom": 8}}, {"type": "Feature", "geometry": {"type": "Point", "coordinates": [84.80940339182459, -12.928168272325241]}, "properties": {"ownerId": 110, "name": "RNASE9, RNASE2, EDDM3B", "size": 23, "labelId": "110", "symbolzoom": 8}}, {"type": "Feature", "geometry": {"type": "Point", "coordinates": [38.1098777850697, -24.86160940809282]}, "properties": {"ownerId": 111, "name": "ATP12A, ATP9A, ATP2C1", "size": 33, "labelId": "111", "symbolzoom": 7}}, {"type": "Feature", "geometry": {"type": "Point", "coordinates": [38.352572177844316, -18.74293969681148]}, "properties": {"ownerId": 112, "name": "GRIN2D, GABBR2, ADGRB1", "size": 38, "labelId": "112", "symbolzoom": 7}}, {"type": "Feature", "geometry": {"type": "Point", "coordinates": [74.67040731963439, 3.1733330527573074]}, "properties": {"ownerId": 113, "name": "AKR1B1, AKR1B15, AKR1C3", "size": 12, "labelId": "113", "symbolzoom": 9}}, {"type": "Feature", "geometry": {"type": "Point", "coordinates": [37.812007587368996, -21.945004613267088]}, "properties": {"ownerId": 114, "name": "ABCC3, ABCC12, ABCB4", "size": 25, "labelId": "114", "symbolzoom": 7}}, {"type": "Feature", "geometry": {"type": "Point", "coordinates": [35.25097540806748, -20.36754391745952]}, "properties": {"ownerId": 115, "name": "TAS1R3, GPRC6A, ABCD3", "size": 13, "labelId": "115", "symbolzoom": 9}}, {"type": "Feature", "geometry": {"type": "Point", "coordinates": [34.97950261470461, -22.410987195072934]}, "properties": {"ownerId": 116, "name": "ADGRF4, ADGRE2, ADGRG5", "size": 22, "labelId": "116", "symbolzoom": 8}}, {"type": "Feature", "geometry": {"type": "Point", "coordinates": [33.073106164033724, -23.28015602094616]}, "properties": {"ownerId": 117, "name": "GLP1R, CRHR1, ADCYAP1R1", "size": 21, "labelId": "117", "symbolzoom": 8}}, {"type": "Feature", "geometry": {"type": "Point", "coordinates": [67.750571108523, -19.157524649708925]}, "properties": {"ownerId": 118, "name": "F12, PLG, PLAT", "size": 45, "labelId": "118", "symbolzoom": 6}}, {"type": "Feature", "geometry": {"type": "Point", "coordinates": [70.63832880427115, -22.217407229530274]}, "properties": {"ownerId": 119, "name": "TMPRSS12, PRSS51, PRSS50", "size": 20, "labelId": "119", "symbolzoom": 8}}, {"type": "Feature", "geometry": {"type": "Point", "coordinates": [29.690241090469783, -25.507768132923115]}, "properties": {"ownerId": 120, "name": "SLC4A4, SLC4A3, SLC4A8", "size": 24, "labelId": "120", "symbolzoom": 8}}, {"type": "Feature", "geometry": {"type": "Point", "coordinates": [26.944737043649113, -26.668745009702867]}, "properties": {"ownerId": 121, "name": "CLCNKA, CLCNKB, CLCN7", "size": 31, "labelId": "121", "symbolzoom": 7}}, {"type": "Feature", "geometry": {"type": "Point", "coordinates": [74.22300640177005, -25.277149437792147]}, "properties": {"ownerId": 122, "name": "CELA3B, PRSS3, CELA2B", "size": 12, "labelId": "122", "symbolzoom": 9}}, {"type": "Feature", "geometry": {"type": "Point", "coordinates": [72.55056231609927, -24.43917502363552]}, "properties": {"ownerId": 123, "name": "CFD, TPSB2, CMA1", "size": 32, "labelId": "123", "symbolzoom": 7}}, {"type": "Feature", "geometry": {"type": "Point", "coordinates": [24.359777646237813, -16.834208340305004]}, "properties": {"ownerId": 124, "name": "PLPPR3, ZDHHC8, PANX2", "size": 17, "labelId": "124", "symbolzoom": 8}}, {"type": "Feature", "geometry": {"type": "Point", "coordinates": [2.39022970600033, 23.418018693611657]}, "properties": {"ownerId": 125, "name": "PRH2, PRR4, PRB2", "size": 9, "labelId": "125", "symbolzoom": 9}}, {"type": "Feature", "geometry": {"type": "Point", "coordinates": [23.900249320696737, -18.9579840612835]}, "properties": {"ownerId": 126, "name": "SYVN1, PLPPR4, KCNN4", "size": 22, "labelId": "126", "symbolzoom": 8}}, {"type": "Feature", "geometry": {"type": "Point", "coordinates": [21.105699320747632, -16.26217572904072]}, "properties": {"ownerId": 127, "name": "ZDHHC21, ZDHHC20, ZDHHC19", "size": 25, "labelId": "127", "symbolzoom": 7}}, {"type": "Feature", "geometry": {"type": "Point", "coordinates": [18.096833184470743, -16.270006335415246]}, "properties": {"ownerId": 128, "name": "GJA4, CALHM5, GJA5", "size": 54, "labelId": "128", "symbolzoom": 6}}, {"type": "Feature", "geometry": {"type": "Point", "coordinates": [23.192299907768117, -22.337760129006906]}, "properties": {"ownerId": 129, "name": "DPY19L1, TMEM87A, TMEM181", "size": 53, "labelId": "129", "symbolzoom": 6}}, {"type": "Feature", "geometry": {"type": "Point", "coordinates": [33.1780693631584, -19.39720346760285]}, "properties": {"ownerId": 130, "name": "ADCY7, ABCB6, ABCB9", "size": 22, "labelId": "130", "symbolzoom": 8}}, {"type": "Feature", "geometry": {"type": "Point", "coordinates": [31.009998083790155, -21.51926927206785]}, "properties": {"ownerId": 131, "name": "PTCHD3, TRPM4, TRPA1", "size": 24, "labelId": "131", "symbolzoom": 8}}, {"type": "Feature", "geometry": {"type": "Point", "coordinates": [28.064837138787105, -22.046916715153735]}, "properties": {"ownerId": 132, "name": "TMC2, ANO2, TMC1", "size": 40, "labelId": "132", "symbolzoom": 6}}, {"type": "Feature", "geometry": {"type": "Point", "coordinates": [28.081751959927747, -18.776295340023026]}, "properties": {"ownerId": 133, "name": "KCNG1, KCNA6, KCNV2", "size": 36, "labelId": "133", "symbolzoom": 7}}, {"type": "Feature", "geometry": {"type": "Point", "coordinates": [29.65606196199421, -16.844404632464055]}, "properties": {"ownerId": 134, "name": "CNGA4, KCNJ18, KCNJ11", "size": 20, "labelId": "134", "symbolzoom": 8}}, {"type": "Feature", "geometry": {"type": "Point", "coordinates": [30.630969142522602, -18.42976978740019]}, "properties": {"ownerId": 135, "name": "KCNH1, KCNB1, KCNQ5", "size": 21, "labelId": "135", "symbolzoom": 8}}, {"type": "Feature", "geometry": {"type": "Point", "coordinates": [4.770269079953033, -5.27556065739611]}, "properties": {"ownerId": 136, "name": "MYO10, MYO1E, MYO1B", "size": 16, "labelId": "136", "symbolzoom": 8}}, {"type": "Feature", "geometry": {"type": "Point", "coordinates": [19.400598254999544, -33.809725020484514]}, "properties": {"ownerId": 137, "name": "SVOP, SLC2A11, SLC16A14", "size": 125, "labelId": "137", "symbolzoom": 2}}, {"type": "Feature", "geometry": {"type": "Point", "coordinates": [23.287060494690067, -26.740630572818667]}, "properties": {"ownerId": 138, "name": "SLC38A2, SLC34A3, SLC36A2", "size": 40, "labelId": "138", "symbolzoom": 6}}, {"type": "Feature", "geometry": {"type": "Point", "coordinates": [8.568024162808399, -21.48523923028432]}, "properties": {"ownerId": 139, "name": "CNIH2, OSTC, DAD1", "size": 73, "labelId": "139", "symbolzoom": 5}}, {"type": "Feature", "geometry": {"type": "Point", "coordinates": [18.579707267590187, -20.200789536370856]}, "properties": {"ownerId": 140, "name": "TMEM115, TMEM270, RNF26", "size": 23, "labelId": "140", "symbolzoom": 8}}, {"type": "Feature", "geometry": {"type": "Point", "coordinates": [25.585389740048917, -29.003470838069912]}, "properties": {"ownerId": 141, "name": "SLC6A9, SLC6A12, SLC6A13", "size": 15, "labelId": "141", "symbolzoom": 8}}, {"type": "Feature", "geometry": {"type": "Point", "coordinates": [23.852703990522585, -28.23227998940037]}, "properties": {"ownerId": 142, "name": "SLC7A2, SLC7A14, SLC5A12", "size": 29, "labelId": "142", "symbolzoom": 7}}, {"type": "Feature", "geometry": {"type": "Point", "coordinates": [-27.161322013751395, 15.907163936162895]}, "properties": {"ownerId": 143, "name": "EGR4, KLF4, FEZF2", "size": 60, "labelId": "143", "symbolzoom": 5}}, {"type": "Feature", "geometry": {"type": "Point", "coordinates": [-30.220170984168654, 11.243640208918828]}, "properties": {"ownerId": 144, "name": "PRDM5, ZBTB4, ZNF652", "size": 168, "labelId": "144", "symbolzoom": 2}}, {"type": "Feature", "geometry": {"type": "Point", "coordinates": [-1.858350938623346, 15.008721613980612]}, "properties": {"ownerId": 145, "name": "NFIL3, ZNF488, ARID5A", "size": 14, "labelId": "145", "symbolzoom": 9}}, {"type": "Feature", "geometry": {"type": "Point", "coordinates": [10.135384444927556, -24.40994486483303]}, "properties": {"ownerId": 146, "name": "TMEM45A, CYBRD1, TEDDM1", "size": 25, "labelId": "146", "symbolzoom": 7}}, {"type": "Feature", "geometry": {"type": "Point", "coordinates": [10.027246904776067, 25.149636572168713]}, "properties": {"ownerId": 147, "name": "EVI2B, PODXL, SDC3", "size": 46, "labelId": "147", "symbolzoom": 6}}, {"type": "Feature", "geometry": {"type": "Point", "coordinates": [21.200994786528238, -24.637711081909778]}, "properties": {"ownerId": 148, "name": "SLC30A7, SLC30A8, SLC39A9", "size": 47, "labelId": "148", "symbolzoom": 6}}, {"type": "Feature", "geometry": {"type": "Point", "coordinates": [13.074701844147196, -18.819089941278868]}, "properties": {"ownerId": 149, "name": "YIF1B, REEP5, YIPF5", "size": 31, "labelId": "149", "symbolzoom": 7}}, {"type": "Feature", "geometry": {"type": "Point", "coordinates": [12.429364779223931, -21.84992285836761]}, "properties": {"ownerId": 150, "name": "SERINC1, TMEM33, SERINC3", "size": 31, "labelId": "150", "symbolzoom": 7}}, {"type": "Feature", "geometry": {"type": "Point", "coordinates": [45.95289026561649, -7.8068764004936515]}, "properties": {"ownerId": 151, "name": "VWA5A, TCTN3, CATSPERE", "size": 17, "labelId": "151", "symbolzoom": 8}}, {"type": "Feature", "geometry": {"type": "Point", "coordinates": [15.189461693883, -20.892814769619093]}, "properties": {"ownerId": 152, "name": "PLPP1, TVP23A, PLPP4", "size": 25, "labelId": "152", "symbolzoom": 7}}, {"type": "Feature", "geometry": {"type": "Point", "coordinates": [16.365450719509905, -20.238896219332176]}, "properties": {"ownerId": 153, "name": "STARD3, TMEM39B, SFT2D3", "size": 16, "labelId": "153", "symbolzoom": 8}}, {"type": "Feature", "geometry": {"type": "Point", "coordinates": [6.603955284735583, 20.577982013262385]}, "properties": {"ownerId": 154, "name": "MBD3L1, MBD3L2, ODAPH", "size": 17, "labelId": "154", "symbolzoom": 8}}, {"type": "Feature", "geometry": {"type": "Point", "coordinates": [5.2185545008423215, 23.720789932248387]}, "properties": {"ownerId": 155, "name": "STATH, CSN2, CSN3", "size": 9, "labelId": "155", "symbolzoom": 9}}, {"type": "Feature", "geometry": {"type": "Point", "coordinates": [13.437737952310354, -22.783695966598714]}, "properties": {"ownerId": 156, "name": "MPDU1, ALOX5AP, ATP6V0C", "size": 21, "labelId": "156", "symbolzoom": 8}}, {"type": "Feature", "geometry": {"type": "Point", "coordinates": [12.552054511847324, -24.343127365187645]}, "properties": {"ownerId": 157, "name": "PGAP3, ACER2, TLCD1", "size": 35, "labelId": "157", "symbolzoom": 7}}, {"type": "Feature", "geometry": {"type": "Point", "coordinates": [14.01741515445376, -24.49377466168124]}, "properties": {"ownerId": 158, "name": "CERS2, ADIPOR1, PAQR6", "size": 19, "labelId": "158", "symbolzoom": 8}}, {"type": "Feature", "geometry": {"type": "Point", "coordinates": [15.438808321388073, -23.471311509265306]}, "properties": {"ownerId": 159, "name": "TMEM38B, PTDSS2, TMEM267", "size": 45, "labelId": "159", "symbolzoom": 6}}, {"type": "Feature", "geometry": {"type": "Point", "coordinates": [18.875095491459494, -22.288264291422394]}, "properties": {"ownerId": 160, "name": "TMEM184A, ALG8, MBOAT1", "size": 32, "labelId": "160", "symbolzoom": 7}}, {"type": "Feature", "geometry": {"type": "Point", "coordinates": [17.551518436355664, -24.5092622910923]}, "properties": {"ownerId": 161, "name": "NIPAL2, SLC31A1, SLC35B3", "size": 33, "labelId": "161", "symbolzoom": 7}}, {"type": "Feature", "geometry": {"type": "Point", "coordinates": [17.057909398239268, -22.734549129411697]}, "properties": {"ownerId": 162, "name": "XKR3, TMEM269, ALG10B", "size": 20, "labelId": "162", "symbolzoom": 8}}, {"type": "Feature", "geometry": {"type": "Point", "coordinates": [66.62798763053475, 13.74546292699478]}, "properties": {"ownerId": 163, "name": "ATP5MC2, ATP5MC1, NDUFB8", "size": 116, "labelId": "163", "symbolzoom": 3}}, {"type": "Feature", "geometry": {"type": "Point", "coordinates": [9.41251778381481, 37.84184773256422]}, "properties": {"ownerId": 164, "name": "LILRA6, LILRA4, NCR1", "size": 20, "labelId": "164", "symbolzoom": 8}}, {"type": "Feature", "geometry": {"type": "Point", "coordinates": [-16.823577220060898, 4.923931471102969]}, "properties": {"ownerId": 165, "name": "SAFB, UPF3A, NKAPD1", "size": 35, "labelId": "165", "symbolzoom": 7}}, {"type": "Feature", "geometry": {"type": "Point", "coordinates": [-22.004508649963398, 5.365834251423893]}, "properties": {"ownerId": 166, "name": "SRRM5, CCNL2, LUC7L2", "size": 49, "labelId": "166", "symbolzoom": 6}}, {"type": "Feature", "geometry": {"type": "Point", "coordinates": [55.89336714287546, -19.998000367778488]}, "properties": {"ownerId": 167, "name": "RXFP1, SLIT2, RXFP2", "size": 15, "labelId": "167", "symbolzoom": 8}}, {"type": "Feature", "geometry": {"type": "Point", "coordinates": [54.978166779597586, -17.530624374146257]}, "properties": {"ownerId": 168, "name": "NOTCH2, LAMA2, FBN3", "size": 56, "labelId": "168", "symbolzoom": 6}}, {"type": "Feature", "geometry": {"type": "Point", "coordinates": [46.3353484568019, -4.154475537732973]}, "properties": {"ownerId": 169, "name": "UNC5CL, APOL6, APOL2", "size": 11, "labelId": "169", "symbolzoom": 9}}, {"type": "Feature", "geometry": {"type": "Point", "coordinates": [48.75577123110577, -4.066967181136896]}, "properties": {"ownerId": 170, "name": "IFI27L1, GGT6, IFI27L2", "size": 16, "labelId": "170", "symbolzoom": 8}}, {"type": "Feature", "geometry": {"type": "Point", "coordinates": [38.268405906496554, 16.164275588476713]}, "properties": {"ownerId": 171, "name": "ATP6V1G3, ATP6V1E1, STX17", "size": 24, "labelId": "171", "symbolzoom": 8}}, {"type": "Feature", "geometry": {"type": "Point", "coordinates": [36.13880923297127, 17.991143253445088]}, "properties": {"ownerId": 172, "name": "VTI1B, GOSR1, BET1L", "size": 34, "labelId": "172", "symbolzoom": 7}}, {"type": "Feature", "geometry": {"type": "Point", "coordinates": [44.16585916279505, 16.654536639890676]}, "properties": {"ownerId": 173, "name": "SERF2, RBIS, TMSB10", "size": 16, "labelId": "173", "symbolzoom": 8}}, {"type": "Feature", "geometry": {"type": "Point", "coordinates": [41.52501715154628, 16.20842425874224]}, "properties": {"ownerId": 174, "name": "RGS19, RGS1, RGS13", "size": 12, "labelId": "174", "symbolzoom": 9}}, {"type": "Feature", "geometry": {"type": "Point", "coordinates": [41.312384637649586, 17.843160518275596]}, "properties": {"ownerId": 175, "name": "GNG4, GNGT1, GNG11", "size": 12, "labelId": "175", "symbolzoom": 9}}, {"type": "Feature", "geometry": {"type": "Point", "coordinates": [14.67819414560248, 35.4443821842037]}, "properties": {"ownerId": 176, "name": "BTN2A2, BTNL3, BTN3A3", "size": 11, "labelId": "176", "symbolzoom": 9}}, {"type": "Feature", "geometry": {"type": "Point", "coordinates": [10.20208123061177, -4.649853853286544]}, "properties": {"ownerId": 177, "name": "RGPD6, UNC13A, RGPD8", "size": 19, "labelId": "177", "symbolzoom": 8}}, {"type": "Feature", "geometry": {"type": "Point", "coordinates": [81.81917994801879, -15.121738296158977]}, "properties": {"ownerId": 178, "name": "CGB7, CGB1, LHB", "size": 15, "labelId": "178", "symbolzoom": 8}}, {"type": "Feature", "geometry": {"type": "Point", "coordinates": [53.62807396652151, -13.245360449104695]}, "properties": {"ownerId": 179, "name": "SORCS2, ITGAX, ITGA2B", "size": 43, "labelId": "179", "symbolzoom": 6}}, {"type": "Feature", "geometry": {"type": "Point", "coordinates": [49.326794794288695, -16.940428226063077]}, "properties": {"ownerId": 180, "name": "DCHS1, CELSR3, PLXNB2", "size": 15, "labelId": "180", "symbolzoom": 8}}, {"type": "Feature", "geometry": {"type": "Point", "coordinates": [46.771638811032574, -16.34123998015979]}, "properties": {"ownerId": 181, "name": "ROBO1, CADM1, CNTN3", "size": 41, "labelId": "181", "symbolzoom": 6}}, {"type": "Feature", "geometry": {"type": "Point", "coordinates": [47.78631024528225, -12.140306131354675]}, "properties": {"ownerId": 182, "name": "UNC5A, PTPRO, TMEM132E", "size": 62, "labelId": "182", "symbolzoom": 5}}, {"type": "Feature", "geometry": {"type": "Point", "coordinates": [50.276436556072284, -8.993428172155825]}, "properties": {"ownerId": 183, "name": "ATP4B, ATP1B2, ATP1B3", "size": 27, "labelId": "183", "symbolzoom": 7}}, {"type": "Feature", "geometry": {"type": "Point", "coordinates": [52.63600041466715, -7.98911448026173]}, "properties": {"ownerId": 184, "name": "RNF130, GINM1, TMEM30A", "size": 15, "labelId": "184", "symbolzoom": 8}}, {"type": "Feature", "geometry": {"type": "Point", "coordinates": [56.48935218143546, -6.910055469112569]}, "properties": {"ownerId": 185, "name": "TMED6, TMED1, MESD", "size": 80, "labelId": "185", "symbolzoom": 4}}, {"type": "Feature", "geometry": {"type": "Point", "coordinates": [54.43523558885187, -5.087654373010299]}, "properties": {"ownerId": 186, "name": "TXNDC16, CASQ2, RNF103", "size": 22, "labelId": "186", "symbolzoom": 8}}, {"type": "Feature", "geometry": {"type": "Point", "coordinates": [57.466922090108824, -10.7634122184024]}, "properties": {"ownerId": 187, "name": "ZP4, LRP11, ZP2", "size": 61, "labelId": "187", "symbolzoom": 5}}, {"type": "Feature", "geometry": {"type": "Point", "coordinates": [76.8197295871078, -10.956355701063565]}, "properties": {"ownerId": 188, "name": "ANGPTL1, ANGPT2, BMP8B", "size": 83, "labelId": "188", "symbolzoom": 4}}, {"type": "Feature", "geometry": {"type": "Point", "coordinates": [71.44009103153255, 3.8149648520034223]}, "properties": {"ownerId": 189, "name": "ADH6, PTGR1, ADH1A", "size": 16, "labelId": "189", "symbolzoom": 8}}, {"type": "Feature", "geometry": {"type": "Point", "coordinates": [-17.233342529332038, 15.155534443052714]}, "properties": {"ownerId": 190, "name": "RUNX1, RUNX2, SIM1", "size": 57, "labelId": "190", "symbolzoom": 6}}, {"type": "Feature", "geometry": {"type": "Point", "coordinates": [-17.345881523231654, 17.761805731040717]}, "properties": {"ownerId": 191, "name": "FOXG1, SIX1, FOXD3", "size": 72, "labelId": "191", "symbolzoom": 5}}, {"type": "Feature", "geometry": {"type": "Point", "coordinates": [-4.399447968457522, 10.825096856200012]}, "properties": {"ownerId": 192, "name": "LDB1, GTF2A1L, ANKRD10", "size": 24, "labelId": "192", "symbolzoom": 8}}, {"type": "Feature", "geometry": {"type": "Point", "coordinates": [-22.752858753989344, 17.360800742451776]}, "properties": {"ownerId": 193, "name": "TFAP2E, GATA3, TFAP2A", "size": 15, "labelId": "193", "symbolzoom": 8}}, {"type": "Feature", "geometry": {"type": "Point", "coordinates": [-22.667276140947756, 19.964308528011877]}, "properties": {"ownerId": 194, "name": "OTX2, OTP, IRX6", "size": 146, "labelId": "194", "symbolzoom": 2}}, {"type": "Feature", "geometry": {"type": "Point", "coordinates": [80.45348399927548, -4.915495216981801]}, "properties": {"ownerId": 195, "name": "GALNT6, GALNT1, GALNT10", "size": 16, "labelId": "195", "symbolzoom": 8}}, {"type": "Feature", "geometry": {"type": "Point", "coordinates": [53.759750503735944, 12.194256915281581]}, "properties": {"ownerId": 196, "name": "CIAO2A, PTRHD1, GLRX5", "size": 20, "labelId": "196", "symbolzoom": 8}}, {"type": "Feature", "geometry": {"type": "Point", "coordinates": [61.18497890002824, -15.727726465602764]}, "properties": {"ownerId": 197, "name": "ADAMTSL2, SPON1, SUSD1", "size": 183, "labelId": "197", "symbolzoom": 2}}, {"type": "Feature", "geometry": {"type": "Point", "coordinates": [67.43071055250554, -14.879111482628998]}, "properties": {"ownerId": 198, "name": "WFIKKN1, CLEC18C, CLEC18B", "size": 29, "labelId": "198", "symbolzoom": 7}}, {"type": "Feature", "geometry": {"type": "Point", "coordinates": [78.45763235139181, -4.689016526795938]}, "properties": {"ownerId": 199, "name": "ST8SIA1, ST6GALNAC4, ST3GAL1", "size": 26, "labelId": "199", "symbolzoom": 7}}, {"type": "Feature", "geometry": {"type": "Point", "coordinates": [78.4955907872198, -16.7627685238699]}, "properties": {"ownerId": 200, "name": "LY6L, LYPD1, GPIHBP1", "size": 62, "labelId": "200", "symbolzoom": 5}}, {"type": "Feature", "geometry": {"type": "Point", "coordinates": [68.00915541224248, -7.837951695209361]}, "properties": {"ownerId": 201, "name": "SUN3, DNASE1, CHI3L2", "size": 29, "labelId": "201", "symbolzoom": 7}}, {"type": "Feature", "geometry": {"type": "Point", "coordinates": [63.55837094585609, -11.672304981688349]}, "properties": {"ownerId": 202, "name": "NAGPA, GPC1, RGMB", "size": 27, "labelId": "202", "symbolzoom": 7}}, {"type": "Feature", "geometry": {"type": "Point", "coordinates": [61.24517756345671, -10.968347700734608]}, "properties": {"ownerId": 203, "name": "PI16, TGFBI, CUZD1", "size": 28, "labelId": "203", "symbolzoom": 7}}, {"type": "Feature", "geometry": {"type": "Point", "coordinates": [68.87769665571695, -4.715927714730317]}, "properties": {"ownerId": 204, "name": "MYORG, HYAL4, B3GALNT2", "size": 26, "labelId": "204", "symbolzoom": 7}}, {"type": "Feature", "geometry": {"type": "Point", "coordinates": [73.7113574600163, -5.427862185813096]}, "properties": {"ownerId": 205, "name": "B3GNT6, A4GNT, GCNT7", "size": 151, "labelId": "205", "symbolzoom": 2}}, {"type": "Feature", "geometry": {"type": "Point", "coordinates": [81.13890380224382, -18.441558305961266]}, "properties": {"ownerId": 206, "name": "DEFB118, SPINK6, DEFB132", "size": 29, "labelId": "206", "symbolzoom": 7}}, {"type": "Feature", "geometry": {"type": "Point", "coordinates": [83.34433187595765, -19.908327653504628]}, "properties": {"ownerId": 207, "name": "DEFB115, DEFB135, DEFB113", "size": 34, "labelId": "207", "symbolzoom": 7}}, {"type": "Feature", "geometry": {"type": "Point", "coordinates": [45.510425594619534, -0.6326294771872034]}, "properties": {"ownerId": 208, "name": "DPP8, PFAS, FCSK", "size": 38, "labelId": "208", "symbolzoom": 7}}, {"type": "Feature", "geometry": {"type": "Point", "coordinates": [78.43851691703043, -14.309392223047823]}, "properties": {"ownerId": 209, "name": "FGFBP2, PDGFB, PDGFA", "size": 17, "labelId": "209", "symbolzoom": 8}}, {"type": "Feature", "geometry": {"type": "Point", "coordinates": [40.73989016294939, 13.410245849969307]}, "properties": {"ownerId": 210, "name": "FAM72D, FAM72A, RPF2", "size": 21, "labelId": "210", "symbolzoom": 8}}, {"type": "Feature", "geometry": {"type": "Point", "coordinates": [64.26445902579991, -8.608009859130824]}, "properties": {"ownerId": 211, "name": "PNLIP, LPL, AMY2B", "size": 40, "labelId": "211", "symbolzoom": 6}}, {"type": "Feature", "geometry": {"type": "Point", "coordinates": [64.13452156974134, -4.9204138435981974]}, "properties": {"ownerId": 212, "name": "PPT2, FOLH1, ARSB", "size": 197, "labelId": "212", "symbolzoom": 2}}, {"type": "Feature", "geometry": {"type": "Point", "coordinates": [59.00947082206787, -3.137023248000917]}, "properties": {"ownerId": 213, "name": "CA7, CA3, CA10", "size": 24, "labelId": "213", "symbolzoom": 8}}, {"type": "Feature", "geometry": {"type": "Point", "coordinates": [59.65731912680697, -5.252775985345947]}, "properties": {"ownerId": 214, "name": "NHLRC3, CLN5, SI", "size": 14, "labelId": "214", "symbolzoom": 9}}, {"type": "Feature", "geometry": {"type": "Point", "coordinates": [70.7349667659031, -15.333252921238564]}, "properties": {"ownerId": 215, "name": "TFPI2, TFPI, GFRAL", "size": 31, "labelId": "215", "symbolzoom": 7}}, {"type": "Feature", "geometry": {"type": "Point", "coordinates": [69.68577707063322, -9.298954017215323]}, "properties": {"ownerId": 216, "name": "CTSS, CTSB, LOXL1", "size": 14, "labelId": "216", "symbolzoom": 9}}, {"type": "Feature", "geometry": {"type": "Point", "coordinates": [67.06074578005715, -11.656211530198224]}, "properties": {"ownerId": 217, "name": "MMP7, MMP28, MMP19", "size": 54, "labelId": "217", "symbolzoom": 6}}, {"type": "Feature", "geometry": {"type": "Point", "coordinates": [72.30677374538448, -11.384330366124942]}, "properties": {"ownerId": 218, "name": "PLA2G12B, PGLYRP1, GLIPR1L1", "size": 79, "labelId": "218", "symbolzoom": 5}}, {"type": "Feature", "geometry": {"type": "Point", "coordinates": [74.62843102393433, -15.544827516020217]}, "properties": {"ownerId": 219, "name": "MFAP2, STC2, CFC1", "size": 53, "labelId": "219", "symbolzoom": 6}}, {"type": "Feature", "geometry": {"type": "Point", "coordinates": [16.8918687933312, 28.023792333974008]}, "properties": {"ownerId": 220, "name": "LTBR, TNFRSF11B, TNFRSF1A", "size": 36, "labelId": "220", "symbolzoom": 7}}, {"type": "Feature", "geometry": {"type": "Point", "coordinates": [25.045591646472126, 18.80478695214279]}, "properties": {"ownerId": 221, "name": "SNCG, SNCA, CLEC2L", "size": 25, "labelId": "221", "symbolzoom": 7}}, {"type": "Feature", "geometry": {"type": "Point", "coordinates": [12.60888032610125, 30.140686335488528]}, "properties": {"ownerId": 222, "name": "SCIMP, TRAT1, LST1", "size": 24, "labelId": "222", "symbolzoom": 8}}, {"type": "Feature", "geometry": {"type": "Point", "coordinates": [14.498752465578308, 32.34104924609176]}, "properties": {"ownerId": 223, "name": "JAML, SIGLEC15, SECTM1", "size": 85, "labelId": "223", "symbolzoom": 4}}, {"type": "Feature", "geometry": {"type": "Point", "coordinates": [16.260257432210064, 24.5198488089867]}, "properties": {"ownerId": 224, "name": "TMEM174, C1orf159, FAM163A", "size": 48, "labelId": "224", "symbolzoom": 6}}, {"type": "Feature", "geometry": {"type": "Point", "coordinates": [10.747390686917349, 35.58314497811102]}, "properties": {"ownerId": 225, "name": "SIGLEC7, SIGLEC9, SIGLEC6", "size": 10, "labelId": "225", "symbolzoom": 9}}, {"type": "Feature", "geometry": {"type": "Point", "coordinates": [12.43357991986532, 35.46865400664204]}, "properties": {"ownerId": 226, "name": "FCGR3A, FCGR3B, FCGR2C", "size": 36, "labelId": "226", "symbolzoom": 7}}, {"type": "Feature", "geometry": {"type": "Point", "coordinates": [18.714965340974445, 32.39791773960023]}, "properties": {"ownerId": 227, "name": "ICAM3, VSIG10, BCAM", "size": 26, "labelId": "227", "symbolzoom": 7}}, {"type": "Feature", "geometry": {"type": "Point", "coordinates": [21.13705037202489, 23.29494214552945]}, "properties": {"ownerId": 228, "name": "ENHO, SMIM41, TMEM275", "size": 102, "labelId": "228", "symbolzoom": 3}}, {"type": "Feature", "geometry": {"type": "Point", "coordinates": [21.348287933636676, 26.449029177788915]}, "properties": {"ownerId": 229, "name": "JTB, HBEGF, EREG", "size": 22, "labelId": "229", "symbolzoom": 8}}, {"type": "Feature", "geometry": {"type": "Point", "coordinates": [19.060441164084274, 29.78893735173297]}, "properties": {"ownerId": 230, "name": "MPZL2, CADM3, F11R", "size": 67, "labelId": "230", "symbolzoom": 5}}, {"type": "Feature", "geometry": {"type": "Point", "coordinates": [23.20246664478745, 31.64330597738546]}, "properties": {"ownerId": 231, "name": "LEPR, OSMR, IL1RL2", "size": 9, "labelId": "231", "symbolzoom": 9}}, {"type": "Feature", "geometry": {"type": "Point", "coordinates": [21.76532346261821, 31.867401503289443]}, "properties": {"ownerId": 232, "name": "IL18RAP, IL22RA2, IL12RB2", "size": 11, "labelId": "232", "symbolzoom": 9}}, {"type": "Feature", "geometry": {"type": "Point", "coordinates": [22.18747827781538, 30.424562703071366]}, "properties": {"ownerId": 233, "name": "CSF2RB, IL10RA, EPOR", "size": 26, "labelId": "233", "symbolzoom": 7}}, {"type": "Feature", "geometry": {"type": "Point", "coordinates": [-12.800415100876693, 16.17952886642534]}, "properties": {"ownerId": 234, "name": "ETV7, SPIB, SPIC", "size": 20, "labelId": "234", "symbolzoom": 8}}, {"type": "Feature", "geometry": {"type": "Point", "coordinates": [51.86258644142881, -1.8466986802300487]}, "properties": {"ownerId": 235, "name": "PADI2, CPT1B, TMEM249", "size": 18, "labelId": "235", "symbolzoom": 8}}, {"type": "Feature", "geometry": {"type": "Point", "coordinates": [51.58178576009939, -4.868289483113736]}, "properties": {"ownerId": 236, "name": "TGM4, ZNRF4, TGM1", "size": 19, "labelId": "236", "symbolzoom": 8}}, {"type": "Feature", "geometry": {"type": "Point", "coordinates": [-6.923824710835634, 14.660591482199933]}, "properties": {"ownerId": 237, "name": "CREB3L2, TGIF2, ATF6B", "size": 68, "labelId": "237", "symbolzoom": 5}}, {"type": "Feature", "geometry": {"type": "Point", "coordinates": [-6.0718497158283595, 17.80302009872515]}, "properties": {"ownerId": 238, "name": "HES2, MAFK, HES6", "size": 15, "labelId": "238", "symbolzoom": 8}}, {"type": "Feature", "geometry": {"type": "Point", "coordinates": [-7.604960202659745, 18.714098965319515]}, "properties": {"ownerId": 239, "name": "ID1, HES4, ID4", "size": 11, "labelId": "239", "symbolzoom": 9}}, {"type": "Feature", "geometry": {"type": "Point", "coordinates": [0.7447968408901648, -1.6271011604339485]}, "properties": {"ownerId": 240, "name": "SPAG9, TNIK, CFAP74", "size": 25, "labelId": "240", "symbolzoom": 7}}, {"type": "Feature", "geometry": {"type": "Point", "coordinates": [-9.684011333428291, 18.466316093050317]}, "properties": {"ownerId": 241, "name": "MYF5, MYF6, MYOD1", "size": 31, "labelId": "241", "symbolzoom": 7}}, {"type": "Feature", "geometry": {"type": "Point", "coordinates": [-11.134350535212665, 17.062888944989368]}, "properties": {"ownerId": 242, "name": "HELT, FAM181B, FOXQ1", "size": 33, "labelId": "242", "symbolzoom": 7}}, {"type": "Feature", "geometry": {"type": "Point", "coordinates": [50.55888697353001, 13.264956544542716]}, "properties": {"ownerId": 243, "name": "ZNF593, TXNDC17, NME1", "size": 31, "labelId": "243", "symbolzoom": 7}}, {"type": "Feature", "geometry": {"type": "Point", "coordinates": [66.12081936171951, 0.4331381329900035]}, "properties": {"ownerId": 244, "name": "RDH10, DHRS7B, KDSR", "size": 59, "labelId": "244", "symbolzoom": 6}}, {"type": "Feature", "geometry": {"type": "Point", "coordinates": [-6.513289067119197, 1.4689219643269484]}, "properties": {"ownerId": 245, "name": "EFHC1, CCDC112, SPATA17", "size": 21, "labelId": "245", "symbolzoom": 8}}, {"type": "Feature", "geometry": {"type": "Point", "coordinates": [54.12663015112701, 15.062674638588325]}, "properties": {"ownerId": 246, "name": "CHCHD7, COX6B2, CHCHD5", "size": 17, "labelId": "246", "symbolzoom": 8}}, {"type": "Feature", "geometry": {"type": "Point", "coordinates": [50.62580291693659, 15.807614453169116]}, "properties": {"ownerId": 247, "name": "YWHAE, C22orf39, CHCHD4", "size": 13, "labelId": "247", "symbolzoom": 9}}, {"type": "Feature", "geometry": {"type": "Point", "coordinates": [-8.217528884079918, -4.597242141526747]}, "properties": {"ownerId": 248, "name": "SMC6, SMC1B, SMC5", "size": 10, "labelId": "248", "symbolzoom": 9}}, {"type": "Feature", "geometry": {"type": "Point", "coordinates": [-16.726795760776092, -0.7055438373212785]}, "properties": {"ownerId": 249, "name": "TMCO5A, GOLGA6L9, GOLGA8R", "size": 39, "labelId": "249", "symbolzoom": 7}}, {"type": "Feature", "geometry": {"type": "Point", "coordinates": [-1.891957791490681, 0.34189288539484153]}, "properties": {"ownerId": 250, "name": "TSPOAP1, NPHP1, AK7", "size": 18, "labelId": "250", "symbolzoom": 8}}, {"type": "Feature", "geometry": {"type": "Point", "coordinates": [-8.998513264514544, 0.079026789157101]}, "properties": {"ownerId": 251, "name": "CCDC27, DZIP1L, TEX9", "size": 18, "labelId": "251", "symbolzoom": 8}}, {"type": "Feature", "geometry": {"type": "Point", "coordinates": [-4.001640908079258, -3.839990556534718]}, "properties": {"ownerId": 252, "name": "DCTN1, PPFIA2, EZR", "size": 21, "labelId": "252", "symbolzoom": 8}}, {"type": "Feature", "geometry": {"type": "Point", "coordinates": [-9.731465380632653, -2.5451453825191894]}, "properties": {"ownerId": 253, "name": "OPTN, RABEP2, CEP131", "size": 26, "labelId": "253", "symbolzoom": 7}}, {"type": "Feature", "geometry": {"type": "Point", "coordinates": [-3.4945222082277434, -1.1078521766326164]}, "properties": {"ownerId": 254, "name": "PHLDB2, LRRFIP2, CRACR2A", "size": 35, "labelId": "254", "symbolzoom": 7}}, {"type": "Feature", "geometry": {"type": "Point", "coordinates": [-12.443109086539897, -0.679799450554927]}, "properties": {"ownerId": 255, "name": "BBOF1, IQCD, CCDC178", "size": 52, "labelId": "255", "symbolzoom": 6}}, {"type": "Feature", "geometry": {"type": "Point", "coordinates": [-7.154854956377999, -3.7088171905542717]}, "properties": {"ownerId": 256, "name": "CLIP1, CLIP2, RUFY2", "size": 16, "labelId": "256", "symbolzoom": 8}}, {"type": "Feature", "geometry": {"type": "Point", "coordinates": [-6.791628151647622, -1.2309288565495435]}, "properties": {"ownerId": 257, "name": "N4BP3, KIF9, SH2D4B", "size": 58, "labelId": "257", "symbolzoom": 6}}, {"type": "Feature", "geometry": {"type": "Point", "coordinates": [-11.667993356928259, -3.1770840810279215]}, "properties": {"ownerId": 258, "name": "CCDC136, MAD1L1, CCDC89", "size": 23, "labelId": "258", "symbolzoom": 8}}, {"type": "Feature", "geometry": {"type": "Point", "coordinates": [-14.06755202454568, -3.9251553194663478]}, "properties": {"ownerId": 259, "name": "HMMR, CCDC171, KIF15", "size": 58, "labelId": "259", "symbolzoom": 6}}, {"type": "Feature", "geometry": {"type": "Point", "coordinates": [17.405702328407212, 20.345529679832303]}, "properties": {"ownerId": 260, "name": "TMCO2, PLSCR3, SPTY2D1OS", "size": 40, "labelId": "260", "symbolzoom": 6}}, {"type": "Feature", "geometry": {"type": "Point", "coordinates": [-13.97203099076091, 6.388541791364302]}, "properties": {"ownerId": 261, "name": "RBM27, PRPF40A, WBP11", "size": 20, "labelId": "261", "symbolzoom": 8}}, {"type": "Feature", "geometry": {"type": "Point", "coordinates": [-16.487286820342224, 7.800758083400849]}, "properties": {"ownerId": 262, "name": "SNRPB, SNRPC, YBX3", "size": 30, "labelId": "262", "symbolzoom": 7}}, {"type": "Feature", "geometry": {"type": "Point", "coordinates": [-19.26651370129229, 10.086876051477848]}, "properties": {"ownerId": 263, "name": "PABPC4L, PTBP3, TIA1", "size": 24, "labelId": "263", "symbolzoom": 8}}, {"type": "Feature", "geometry": {"type": "Point", "coordinates": [-20.65991219766021, 12.763066120625869]}, "properties": {"ownerId": 264, "name": "MBNL1, PKNOX1, RBM24", "size": 68, "labelId": "264", "symbolzoom": 5}}, {"type": "Feature", "geometry": {"type": "Point", "coordinates": [-19.415136131019644, 7.539210003753611]}, "properties": {"ownerId": 265, "name": "DDX17, CHTOP, HNRNPUL2", "size": 25, "labelId": "265", "symbolzoom": 7}}, {"type": "Feature", "geometry": {"type": "Point", "coordinates": [-20.989737396700164, 8.080390811042957]}, "properties": {"ownerId": 266, "name": "ALYREF, HNRNPK, HNRNPD", "size": 13, "labelId": "266", "symbolzoom": 9}}, {"type": "Feature", "geometry": {"type": "Point", "coordinates": [-22.824010584744983, 8.03184923288697]}, "properties": {"ownerId": 267, "name": "HNRNPA1L2, HNRNPA1, HNRNPA0", "size": 17, "labelId": "267", "symbolzoom": 8}}, {"type": "Feature", "geometry": {"type": "Point", "coordinates": [28.68342384544026, 15.877500435596794]}, "properties": {"ownerId": 268, "name": "HMGB1, CPLX3, HMGB2", "size": 30, "labelId": "268", "symbolzoom": 7}}, {"type": "Feature", "geometry": {"type": "Point", "coordinates": [-11.38265941244983, 12.948966292801723]}, "properties": {"ownerId": 269, "name": "GRHL2, MEF2A, GRHL3", "size": 39, "labelId": "269", "symbolzoom": 7}}, {"type": "Feature", "geometry": {"type": "Point", "coordinates": [54.93504369160291, -1.350535602788403]}, "properties": {"ownerId": 270, "name": "THOP1, RNPEPL1, CWH43", "size": 39, "labelId": "270", "symbolzoom": 7}}, {"type": "Feature", "geometry": {"type": "Point", "coordinates": [-4.921179531042666, 7.55986437924723]}, "properties": {"ownerId": 271, "name": "BAHCC1, SNAP91, CAMTA1", "size": 39, "labelId": "271", "symbolzoom": 7}}, {"type": "Feature", "geometry": {"type": "Point", "coordinates": [-9.464923558253508, 7.878338589147637]}, "properties": {"ownerId": 272, "name": "FBRS, EPC1, ATN1", "size": 275, "labelId": "272", "symbolzoom": 2}}, {"type": "Feature", "geometry": {"type": "Point", "coordinates": [-15.30945471773585, 11.260591779527402]}, "properties": {"ownerId": 273, "name": "SSBP4, FOXP2, FOXP1", "size": 40, "labelId": "273", "symbolzoom": 6}}, {"type": "Feature", "geometry": {"type": "Point", "coordinates": [5.707219918579451, 19.065256826397253]}, "properties": {"ownerId": 274, "name": "HRC, FAM153A, DRICH1", "size": 10, "labelId": "274", "symbolzoom": 9}}, {"type": "Feature", "geometry": {"type": "Point", "coordinates": [2.3336265517669186, 18.247312586898232]}, "properties": {"ownerId": 275, "name": "SPAG8, THEGL, SPATA48", "size": 90, "labelId": "275", "symbolzoom": 4}}, {"type": "Feature", "geometry": {"type": "Point", "coordinates": [18.506293074981397, -10.123165811017005]}, "properties": {"ownerId": 276, "name": "FER1L5, MYOF, FER1L6", "size": 11, "labelId": "276", "symbolzoom": 9}}, {"type": "Feature", "geometry": {"type": "Point", "coordinates": [12.817180608011338, -7.204927669412901]}, "properties": {"ownerId": 277, "name": "TRIP12, HECTD1, UBR5", "size": 72, "labelId": "277", "symbolzoom": 5}}, {"type": "Feature", "geometry": {"type": "Point", "coordinates": [18.96297988027057, -7.075091208341725]}, "properties": {"ownerId": 278, "name": "HEATR5A, UTP20, HEATR1", "size": 74, "labelId": "278", "symbolzoom": 5}}, {"type": "Feature", "geometry": {"type": "Point", "coordinates": [20.700183990671558, 19.12539797035585]}, "properties": {"ownerId": 279, "name": "MDFI, RNF222, RNF224", "size": 43, "labelId": "279", "symbolzoom": 6}}, {"type": "Feature", "geometry": {"type": "Point", "coordinates": [22.37289000989898, 16.363801086577414]}, "properties": {"ownerId": 280, "name": "PIN1, CCDC127, PCP4L1", "size": 16, "labelId": "280", "symbolzoom": 8}}, {"type": "Feature", "geometry": {"type": "Point", "coordinates": [1.0612160023048833, 15.139955959885068]}, "properties": {"ownerId": 281, "name": "SERTAD3, CHAMP1, FAM186A", "size": 27, "labelId": "281", "symbolzoom": 7}}, {"type": "Feature", "geometry": {"type": "Point", "coordinates": [58.14657725119435, 15.530223735243627]}, "properties": {"ownerId": 282, "name": "SDHAF3, ETFRF1, LYRM1", "size": 16, "labelId": "282", "symbolzoom": 8}}, {"type": "Feature", "geometry": {"type": "Point", "coordinates": [42.610334858604084, -4.3212905464887195]}, "properties": {"ownerId": 283, "name": "GIMAP4, GBP1, GIMAP8", "size": 22, "labelId": "283", "symbolzoom": 8}}, {"type": "Feature", "geometry": {"type": "Point", "coordinates": [42.2018481917202, -1.8318252287433023]}, "properties": {"ownerId": 284, "name": "CASP4, ASPH, CASP12", "size": 27, "labelId": "284", "symbolzoom": 7}}, {"type": "Feature", "geometry": {"type": "Point", "coordinates": [38.521670957762566, -1.3526365837814236]}, "properties": {"ownerId": 285, "name": "ITPRIPL2, MIEF2, ITPRIPL1", "size": 34, "labelId": "285", "symbolzoom": 7}}, {"type": "Feature", "geometry": {"type": "Point", "coordinates": [38.92491270793646, -3.7993582056987263]}, "properties": {"ownerId": 286, "name": "PARP9, SLFN13, SAMD9", "size": 40, "labelId": "286", "symbolzoom": 6}}, {"type": "Feature", "geometry": {"type": "Point", "coordinates": [60.01444202365536, 13.906282017484507]}, "properties": {"ownerId": 287, "name": "MRPL54, MRPL40, MRPL47", "size": 82, "labelId": "287", "symbolzoom": 4}}, {"type": "Feature", "geometry": {"type": "Point", "coordinates": [59.34354511364347, -0.173416433127903]}, "properties": {"ownerId": 288, "name": "AADACL3, ACP6, MOGAT2", "size": 27, "labelId": "288", "symbolzoom": 7}}, {"type": "Feature", "geometry": {"type": "Point", "coordinates": [3.243771559534446, 13.863313069673918]}, "properties": {"ownerId": 289, "name": "PRR33, PPP1R18, PALM3", "size": 22, "labelId": "289", "symbolzoom": 8}}, {"type": "Feature", "geometry": {"type": "Point", "coordinates": [23.809770181321646, 14.595986094506603]}, "properties": {"ownerId": 290, "name": "GON7, MRFAP1L1, C6orf226", "size": 30, "labelId": "290", "symbolzoom": 7}}, {"type": "Feature", "geometry": {"type": "Point", "coordinates": [55.55391163813748, 0.5111813305895155]}, "properties": {"ownerId": 291, "name": "PRXL2A, GDPD3, ABHD6", "size": 26, "labelId": "291", "symbolzoom": 7}}, {"type": "Feature", "geometry": {"type": "Point", "coordinates": [55.89549983561964, 2.806702616004035]}, "properties": {"ownerId": 292, "name": "CIDEB, OSGIN1, AGPS", "size": 17, "labelId": "292", "symbolzoom": 8}}, {"type": "Feature", "geometry": {"type": "Point", "coordinates": [64.72785164227896, 7.448020030624551]}, "properties": {"ownerId": 293, "name": "ECHDC3, DLAT, DPYSL5", "size": 22, "labelId": "293", "symbolzoom": 8}}, {"type": "Feature", "geometry": {"type": "Point", "coordinates": [34.01040453831939, -1.7935203533074215]}, "properties": {"ownerId": 294, "name": "HPS6, HECTD3, AP5B1", "size": 23, "labelId": "294", "symbolzoom": 8}}, {"type": "Feature", "geometry": {"type": "Point", "coordinates": [34.44491037012969, -4.583657251223319]}, "properties": {"ownerId": 295, "name": "TTC39C, NAA15, TTC23L", "size": 90, "labelId": "295", "symbolzoom": 4}}, {"type": "Feature", "geometry": {"type": "Point", "coordinates": [50.09491626535939, 0.5567033659098346]}, "properties": {"ownerId": 296, "name": "TPH1, TH, PGGHG", "size": 46, "labelId": "296", "symbolzoom": 6}}, {"type": "Feature", "geometry": {"type": "Point", "coordinates": [21.19067499332724, -2.439779502900174]}, "properties": {"ownerId": 297, "name": "C2CD5, SNX14, SNX25", "size": 23, "labelId": "297", "symbolzoom": 8}}, {"type": "Feature", "geometry": {"type": "Point", "coordinates": [-1.3404187982488058, 6.82826009569142]}, "properties": {"ownerId": 298, "name": "RTN3, ARID4A, RAD51AP2", "size": 28, "labelId": "298", "symbolzoom": 7}}, {"type": "Feature", "geometry": {"type": "Point", "coordinates": [-2.6136706858636414, 4.9531746157139835]}, "properties": {"ownerId": 299, "name": "KIAA0232, SPHKAP, PPP1R12A", "size": 53, "labelId": "299", "symbolzoom": 6}}, {"type": "Feature", "geometry": {"type": "Point", "coordinates": [-2.9511607161681352, 2.229072496211526]}, "properties": {"ownerId": 300, "name": "WASF1, WASF3, RIMBP3C", "size": 33, "labelId": "300", "symbolzoom": 7}}, {"type": "Feature", "geometry": {"type": "Point", "coordinates": [23.475211718047213, 2.1295468684266425]}, "properties": {"ownerId": 301, "name": "SNX17, SMARCA5, GCFC2", "size": 31, "labelId": "301", "symbolzoom": 7}}, {"type": "Feature", "geometry": {"type": "Point", "coordinates": [52.537169368710295, 2.689655514149525]}, "properties": {"ownerId": 302, "name": "HDAC11, SCRN3, GALT", "size": 29, "labelId": "302", "symbolzoom": 7}}, {"type": "Feature", "geometry": {"type": "Point", "coordinates": [30.862890323321572, -2.386663987967223]}, "properties": {"ownerId": 303, "name": "HERC6, HERC5, BBS2", "size": 14, "labelId": "303", "symbolzoom": 9}}, {"type": "Feature", "geometry": {"type": "Point", "coordinates": [46.05994105264069, 11.77304410931696]}, "properties": {"ownerId": 304, "name": "RABIF, POLR2G, AP2S1", "size": 36, "labelId": "304", "symbolzoom": 7}}, {"type": "Feature", "geometry": {"type": "Point", "coordinates": [23.4782702962366, -0.8507432167024755]}, "properties": {"ownerId": 305, "name": "SGSM3, FLII, DENND6A", "size": 33, "labelId": "305", "symbolzoom": 7}}, {"type": "Feature", "geometry": {"type": "Point", "coordinates": [29.754466553754742, 0.2987578449952155]}, "properties": {"ownerId": 306, "name": "ANKMY2, PATL2, INPP5B", "size": 21, "labelId": "306", "symbolzoom": 8}}, {"type": "Feature", "geometry": {"type": "Point", "coordinates": [29.09071924112054, 2.7102842671567164]}, "properties": {"ownerId": 307, "name": "PDP1, EHD4, M1AP", "size": 37, "labelId": "307", "symbolzoom": 7}}, {"type": "Feature", "geometry": {"type": "Point", "coordinates": [25.46221697269015, 2.3150802715733354]}, "properties": {"ownerId": 308, "name": "TAGLN2, MON1A, PARVG", "size": 53, "labelId": "308", "symbolzoom": 6}}, {"type": "Feature", "geometry": {"type": "Point", "coordinates": [27.054506294716212, 1.5125348507982035]}, "properties": {"ownerId": 309, "name": "TTPAL, PIP4K2A, PI4KB", "size": 26, "labelId": "309", "symbolzoom": 7}}, {"type": "Feature", "geometry": {"type": "Point", "coordinates": [24.44833871219201, -5.933689014127044]}, "properties": {"ownerId": 310, "name": "RANBP17, FANCC, IPO13", "size": 38, "labelId": "310", "symbolzoom": 7}}, {"type": "Feature", "geometry": {"type": "Point", "coordinates": [27.258721591676284, -1.0407122685903376]}, "properties": {"ownerId": 311, "name": "COG8, TUBGCP4, LINS1", "size": 41, "labelId": "311", "symbolzoom": 6}}, {"type": "Feature", "geometry": {"type": "Point", "coordinates": [28.944491842859176, -2.6173054996224447]}, "properties": {"ownerId": 312, "name": "SMPD4, PSMD5, GSAP", "size": 33, "labelId": "312", "symbolzoom": 7}}, {"type": "Feature", "geometry": {"type": "Point", "coordinates": [29.427967704963635, -5.310713392804814]}, "properties": {"ownerId": 313, "name": "PSMD1, COPG1, VPS39", "size": 31, "labelId": "313", "symbolzoom": 7}}, {"type": "Feature", "geometry": {"type": "Point", "coordinates": [6.573555578918397, 14.205850796595978]}, "properties": {"ownerId": 314, "name": "BNIP5, PRR29, CDC42EP4", "size": 36, "labelId": "314", "symbolzoom": 7}}, {"type": "Feature", "geometry": {"type": "Point", "coordinates": [27.392788949264432, -3.4538263278646526]}, "properties": {"ownerId": 315, "name": "NUP93, CAB39L, AP4B1", "size": 17, "labelId": "315", "symbolzoom": 8}}, {"type": "Feature", "geometry": {"type": "Point", "coordinates": [25.764962308911922, -3.123516640410973]}, "properties": {"ownerId": 316, "name": "AQR, COG2, PPP2R5B", "size": 14, "labelId": "316", "symbolzoom": 9}}, {"type": "Feature", "geometry": {"type": "Point", "coordinates": [23.922608654915045, -2.8625364178051242]}, "properties": {"ownerId": 317, "name": "RINT1, VPS50, AP3B1", "size": 49, "labelId": "317", "symbolzoom": 6}}, {"type": "Feature", "geometry": {"type": "Point", "coordinates": [27.43899697169703, -5.244155786814568]}, "properties": {"ownerId": 318, "name": "KPNA2, KPNA5, CNOT9", "size": 10, "labelId": "318", "symbolzoom": 9}}, {"type": "Feature", "geometry": {"type": "Point", "coordinates": [26.45479087161074, -5.187724533361715]}, "properties": {"ownerId": 319, "name": "TTI1, JUP, AP1G1", "size": 22, "labelId": "319", "symbolzoom": 8}}, {"type": "Feature", "geometry": {"type": "Point", "coordinates": [1.3465788487613635, 10.303554825571531]}, "properties": {"ownerId": 320, "name": "CCDC9, MISP, NYAP1", "size": 111, "labelId": "320", "symbolzoom": 3}}, {"type": "Feature", "geometry": {"type": "Point", "coordinates": [45.03364107668273, 13.98614541947132]}, "properties": {"ownerId": 321, "name": "CKS1B, GTF2A2, TRAPPC1", "size": 37, "labelId": "321", "symbolzoom": 7}}, {"type": "Feature", "geometry": {"type": "Point", "coordinates": [47.399367476811506, 14.586485760273156]}, "properties": {"ownerId": 322, "name": "SH3BGRL3, SF3B5, ARPC3", "size": 56, "labelId": "322", "symbolzoom": 6}}, {"type": "Feature", "geometry": {"type": "Point", "coordinates": [14.707284968177646, 19.52371264594426]}, "properties": {"ownerId": 323, "name": "TEX53, TMEM89, CCDC70", "size": 46, "labelId": "323", "symbolzoom": 6}}, {"type": "Feature", "geometry": {"type": "Point", "coordinates": [11.249565686779732, 21.13926364164908]}, "properties": {"ownerId": 324, "name": "HEPN1, KLLN, TP53TG3F", "size": 60, "labelId": "324", "symbolzoom": 5}}, {"type": "Feature", "geometry": {"type": "Point", "coordinates": [14.106922621068636, 21.20591224076109]}, "properties": {"ownerId": 325, "name": "BLCAP, SMIM2, NNAT", "size": 15, "labelId": "325", "symbolzoom": 8}}, {"type": "Feature", "geometry": {"type": "Point", "coordinates": [31.89336627056005, 16.369695695228444]}, "properties": {"ownerId": 326, "name": "STMN4, TNNI3, STMN2", "size": 13, "labelId": "326", "symbolzoom": 9}}, {"type": "Feature", "geometry": {"type": "Point", "coordinates": [57.21292457009429, 10.468587838298713]}, "properties": {"ownerId": 327, "name": "ECSIT, GRPEL1, COQ4", "size": 47, "labelId": "327", "symbolzoom": 6}}, {"type": "Feature", "geometry": {"type": "Point", "coordinates": [59.684267448003084, 10.847997737973385]}, "properties": {"ownerId": 328, "name": "GCSH, GRSF1, MALSU1", "size": 55, "labelId": "328", "symbolzoom": 6}}, {"type": "Feature", "geometry": {"type": "Point", "coordinates": [10.145661160251933, 18.206955420802572]}, "properties": {"ownerId": 329, "name": "C16orf46, PRR20A, C22orf31", "size": 37, "labelId": "329", "symbolzoom": 7}}, {"type": "Feature", "geometry": {"type": "Point", "coordinates": [8.443217733484694, 12.987600732807588]}, "properties": {"ownerId": 330, "name": "THAP12, ENTR1, EPM2AIP1", "size": 115, "labelId": "330", "symbolzoom": 3}}, {"type": "Feature", "geometry": {"type": "Point", "coordinates": [7.704366967243779, 17.28429339456819]}, "properties": {"ownerId": 331, "name": "KRTAP25-1, SPATS1, STMND1", "size": 22, "labelId": "331", "symbolzoom": 8}}, {"type": "Feature", "geometry": {"type": "Point", "coordinates": [5.907054222544896, 16.69643995944682]}, "properties": {"ownerId": 332, "name": "KRTAP27-1, SPATA4, FAM228B", "size": 25, "labelId": "332", "symbolzoom": 7}}, {"type": "Feature", "geometry": {"type": "Point", "coordinates": [13.566727582172945, 16.874518334564414]}, "properties": {"ownerId": 333, "name": "FRG2, C6orf141, LBHD1", "size": 15, "labelId": "333", "symbolzoom": 8}}, {"type": "Feature", "geometry": {"type": "Point", "coordinates": [42.173502419831934, 1.684148648968369]}, "properties": {"ownerId": 334, "name": "AP5M1, TMEM143, PGGT1B", "size": 33, "labelId": "334", "symbolzoom": 7}}, {"type": "Feature", "geometry": {"type": "Point", "coordinates": [13.143786899231259, 12.194509427750617]}, "properties": {"ownerId": 335, "name": "C2CD4D, BEND5, PPP1R3C", "size": 32, "labelId": "335", "symbolzoom": 7}}, {"type": "Feature", "geometry": {"type": "Point", "coordinates": [31.866759826422907, -1.4315860571497865]}, "properties": {"ownerId": 336, "name": "FANCE, MED16, CCDC142", "size": 16, "labelId": "336", "symbolzoom": 8}}, {"type": "Feature", "geometry": {"type": "Point", "coordinates": [33.502742774820845, 0.347867173564446]}, "properties": {"ownerId": 337, "name": "MORN1, IRAK3, MORN2", "size": 44, "labelId": "337", "symbolzoom": 6}}, {"type": "Feature", "geometry": {"type": "Point", "coordinates": [14.992929802062068, 16.695867880911585]}, "properties": {"ownerId": 338, "name": "SPATA33, BASP1, BIK", "size": 32, "labelId": "338", "symbolzoom": 7}}, {"type": "Feature", "geometry": {"type": "Point", "coordinates": [16.786796541400268, 14.112626643995675]}, "properties": {"ownerId": 339, "name": "CCDC184, FAM89B, AKT1S1", "size": 16, "labelId": "339", "symbolzoom": 8}}, {"type": "Feature", "geometry": {"type": "Point", "coordinates": [17.006440991488706, 16.290489427117777]}, "properties": {"ownerId": 340, "name": "FNDC11, INAFM1, NRGN", "size": 32, "labelId": "340", "symbolzoom": 7}}, {"type": "Feature", "geometry": {"type": "Point", "coordinates": [15.553392137532544, 12.810047389984454]}, "properties": {"ownerId": 341, "name": "CCDC117, NAIF1, PPP1R3E", "size": 58, "labelId": "341", "symbolzoom": 6}}, {"type": "Feature", "geometry": {"type": "Point", "coordinates": [11.357464556316334, 16.45540964988506]}, "properties": {"ownerId": 342, "name": "C3orf49, MBP, C11orf42", "size": 89, "labelId": "342", "symbolzoom": 4}}, {"type": "Feature", "geometry": {"type": "Point", "coordinates": [21.74746964703465, 13.198708096440965]}, "properties": {"ownerId": 343, "name": "C2orf72, TLNRD1, CTF1", "size": 19, "labelId": "343", "symbolzoom": 8}}, {"type": "Feature", "geometry": {"type": "Point", "coordinates": [19.502664902787792, 15.605916055703318]}, "properties": {"ownerId": 344, "name": "KHDC1, RIPPLY2, BAD", "size": 48, "labelId": "344", "symbolzoom": 6}}, {"type": "Feature", "geometry": {"type": "Point", "coordinates": [20.371213360927527, 12.097745070529621]}, "properties": {"ownerId": 345, "name": "NASP, NSMCE3, SNX21", "size": 28, "labelId": "345", "symbolzoom": 7}}, {"type": "Feature", "geometry": {"type": "Point", "coordinates": [19.257112307995772, 13.458437884457148]}, "properties": {"ownerId": 346, "name": "EIF4EBP2, ZBED3, TSPYL6", "size": 43, "labelId": "346", "symbolzoom": 6}}, {"type": "Feature", "geometry": {"type": "Point", "coordinates": [42.559994322323014, 11.414884027878692]}, "properties": {"ownerId": 347, "name": "ZSWIM7, COMMD5, RRP7A", "size": 47, "labelId": "347", "symbolzoom": 6}}, {"type": "Feature", "geometry": {"type": "Point", "coordinates": [57.87840579299068, 2.680146822550416]}, "properties": {"ownerId": 348, "name": "PGM3, ASPG, CYB5R3", "size": 19, "labelId": "348", "symbolzoom": 8}}, {"type": "Feature", "geometry": {"type": "Point", "coordinates": [58.927867828389665, 4.308348935017813]}, "properties": {"ownerId": 349, "name": "GNMT, DHPS, UROD", "size": 162, "labelId": "349", "symbolzoom": 2}}, {"type": "Feature", "geometry": {"type": "Point", "coordinates": [21.364564524921654, 0.4059316152929485]}, "properties": {"ownerId": 350, "name": "FERMT3, PRKAG2, VEPH1", "size": 20, "labelId": "350", "symbolzoom": 8}}, {"type": "Feature", "geometry": {"type": "Point", "coordinates": [25.26746917212303, 12.780737998785554]}, "properties": {"ownerId": 351, "name": "SAC3D1, CTU1, BAX", "size": 49, "labelId": "351", "symbolzoom": 6}}, {"type": "Feature", "geometry": {"type": "Point", "coordinates": [8.806678713279043, 9.950327111082858]}, "properties": {"ownerId": 352, "name": "TMPO, KLHDC7B, POLD3", "size": 32, "labelId": "352", "symbolzoom": 7}}, {"type": "Feature", "geometry": {"type": "Point", "coordinates": [54.3403617383203, 9.28212564052344]}, "properties": {"ownerId": 353, "name": "COMTD1, COQ3, CCDC51", "size": 45, "labelId": "353", "symbolzoom": 6}}, {"type": "Feature", "geometry": {"type": "Point", "coordinates": [6.754702166375488, 1.722468949466887]}, "properties": {"ownerId": 354, "name": "UVRAG, ANKS6, FNIP2", "size": 48, "labelId": "354", "symbolzoom": 6}}, {"type": "Feature", "geometry": {"type": "Point", "coordinates": [62.33612393351829, 5.713532471625333]}, "properties": {"ownerId": 355, "name": "SEPHS1, GNPDA1, AGMAT", "size": 57, "labelId": "355", "symbolzoom": 6}}, {"type": "Feature", "geometry": {"type": "Point", "coordinates": [69.30934301810905, 7.802449164873322]}, "properties": {"ownerId": 356, "name": "DECR1, ACAT1, HADH", "size": 126, "labelId": "356", "symbolzoom": 2}}, {"type": "Feature", "geometry": {"type": "Point", "coordinates": [67.90114964145789, 3.9106690898168854]}, "properties": {"ownerId": 357, "name": "ALDOB, GLDC, ALDH1L1", "size": 22, "labelId": "357", "symbolzoom": 8}}, {"type": "Feature", "geometry": {"type": "Point", "coordinates": [65.21175418272222, 3.7574800264070847]}, "properties": {"ownerId": 358, "name": "HKDC1, ACOXL, IREB2", "size": 112, "labelId": "358", "symbolzoom": 3}}, {"type": "Feature", "geometry": {"type": "Point", "coordinates": [15.875998714013505, 7.309781317510074]}, "properties": {"ownerId": 359, "name": "RNF220, TMEM201, SOCS4", "size": 41, "labelId": "359", "symbolzoom": 6}}, {"type": "Feature", "geometry": {"type": "Point", "coordinates": [36.55731247875279, 6.016002964340361]}, "properties": {"ownerId": 360, "name": "VAPB, C8orf76, OTUB1", "size": 29, "labelId": "360", "symbolzoom": 7}}, {"type": "Feature", "geometry": {"type": "Point", "coordinates": [40.072764626143154, 9.70766215405652]}, "properties": {"ownerId": 361, "name": "TRAPPC5, TXNL1, BYSL", "size": 49, "labelId": "361", "symbolzoom": 6}}, {"type": "Feature", "geometry": {"type": "Point", "coordinates": [9.02424710116139, 2.5068705074412225]}, "properties": {"ownerId": 362, "name": "FBXW10, AHI1, PSD4", "size": 10, "labelId": "362", "symbolzoom": 9}}, {"type": "Feature", "geometry": {"type": "Point", "coordinates": [6.484403046074855, 5.0326249428785506]}, "properties": {"ownerId": 363, "name": "DUSP16, SCEL, GAS2L3", "size": 32, "labelId": "363", "symbolzoom": 7}}, {"type": "Feature", "geometry": {"type": "Point", "coordinates": [33.38468104004419, 7.867210545252838]}, "properties": {"ownerId": 364, "name": "CCNC, EIF4E, PITPNA", "size": 50, "labelId": "364", "symbolzoom": 6}}, {"type": "Feature", "geometry": {"type": "Point", "coordinates": [8.549482498076461, -0.7987016203917241]}, "properties": {"ownerId": 365, "name": "SYNJ1, ARHGAP44, BAIAP2L2", "size": 95, "labelId": "365", "symbolzoom": 4}}, {"type": "Feature", "geometry": {"type": "Point", "coordinates": [14.32838599752795, 3.0657863281552187]}, "properties": {"ownerId": 366, "name": "SHC2, CEP104, TSNARE1", "size": 21, "labelId": "366", "symbolzoom": 8}}, {"type": "Feature", "geometry": {"type": "Point", "coordinates": [34.16123854424782, 13.93339960231658]}, "properties": {"ownerId": 367, "name": "TINCR, LARP7, MED11", "size": 34, "labelId": "367", "symbolzoom": 7}}, {"type": "Feature", "geometry": {"type": "Point", "coordinates": [17.204253540237808, -4.489660529854698]}, "properties": {"ownerId": 368, "name": "SYT17, DOC2B, SYT2", "size": 28, "labelId": "368", "symbolzoom": 7}}, {"type": "Feature", "geometry": {"type": "Point", "coordinates": [35.31378620482588, 9.509186781514703]}, "properties": {"ownerId": 369, "name": "THUMPD1, ST13, SNF8", "size": 61, "labelId": "369", "symbolzoom": 5}}, {"type": "Feature", "geometry": {"type": "Point", "coordinates": [37.86757864557261, 10.503054126203718]}, "properties": {"ownerId": 370, "name": "EIF4E3, SIVA1, NOM1", "size": 20, "labelId": "370", "symbolzoom": 8}}, {"type": "Feature", "geometry": {"type": "Point", "coordinates": [37.4102217247474, 13.586562684745818]}, "properties": {"ownerId": 371, "name": "GPATCH4, NOP53, RSL1D1", "size": 73, "labelId": "371", "symbolzoom": 5}}, {"type": "Feature", "geometry": {"type": "Point", "coordinates": [19.477870692533532, 5.837623694955113]}, "properties": {"ownerId": 372, "name": "STAU1, MAPRE2, SAMD3", "size": 53, "labelId": "372", "symbolzoom": 6}}, {"type": "Feature", "geometry": {"type": "Point", "coordinates": [21.80499733760722, 4.65023218106753]}, "properties": {"ownerId": 373, "name": "TULP1, ACBD5, TAX1BP3", "size": 67, "labelId": "373", "symbolzoom": 5}}, {"type": "Feature", "geometry": {"type": "Point", "coordinates": [10.980548625475285, -0.23539016912539]}, "properties": {"ownerId": 374, "name": "ARAP2, ARHGAP22, ARHGAP24", "size": 43, "labelId": "374", "symbolzoom": 6}}, {"type": "Feature", "geometry": {"type": "Point", "coordinates": [13.451588092492026, -1.9228367791905892]}, "properties": {"ownerId": 375, "name": "SNX5, SNX6, SNX30", "size": 41, "labelId": "375", "symbolzoom": 6}}, {"type": "Feature", "geometry": {"type": "Point", "coordinates": [18.585890875536514, -1.4559118032795784]}, "properties": {"ownerId": 376, "name": "ZSWIM5, ALS2CL, BCAS3", "size": 55, "labelId": "376", "symbolzoom": 6}}, {"type": "Feature", "geometry": {"type": "Point", "coordinates": [17.271413381740842, -2.5728277603148353]}, "properties": {"ownerId": 377, "name": "TBC1D8, MCTP1, SYTL1", "size": 36, "labelId": "377", "symbolzoom": 7}}, {"type": "Feature", "geometry": {"type": "Point", "coordinates": [11.631992803083808, 2.22528591390572]}, "properties": {"ownerId": 378, "name": "KNDC1, FAM126B, CNBD2", "size": 28, "labelId": "378", "symbolzoom": 7}}, {"type": "Feature", "geometry": {"type": "Point", "coordinates": [12.187504493691645, 9.562385363890016]}, "properties": {"ownerId": 379, "name": "PDLIM5, PDLIM2, SAMD14", "size": 40, "labelId": "379", "symbolzoom": 6}}, {"type": "Feature", "geometry": {"type": "Point", "coordinates": [17.37173429895146, 5.934076284990999]}, "properties": {"ownerId": 380, "name": "RUBCNL, FBXO30, NT5C1B", "size": 31, "labelId": "380", "symbolzoom": 7}}, {"type": "Feature", "geometry": {"type": "Point", "coordinates": [12.700744809580048, 5.341321263877253]}, "properties": {"ownerId": 381, "name": "JMY, RPS6KL1, SHD", "size": 75, "labelId": "381", "symbolzoom": 5}}, {"type": "Feature", "geometry": {"type": "Point", "coordinates": [15.583991201299604, 9.750100696906062]}, "properties": {"ownerId": 382, "name": "TES, CRIP1, FHL2", "size": 37, "labelId": "382", "symbolzoom": 7}}, {"type": "Feature", "geometry": {"type": "Point", "coordinates": [19.39404150756198, 9.217937039103953]}, "properties": {"ownerId": 383, "name": "FAM124B, TERB2, LIMS3", "size": 21, "labelId": "383", "symbolzoom": 8}}, {"type": "Feature", "geometry": {"type": "Point", "coordinates": [18.067987202630555, 9.95482077945]}, "properties": {"ownerId": 384, "name": "GRXCR2, DUSP4, TRADD", "size": 59, "labelId": "384", "symbolzoom": 6}}, {"type": "Feature", "geometry": {"type": "Point", "coordinates": [21.71176449833292, 10.655758479682401]}, "properties": {"ownerId": 385, "name": "MRGBP, DMKN, WTAP", "size": 36, "labelId": "385", "symbolzoom": 7}}, {"type": "Feature", "geometry": {"type": "Point", "coordinates": [9.884416671898851, 4.502755827185037]}, "properties": {"ownerId": 386, "name": "MAPK8IP1, SAMSN1, KDM7A", "size": 22, "labelId": "386", "symbolzoom": 8}}, {"type": "Feature", "geometry": {"type": "Point", "coordinates": [8.11707519829877, 4.971941772518644]}, "properties": {"ownerId": 387, "name": "GAB4, FAM120B, STON1", "size": 45, "labelId": "387", "symbolzoom": 6}}, {"type": "Feature", "geometry": {"type": "Point", "coordinates": [8.113371427794508, 7.497522694695565]}, "properties": {"ownerId": 388, "name": "PHF12, RMI1, BARD1", "size": 24, "labelId": "388", "symbolzoom": 8}}, {"type": "Feature", "geometry": {"type": "Point", "coordinates": [4.741382623534892, -0.99468104750738]}, "properties": {"ownerId": 389, "name": "MAST3, RGS22, PARD3B", "size": 139, "labelId": "389", "symbolzoom": 2}}, {"type": "Feature", "geometry": {"type": "Point", "coordinates": [24.375956485622268, 10.905198627976455]}, "properties": {"ownerId": 390, "name": "TADA3, FBXO28, CAMLG", "size": 28, "labelId": "390", "symbolzoom": 7}}, {"type": "Feature", "geometry": {"type": "Point", "coordinates": [40.56157127567124, 7.480795350846181]}, "properties": {"ownerId": 391, "name": "TARBP2, METTL16, GDAP1L1", "size": 24, "labelId": "391", "symbolzoom": 8}}, {"type": "Feature", "geometry": {"type": "Point", "coordinates": [24.57652452666386, 8.809575157627084]}, "properties": {"ownerId": 392, "name": "DTNBP1, NAA30, UBE2Z", "size": 22, "labelId": "392", "symbolzoom": 8}}, {"type": "Feature", "geometry": {"type": "Point", "coordinates": [15.937051835734785, -0.9037240850196465]}, "properties": {"ownerId": 393, "name": "KIFC2, RGL2, PDE3B", "size": 19, "labelId": "393", "symbolzoom": 8}}, {"type": "Feature", "geometry": {"type": "Point", "coordinates": [27.17537529494117, 5.258960925822116]}, "properties": {"ownerId": 394, "name": "LRRC42, ILKAP, PELI3", "size": 22, "labelId": "394", "symbolzoom": 8}}, {"type": "Feature", "geometry": {"type": "Point", "coordinates": [10.152847789093514, 7.155114498876637]}, "properties": {"ownerId": 395, "name": "CHAF1A, CDC6, BRPF1", "size": 40, "labelId": "395", "symbolzoom": 6}}, {"type": "Feature", "geometry": {"type": "Point", "coordinates": [12.234408211123768, 7.659199708688426]}, "properties": {"ownerId": 396, "name": "SOCS6, RACGAP1, MBD4", "size": 41, "labelId": "396", "symbolzoom": 6}}, {"type": "Feature", "geometry": {"type": "Point", "coordinates": [23.185662534310303, 7.283834312990788]}, "properties": {"ownerId": 397, "name": "ABRAXAS2, BNIPL, OGFRL1", "size": 13, "labelId": "397", "symbolzoom": 9}}, {"type": "Feature", "geometry": {"type": "Point", "coordinates": [21.431555914982443, 8.182618954433782]}, "properties": {"ownerId": 398, "name": "DCUN1D3, RNF138, PIP4P1", "size": 70, "labelId": "398", "symbolzoom": 5}}, {"type": "Feature", "geometry": {"type": "Point", "coordinates": [0.22068709797653374, 3.0338194929026945]}, "properties": {"ownerId": 399, "name": "APBB1IP, ARHGAP32, RAB44", "size": 23, "labelId": "399", "symbolzoom": 8}}, {"type": "Feature", "geometry": {"type": "Point", "coordinates": [20.84651751765452, 2.0205219384259125]}, "properties": {"ownerId": 400, "name": "PRMT2, PPIP5K1, TPRG1", "size": 24, "labelId": "400", "symbolzoom": 8}}, {"type": "Feature", "geometry": {"type": "Point", "coordinates": [4.470281700360742, 5.979167599067593]}, "properties": {"ownerId": 401, "name": "JARID2, PRAG1, NSD3", "size": 31, "labelId": "401", "symbolzoom": 7}}, {"type": "Feature", "geometry": {"type": "Point", "coordinates": [31.7338585335392, 1.8598303987852884]}, "properties": {"ownerId": 402, "name": "TDRD7, PIWIL3, CNOT6L", "size": 28, "labelId": "402", "symbolzoom": 7}}, {"type": "Feature", "geometry": {"type": "Point", "coordinates": [3.289185667796292, 7.7860747190258035]}, "properties": {"ownerId": 403, "name": "KIF11, BRDT, MICALL1", "size": 34, "labelId": "403", "symbolzoom": 7}}, {"type": "Feature", "geometry": {"type": "Point", "coordinates": [5.971972704608215, 8.834143835881108]}, "properties": {"ownerId": 404, "name": "KIFC1, CKAP2L, SGO1", "size": 61, "labelId": "404", "symbolzoom": 5}}, {"type": "Feature", "geometry": {"type": "Point", "coordinates": [5.034789775302817, 7.625368365550729]}, "properties": {"ownerId": 405, "name": "CEP68, WASHC2C, HR", "size": 13, "labelId": "405", "symbolzoom": 9}}, {"type": "Feature", "geometry": {"type": "Point", "coordinates": [1.4113958579448755, 4.441900663459988]}, "properties": {"ownerId": 406, "name": "DNAJC6, CBL, CALD1", "size": 18, "labelId": "406", "symbolzoom": 8}}, {"type": "Feature", "geometry": {"type": "Point", "coordinates": [3.5123602440545767, 3.7522655845409467]}, "properties": {"ownerId": 407, "name": "FYB1, TEX14, SH3RF2", "size": 58, "labelId": "407", "symbolzoom": 6}}, {"type": "Feature", "geometry": {"type": "Point", "coordinates": [17.391111732563918, 3.2282351482928426]}, "properties": {"ownerId": 408, "name": "SCYL1, SLA, SH2D1B", "size": 14, "labelId": "408", "symbolzoom": 9}}, {"type": "Feature", "geometry": {"type": "Point", "coordinates": [15.924139114208911, 4.698359442935107]}, "properties": {"ownerId": 409, "name": "ERCC6, LASP1, INPP5E", "size": 40, "labelId": "409", "symbolzoom": 6}}, {"type": "Feature", "geometry": {"type": "Point", "coordinates": [26.24141060899737, 10.163944967737699]}, "properties": {"ownerId": 410, "name": "R3HDM4, NSMCE2, SMN1", "size": 23, "labelId": "410", "symbolzoom": 8}}, {"type": "Feature", "geometry": {"type": "Point", "coordinates": [0.7583679584466712, 6.675158699303028]}, "properties": {"ownerId": 411, "name": "RTN1, N4BP2, NR3C2", "size": 38, "labelId": "411", "symbolzoom": 7}}, {"type": "Feature", "geometry": {"type": "Point", "coordinates": [2.243525864462056, 6.748347001691797]}, "properties": {"ownerId": 412, "name": "RBM44, SHLD2, ZGRF1", "size": 24, "labelId": "412", "symbolzoom": 8}}, {"type": "Feature", "geometry": {"type": "Point", "coordinates": [16.31761675371202, 2.867702197895746]}, "properties": {"ownerId": 413, "name": "ARNTL, INPP5J, TEPSIN", "size": 11, "labelId": "413", "symbolzoom": 9}}, {"type": "Feature", "geometry": {"type": "Point", "coordinates": [50.127894740520716, 3.8633451317913687]}, "properties": {"ownerId": 414, "name": "COQ8A, ETNK2, ADCK2", "size": 13, "labelId": "414", "symbolzoom": 9}}, {"type": "Feature", "geometry": {"type": "Point", "coordinates": [13.433412392587314, 0.5551202099426125]}, "properties": {"ownerId": 415, "name": "FARP2, VEZT, PLEKHG6", "size": 70, "labelId": "415", "symbolzoom": 5}}, {"type": "Feature", "geometry": {"type": "Point", "coordinates": [15.525742933578595, 0.9148833605418055]}, "properties": {"ownerId": 416, "name": "ARHGEF3, PIK3R3, SNTG1", "size": 25, "labelId": "416", "symbolzoom": 7}}, {"type": "Feature", "geometry": {"type": "Point", "coordinates": [17.398939260135762, 1.5153425363736148]}, "properties": {"ownerId": 417, "name": "MTMR7, AGAP6, AGAP4", "size": 70, "labelId": "417", "symbolzoom": 5}}, {"type": "Feature", "geometry": {"type": "Point", "coordinates": [18.94226215057907, 2.761679597318298]}, "properties": {"ownerId": 418, "name": "PLCL2, NCF4, NCK2", "size": 26, "labelId": "418", "symbolzoom": 7}}, {"type": "Feature", "geometry": {"type": "Point", "coordinates": [47.83203254643496, 5.666029900052083]}, "properties": {"ownerId": 419, "name": "APTX, NSUN3, FAM151B", "size": 17, "labelId": "419", "symbolzoom": 8}}, {"type": "Feature", "geometry": {"type": "Point", "coordinates": [24.950507301697506, 7.3758246284053435]}, "properties": {"ownerId": 420, "name": "LRATD1, PDZD9, SUFU", "size": 25, "labelId": "420", "symbolzoom": 7}}, {"type": "Feature", "geometry": {"type": "Point", "coordinates": [24.53983528250628, 5.362064471693276]}, "properties": {"ownerId": 421, "name": "PRR5, FBXO16, SMYD2", "size": 38, "labelId": "421", "symbolzoom": 7}}, {"type": "Feature", "geometry": {"type": "Point", "coordinates": [45.823750335384574, 9.604045623280186]}, "properties": {"ownerId": 422, "name": "POLR3H, SSU72, EXOSC7", "size": 21, "labelId": "422", "symbolzoom": 8}}, {"type": "Feature", "geometry": {"type": "Point", "coordinates": [48.96743547280839, 3.304379985913498]}, "properties": {"ownerId": 423, "name": "RABEPK, NARS2, SARS2", "size": 52, "labelId": "423", "symbolzoom": 6}}, {"type": "Feature", "geometry": {"type": "Point", "coordinates": [46.37871424406087, 2.7728682325207714]}, "properties": {"ownerId": 424, "name": "FPGT, KLHDC8A, POLM", "size": 51, "labelId": "424", "symbolzoom": 6}}, {"type": "Feature", "geometry": {"type": "Point", "coordinates": [37.48671334723879, 7.783630678066769]}, "properties": {"ownerId": 425, "name": "TBPL1, RNMT, NOCT", "size": 31, "labelId": "425", "symbolzoom": 7}}, {"type": "Feature", "geometry": {"type": "Point", "coordinates": [38.681856889663635, 6.891819101913306]}, "properties": {"ownerId": 426, "name": "TRMT6, NAA50, EIF3B", "size": 23, "labelId": "426", "symbolzoom": 8}}, {"type": "Feature", "geometry": {"type": "Point", "coordinates": [29.09937723313631, 10.610320743171975]}, "properties": {"ownerId": 427, "name": "TRIB3, DNAJC9, MREG", "size": 53, "labelId": "427", "symbolzoom": 6}}, {"type": "Feature", "geometry": {"type": "Point", "coordinates": [31.306705291039805, 9.10142515684353]}, "properties": {"ownerId": 428, "name": "CHIC2, NUDCD3, EPM2A", "size": 24, "labelId": "428", "symbolzoom": 8}}, {"type": "Feature", "geometry": {"type": "Point", "coordinates": [43.063364927584146, 4.254543579192768]}, "properties": {"ownerId": 429, "name": "FARSA, PSMD14, ASNSD1", "size": 17, "labelId": "429", "symbolzoom": 8}}, {"type": "Feature", "geometry": {"type": "Point", "coordinates": [38.011598962335974, 3.9269691195157277]}, "properties": {"ownerId": 430, "name": "FANCL, CASTOR1, IP6K1", "size": 11, "labelId": "430", "symbolzoom": 9}}, {"type": "Feature", "geometry": {"type": "Point", "coordinates": [51.32595795246546, 9.051755291388435]}, "properties": {"ownerId": 431, "name": "RPUSD3, NUDT7, DPM1", "size": 61, "labelId": "431", "symbolzoom": 5}}, {"type": "Feature", "geometry": {"type": "Point", "coordinates": [39.38541600527154, 2.4126241159448285]}, "properties": {"ownerId": 432, "name": "ARRDC4, XRCC6, ARRDC2", "size": 200, "labelId": "432", "symbolzoom": 2}}, {"type": "Feature", "geometry": {"type": "Point", "coordinates": [47.93839242419647, 7.878214194813307]}, "properties": {"ownerId": 433, "name": "GNPNAT1, CTDSPL, LIPT2", "size": 34, "labelId": "433", "symbolzoom": 7}}, {"type": "Feature", "geometry": {"type": "Point", "coordinates": [48.74777858891564, 9.284854073424068]}, "properties": {"ownerId": 434, "name": "NOA1, NUDT4, STARD6", "size": 29, "labelId": "434", "symbolzoom": 7}}, {"type": "Feature", "geometry": {"type": "Point", "coordinates": [44.04061701145865, 2.788214888686333]}, "properties": {"ownerId": 435, "name": "UHMK1, MKKS, C2orf69", "size": 18, "labelId": "435", "symbolzoom": 8}}, {"type": "Feature", "geometry": {"type": "Point", "coordinates": [43.92179795497887, 6.8300568753222635]}, "properties": {"ownerId": 436, "name": "FBXO44, SNUPN, NUDT22", "size": 179, "labelId": "436", "symbolzoom": 2}}, {"type": "Feature", "geometry": {"type": "Point", "coordinates": [34.650616854066925, 2.8198142865352493]}, "properties": {"ownerId": 437, "name": "RECQL4, NEK9, EXOSC10", "size": 23, "labelId": "437", "symbolzoom": 8}}, {"type": "Feature", "geometry": {"type": "Point", "coordinates": [36.858306710147446, 3.2048655230620775]}, "properties": {"ownerId": 438, "name": "ATG4C, THOC5, UFSP2", "size": 49, "labelId": "438", "symbolzoom": 6}}, {"type": "Feature", "geometry": {"type": "Point", "coordinates": [51.42403504917625, 4.9742729308219635]}, "properties": {"ownerId": 439, "name": "C9orf64, CBWD5, CBWD6", "size": 29, "labelId": "439", "symbolzoom": 7}}, {"type": "Feature", "geometry": {"type": "Point", "coordinates": [54.921497049719, 4.475480950420316]}, "properties": {"ownerId": 440, "name": "MGLL, NAXD, PANK2", "size": 30, "labelId": "440", "symbolzoom": 7}}, {"type": "Feature", "geometry": {"type": "Point", "coordinates": [54.82410754281027, 6.002277352066473]}, "properties": {"ownerId": 441, "name": "PPCDC, NIT1, NUBP1", "size": 24, "labelId": "441", "symbolzoom": 8}}, {"type": "Feature", "geometry": {"type": "Point", "coordinates": [28.012828857046756, 12.46432128793311]}, "properties": {"ownerId": 442, "name": "ZNHIT1, SURF2, CWF19L2", "size": 36, "labelId": "442", "symbolzoom": 7}}, {"type": "Feature", "geometry": {"type": "Point", "coordinates": [33.78208290675762, 4.81433731276644]}, "properties": {"ownerId": 443, "name": "GMCL1, SUPT6H, AAGAB", "size": 37, "labelId": "443", "symbolzoom": 7}}, {"type": "Feature", "geometry": {"type": "Point", "coordinates": [31.21127819141848, 4.083416304096788]}, "properties": {"ownerId": 444, "name": "TDRKH, NUB1, TMOD1", "size": 51, "labelId": "444", "symbolzoom": 6}}, {"type": "Feature", "geometry": {"type": "Point", "coordinates": [33.052459707562896, 11.24283794610291]}, "properties": {"ownerId": 445, "name": "LSM12, MED22, DR1", "size": 35, "labelId": "445", "symbolzoom": 7}}, {"type": "Feature", "geometry": {"type": "Point", "coordinates": [49.871090634154186, 5.311184956067076]}, "properties": {"ownerId": 446, "name": "SIRT6, NAT1, HDHD5", "size": 16, "labelId": "446", "symbolzoom": 8}}, {"type": "Feature", "geometry": {"type": "Point", "coordinates": [27.918171967621394, 9.108682930354465]}, "properties": {"ownerId": 447, "name": "LIX1L, ANKRD60, UNC119", "size": 22, "labelId": "447", "symbolzoom": 8}}, {"type": "Feature", "geometry": {"type": "Point", "coordinates": [31.480274181965967, 13.797248426205087]}, "properties": {"ownerId": 448, "name": "DDRGK1, PPM1G, ZCRB1", "size": 26, "labelId": "448", "symbolzoom": 7}}, {"type": "Feature", "geometry": {"type": "Point", "coordinates": [29.721663485014137, 13.464961606768153]}, "properties": {"ownerId": 449, "name": "CCDC174, PRKRIP1, CLTB", "size": 31, "labelId": "449", "symbolzoom": 7}}, {"type": "Feature", "geometry": {"type": "Point", "coordinates": [29.114925548927708, 7.542971787041621]}, "properties": {"ownerId": 450, "name": "KCTD13, ASZ1, CCNG1", "size": 94, "labelId": "450", "symbolzoom": 4}}, {"type": "Feature", "geometry": {"type": "Point", "coordinates": [30.31780867994032, 5.911234532557632]}, "properties": {"ownerId": 451, "name": "NHEJ1, BTBD3, CRY1", "size": 33, "labelId": "451", "symbolzoom": 7}}, {"type": "Feature", "geometry": {"type": "Point", "coordinates": [52.35115037080635, 7.016026032371506]}, "properties": {"ownerId": 452, "name": "FAIM, TFB1M, IAH1", "size": 28, "labelId": "452", "symbolzoom": 7}}, {"type": "Feature", "geometry": {"type": "Point", "coordinates": [53.455665249530824, 6.040908748749258]}, "properties": {"ownerId": 453, "name": "L3HYPDH, PMM1, TATDN1", "size": 48, "labelId": "453", "symbolzoom": 6}}, {"type": "Feature", "geometry": {"type": "Point", "coordinates": [31.11042686451048, 10.987030928351203]}, "properties": {"ownerId": 454, "name": "CDKN2AIPNL, GID8, IQCA1", "size": 13, "labelId": "454", "symbolzoom": 9}}, {"type": "Feature", "geometry": {"type": "Point", "coordinates": [31.097886629653537, 11.863753350021076]}, "properties": {"ownerId": 455, "name": "KXD1, ZNF622, BLOC1S6", "size": 20, "labelId": "455", "symbolzoom": 8}}, {"type": "Feature", "geometry": {"type": "Point", "coordinates": [48.38048063776549, 6.643967683720453]}, "properties": {"ownerId": 456, "name": "EEF1AKMT1, PRXL2B, ALKBH4", "size": 20, "labelId": "456", "symbolzoom": 8}}, {"type": "Feature", "geometry": {"type": "Point", "coordinates": [50.18623564798717, 6.560980599150037]}, "properties": {"ownerId": 457, "name": "ALLC, GATD1, NT5C1A", "size": 22, "labelId": "457", "symbolzoom": 8}}]}