,gene_symbol,UMAP 0,UMAP 1,hdbscan_filled_cluster
0,A1BG,97.38709259033203,68.92891693115234,259
1,A1CF,69.62493133544922,29.300506591796875,276
2,A2M,123.46517944335938,-14.119006156921387,219
3,A2ML1,123.4117431640625,-14.151948928833008,219
4,A3GALT2,141.4539794921875,1.255402684211731,239
5,A4GALT,141.9125213623047,1.5294971466064453,239
6,A4GNT,141.29090881347656,0.8189069032669067,239
7,AAAS,124.86549377441406,51.41331481933594,66
8,AACS,135.16372680664062,15.122737884521484,440
9,AADAC,132.93133544921875,5.186524868011475,169
10,AADACL2,132.81112670898438,5.085782527923584,169
11,AADACL3,129.72340393066406,9.740521430969238,196
12,AADACL4,129.3858642578125,9.355612754821777,196
13,AADAT,133.50802612304688,15.984944343566895,440
14,AAGAB,110.8628921508789,17.654314041137695,405
15,AAMDC,126.59707641601562,27.99227523803711,192
16,AAMP,124.61660766601562,50.61843490600586,66
17,AANAT,119.81124877929688,22.590347290039062,465
18,AAR2,112.38290405273438,16.428205490112305,405
19,AARD,101.34455871582031,34.273658752441406,345
20,AARS2,119.4619369506836,9.185317993164062,207
21,AARSD1,123.50711822509766,19.60071563720703,416
22,AASDH,113.34638977050781,11.891677856445312,389
23,AASDHPPT,117.49656677246094,22.325424194335938,446
24,AASS,134.216552734375,16.466049194335938,440
25,AATF,112.57302856445312,32.314456939697266,401
26,AATK,86.85682678222656,15.318214416503906,367
27,ABAT,135.05368041992188,16.145549774169922,440
28,ABCA1,114.30905151367188,-27.583694458007812,123
29,ABCA10,114.1695785522461,-31.21302032470703,127
30,ABCA12,113.5654296875,-28.263919830322266,123
31,ABCA2,113.57821655273438,-26.87293815612793,123
32,ABCA3,113.99838256835938,-30.709110260009766,127
33,ABCA4,113.60163879394531,-28.63866424560547,123
34,ABCA5,113.92821502685547,-30.988964080810547,127
35,ABCA6,114.53556823730469,-30.93511962890625,127
36,ABCA7,113.3412857055664,-28.150938034057617,123
37,ABCA8,114.33798217773438,-31.132089614868164,127
38,ABCA9,114.50755310058594,-30.90595245361328,127
39,ABCB1,113.81718444824219,-30.545394897460938,127
40,ABCB10,111.27679443359375,-22.85430145263672,135
41,ABCB11,113.9595718383789,-30.110132217407227,127
42,ABCB4,113.85374450683594,-30.322364807128906,127
43,ABCB5,114.13182067871094,-30.42524528503418,127
44,ABCB6,110.35289001464844,-24.014379501342773,135
45,ABCB8,110.84270477294922,-23.022079467773438,135
46,ABCB9,110.15110778808594,-24.525346755981445,135
47,ABCC1,113.87882995605469,-30.571170806884766,127
48,ABCC10,112.07675170898438,-26.06812286376953,123
49,ABCC11,113.92615509033203,-30.632240295410156,127
50,ABCC12,113.90518951416016,-30.208255767822266,127
51,ABCC2,114.29158020019531,-30.708759307861328,127
52,ABCC3,113.94760131835938,-30.465465545654297,127
53,ABCC4,113.55873107910156,-30.76176643371582,127
54,ABCC5,113.73968505859375,-30.576282501220703,127
55,ABCC6,114.01296997070312,-30.352108001708984,127
56,ABCC8,113.12998962402344,-30.031415939331055,128
57,ABCC9,114.15629577636719,-30.347427368164062,127
58,ABCD2,113.0433349609375,-27.548831939697266,123
59,ABCD3,112.15430450439453,-26.727802276611328,123
60,ABCD4,108.48766326904297,-26.30751609802246,132
61,ABCE1,115.66531372070312,19.441768646240234,462
62,ABCF1,111.83168029785156,30.30877113342285,400
63,ABCF2,115.31381225585938,18.825180053710938,463
64,ABCF3,116.06889343261719,18.194969177246094,461
65,ABCG1,108.06755828857422,-30.833967208862305,132
66,ABCG2,108.57765197753906,-30.295923233032227,132
67,ABCG4,108.8626480102539,-29.56808853149414,132
68,ABCG5,108.6738510131836,-29.673297882080078,132
69,ABCG8,110.27841186523438,-29.432199478149414,123
70,ABHD1,128.4119873046875,10.014704704284668,196
71,ABHD10,128.55014038085938,26.415708541870117,330
72,ABHD11,128.97116088867188,19.722171783447266,450
73,ABHD12,126.4858169555664,13.864398002624512,314
74,ABHD12B,126.06246948242188,15.283954620361328,314
75,ABHD13,123.68424987792969,10.877500534057617,296
76,ABHD14A,135.37908935546875,3.052924633026123,169
77,ABHD14B,126.23336791992188,21.175983428955078,468
78,ABHD15,123.54933166503906,10.335893630981445,296
79,ABHD16A,126.08880615234375,10.867690086364746,196
80,ABHD16B,128.38180541992188,7.886606216430664,196
81,ABHD17A,106.45661163330078,20.040367126464844,395
82,ABHD17B,121.32976531982422,11.469388008117676,296
83,ABHD17C,105.81109619140625,20.254213333129883,364
84,ABHD18,121.31114196777344,11.604751586914062,296
85,ABHD2,128.9613037109375,9.670269012451172,196
86,ABHD3,125.64253997802734,11.3970947265625,196
87,ABHD4,126.08840942382812,11.716623306274414,196
88,ABHD5,126.49974822998047,10.673876762390137,196
89,ABHD6,127.49539184570312,10.93657398223877,196
90,ABHD8,100.9700927734375,19.36678123474121,402
91,ABI1,83.86466979980469,17.112010955810547,318
92,ABI2,82.63858032226562,18.1038818359375,318
93,ABI3,84.97882843017578,15.90374755859375,365
94,ABI3BP,133.2380828857422,-14.017345428466797,224
95,ABITRAM,118.56228637695312,25.055313110351562,372
96,ABL1,87.15263366699219,15.328740119934082,367
97,ABL2,87.83357238769531,15.179136276245117,367
98,ABLIM1,87.64811706542969,10.635825157165527,370
99,ABLIM2,89.17556762695312,10.929974555969238,371
100,ABLIM3,88.79119110107422,11.174650192260742,371
101,ABO,141.66180419921875,1.4882272481918335,239
102,ABR,94.80326843261719,7.523355484008789,320
103,ABRA,93.47515869140625,32.50029373168945,321
104,ABRACL,119.72370910644531,35.906036376953125,315
105,ABRAXAS1,101.58675384521484,24.191268920898438,443
106,ABRAXAS2,102.66912841796875,22.81907844543457,432
107,ABT1,117.40127563476562,28.990596771240234,348
108,ABTB1,112.34928131103516,13.997917175292969,448
109,ABTB2,99.5815658569336,8.712888717651367,413
110,ACAA1,136.0220947265625,19.612895965576172,387
111,ACAA2,137.20175170898438,20.34103775024414,387
112,ACACA,95.9516830444336,-3.445955753326416,290
113,ACACB,134.8136749267578,15.281926155090332,440
114,ACAD10,129.93817138671875,15.823162078857422,453
115,ACAD11,130.00009155273438,15.331256866455078,453
116,ACAD8,136.7731475830078,19.831300735473633,387
117,ACAD9,137.02828979492188,19.5614013671875,387
118,ACADL,137.01251220703125,19.917707443237305,387
119,ACADM,138.5869140625,21.25881576538086,387
120,ACADS,136.80845642089844,20.12112808227539,387
121,ACADSB,138.0023193359375,20.05023765563965,387
122,ACADVL,137.46160888671875,20.021831512451172,387
123,ACAN,131.56614685058594,-14.69485092163086,236
124,ACAP1,95.04447937011719,9.373590469360352,435
125,ACAP2,95.90435028076172,9.180103302001953,435
126,ACAP3,95.09115600585938,10.21462345123291,435
127,ACAT1,137.18453979492188,20.93014907836914,387
128,ACAT2,135.68038940429688,20.413105010986328,387
129,ACBD3,106.98583984375,32.51001739501953,425
130,ACBD4,96.99260711669922,31.76252555847168,337
131,ACBD5,101.31048583984375,17.754365921020508,381
132,ACBD6,110.48760223388672,31.61811065673828,419
133,ACBD7,117.7420654296875,33.23448944091797,195
134,ACCS,128.62112426757812,13.42547607421875,289
135,ACCSL,132.83377075195312,14.941343307495117,440
136,ACD,97.4739990234375,34.859588623046875,338
137,ACE,132.1186065673828,1.8337068557739258,252
138,ACER1,94.21636962890625,-33.75083923339844,175
139,ACER2,94.61079406738281,-33.61015701293945,175
140,ACER3,94.80477142333984,-33.4565315246582,175
141,ACHE,133.73794555664062,2.9886438846588135,252
142,ACIN1,71.52714538574219,18.28074073791504,120
143,ACKR1,3.1119606494903564,-24.699983596801758,17
144,ACKR2,1.7830561399459839,-23.924226760864258,17
145,ACKR3,3.8378491401672363,-23.79684829711914,17
146,ACKR4,1.4551513195037842,-23.495555877685547,17
147,ACLY,136.55284118652344,18.11612892150879,440
148,ACMSD,134.3162384033203,17.026935577392578,440
149,ACO1,135.83865356445312,17.21839714050293,440
150,ACO2,137.6865692138672,19.295251846313477,387
151,ACOD1,130.6886444091797,17.10279083251953,454
152,ACOT1,129.29037475585938,13.08967399597168,289
153,ACOT11,128.73289489746094,15.711121559143066,453
154,ACOT12,132.99777221679688,16.07358169555664,440
155,ACOT13,129.12088012695312,23.06121826171875,327
156,ACOT2,129.68499755859375,13.07228946685791,289
157,ACOT4,129.4026336669922,13.452598571777344,289
158,ACOT6,130.12380981445312,13.511601448059082,289
159,ACOT7,133.750732421875,20.95146369934082,458
160,ACOT8,122.1498031616211,21.00101661682129,470
161,ACOX1,134.52745056152344,14.921298027038574,440
162,ACOX2,134.3988037109375,16.12516975402832,440
163,ACOX3,135.00721740722656,16.076370239257812,440
164,ACOXL,134.926025390625,16.470626831054688,440
165,ACP1,118.66780090332031,26.606002807617188,373
166,ACP2,132.57894897460938,-0.10653263330459595,252
167,ACP4,134.0971221923828,-0.32455700635910034,252
168,ACP5,134.71170043945312,-1.3875596523284912,252
169,ACP6,129.7874298095703,9.883161544799805,196
170,ACP7,133.85279846191406,-2.111797571182251,252
171,ACR,138.86419677734375,-30.009366989135742,145
172,ACRBP,139.09547424316406,-12.93846607208252,246
173,ACRV1,88.42488098144531,41.657527923583984,302
174,ACSBG1,135.76123046875,15.784789085388184,440
175,ACSBG2,136.4280548095703,15.433454513549805,440
176,ACSF2,136.15139770507812,16.0111026763916,440
177,ACSF3,129.48324584960938,18.003934860229492,457
178,ACSL1,135.91189575195312,14.3176851272583,440
179,ACSL3,136.0850830078125,15.124940872192383,440
180,ACSL5,136.1092987060547,14.803070068359375,440
181,ACSL6,135.52073669433594,14.918706893920898,440
182,ACSM1,138.79049682617188,15.234827041625977,189
183,ACSM2A,138.7703094482422,15.573992729187012,189
184,ACSM2B,138.77084350585938,15.66799545288086,189
185,ACSM3,138.86685180664062,15.218368530273438,189
186,ACSM4,138.63623046875,15.27517318725586,189
187,ACSM5,138.21641540527344,15.649762153625488,189
188,ACSM6,139.0194854736328,15.009760856628418,189
189,ACSS1,135.51373291015625,15.170331001281738,440
190,ACSS2,136.07357788085938,15.482039451599121,440
191,ACSS3,136.4567108154297,15.98515510559082,440
192,ACTA1,152.66424560546875,27.406585693359375,93
193,ACTA2,152.6544647216797,27.371858596801758,93
194,ACTB,152.38893127441406,27.29098892211914,93
195,ACTBL2,152.2176971435547,26.979507446289062,93
196,ACTC1,152.71762084960938,27.381879806518555,93
197,ACTG1,151.75424194335938,27.087772369384766,93
198,ACTG2,152.65438842773438,27.371639251708984,93
199,ACTL10,148.38455200195312,25.038854598999023,103
200,ACTL6A,120.47916412353516,14.449992179870605,455
201,ACTL6B,121.01615905761719,13.948135375976562,455
202,ACTL7A,149.10169982910156,25.35251808166504,93
203,ACTL7B,149.37872314453125,25.480884552001953,93
204,ACTL8,149.3193817138672,25.45794677734375,93
205,ACTL9,149.32444763183594,25.444639205932617,93
206,ACTN1,91.51902770996094,-7.778470039367676,110
207,ACTN2,91.9350814819336,-7.539516448974609,110
208,ACTN3,91.60372924804688,-7.861377716064453,110
209,ACTN4,91.73587799072266,-7.618640899658203,110
210,ACTR10,120.82151794433594,14.322562217712402,455
211,ACTR1A,121.40033721923828,14.314236640930176,455
212,ACTR1B,120.93621063232422,14.981611251831055,455
213,ACTR2,121.45821380615234,14.194040298461914,455
214,ACTR3,120.48471069335938,14.772077560424805,455
215,ACTR3B,122.20121765136719,14.810161590576172,455
216,ACTR3C,122.72159576416016,15.289978981018066,455
217,ACTR5,117.54019165039062,16.50689697265625,445
218,ACTR6,121.00843811035156,14.372454643249512,455
219,ACTR8,118.8034896850586,15.516990661621094,383
220,ACTRT2,149.29798889160156,25.391223907470703,93
221,ACTRT3,149.11407470703125,25.4471492767334,93
222,ACVR1,135.47361755371094,69.10956573486328,42
223,ACVR1B,135.59210205078125,69.0352554321289,42
224,ACVR1C,135.985595703125,68.49341583251953,42
225,ACVR2A,135.53567504882812,69.0504150390625,42
226,ACVR2B,136.1012725830078,68.44518280029297,42
227,ACVRL1,135.67848205566406,68.85012817382812,42
228,ACY1,130.96629333496094,17.070892333984375,454
229,ACY3,128.06668090820312,17.730587005615234,451
230,ACYP1,123.03893280029297,27.81911849975586,192
231,ACYP2,124.9405517578125,26.49654769897461,325
232,ADA,132.7981719970703,19.250558853149414,458
233,ADA2,133.15939331054688,-0.1435311883687973,252
234,ADAD1,109.9315185546875,18.980884552001953,375
235,ADAD2,95.79840850830078,21.508594512939453,393
236,ADAL,123.49342346191406,20.680606842041016,470
237,ADAM10,129.6531219482422,-13.687176704406738,223
238,ADAM11,130.27865600585938,-17.25086212158203,236
239,ADAM12,131.39492797851562,-17.978878021240234,236
240,ADAM15,131.11538696289062,-17.942277908325195,236
241,ADAM17,130.28152465820312,-14.119447708129883,223
242,ADAM18,130.175048828125,-18.031620025634766,236
243,ADAM19,130.80531311035156,-17.81948471069336,236
244,ADAM2,130.17550659179688,-18.175243377685547,236
245,ADAM20,130.13827514648438,-18.173967361450195,236
246,ADAM21,130.17999267578125,-18.26580238342285,236
247,ADAM22,128.98110961914062,-16.147430419921875,236
248,ADAM23,129.718994140625,-16.28009796142578,236
249,ADAM28,130.5333251953125,-17.45572853088379,236
250,ADAM29,130.100341796875,-18.62635040283203,236
251,ADAM30,130.36224365234375,-18.3363037109375,236
252,ADAM32,129.865478515625,-17.65537452697754,236
253,ADAM33,130.8949432373047,-17.53578758239746,236
254,ADAM7,129.91534423828125,-17.620891571044922,236
255,ADAM8,130.50140380859375,-17.658700942993164,236
256,ADAM9,130.63861083984375,-17.410600662231445,236
257,ADAMDEC1,131.19259643554688,-15.945150375366211,236
258,ADAMTS1,132.21807861328125,-17.44390296936035,236
259,ADAMTS10,131.04429626464844,-18.10788917541504,236
260,ADAMTS12,131.00965881347656,-18.85350227355957,236
261,ADAMTS13,130.93923950195312,-17.998138427734375,236
262,ADAMTS14,130.8248291015625,-18.676651000976562,236
263,ADAMTS15,131.57229614257812,-17.62965965270996,236
264,ADAMTS16,131.326904296875,-18.48694610595703,236
265,ADAMTS17,131.6627960205078,-18.176494598388672,236
266,ADAMTS18,131.33847045898438,-18.540895462036133,236
267,ADAMTS19,131.9242706298828,-18.453916549682617,236
268,ADAMTS2,131.22103881835938,-18.09014129638672,236
269,ADAMTS20,131.262451171875,-19.612478256225586,236
270,ADAMTS3,131.6250762939453,-17.852767944335938,236
271,ADAMTS4,133.5023193359375,-15.430837631225586,236
272,ADAMTS5,132.36146545410156,-17.205907821655273,236
273,ADAMTS6,131.57742309570312,-18.849409103393555,236
274,ADAMTS7,130.7301483154297,-18.95868682861328,236
275,ADAMTS8,131.9090576171875,-17.765201568603516,236
276,ADAMTS9,131.05377197265625,-19.352210998535156,236
277,ADAMTSL1,131.3677978515625,-19.588661193847656,236
278,ADAMTSL2,132.08822631835938,-18.365997314453125,236
279,ADAMTSL3,131.20236206054688,-19.211868286132812,236
280,ADAMTSL4,132.7456817626953,-18.155105590820312,236
281,ADAMTSL5,135.31712341308594,-14.84316349029541,224
282,ADAP1,101.70036315917969,12.812780380249023,408
283,ADAP2,99.45600891113281,12.943948745727539,427
284,ADAR,98.10939025878906,19.52012825012207,404
285,ADARB1,100.1133041381836,19.824918746948242,402
286,ADARB2,103.55071258544922,19.673555374145508,364
287,ADAT1,114.21243286132812,21.11724853515625,362
288,ADAT2,121.38813781738281,22.26820182800293,465
289,ADAT3,120.96131896972656,19.407203674316406,416
290,ADCK1,124.18415069580078,16.574893951416016,420
291,ADCK2,123.42613220214844,17.275955200195312,420
292,ADCK5,124.61247253417969,16.482717514038086,314
293,ADCY10,98.46929931640625,2.58276104927063,285
294,ADCY2,109.88903045654297,-24.274158477783203,135
295,ADCY3,110.5509262084961,-24.309879302978516,135
296,ADCY4,110.47149658203125,-24.164125442504883,135
297,ADCY5,109.89988708496094,-24.10515022277832,135
298,ADCY6,110.10742950439453,-23.78126335144043,135
299,ADCY7,110.25340270996094,-24.121379852294922,135
300,ADCY8,109.95712280273438,-24.09479331970215,135
301,ADCY9,109.64468383789062,-24.4371395111084,135
302,ADCYAP1,154.7888641357422,-19.938325881958008,133
303,ADCYAP1R1,110.695068359375,-31.953155517578125,126
304,ADD1,93.78121948242188,10.096726417541504,392
305,ADD2,95.562744140625,9.79393482208252,435
306,ADD3,95.0821533203125,10.184589385986328,435
307,ADGB,80.83291625976562,8.628643035888672,227
308,ADGRA1,102.84053039550781,-19.693506240844727,148
309,ADGRA2,120.08274841308594,-22.38673210144043,216
310,ADGRA3,120.58352661132812,-22.562467575073242,216
311,ADGRB1,114.50361633300781,-23.884037017822266,122
312,ADGRB2,114.63764953613281,-24.697315216064453,122
313,ADGRB3,115.46856689453125,-23.121131896972656,122
314,ADGRD1,111.20906066894531,-30.88777732849121,128
315,ADGRD2,111.74762725830078,-29.725322723388672,128
316,ADGRE1,111.89686584472656,-30.717845916748047,128
317,ADGRE2,111.74519348144531,-30.548213958740234,128
318,ADGRE3,111.79994201660156,-30.571331024169922,128
319,ADGRE5,112.05947875976562,-30.487974166870117,128
320,ADGRF1,111.66217803955078,-30.989540100097656,128
321,ADGRF3,112.38700103759766,-29.43401527404785,128
322,ADGRF4,111.81027221679688,-30.38271713256836,128
323,ADGRF5,112.17913818359375,-30.931324005126953,128
324,ADGRG1,111.39479064941406,-30.487939834594727,128
325,ADGRG3,110.71682739257812,-30.000078201293945,128
326,ADGRG5,111.60128784179688,-29.910200119018555,128
327,ADGRG6,111.72415161132812,-30.66734504699707,128
328,ADGRG7,112.21114349365234,-31.150074005126953,128
329,ADGRL1,114.52536010742188,-24.043296813964844,122
330,ADGRL2,114.84027862548828,-23.991605758666992,122
331,ADGRL4,111.90945434570312,-30.910463333129883,128
332,ADH1A,139.79922485351562,16.668684005737305,189
333,ADH1B,139.78494262695312,16.79359245300293,189
334,ADH1C,140.03602600097656,16.672019958496094,189
335,ADH4,139.90060424804688,16.78908920288086,189
336,ADH5,140.29092407226562,16.66908073425293,189
337,ADH6,139.04000854492188,16.689294815063477,189
338,ADH7,140.2014617919922,16.884138107299805,189
339,ADHFE1,136.5596466064453,19.162805557250977,387
340,ADI1,126.046630859375,21.305370330810547,468
341,ADIG,99.52650451660156,48.41220474243164,263
342,ADIPOQ,157.4325714111328,-10.412572860717773,100
343,ADIPOR1,95.73931884765625,-33.36217498779297,174
344,ADIPOR2,95.31817626953125,-33.3268928527832,174
345,ADIRF,103.3540267944336,42.183570861816406,199
346,ADK,127.43736267089844,17.81529998779297,451
347,ADM,150.04225158691406,-17.598773956298828,133
348,ADM2,152.9261932373047,-18.72051429748535,133
349,ADM5,145.3138427734375,-18.682727813720703,206
350,ADNP,64.85590362548828,27.38197135925293,176
351,ADNP2,65.2363510131836,27.330551147460938,176
352,ADO,118.19903564453125,24.53545570373535,372
353,ADORA1,5.77755069732666,-23.515640258789062,17
354,ADORA2A,5.900515556335449,-24.322799682617188,17
355,ADORA2B,5.484499931335449,-23.621482849121094,17
356,ADORA3,5.65981388092041,-23.350217819213867,17
357,ADPGK,127.82894897460938,9.928784370422363,196
358,ADPRH,120.8707504272461,12.620590209960938,296
359,ADPRHL1,87.0120849609375,18.38895034790039,366
360,ADPRM,122.4027099609375,19.79189109802246,416
361,ADRA1A,7.093956470489502,-23.63060188293457,17
362,ADRA1B,6.830626487731934,-22.735097885131836,17
363,ADRA1D,6.75457239151001,-23.191211700439453,17
364,ADRA2A,7.375829219818115,-22.38351058959961,17
365,ADRA2B,7.176571846008301,-22.232839584350586,17
366,ADRA2C,7.350155830383301,-23.575550079345703,17
367,ADRB1,6.1827521324157715,-24.390003204345703,17
368,ADRB2,5.496753692626953,-23.178752899169922,17
369,ADRB3,6.43032169342041,-24.90156364440918,17
370,ADRM1,103.458740234375,27.333847045898438,429
371,ADSL,135.12779235839844,19.201936721801758,387
372,ADTRP,94.56045532226562,-33.93494415283203,175
373,AEBP1,135.54345703125,-9.825752258300781,241
374,AEBP2,96.231689453125,23.80642318725586,360
375,AEN,114.44508361816406,23.177568435668945,362
376,AFAP1,91.6834945678711,12.509681701660156,376
377,AFAP1L1,93.40149688720703,13.220163345336914,396
378,AFAP1L2,93.32893371582031,12.585577011108398,396
379,AFDN,88.34957885742188,8.375530242919922,370
380,AFF1,81.94754028320312,21.9119815826416,281
381,AFF3,81.09276580810547,21.232938766479492,281
382,AFF4,80.6117172241211,21.892301559448242,281
383,AFG1L,127.30233001708984,23.524417877197266,327
384,AFG3L2,118.5945816040039,13.720142364501953,319
385,AFM,137.1301727294922,-10.36124038696289,241
386,AFMID,128.28778076171875,17.919361114501953,451
387,AFP,136.99990844726562,-10.765304565429688,241
388,AFTPH,86.77983093261719,20.701780319213867,418
389,AGA,133.862548828125,1.187516689300537,252
390,AGAP1,89.83323669433594,9.512516975402832,371
391,AGAP2,93.78399658203125,18.019453048706055,333
392,AGAP3,89.50634002685547,10.351094245910645,371
393,AGAP4,98.44310760498047,12.593652725219727,431
394,AGAP5,98.63089752197266,12.738374710083008,431
395,AGAP6,98.35810852050781,12.579072952270508,431
396,AGAP9,99.67208099365234,13.332151412963867,427
397,AGBL2,97.36018371582031,16.837047576904297,407
398,AGBL3,94.83042907714844,16.868396759033203,333
399,AGBL4,103.26126861572266,10.00361442565918,326
400,AGBL5,98.47611999511719,17.012348175048828,407
401,AGER,99.66476440429688,67.54248809814453,255
402,AGFG1,79.72734069824219,24.147327423095703,281
403,AGFG2,80.13449096679688,24.081775665283203,281
404,AGGF1,103.08097839355469,25.92665672302246,433
405,AGK,124.38752746582031,15.302854537963867,314
406,AGL,102.87483978271484,1.211677074432373,308
407,AGMAT,132.08689880371094,19.066343307495117,458
408,AGMO,98.23464965820312,-31.65410041809082,171
409,AGO4,106.03466796875,9.902275085449219,297
410,AGPAT1,129.4746551513672,9.84212589263916,196
411,AGPAT2,130.65199279785156,9.906906127929688,196
412,AGPAT3,127.72935485839844,9.752176284790039,196
413,AGPAT4,127.82626342773438,9.3596830368042,196
414,AGPAT5,126.47860717773438,10.152435302734375,196
415,AGPS,127.49443817138672,14.268084526062012,314
416,AGR2,128.74240112304688,-0.9103098511695862,234
417,AGR3,129.11593627929688,-1.0208152532577515,234
418,AGRN,126.38691711425781,-22.184650421142578,202
419,AGRP,153.47927856445312,-19.39426612854004,133
420,AGT,140.71908569335938,-63.725440979003906,71
421,AGTPBP1,99.98239135742188,10.229604721069336,326
422,AGTR1,1.4246315956115723,-23.248920440673828,17
423,AGTRAP,87.88067626953125,-29.01821517944336,124
424,AGXT,135.20281982421875,15.717629432678223,440
425,AGXT2,135.43911743164062,16.493030548095703,440
426,AHCTF1,94.25393676757812,0.23846955597400665,265
427,AHCY,137.15682983398438,21.85572052001953,387
428,AHCYL1,136.15040588378906,19.551345825195312,387
429,AHCYL2,133.7538299560547,18.286678314208984,440
430,AHDC1,79.1755142211914,23.322097778320312,281
431,AHI1,92.2054214477539,14.16102409362793,394
432,AHR,80.570068359375,26.643051147460938,281
433,AHRR,89.21542358398438,24.061506271362305,412
434,AHSA1,114.81502532958984,27.615869522094727,388
435,AHSG,138.41958618164062,-11.750191688537598,246
436,AHSP,101.54661560058594,38.03892517089844,295
437,AICDA,155.4645538330078,17.841815948486328,65
438,AIDA,111.55606079101562,23.608362197875977,359
439,AIF1,54.264060974121094,-3.522692918777466,97
440,AIF1L,53.97215270996094,-3.3114852905273438,97
441,AIFM2,130.2368927001953,16.149837493896484,453
442,AIFM3,132.27511596679688,17.401901245117188,440
443,AIG1,94.40609741210938,-33.41092300415039,175
444,AIM2,110.64909362792969,11.065956115722656,386
445,AIMP1,110.94490051269531,31.774778366088867,391
446,AIMP2,118.4393310546875,23.840164184570312,372
447,AIP,108.97662353515625,14.55392837524414,357
448,AIPL1,107.70721435546875,7.877144813537598,299
449,AIRE,95.38798522949219,27.62244987487793,354
450,AJAP1,97.89625549316406,46.559181213378906,245
451,AJM1,87.84676361083984,28.23681640625,350
452,AJUBA,95.2158203125,26.125133514404297,354
453,AK1,122.83279418945312,21.487754821777344,470
454,AK2,126.01727294921875,23.058340072631836,468
455,AK3,125.82157135009766,22.591270446777344,468
456,AK4,125.85334014892578,22.347827911376953,468
457,AK5,111.54927062988281,16.86414909362793,405
458,AK6,122.7091064453125,21.584436416625977,470
459,AK7,83.42879486083984,9.857840538024902,226
460,AK8,106.92315673828125,15.500389099121094,324
461,AK9,82.43880462646484,8.331498146057129,227
462,AKAIN1,96.83289337158203,37.834896087646484,340
463,AKAP1,89.41433715820312,19.64128875732422,414
464,AKAP10,100.9846420288086,12.11514663696289,326
465,AKAP11,83.02397155761719,19.2835636138916,318
466,AKAP12,93.53451538085938,37.55347442626953,342
467,AKAP3,85.87088775634766,27.162084579467773,349
468,AKAP5,93.52244567871094,37.85976791381836,342
469,AKAP7,105.45860290527344,26.101470947265625,390
470,AKAP8,77.9998550415039,21.228351593017578,281
471,AKAP8L,78.7105712890625,21.05492401123047,281
472,AKIP1,98.97235107421875,42.04649353027344,298
473,AKIRIN1,103.72817993164062,30.67528533935547,382
474,AKIRIN2,101.1600112915039,28.743112564086914,429
475,AKNA,84.77630615234375,25.887603759765625,349
476,AKNAD1,85.734130859375,20.71509552001953,418
477,AKR1A1,141.03797912597656,14.131246566772461,129
478,AKR1B1,141.607421875,13.794442176818848,129
479,AKR1B10,141.89663696289062,13.819690704345703,129
480,AKR1B15,141.7906494140625,13.786598205566406,129
481,AKR1C1,140.96121215820312,14.055546760559082,129
482,AKR1C2,141.4916534423828,13.362798690795898,129
483,AKR1C3,141.8953399658203,13.902749061584473,129
484,AKR1C4,142.29727172851562,14.037903785705566,129
485,AKR1D1,140.54295349121094,13.04042911529541,129
486,AKR1E2,141.50326538085938,13.667552947998047,129
487,AKR7A2,130.97537231445312,17.986995697021484,457
488,AKR7A3,132.0780487060547,16.57999038696289,454
489,AKR7L,130.83856201171875,15.430917739868164,453
490,AKT1,130.1703643798828,75.2000503540039,68
491,AKT1S1,97.8377456665039,34.77613067626953,338
492,AKT2,129.02952575683594,75.6402587890625,68
493,AKT3,129.5762176513672,75.80367279052734,68
494,AKTIP,112.84465789794922,-5.689082145690918,83
495,ALAD,130.2395782470703,18.387754440307617,457
496,ALAS1,135.15484619140625,17.486595153808594,440
497,ALB,136.9471435546875,-10.428659439086914,241
498,ALCAM,121.525146484375,-17.010601043701172,220
499,ALDH16A1,116.43661499023438,7.111636161804199,214
500,ALDH18A1,131.7126007080078,18.74567222595215,458
501,ALDH1A1,137.9329833984375,18.335460662841797,387
502,ALDH1A2,137.0080108642578,18.525217056274414,387
503,ALDH1A3,137.8867645263672,18.927509307861328,387
504,ALDH1B1,137.94326782226562,19.351022720336914,387
505,ALDH1L1,136.32733154296875,17.729944229125977,440
506,ALDH1L2,136.7301025390625,16.753887176513672,440
507,ALDH2,137.81878662109375,19.059383392333984,387
508,ALDH3A1,136.72122192382812,16.927112579345703,440
509,ALDH3A2,136.0934295654297,16.958463668823242,440
510,ALDH3B1,134.21133422851562,16.472684860229492,440
511,ALDH3B2,134.5321044921875,16.361434936523438,440
512,ALDH4A1,137.71397399902344,18.603429794311523,387
513,ALDH5A1,137.54669189453125,19.098400115966797,387
514,ALDH6A1,137.21234130859375,18.40400505065918,387
515,ALDH7A1,137.25619506835938,18.67572593688965,387
516,ALDH8A1,137.04733276367188,18.5414981842041,387
517,ALDH9A1,137.07034301757812,18.787521362304688,387
518,ALDOA,137.5242156982422,22.747974395751953,387
519,ALDOB,136.35317993164062,16.97698211669922,440
520,ALDOC,137.9352264404297,22.22759246826172,387
521,ALG1,126.00064086914062,13.779949188232422,314
522,ALG10,98.8729019165039,-30.43489646911621,171
523,ALG10B,98.095703125,-30.812986373901367,171
524,ALG11,124.60981750488281,13.74795913696289,314
525,ALG12,98.69438171386719,-29.662778854370117,171
526,ALG14,126.14749145507812,13.887748718261719,314
527,ALG1L2,121.84834289550781,21.11776351928711,470
528,ALG2,121.81282806396484,16.581661224365234,459
529,ALG3,98.01759338378906,-31.64212417602539,171
530,ALG5,125.75337219238281,21.670883178710938,468
531,ALG6,99.49890899658203,-30.727916717529297,171
532,ALG8,99.45870971679688,-30.384075164794922,171
533,ALG9,100.89408874511719,-29.69841194152832,156
534,ALK,136.8076934814453,67.49947357177734,43
535,ALKAL1,143.93650817871094,-16.049999237060547,238
536,ALKAL2,142.48353576660156,-13.551769256591797,247
537,ALKBH1,119.07164764404297,18.321823120117188,460
538,ALKBH2,123.98856353759766,23.491981506347656,464
539,ALKBH3,122.45341491699219,19.44059181213379,416
540,ALKBH4,122.0907974243164,21.51114273071289,470
541,ALKBH5,102.84259796142578,25.92770004272461,433
542,ALKBH6,107.51760864257812,23.16758918762207,406
543,ALKBH7,128.12884521484375,27.916486740112305,330
544,ALKBH8,116.98643493652344,18.144248962402344,461
545,ALLC,123.00459289550781,21.417387008666992,470
546,ALOX12,126.40823364257812,5.7184367179870605,205
547,ALOX12B,126.68090057373047,4.861171245574951,205
548,ALOX15,126.68899536132812,5.839923858642578,205
549,ALOX15B,127.12902069091797,5.68463134765625,205
550,ALOX5,127.05052185058594,5.297651290893555,205
551,ALOX5AP,95.3397445678711,-31.31258201599121,166
552,ALOXE3,126.57329559326172,5.846593379974365,205
553,ALPG,133.8356475830078,-1.0646506547927856,252
554,ALPI,134.03292846679688,-0.5782766342163086,252
555,ALPK1,89.08600616455078,14.69343376159668,334
556,ALPK2,85.76226043701172,19.873783111572266,418
557,ALPK3,89.85447692871094,24.522815704345703,412
558,ALPL,134.10784912109375,-1.186211347579956,252
559,ALPP,133.75445556640625,-2.3353919982910156,252
560,ALS2,100.15760803222656,6.042176246643066,413
561,ALS2CL,99.20808410644531,7.9281134605407715,413
562,ALX1,67.74960327148438,45.29350662231445,261
563,ALX3,68.01687622070312,46.57692337036133,261
564,ALX4,67.24430847167969,46.20637512207031,261
565,ALYREF,69.43531799316406,22.861146926879883,278
566,AMACR,130.2884979248047,16.643293380737305,453
567,AMBN,88.32413482666016,44.256290435791016,303
568,AMBP,77.09823608398438,-19.400630950927734,81
569,AMBRA1,93.12348175048828,14.144302368164062,394
570,AMD1,120.48397064208984,21.487751007080078,446
571,AMDHD1,131.82891845703125,19.044328689575195,458
572,AMDHD2,130.4578857421875,19.40523338317871,449
573,AMER2,91.43751525878906,32.245487213134766,321
574,AMER3,85.70106506347656,27.64044952392578,349
575,AMFR,100.35363006591797,-22.886505126953125,149
576,AMH,143.45578002929688,-10.022132873535156,212
577,AMHR2,102.02214050292969,61.96940994262695,273
578,AMIGO1,157.73367309570312,43.95442581176758,92
579,AMIGO2,157.17498779296875,44.385887145996094,92
580,AMIGO3,157.06639099121094,44.54375457763672,92
581,AMMECR1L,104.59883880615234,20.08100128173828,364
582,AMN,132.45668029785156,-11.488069534301758,224
583,AMN1,153.160400390625,44.847511291503906,101
584,AMOTL1,84.01484680175781,8.75753116607666,226
585,AMOTL2,79.78117370605469,6.164870738983154,227
586,AMPD1,122.62554168701172,9.038901329040527,296
587,AMPD2,121.33686065673828,9.031682968139648,296
588,AMPD3,122.62268829345703,9.547029495239258,296
589,AMPH,92.35350799560547,9.922422409057617,380
590,AMT,131.62747192382812,18.628732681274414,458
591,AMTN,88.99794006347656,46.78932571411133,150
592,AMY1A,134.64511108398438,-5.290951251983643,235
593,AMY1B,134.00404357910156,-5.751073360443115,235
594,AMY1C,134.92092895507812,-5.626415729522705,235
595,AMY2A,134.87973022460938,-5.9498491287231445,235
596,AMY2B,134.5049285888672,-5.668200492858887,235
597,AMZ1,113.14616394042969,18.82113265991211,456
598,AMZ2,114.44107055664062,18.152477264404297,463
599,ANAPC1,97.84557342529297,-2.918443202972412,291
600,ANAPC10,117.78258514404297,23.266965866088867,372
601,ANAPC11,120.95162963867188,35.99011993408203,315
602,ANAPC13,99.5005874633789,39.16366195678711,292
603,ANAPC15,107.00906372070312,36.10694122314453,284
604,ANAPC16,107.54983520507812,30.336090087890625,426
605,ANAPC2,106.58280944824219,7.232146263122559,299
606,ANAPC4,109.14208984375,6.982295513153076,306
607,ANAPC5,109.7327880859375,0.18399588763713837,293
608,ANAPC7,110.59612274169922,0.6651684641838074,293
609,ANG,149.83314514160156,-14.437455177307129,134
610,ANGEL1,115.80384063720703,15.162943840026855,448
611,ANGEL2,109.8104019165039,16.307775497436523,375
612,ANGPT1,143.4007110595703,-10.038870811462402,212
613,ANGPT2,143.57139587402344,-10.145994186401367,212
614,ANGPT4,143.17959594726562,-9.863378524780273,212
615,ANGPTL1,143.59774780273438,-10.322094917297363,212
616,ANGPTL2,142.391845703125,-9.751582145690918,212
617,ANGPTL3,143.01303100585938,-10.625242233276367,212
618,ANGPTL4,143.81300354003906,-9.531086921691895,212
619,ANGPTL5,143.34727478027344,-10.517332077026367,212
620,ANGPTL6,142.67356872558594,-9.730128288269043,212
621,ANGPTL7,143.06085205078125,-10.370387077331543,212
622,ANGPTL8,107.85139465332031,50.47018051147461,112
623,ANHX,91.1842269897461,37.109519958496094,331
624,ANK1,97.70152282714844,-5.627030849456787,291
625,ANKAR,99.94927215576172,2.2467784881591797,285
626,ANKDD1A,137.99949645996094,53.36189270019531,90
627,ANKDD1B,137.82933044433594,53.27248001098633,90
628,ANKEF1,137.13941955566406,52.53644561767578,89
629,ANKFN1,95.54141235351562,6.237607002258301,320
630,ANKFY1,137.73959350585938,53.084205627441406,90
631,ANKH,101.6644287109375,-32.829315185546875,162
632,ANKHD1,93.74568176269531,-0.5934521555900574,265
633,ANKIB1,95.69660949707031,14.019392013549805,385
634,ANKK1,138.08526611328125,53.41705322265625,90
635,ANKLE1,101.23016357421875,22.183427810668945,432
636,ANKLE2,93.89205932617188,20.584190368652344,423
637,ANKMY1,98.91101837158203,14.610010147094727,410
638,ANKMY2,107.89107513427734,10.039581298828125,297
639,ANKRA2,137.712158203125,53.09962463378906,90
640,ANKRD1,137.33859252929688,52.83573913574219,89
641,ANKRD10,81.91631317138672,30.34363555908203,188
642,ANKRD11,79.17236328125,18.999507904052734,280
643,ANKRD12,79.88416290283203,18.8492431640625,280
644,ANKRD13A,97.90461730957031,12.140501022338867,438
645,ANKRD13B,96.13274383544922,12.316146850585938,438
646,ANKRD13C,104.02276611328125,18.36528968811035,364
647,ANKRD13D,97.6763916015625,11.873113632202148,438
648,ANKRD16,138.03651428222656,53.429718017578125,90
649,ANKRD17,94.13104248046875,-1.0028210878372192,290
650,ANKRD18A,69.29312133789062,-0.655531644821167,77
651,ANKRD18B,68.41149139404297,-1.2858912944793701,77
652,ANKRD2,137.296875,52.9329719543457,89
653,ANKRD20A1,67.81201171875,-1.769770622253418,77
654,ANKRD22,137.88645935058594,53.0455207824707,90
655,ANKRD23,137.30401611328125,52.84653091430664,89
656,ANKRD24,74.73504638671875,3.6276886463165283,232
657,ANKRD26,69.11785125732422,-0.7468013763427734,77
658,ANKRD27,137.5654296875,52.973960876464844,90
659,ANKRD28,138.21934509277344,53.52750778198242,90
660,ANKRD29,137.9652099609375,53.34778594970703,90
661,ANKRD30A,67.1590347290039,-2.260302782058716,77
662,ANKRD30B,67.61373901367188,-1.7945324182510376,77
663,ANKRD30BL,66.68458557128906,-2.704702377319336,77
664,ANKRD31,85.72676849365234,19.257892608642578,418
665,ANKRD33,94.87323760986328,34.907249450683594,338
666,ANKRD33B,97.91755676269531,19.44375991821289,404
667,ANKRD34A,91.44817352294922,23.524953842163086,415
668,ANKRD34B,90.90397644042969,22.99320411682129,415
669,ANKRD34C,91.50109100341797,23.444765090942383,415
670,ANKRD35,74.77938842773438,3.1437010765075684,232
671,ANKRD36,67.18401336669922,-2.2252533435821533,77
672,ANKRD36B,67.39838409423828,-2.0504443645477295,77
673,ANKRD36C,67.33231353759766,-2.1241543292999268,77
674,ANKRD37,137.9534454345703,53.29104995727539,90
675,ANKRD39,138.11898803710938,53.495784759521484,90
676,ANKRD40,82.24609375,30.25132942199707,188
677,ANKRD40CL,101.61392211914062,29.682294845581055,429
678,ANKRD42,137.83851623535156,53.13051223754883,90
679,ANKRD44,138.0332489013672,53.35152053833008,90
680,ANKRD45,108.76300811767578,21.324798583984375,406
681,ANKRD46,137.8067169189453,53.072227478027344,90
682,ANKRD49,137.8712921142578,53.2365608215332,90
683,ANKRD50,137.11903381347656,52.44241714477539,89
684,ANKRD52,137.927734375,53.295860290527344,90
685,ANKRD53,137.22454833984375,53.4888801574707,90
686,ANKRD54,137.21665954589844,52.527523040771484,89
687,ANKRD55,137.8284912109375,53.307098388671875,90
688,ANKRD6,137.24644470214844,52.80677032470703,89
689,ANKRD60,106.20790100097656,25.9060115814209,390
690,ANKRD61,137.9940185546875,53.41748046875,90
691,ANKRD62,67.81966400146484,-1.7705665826797485,77
692,ANKRD63,91.61278533935547,23.87136459350586,415
693,ANKRD65,138.05230712890625,53.38874053955078,90
694,ANKRD66,136.53988647460938,51.652164459228516,89
695,ANKRD7,66.74634552001953,-2.6385364532470703,77
696,ANKRD9,103.30101013183594,33.25874710083008,382
697,ANKS1A,91.73805236816406,10.451311111450195,379
698,ANKS1B,90.47209930419922,11.379018783569336,376
699,ANKS3,96.16648864746094,12.405660629272461,438
700,ANKS4B,94.13582611083984,24.542625427246094,421
701,ANKS6,90.37945556640625,13.110420227050781,356
702,ANKUB1,92.92313385009766,14.028048515319824,394
703,ANKZF1,106.13936614990234,16.88804054260254,324
704,ANLN,89.25003814697266,22.813812255859375,411
705,ANO1,106.92727661132812,-30.42141342163086,132
706,ANO10,106.00981903076172,-30.318355560302734,132
707,ANO2,106.87904357910156,-30.168392181396484,132
708,ANO3,107.26775360107422,-30.146787643432617,132
709,ANO4,107.28312683105469,-29.71473503112793,132
710,ANO5,106.59331512451172,-30.295866012573242,132
711,ANO6,106.96559143066406,-30.75504493713379,132
712,ANO7,107.43608093261719,-29.803102493286133,132
713,ANO8,107.5801010131836,-23.48105239868164,141
714,ANO9,106.58030700683594,-30.32964324951172,132
715,ANP32A,108.05797576904297,37.91083908081055,284
716,ANP32B,107.7784652709961,37.929710388183594,284
717,ANP32D,154.27818298339844,46.51095199584961,104
718,ANP32E,108.02812194824219,37.81218338012695,284
719,ANPEP,131.07005310058594,1.6304073333740234,251
720,ANTKMT,124.12409973144531,23.771484375,464
721,ANTXR1,128.33224487304688,-11.895709037780762,223
722,ANTXR2,128.5786590576172,-10.698285102844238,223
723,ANTXRL,78.51676177978516,39.5227165222168,264
724,ANXA1,110.65415954589844,-74.24446868896484,47
725,ANXA10,110.65203857421875,-74.24578094482422,47
726,ANXA11,78.21949768066406,29.262693405151367,281
727,ANXA13,110.65145874023438,-74.22118377685547,47
728,ANXA2,110.65750885009766,-74.2271728515625,47
729,ANXA2R,95.41326904296875,39.157291412353516,344
730,ANXA3,110.64981842041016,-74.24993133544922,47
731,ANXA4,110.64884185791016,-74.252685546875,47
732,ANXA5,110.65801239013672,-74.25919342041016,47
733,ANXA6,110.6605224609375,-74.22132873535156,47
734,ANXA7,78.1107406616211,28.90306854248047,281
735,ANXA8,110.65640258789062,-74.21570587158203,47
736,ANXA8L1,110.65617370605469,-74.2550277709961,47
737,ANXA9,110.6463623046875,-74.21463775634766,47
738,AOAH,132.60165405273438,-0.592473030090332,252
739,AOC1,133.74850463867188,1.0241405963897705,252
740,AOC2,133.3197479248047,1.2452417612075806,252
741,AOC3,133.61073303222656,0.6759843230247498,252
742,AOPEP,122.15547180175781,5.6218719482421875,157
743,AOX1,136.046630859375,15.981039047241211,440
744,AP1AR,98.19244384765625,33.03945541381836,337
745,AP1B1,104.86955261230469,1.224550485610962,313
746,AP1G1,105.1856689453125,1.3425188064575195,313
747,AP1G2,106.93524169921875,3.082486152648926,310
748,AP1M2,114.78351593017578,21.585796356201172,362
749,AP1S1,119.01580810546875,30.591171264648438,347
750,AP1S3,119.02078247070312,30.014892578125,347
751,AP2A1,104.26873016357422,1.4364904165267944,313
752,AP2A2,104.07585906982422,1.9276695251464844,313
753,AP2B1,105.3883285522461,1.7508971691131592,313
754,AP2M1,114.56501770019531,23.17380714416504,362
755,AP2S1,119.7412109375,31.0781192779541,347
756,AP3B1,103.28826904296875,4.3234052658081055,309
757,AP3B2,103.32862091064453,2.65944766998291,309
758,AP3D1,104.07733154296875,3.5119881629943848,309
759,AP3M1,113.60649871826172,22.960309982299805,362
760,AP3M2,113.62580871582031,23.4180850982666,362
761,AP3S1,119.14079284667969,30.044105529785156,347
762,AP3S2,118.87858581542969,29.65637969970703,347
763,AP4B1,106.0817642211914,3.189851999282837,313
764,AP4E1,103.76343536376953,1.5585358142852783,308
765,AP4M1,114.82173156738281,21.26218032836914,362
766,AP4S1,118.93970489501953,30.5023193359375,347
767,AP5B1,110.78848266601562,6.145596504211426,306
768,AP5M1,116.63142395019531,12.416391372680664,319
769,AP5S1,116.58821868896484,20.853025436401367,446
770,AP5Z1,107.24722290039062,5.233836650848389,310
771,APAF1,123.45099639892578,49.70814514160156,66
772,APBA1,94.65061950683594,11.967109680175781,435
773,APBA2,93.57225036621094,11.935949325561523,397
774,APBA3,98.50403594970703,14.915190696716309,410
775,APBB1,94.29541015625,15.882102966308594,333
776,APBB1IP,85.37987518310547,14.876077651977539,365
777,APBB2,90.28057861328125,12.088641166687012,376
778,APBB3,97.3019027709961,14.982841491699219,409
779,APC,84.62664794921875,15.42363166809082,365
780,APC2,85.36688995361328,15.423271179199219,365
781,APCDD1,136.2149658203125,-9.286028861999512,241
782,APCDD1L,136.12603759765625,-6.562302589416504,229
783,APCS,141.4594268798828,-9.604753494262695,212
784,APEH,121.17145538330078,8.170106887817383,296
785,APELA,98.35231018066406,46.83261489868164,245
786,APEX1,123.1253433227539,23.4207820892334,465
787,APH1A,93.44475555419922,-28.84912872314453,159
788,APH1B,92.44221496582031,-27.865615844726562,158
789,API5,107.20536804199219,8.154450416564941,299
790,APIP,126.50157165527344,21.70969009399414,468
791,APLF,94.30789947509766,23.689552307128906,421
792,APLNR,2.6544880867004395,-24.167139053344727,17
793,APLP1,128.27536010742188,-6.025455474853516,234
794,APLP2,128.5277862548828,-6.524331569671631,234
795,APMAP,130.08273315429688,7.797553539276123,196
796,APOA1,107.25096130371094,49.89021301269531,112
797,APOA2,107.19641876220703,53.05445098876953,112
798,APOA4,107.38606262207031,49.63816833496094,112
799,APOA5,107.33375549316406,49.48866271972656,112
800,APOBEC1,155.34085083007812,17.821298599243164,65
801,APOBEC2,155.03860473632812,17.888547897338867,65
802,APOBEC3A,155.41384887695312,17.770275115966797,65
803,APOBEC3B,155.6023406982422,17.847558975219727,65
804,APOBEC3C,155.53663635253906,17.84625816345215,65
805,APOBEC3D,155.52316284179688,17.779396057128906,65
806,APOBEC3F,155.51718139648438,17.845375061035156,65
807,APOBEC3G,155.613037109375,17.84861946105957,65
808,APOBEC3H,155.49185180664062,17.900436401367188,65
809,APOBEC4,94.78819274902344,37.418704986572266,338
810,APOBR,86.80175018310547,34.56658172607422,286
811,APOC1,106.69744873046875,52.725440979003906,112
812,APOC2,105.63312530517578,52.01878356933594,112
813,APOC3,106.8449478149414,52.43015670776367,112
814,APOC4,99.2025146484375,45.24974060058594,245
815,APOD,76.07591247558594,-19.264650344848633,81
816,APOE,107.07716369628906,48.911033630371094,112
817,APOF,119.09585571289062,6.948511600494385,207
818,APOH,108.13312530517578,72.17244720458984,70
819,APOL1,119.83740997314453,3.1427323818206787,157
820,APOL2,120.15673828125,3.032766580581665,157
821,APOL3,120.14266967773438,2.9808690547943115,157
822,APOL4,120.05226135253906,2.582221269607544,157
823,APOL5,121.28964233398438,2.9586005210876465,157
824,APOL6,120.27473449707031,2.7860138416290283,157
825,APOLD1,87.3848648071289,-26.305461883544922,121
826,APOM,76.3178482055664,-18.99843978881836,81
827,APP,128.83761596679688,-6.70759916305542,224
828,APPBP2,111.34850311279297,0.914656400680542,293
829,APPL1,95.05301666259766,7.765481948852539,320
830,APPL2,95.15631103515625,9.599130630493164,435
831,APRT,128.69125366210938,23.50071907043457,327
832,APTX,121.33383178710938,19.77657127380371,416
833,AQP1,63.2307014465332,-22.62249755859375,55
834,AQP10,63.268035888671875,-22.65479850769043,55
835,AQP11,96.18424224853516,-30.52180290222168,167
836,AQP12A,97.52873229980469,-28.84555435180664,161
837,AQP12B,97.43849182128906,-28.275131225585938,161
838,AQP2,63.36835861206055,-22.66770362854004,55
839,AQP3,63.33023452758789,-22.67643165588379,55
840,AQP4,63.22547912597656,-22.63847541809082,55
841,AQP5,63.2242317199707,-22.629352569580078,55
842,AQP6,63.40007400512695,-22.708433151245117,55
843,AQP7,63.412391662597656,-22.77017593383789,55
844,AQP8,63.22140884399414,-22.629535675048828,55
845,AQP9,63.43121337890625,-22.735885620117188,55
846,AQR,104.79609680175781,4.019345283508301,312
847,ARAP1,101.19384765625,6.842349052429199,297
848,ARAP2,93.45526123046875,10.426621437072754,392
849,ARAP3,101.42428588867188,6.22130823135376,297
850,ARC,99.7889404296875,32.34341812133789,346
851,ARCN1,110.56407165527344,23.74753761291504,359
852,AREG,100.62657165527344,55.71405029296875,253
853,AREL1,106.12738037109375,6.531839370727539,299
854,ARF1,75.50569152832031,-70.80428314208984,95
855,ARF3,74.87384033203125,-71.47199249267578,95
856,ARF4,75.74420166015625,-70.64151000976562,96
857,ARF5,75.36096954345703,-71.0350341796875,95
858,ARF6,76.05802917480469,-70.31655883789062,96
859,ARFGAP1,101.19450378417969,24.663095474243164,443
860,ARFGAP2,100.8059310913086,25.929649353027344,443
861,ARFGAP3,99.11902618408203,25.47654151916504,439
862,ARFGEF1,95.95533752441406,-2.308119773864746,290
863,ARFGEF2,96.52687072753906,-2.3569235801696777,290
864,ARFIP1,102.07999420166016,11.454667091369629,326
865,ARFIP2,104.27116394042969,14.616874694824219,353
866,ARFRP1,76.59846496582031,-69.78270721435547,84
867,ARG1,134.4064178466797,17.314735412597656,440
868,ARG2,132.15969848632812,18.396831512451172,458
869,ARGFX,71.78080749511719,44.5455322265625,254
870,ARGLU1,69.96356964111328,17.553815841674805,120
871,ARHGAP1,99.72759246826172,13.787696838378906,427
872,ARHGAP10,91.62651062011719,7.005972862243652,374
873,ARHGAP11A,89.5950698852539,24.267417907714844,412
874,ARHGAP11B,107.19194030761719,19.45465850830078,395
875,ARHGAP12,95.80146026611328,10.642084121704102,435
876,ARHGAP15,96.79805755615234,12.043519973754883,438
877,ARHGAP17,91.39786529541016,8.352564811706543,380
878,ARHGAP18,96.93907928466797,12.051589965820312,438
879,ARHGAP19,97.37910461425781,20.78972816467285,393
880,ARHGAP20,88.52488708496094,17.165189743041992,367
881,ARHGAP21,89.13703155517578,9.264164924621582,370
882,ARHGAP22,93.19436645507812,10.26834487915039,392
883,ARHGAP23,89.21051788330078,12.316865921020508,369
884,ARHGAP24,93.6195068359375,10.083827018737793,392
885,ARHGAP25,94.9751968383789,11.313318252563477,435
886,ARHGAP26,92.02323150634766,6.867183685302734,374
887,ARHGAP27,95.70952606201172,11.521773338317871,435
888,ARHGAP28,94.70623779296875,12.11361312866211,435
889,ARHGAP29,91.58393096923828,10.52828598022461,379
890,ARHGAP30,86.87765502929688,34.651580810546875,286
891,ARHGAP31,85.67257690429688,17.097257614135742,366
892,ARHGAP32,85.50334930419922,15.07452392578125,365
893,ARHGAP33,90.23418426513672,11.871578216552734,376
894,ARHGAP35,91.76634216308594,11.716304779052734,379
895,ARHGAP39,92.4233627319336,13.93172836303711,394
896,ARHGAP40,97.22533416748047,11.756606101989746,438
897,ARHGAP42,91.83033752441406,7.332193374633789,380
898,ARHGAP44,91.877197265625,8.17951774597168,380
899,ARHGAP45,94.04354858398438,9.625483512878418,392
900,ARHGAP5,93.15837097167969,9.449935913085938,392
901,ARHGAP8,98.02603149414062,11.640363693237305,438
902,ARHGAP9,96.38755798339844,10.747942924499512,437
903,ARHGDIA,114.2752685546875,24.050989151000977,362
904,ARHGDIB,115.2412109375,25.700523376464844,361
905,ARHGDIG,123.56578063964844,26.691436767578125,325
906,ARHGEF1,95.63778686523438,8.914156913757324,435
907,ARHGEF10,92.64283752441406,11.446074485778809,397
908,ARHGEF10L,94.96479034423828,10.298295974731445,435
909,ARHGEF11,90.60684204101562,7.837086200714111,380
910,ARHGEF12,90.33818054199219,5.73643684387207,374
911,ARHGEF15,95.12213134765625,12.399025917053223,396
912,ARHGEF16,95.16387176513672,10.888348579406738,435
913,ARHGEF17,93.12034606933594,12.257486343383789,397
914,ARHGEF18,91.22166442871094,9.384942054748535,380
915,ARHGEF19,96.47491455078125,11.962504386901855,438
916,ARHGEF2,92.31222534179688,9.719161033630371,380
917,ARHGEF25,95.97759246826172,9.790189743041992,435
918,ARHGEF26,91.70269012451172,15.018594741821289,394
919,ARHGEF28,92.71160125732422,8.764165878295898,380
920,ARHGEF3,97.01983642578125,10.897313117980957,437
921,ARHGEF33,90.21247100830078,17.60910415649414,378
922,ARHGEF35,87.79389190673828,35.643775939941406,286
923,ARHGEF37,97.18299865722656,9.662710189819336,413
924,ARHGEF38,95.79443359375,11.069517135620117,435
925,ARHGEF39,105.03570556640625,17.035463333129883,324
926,ARHGEF4,95.54192352294922,10.133098602294922,435
927,ARHGEF40,94.56655883789062,14.02903938293457,396
928,ARHGEF5,91.30473327636719,16.606348037719727,378
929,ARHGEF7,91.74716186523438,7.597532272338867,380
930,ARID1A,75.30763244628906,27.15438461303711,281
931,ARID1B,75.21019744873047,27.486352920532227,281
932,ARID2,75.86787414550781,25.90581512451172,281
933,ARID3A,73.89894104003906,33.671993255615234,277
934,ARID3B,72.51068878173828,32.51039123535156,274
935,ARID3C,77.26347351074219,36.70307540893555,264
936,ARID4A,84.0659408569336,21.268489837646484,318
937,ARID4B,83.61590576171875,20.712976455688477,318
938,ARID5A,83.59913635253906,34.21548080444336,168
939,ARID5B,80.23562622070312,20.450403213500977,281
940,ARIH2,100.54007720947266,23.253793716430664,444
941,ARIH2OS,94.76278686523438,46.09457015991211,301
942,ARL1,76.73213195800781,-69.69120025634766,84
943,ARL10,77.04251861572266,-68.63574981689453,84
944,ARL11,76.22453308105469,-70.26876831054688,96
945,ARL13B,76.25664520263672,-69.4340591430664,84
946,ARL14,76.7201919555664,-69.76260375976562,84
947,ARL14EP,101.98123931884766,28.56595230102539,429
948,ARL14EPL,102.94319152832031,30.399574279785156,382
949,ARL15,77.20208740234375,-69.09900665283203,84
950,ARL16,120.99906921386719,25.995254516601562,373
951,ARL17A,75.52233123779297,-70.90382385253906,95
952,ARL17B,75.76073455810547,-70.63361358642578,96
953,ARL2,76.19843292236328,-70.2312240600586,96
954,ARL2BP,116.68699645996094,29.652786254882812,348
955,ARL3,76.62804412841797,-69.79866790771484,84
956,ARL4A,76.48307037353516,-69.99371337890625,84
957,ARL4C,76.55440521240234,-69.85758972167969,84
958,ARL4D,76.78704071044922,-69.69038391113281,84
959,ARL5A,76.22500610351562,-70.18814849853516,96
960,ARL5B,76.23844909667969,-70.18193054199219,96
961,ARL5C,76.04443359375,-70.40834045410156,96
962,ARL6,77.25153350830078,-69.1886978149414,84
963,ARL6IP1,94.82591247558594,-27.31487274169922,155
964,ARL6IP4,69.20088958740234,17.4111328125,120
965,ARL6IP5,93.88623046875,-26.602252960205078,155
966,ARL6IP6,93.36943817138672,-27.04990005493164,158
967,ARL8A,75.89796447753906,-70.47947692871094,96
968,ARL8B,76.10794830322266,-70.28987121582031,96
969,ARL9,77.34336853027344,-68.93902587890625,84
970,ARMC1,111.02323913574219,23.873493194580078,359
971,ARMC10,123.98747253417969,13.682382583618164,314
972,ARMC12,107.39137268066406,5.631032943725586,310
973,ARMC2,101.75789642333984,4.962236404418945,309
974,ARMC3,103.38459777832031,2.269406795501709,309
975,ARMC5,109.71068572998047,7.946920394897461,306
976,ARMC6,109.16289520263672,8.151427268981934,306
977,ARMC7,106.72564697265625,20.8383731842041,395
978,ARMC8,105.67185974121094,2.0761818885803223,313
979,ARMC9,101.88673400878906,5.094497203826904,309
980,ARMH1,103.25390625,5.333270072937012,309
981,ARMH2,120.0992431640625,22.996959686279297,465
982,ARMH3,103.60508728027344,2.8706552982330322,309
983,ARMH4,89.65296936035156,47.467838287353516,150
984,ARMS2,94.69229125976562,46.41983413696289,301
985,ARMT1,119.72876739501953,19.295385360717773,460
986,ARNT,76.99346160888672,26.012603759765625,281
987,ARNT2,78.9579849243164,26.65114402770996,281
988,ARNTL,97.48297119140625,14.8643159866333,409
989,ARNTL2,97.7675552368164,14.437222480773926,409
990,ARPC1A,123.73397827148438,50.461036682128906,66
991,ARPC1B,122.74008178710938,49.46609878540039,66
992,ARPC2,114.29060363769531,24.105297088623047,362
993,ARPC3,120.90547180175781,35.115211486816406,315
994,ARPC4,116.5090560913086,27.344762802124023,355
995,ARPC5,114.02983093261719,29.607105255126953,388
996,ARPC5L,112.54432678222656,29.515899658203125,400
997,ARPIN,116.98983764648438,26.223947525024414,355
998,ARPP19,104.17000579833984,36.66277313232422,332
999,ARPP21,76.21781921386719,26.1475772857666,281
1000,ARRB1,111.15196228027344,15.590890884399414,442
1001,ARRB2,113.18718719482422,17.009075164794922,448
1002,ARRDC1,97.354736328125,44.868408203125,300
1003,ARRDC2,115.35262298583984,16.04347038269043,448
1004,ARRDC3,114.24109649658203,16.04637908935547,448
1005,ARRDC4,115.03338623046875,16.070476531982422,448
1006,ARRDC5,115.6832046508789,14.514142036437988,448
1007,ARSA,133.98446655273438,-0.30066078901290894,252
1008,ARSB,133.6083526611328,0.34515589475631714,252
1009,ARSG,133.24205017089844,-0.22873200476169586,252
1010,ARSI,134.02528381347656,0.17875023186206818,252
1011,ARSJ,135.09461975097656,-2.2995710372924805,243
1012,ARSK,133.54202270507812,0.5675886869430542,252
1013,ART1,138.73040771484375,-1.4779858589172363,239
1014,ART3,130.1200714111328,3.0170795917510986,251
1015,ART4,138.64915466308594,-1.0716344118118286,239
1016,ART5,138.46426391601562,-2.1644535064697266,243
1017,ARTN,144.684814453125,-10.528451919555664,212
1018,ARV1,124.70226287841797,21.718414306640625,468
1019,ARVCF,90.8023910522461,11.664618492126465,376
1020,AS3MT,123.08099365234375,19.54206085205078,416
1021,ASAH1,133.74632263183594,0.08001334965229034,252
1022,ASAH2,133.32470703125,1.1616137027740479,252
1023,ASAH2B,127.1266860961914,3.687351942062378,205
1024,ASAP1,90.91697692871094,7.697263717651367,380
1025,ASAP2,92.36786651611328,8.12247371673584,380
1026,ASAP3,95.10669708251953,9.125472068786621,435
1027,ASB1,138.05422973632812,53.402984619140625,90
1028,ASB10,138.23892211914062,53.545433044433594,90
1029,ASB13,137.86570739746094,53.2146110534668,90
1030,ASB14,138.21426391601562,53.554931640625,90
1031,ASB15,138.1397247314453,53.49454879760742,90
1032,ASB16,138.11924743652344,53.47191619873047,90
1033,ASB17,112.90103912353516,23.409557342529297,362
1034,ASB18,138.6172637939453,53.97419738769531,90
1035,ASB2,138.93878173828125,54.33728790283203,90
1036,ASB3,138.16188049316406,53.549049377441406,90
1037,ASB4,137.5230712890625,52.84748840332031,89
1038,ASB5,138.04312133789062,53.38153076171875,90
1039,ASB6,138.0143585205078,53.352867126464844,90
1040,ASB7,138.10784912109375,53.431541442871094,90
1041,ASB8,138.37762451171875,53.70846176147461,90
1042,ASCC1,121.75482177734375,20.056636810302734,416
1043,ASCC2,108.2615966796875,8.169658660888672,306
1044,ASCC3,96.62747192382812,-2.029942035675049,290
1045,ASCL1,77.53677368164062,42.87353515625,266
1046,ASCL2,78.87901306152344,42.69124984741211,266
1047,ASCL3,76.47966003417969,42.405818939208984,266
1048,ASCL4,78.4098892211914,42.164886474609375,266
1049,ASCL5,78.11587524414062,41.769290924072266,266
1050,ASDURF,97.31128692626953,41.91754150390625,298
1051,ASF1A,114.16210174560547,25.95292091369629,361
1052,ASF1B,115.1773452758789,25.215744018554688,361
1053,ASGR1,70.54731750488281,-43.917152404785156,56
1054,ASGR2,70.66940307617188,-43.757484436035156,56
1055,ASH1L,79.11808013916016,19.101322174072266,280
1056,ASH2L,104.65106201171875,17.38289451599121,324
1057,ASIC1,124.42620086669922,-8.640107154846191,197
1058,ASIC2,124.31184387207031,-10.412020683288574,197
1059,ASIC3,124.5829849243164,-9.175056457519531,197
1060,ASIC4,124.6235580444336,-9.204062461853027,197
1061,ASIC5,124.2142333984375,-8.000243186950684,197
1062,ASIP,147.26889038085938,-19.16708755493164,206
1063,ASL,135.4219207763672,18.493196487426758,440
1064,ASNS,127.27589416503906,13.802270889282227,314
1065,ASNSD1,117.81636047363281,16.804094314575195,445
1066,ASPA,127.98713684082031,13.168844223022461,289
1067,ASPDH,128.51016235351562,20.600290298461914,450
1068,ASPG,129.41812133789062,14.96221923828125,453
1069,ASPH,117.30288696289062,6.7583160400390625,214
1070,ASPHD1,122.47970581054688,13.509958267211914,296
1071,ASPHD2,118.9593505859375,15.44188404083252,383
1072,ASPM,86.53133392333984,21.77935791015625,418
1073,ASPN,156.69334411621094,47.44423294067383,105
1074,ASPRV1,117.00428771972656,16.122079849243164,452
1075,ASPSCR1,103.35067749023438,15.748939514160156,324
1076,ASRGL1,134.37484741210938,17.67450523376465,440
1077,ASS1,137.28990173339844,19.370182037353516,387
1078,ASTE1,113.31434631347656,11.208833694458008,389
1079,ASTL,90.40689086914062,37.1518669128418,331
1080,ASTN1,122.97671508789062,-12.993135452270508,219
1081,ASTN2,123.13973236083984,-13.157133102416992,219
1082,ASXL1,79.56546020507812,21.985883712768555,281
1083,ASXL3,78.989501953125,20.714223861694336,281
1084,ASZ1,106.98805236816406,22.724334716796875,406
1085,ATAD1,114.69596862792969,13.096610069274902,447
1086,ATAD2,96.03311157226562,18.3895263671875,407
1087,ATAD2B,96.36273193359375,15.642472267150879,385
1088,ATAD3A,117.811279296875,17.87188720703125,445
1089,ATAD3B,117.79193115234375,15.902528762817383,383
1090,ATAD3C,118.85269927978516,16.378889083862305,460
1091,ATAD5,90.31803894042969,23.180810928344727,415
1092,ATAT1,98.52928924560547,26.04391098022461,439
1093,ATCAY,103.96510314941406,20.340116500854492,364
1094,ATE1,108.4022216796875,18.634584426879883,375
1095,ATF1,71.06214904785156,30.652267456054688,275
1096,ATF2,75.96636199951172,28.11199951171875,281
1097,ATF3,79.28069305419922,38.67363357543945,264
1098,ATF4,79.71011352539062,37.97481155395508,264
1099,ATF5,82.17308044433594,37.15190505981445,264
1100,ATF6,78.74551391601562,32.27455520629883,277
1101,ATF6B,80.07666778564453,36.098655700683594,264
1102,ATF7,75.6872787475586,28.223445892333984,281
1103,ATF7IP,78.35963439941406,24.730682373046875,281
1104,ATF7IP2,87.33309936523438,21.94416046142578,418
1105,ATG10,118.85939025878906,19.75095558166504,446
1106,ATG101,115.1088638305664,27.088863372802734,388
1107,ATG12,109.39204406738281,27.650453567504883,323
1108,ATG13,98.3578872680664,19.062545776367188,404
1109,ATG14,101.9150390625,22.196083068847656,432
1110,ATG16L1,123.36043548583984,50.31399154663086,66
1111,ATG16L2,122.95940399169922,49.67400360107422,66
1112,ATG2A,98.1906967163086,-4.87813138961792,291
1113,ATG3,111.59782409667969,25.456192016601562,359
1114,ATG4B,114.99879455566406,15.517760276794434,448
1115,ATG4C,113.06919860839844,14.767991065979004,442
1116,ATG4D,117.6163101196289,17.215688705444336,445
1117,ATG5,105.76777648925781,9.614612579345703,297
1118,ATG7,116.31317901611328,14.595979690551758,319
1119,ATG9A,105.87248992919922,-22.374475479125977,143
1120,ATG9B,105.6595687866211,-22.338153839111328,136
1121,ATIC,132.7635498046875,18.7457332611084,458
1122,ATL1,109.21744537353516,8.573753356933594,306
1123,ATL2,110.8344955444336,9.38566780090332,386
1124,ATL3,110.98644256591797,9.316299438476562,386
1125,ATMIN,64.17662811279297,28.195972442626953,176
1126,ATN1,78.0019302368164,23.968669891357422,281
1127,ATOH1,77.23927307128906,42.54248809814453,266
1128,ATOH7,80.4058837890625,41.907562255859375,266
1129,ATOH8,80.16378784179688,39.76307678222656,264
1130,ATOX1,122.22467041015625,33.62439727783203,315
1131,ATP10A,114.5041275024414,-34.61832809448242,114
1132,ATP10B,114.47515869140625,-34.638668060302734,114
1133,ATP10D,114.50071716308594,-34.66949462890625,114
1134,ATP11A,114.46574401855469,-34.446571350097656,114
1135,ATP11B,114.53201293945312,-34.64909362792969,114
1136,ATP12A,114.15480041503906,-34.66349411010742,114
1137,ATP13A1,113.96086120605469,-33.731292724609375,114
1138,ATP13A2,113.9695816040039,-32.99227523803711,114
1139,ATP13A3,114.35448455810547,-34.4241943359375,114
1140,ATP13A4,114.11563873291016,-33.969966888427734,114
1141,ATP13A5,114.16673278808594,-34.16853713989258,114
1142,ATP1A1,113.75556182861328,-35.11823272705078,114
1143,ATP1A2,113.82218170166016,-35.471282958984375,114
1144,ATP1A3,113.96662902832031,-35.55656051635742,114
1145,ATP1A4,114.12842559814453,-35.095619201660156,114
1146,ATP1B1,124.11566925048828,-5.624946594238281,197
1147,ATP1B2,124.06040954589844,-6.01403284072876,197
1148,ATP1B3,124.06555938720703,-5.943899154663086,197
1149,ATP23,118.12368774414062,17.296871185302734,445
1150,ATP2A1,113.8865966796875,-35.321895599365234,114
1151,ATP2A2,114.21734619140625,-35.19972229003906,114
1152,ATP2A3,113.95584869384766,-34.808868408203125,114
1153,ATP2B1,113.73658752441406,-34.57566452026367,114
1154,ATP2B2,113.7049560546875,-35.106685638427734,114
1155,ATP2B4,113.68330383300781,-34.95159912109375,114
1156,ATP2C1,114.09796142578125,-34.28154754638672,114
1157,ATP2C2,114.03423309326172,-34.31962585449219,114
1158,ATP4A,114.14948272705078,-35.18169403076172,114
1159,ATP4B,124.01813507080078,-6.530957221984863,197
1160,ATP5F1A,138.0789031982422,22.82049560546875,387
1161,ATP5F1B,137.90377807617188,22.842243194580078,387
1162,ATP5F1C,137.3408203125,26.526195526123047,142
1163,ATP5F1D,134.42742919921875,34.29436492919922,271
1164,ATP5F1E,118.92478942871094,39.2012825012207,186
1165,ATP5IF1,132.80841064453125,35.60500717163086,328
1166,ATP5MC1,135.41078186035156,36.20991516113281,271
1167,ATP5MC2,135.45858764648438,36.496070861816406,271
1168,ATP5MC3,135.04287719726562,35.82918167114258,271
1169,ATP5ME,136.4762420654297,38.98658752441406,271
1170,ATP5MF,135.769775390625,39.090030670166016,271
1171,ATP5MG,135.54608154296875,38.15578842163086,271
1172,ATP5MGL,134.96725463867188,37.96128463745117,271
1173,ATP5PB,134.17410278320312,30.73650550842285,183
1174,ATP5PD,134.49700927734375,36.399166107177734,271
1175,ATP5PF,135.59449768066406,37.79727554321289,271
1176,ATP5PO,136.20135498046875,26.508209228515625,142
1177,ATP6V0A1,106.72142791748047,-31.10442352294922,132
1178,ATP6V0A2,107.70552825927734,-31.25951385498047,132
1179,ATP6V0A4,107.53421020507812,-31.123884201049805,132
1180,ATP6V0B,94.53616333007812,-29.973358154296875,159
1181,ATP6V0C,95.30887603759766,-31.256362915039062,166
1182,ATP6V0D1,113.42963409423828,13.818809509277344,448
1183,ATP6V0D2,119.24641418457031,11.312722206115723,296
1184,ATP6V0E1,91.57527923583984,-26.66358757019043,158
1185,ATP6V0E2,91.9595718383789,-27.09311294555664,158
1186,ATP6V1A,137.3946075439453,19.87598991394043,387
1187,ATP6V1B1,137.50302124023438,21.705982208251953,387
1188,ATP6V1B2,137.4923095703125,21.868667602539062,387
1189,ATP6V1C1,111.47921752929688,22.171279907226562,358
1190,ATP6V1C2,111.1592788696289,22.71848487854004,359
1191,ATP6V1D,115.05363464355469,37.03783416748047,180
1192,ATP6V1E1,113.99923706054688,38.470157623291016,180
1193,ATP6V1E2,113.58605194091797,39.127628326416016,180
1194,ATP6V1F,119.64981842041016,33.895572662353516,316
1195,ATP6V1FNB,89.5931167602539,39.528053283691406,331
1196,ATP6V1G1,114.85118103027344,39.23442840576172,180
1197,ATP6V1G2,113.55950927734375,39.322486877441406,180
1198,ATP6V1G3,114.24605560302734,39.22209930419922,180
1199,ATP6V1H,106.40757751464844,3.6990272998809814,310
1200,ATP7B,113.11419677734375,-33.05141830444336,114
1201,ATP8A1,114.50392150878906,-34.555294036865234,114
1202,ATP8A2,114.4443588256836,-34.44248580932617,114
1203,ATP8B1,114.50850677490234,-34.49055480957031,114
1204,ATP8B2,114.43587493896484,-34.482173919677734,114
1205,ATP8B3,114.09013366699219,-33.96054458618164,114
1206,ATP8B4,114.60897827148438,-34.86012268066406,114
1207,ATP9A,114.4937973022461,-34.5498046875,114
1208,ATP9B,114.59034729003906,-34.73121643066406,114
1209,ATPAF1,128.47695922851562,27.969234466552734,330
1210,ATPAF2,126.68331909179688,23.69072723388672,329
1211,ATPSCKMT,124.0005874633789,20.571979522705078,469
1212,ATR,100.20384216308594,-3.0179097652435303,291
1213,ATRAID,127.16210174560547,-3.6293935775756836,234
1214,ATRIP,107.5727767944336,5.6774001121521,310
1215,ATRN,130.20533752441406,-18.62968635559082,236
1216,ATRNL1,128.1381378173828,-17.069862365722656,236
1217,ATXN1,76.67253112792969,27.830076217651367,281
1218,ATXN10,106.74042510986328,4.550893783569336,310
1219,ATXN1L,93.36338806152344,24.034343719482422,421
1220,ATXN2,76.5962142944336,24.286605834960938,281
1221,ATXN2L,76.99565124511719,24.732282638549805,281
1222,ATXN3,104.89220428466797,22.80702781677246,406
1223,ATXN7,82.48849487304688,23.390798568725586,281
1224,ATXN7L1,81.77574157714844,23.124496459960938,281
1225,ATXN7L2,84.63478088378906,25.310283660888672,349
1226,ATXN7L3,95.93331909179688,25.226831436157227,434
1227,ATXN7L3B,116.43409729003906,28.96528434753418,348
1228,AUH,136.25698852539062,21.14773941040039,387
1229,AUNIP,89.72534942626953,24.167713165283203,412
1230,AUP1,120.43832397460938,4.003722190856934,157
1231,AURKA,126.58876037597656,77.17362213134766,68
1232,AURKAIP1,131.583251953125,34.94574737548828,328
1233,AURKB,127.00300598144531,77.3982162475586,68
1234,AURKC,127.36466979980469,77.50997924804688,68
1235,AUTS2,77.87910461425781,22.54490089416504,281
1236,AVEN,100.34503173828125,28.297691345214844,429
1237,AVIL,104.36949157714844,8.693865776062012,297
1238,AVL9,99.23487854003906,10.631050109863281,431
1239,AVP,148.3206787109375,-19.327125549316406,206
1240,AVPI1,95.8760986328125,42.28742218017578,300
1241,AVPR1A,5.697631359100342,-23.742706298828125,17
1242,AVPR1B,5.9153218269348145,-25.01202392578125,17
1243,AXDND1,78.57260131835938,8.76828670501709,227
1244,AXIN1,87.91649627685547,13.684653282165527,369
1245,AXIN2,88.79911804199219,13.35731315612793,369
1246,AXL,137.04156494140625,67.64765930175781,43
1247,AZGP1,83.38343811035156,96.3240966796875,34
1248,AZI2,81.77376556396484,9.769756317138672,198
1249,AZIN1,128.86117553710938,15.185163497924805,314
1250,AZIN2,127.18183898925781,16.639612197875977,451
1251,AZU1,140.29017639160156,-34.157691955566406,61
1252,B2M,91.56927490234375,104.86398315429688,33
1253,B3GALNT1,142.27801513671875,0.5627505779266357,239
1254,B3GALNT2,137.09634399414062,0.7073091268539429,240
1255,B3GALT1,143.1954345703125,1.0463201999664307,239
1256,B3GALT2,142.56993103027344,-0.3272794485092163,239
1257,B3GALT4,140.6105194091797,0.9809808731079102,239
1258,B3GALT6,140.7340850830078,0.2114086002111435,239
1259,B3GAT1,142.55113220214844,1.0303471088409424,239
1260,B3GAT2,141.6517791748047,0.7098199129104614,239
1261,B3GAT3,140.66087341308594,0.5213212370872498,239
1262,B3GLCT,137.87583923339844,0.40434980392456055,240
1263,B3GNT2,143.32440185546875,0.7824538946151733,239
1264,B3GNT3,141.81915283203125,1.0266340970993042,239
1265,B3GNT4,141.0091552734375,0.853072464466095,239
1266,B3GNT5,143.1661376953125,0.8508795499801636,239
1267,B3GNT6,141.157470703125,0.7301238775253296,239
1268,B3GNT7,142.35299682617188,0.7444131374359131,239
1269,B3GNT8,141.31582641601562,1.2256287336349487,239
1270,B3GNT9,141.2451171875,0.04170849174261093,239
1271,B3GNTL1,125.2461929321289,21.034156799316406,468
1272,B4GALNT1,138.24249267578125,-2.2388603687286377,243
1273,B4GALNT2,130.66986083984375,-1.9357199668884277,252
1274,B4GALNT3,93.35733032226562,14.731093406677246,394
1275,B4GALNT4,94.41522216796875,11.98444938659668,397
1276,B4GALT1,142.92247009277344,0.939166247844696,239
1277,B4GALT2,141.92478942871094,0.7286359071731567,239
1278,B4GALT3,141.4620361328125,0.48261013627052307,239
1279,B4GALT4,142.62652587890625,0.6187740564346313,239
1280,B4GALT5,143.3692626953125,0.9882103204727173,239
1281,B4GALT6,144.01235961914062,0.8469674587249756,239
1282,B4GALT7,140.83811950683594,0.7260769605636597,239
1283,B4GAT1,141.91363525390625,0.594451904296875,239
1284,B9D1,77.8705825805664,-67.74629974365234,84
1285,B9D2,120.72582244873047,22.148067474365234,465
1286,BAALC,96.9789810180664,38.70425033569336,340
1287,BAAT,131.7502899169922,11.787307739257812,196
1288,BABAM1,102.09732818603516,30.53582191467285,382
1289,BABAM2,114.44122314453125,14.946999549865723,448
1290,BACE1,132.6158447265625,-6.696805000305176,235
1291,BACE2,133.27886962890625,-6.511739730834961,235
1292,BACH1,87.70781707763672,22.887203216552734,418
1293,BACH2,88.44124603271484,23.02698516845703,411
1294,BAD,99.74219512939453,37.522586822509766,341
1295,BAG1,110.38912963867188,28.50271987915039,419
1296,BAG2,108.88457489013672,29.884368896484375,419
1297,BAG3,89.75430297851562,32.33729934692383,321
1298,BAG4,78.70821380615234,28.624794006347656,281
1299,BAG5,114.36092376708984,10.53495979309082,389
1300,BAG6,103.46212768554688,27.164020538330078,429
1301,BAHCC1,81.11400604248047,23.385799407958984,281
1302,BAHD1,86.54475402832031,26.67763900756836,349
1303,BAIAP2,92.46925354003906,6.159474849700928,374
1304,BAIAP2L1,91.85858917236328,7.9035234451293945,380
1305,BAIAP2L2,92.12921905517578,8.285163879394531,380
1306,BAIAP3,99.44042205810547,7.400832653045654,413
1307,BAK1,104.2868423461914,30.569446563720703,382
1308,BAMBI,140.79641723632812,-16.180145263671875,248
1309,BANF1,119.69661712646484,35.844085693359375,315
1310,BANF2,117.29692077636719,37.27183532714844,185
1311,BANK1,95.86697387695312,14.709321022033691,385
1312,BANP,69.88813781738281,30.891578674316406,275
1313,BAP1,94.053466796875,21.377025604248047,423
1314,BARD1,91.4375991821289,22.76421546936035,415
1315,BARHL1,68.43193054199219,46.67793655395508,261
1316,BARHL2,67.4329833984375,45.49448013305664,261
1317,BARX1,68.40340423583984,46.48976135253906,261
1318,BARX2,70.01509094238281,46.12735366821289,261
1319,BASP1,96.40247344970703,39.28315734863281,341
1320,BATF,80.6581039428711,39.41746139526367,264
1321,BATF2,78.93841552734375,39.540504455566406,264
1322,BATF3,81.12499237060547,40.08818054199219,266
1323,BAX,104.12711334228516,31.46379280090332,382
1324,BAZ1A,86.89816284179688,19.63150978088379,418
1325,BAZ1B,90.2835693359375,22.2297306060791,415
1326,BAZ2A,78.8886489868164,19.913301467895508,280
1327,BAZ2B,78.83272552490234,19.299625396728516,280
1328,BBC3,94.97232055664062,36.05842208862305,338
1329,BBIP1,107.72042083740234,31.233333587646484,426
1330,BBOF1,75.77332305908203,8.280403137207031,215
1331,BBOX1,126.47090911865234,19.53112030029297,467
1332,BBS1,111.01667785644531,11.1469087600708,386
1333,BBS10,116.74880981445312,15.877050399780273,452
1334,BBS12,118.25555419921875,15.762298583984375,383
1335,BBS2,108.76521301269531,5.5020575523376465,310
1336,BBS4,111.01425170898438,0.29305148124694824,293
1337,BBS5,109.8270492553711,14.306517601013184,357
1338,BBS7,108.57746887207031,6.722670078277588,310
1339,BBS9,107.50544738769531,5.714843273162842,310
1340,BBX,85.70893096923828,23.42864227294922,418
1341,BCAM,99.2783432006836,67.5804672241211,255
1342,BCAN,134.82937622070312,-11.832138061523438,224
1343,BCAP29,94.58334350585938,-25.361469268798828,155
1344,BCAR1,91.88835144042969,17.193790435791016,378
1345,BCAR3,93.35395050048828,12.188371658325195,397
1346,BCAS1,93.70086669921875,36.465171813964844,338
1347,BCAS2,109.44454193115234,29.347627639770508,419
1348,BCAS3,99.33757019042969,7.450484752655029,413
1349,BCAS4,106.85615539550781,31.58702850341797,426
1350,BCAT1,132.33676147460938,16.436298370361328,440
1351,BCAT2,133.275390625,18.098793029785156,440
1352,BCCIP,113.5665512084961,33.20704650878906,401
1353,BCDIN3D,120.36734771728516,21.14352035522461,446
1354,BCHE,135.12075805664062,1.5121793746948242,252
1355,BCKDHA,136.14801025390625,22.20848846435547,387
1356,BCKDHB,135.8101806640625,20.89565086364746,387
1357,BCKDK,124.6786117553711,13.54932689666748,314
1358,BCL10,107.84808349609375,19.773632049560547,395
1359,BCL11A,63.15000915527344,29.108457565307617,176
1360,BCL11B,63.22691345214844,30.083005905151367,176
1361,BCL2,103.4402847290039,30.858144760131836,382
1362,BCL2A1,104.29486083984375,31.016521453857422,382
1363,BCL2L1,104.8063735961914,31.114416122436523,382
1364,BCL2L10,104.53648376464844,31.829883575439453,382
1365,BCL2L11,97.00606536865234,32.24754333496094,337
1366,BCL2L12,94.74432373046875,36.587158203125,338
1367,BCL2L13,100.78120422363281,20.563396453857422,402
1368,BCL2L14,99.220458984375,39.12144470214844,341
1369,BCL2L15,100.12258911132812,40.93528366088867,294
1370,BCL2L2,104.48793029785156,31.41568946838379,382
1371,BCL3,137.82411193847656,53.175140380859375,90
1372,BCL6,60.41185760498047,29.362380981445312,176
1373,BCL6B,59.974647521972656,31.592159271240234,176
1374,BCL7A,100.2828598022461,33.329490661621094,346
1375,BCL7B,100.71800231933594,32.08451843261719,346
1376,BCL7C,97.24934387207031,32.456722259521484,337
1377,BCL9,75.25444793701172,25.14021873474121,281
1378,BCL9L,75.73175811767578,25.244430541992188,281
1379,BCLAF1,69.78594970703125,17.514102935791016,120
1380,BCO1,127.91920471191406,7.085454940795898,205
1381,BCO2,127.65373992919922,4.287659645080566,205
1382,BCR,93.48779296875,9.409636497497559,392
1383,BCS1L,117.45848846435547,19.94985580444336,441
1384,BDH1,133.8433837890625,12.927757263183594,282
1385,BDH2,136.71058654785156,17.540611267089844,440
1386,BDKRB1,2.61881685256958,-24.14089012145996,17
1387,BDKRB2,3.919501781463623,-23.961265563964844,17
1388,BDNF,144.49525451660156,-11.203372955322266,212
1389,BDP1,79.7598648071289,18.794631958007812,280
1390,BEAN1,98.08753204345703,54.30002212524414,262
1391,BECN1,103.77511596679688,23.54486846923828,406
1392,BECN2,104.6083755493164,25.374191284179688,433
1393,BEGAIN,87.07424926757812,18.511280059814453,366
1394,BEND3,91.88690185546875,29.85400390625,321
1395,BEND4,92.46321868896484,30.355514526367188,321
1396,BEND5,94.87747955322266,31.73008155822754,321
1397,BEND6,98.37776184082031,28.33245849609375,439
1398,BEND7,94.4173355102539,35.037540435791016,338
1399,BEST1,102.05400085449219,-22.51572608947754,148
1400,BEST2,101.69071197509766,-22.568984985351562,148
1401,BEST3,103.79196166992188,-23.25678062438965,136
1402,BEST4,102.33567810058594,-22.393192291259766,148
1403,BET1,111.97502899169922,41.99247360229492,181
1404,BET1L,112.7095718383789,41.696163177490234,181
1405,BFAR,100.0248794555664,-25.86235809326172,161
1406,BFSP1,205.63214111328125,25.484737396240234,20
1407,BFSP2,206.4962158203125,25.238616943359375,20
1408,BGLAP,153.85308837890625,-19.060527801513672,133
1409,BHLHA15,78.97600555419922,42.88413619995117,266
1410,BHLHA9,79.73633575439453,41.89088821411133,266
1411,BHLHE22,73.34966278076172,43.15010070800781,254
1412,BHLHE23,77.97047424316406,43.08387756347656,266
1413,BHLHE40,77.19448852539062,39.17881774902344,266
1414,BHLHE41,73.46270751953125,40.767181396484375,254
1415,BHMT,133.8262176513672,16.58909034729004,440
1416,BHMT2,133.6072235107422,17.929920196533203,440
1417,BICC1,78.45235443115234,27.218353271484375,281
1418,BICD1,81.2222671508789,4.507678031921387,211
1419,BICD2,79.83503723144531,4.756373882293701,211
1420,BICDL1,80.36915588378906,5.502180576324463,227
1421,BICDL2,79.45858001708984,6.1632914543151855,227
1422,BICRA,76.35397338867188,26.40291976928711,281
1423,BICRAL,75.66345977783203,27.164085388183594,281
1424,BID,104.31976318359375,29.690879821777344,382
1425,BIK,96.74127197265625,39.44828796386719,341
1426,BIN1,92.6534652709961,6.215465545654297,374
1427,BIN2,93.08307647705078,7.542487144470215,380
1428,BIN3,95.62026977539062,6.4401726722717285,320
1429,BIRC2,99.93396759033203,21.489534378051758,403
1430,BIRC3,97.7657699584961,20.92839813232422,404
1431,BIRC5,104.89100646972656,24.964323043823242,406
1432,BIRC7,97.69389343261719,32.265995025634766,337
1433,BIVM,109.8728256225586,18.38262367248535,405
1434,BLCAP,95.58151245117188,45.96851348876953,301
1435,BLID,96.23035430908203,44.56428146362305,300
1436,BLK,132.92401123046875,73.84663391113281,67
1437,BLM,91.86918640136719,21.27698516845703,422
1438,BLMH,116.70730590820312,17.987186431884766,461
1439,BLNK,88.49483489990234,16.921693801879883,367
1440,BLOC1S1,111.93751525878906,34.45378112792969,391
1441,BLOC1S2,111.10000610351562,32.56311798095703,391
1442,BLOC1S3,99.867919921875,33.050994873046875,346
1443,BLOC1S4,101.90718078613281,32.99376678466797,346
1444,BLOC1S5,108.86329650878906,30.319278717041016,419
1445,BLOC1S6,108.79576110839844,31.140819549560547,424
1446,BLVRA,125.59752655029297,20.53655433654785,468
1447,BLVRB,132.07598876953125,18.817684173583984,458
1448,BLZF1,102.48745727539062,23.100814819335938,432
1449,BMERB1,97.29977416992188,34.01581573486328,338
1450,BMF,94.93621063232422,37.72505187988281,340
1451,BMI1,97.84545135498047,23.802278518676758,360
1452,BMP1,131.7021026611328,-17.669584274291992,236
1453,BMP10,144.14752197265625,-10.132079124450684,212
1454,BMP2,144.9844207763672,-10.194315910339355,212
1455,BMP2K,77.75984954833984,26.38591957092285,281
1456,BMP3,144.64056396484375,-10.345117568969727,212
1457,BMP4,144.60543823242188,-10.310320854187012,212
1458,BMP5,144.11692810058594,-10.529361724853516,212
1459,BMP6,144.23077392578125,-9.821785926818848,212
1460,BMP7,144.32559204101562,-10.132280349731445,212
1461,BMP8A,144.73788452148438,-10.290170669555664,212
1462,BMP8B,143.84393310546875,-10.001657485961914,212
1463,BMPER,133.30294799804688,-20.368587493896484,236
1464,BMPR1A,135.74966430664062,68.40615844726562,42
1465,BMPR1B,136.09671020507812,68.43612670898438,42
1466,BMPR2,87.658935546875,13.884581565856934,369
1467,BMS1,112.51242065429688,31.579421997070312,401
1468,BMT2,118.02310180664062,21.727680206298828,446
1469,BNC1,63.4949836730957,27.95716094970703,176
1470,BNIP1,112.5655288696289,41.23969268798828,181
1471,BNIP2,105.77798461914062,20.575904846191406,364
1472,BNIP3,101.65595245361328,37.883689880371094,295
1473,BNIP3L,101.49223327636719,40.169151306152344,292
1474,BNIP5,90.77874755859375,34.91142272949219,336
1475,BNIPL,102.61712646484375,22.538145065307617,432
1476,BOC,122.9916763305664,-15.350175857543945,219
1477,BOD1,105.65277099609375,28.654157638549805,430
1478,BOD1L1,78.89674377441406,18.704511642456055,280
1479,BOD1L2,106.09847259521484,28.529951095581055,430
1480,BOK,103.88809204101562,31.746139526367188,382
1481,BOLA1,124.63843536376953,28.504152297973633,192
1482,BOLA2,120.9273452758789,33.54750061035156,316
1483,BOLA2B,120.19667053222656,34.08195114135742,316
1484,BOLA3,131.0291748046875,31.82114028930664,328
1485,BOLL,70.60345458984375,33.14487838745117,275
1486,BOP1,123.25239562988281,49.528564453125,66
1487,BORA,90.07141876220703,25.067949295043945,412
1488,BORCS5,107.08795166015625,29.594436645507812,430
1489,BORCS6,96.09623718261719,34.263668060302734,338
1490,BORCS7,108.85334014892578,31.221172332763672,424
1491,BORCS8,109.81129455566406,32.77701187133789,425
1492,BPGM,129.748291015625,22.276931762695312,327
1493,BPHL,132.32638549804688,19.940587997436523,458
1494,BPI,72.1401138305664,-20.49994468688965,64
1495,BPIFA1,72.26325225830078,-20.431596755981445,64
1496,BPIFA2,72.16942596435547,-20.46320343017578,64
1497,BPIFA3,73.4144515991211,-19.739145278930664,64
1498,BPIFB1,72.23975372314453,-20.423877716064453,64
1499,BPIFB2,72.16107177734375,-20.490631103515625,64
1500,BPIFB3,72.24069213867188,-20.437543869018555,64
1501,BPIFB4,72.42677307128906,-20.326644897460938,64
1502,BPIFB6,72.12445831298828,-20.47889518737793,64
1503,BPIFC,72.1218490600586,-20.51205062866211,64
1504,BPNT1,130.7604522705078,18.378881454467773,457
1505,BPTF,78.62698364257812,18.291017532348633,280
1506,BRAF,129.74212646484375,73.80695343017578,68
1507,BRAP,102.15689086914062,23.217239379882812,432
1508,BRAT1,108.18770599365234,4.929403781890869,310
1509,BRCA1,86.51335144042969,22.103872299194336,418
1510,BRCA2,85.91679382324219,21.603670120239258,418
1511,BRD1,93.25328063964844,21.412973403930664,423
1512,BRD2,84.24038696289062,26.638565063476562,349
1513,BRD3,87.55748748779297,27.295377731323242,350
1514,BRD3OS,103.31813049316406,38.08995056152344,295
1515,BRD4,75.14262390136719,23.456974029541016,279
1516,BRD7,95.66597747802734,25.16204071044922,354
1517,BRD8,90.88233184814453,20.867706298828125,422
1518,BRD9,100.45722961425781,25.068649291992188,443
1519,BRDT,87.76993560791016,24.25782012939453,411
1520,BRF1,98.3711929321289,20.76247215270996,404
1521,BRF2,111.25715637207031,22.582481384277344,358
1522,BRI3,97.37236022949219,47.65713119506836,245
1523,BRI3BP,98.38324737548828,-26.658708572387695,161
1524,BRICD5,143.52847290039062,-8.97313404083252,212
1525,BRINP1,123.55243682861328,-11.949310302734375,217
1526,BRINP2,124.78768920898438,-11.76602840423584,217
1527,BRINP3,124.1395492553711,-12.157429695129395,217
1528,BRIP1,94.12586975097656,19.80996322631836,398
1529,BRIX1,115.55400085449219,31.94493865966797,401
1530,BRK1,118.33609771728516,35.15457534790039,195
1531,BRMS1,103.62117004394531,29.103809356689453,429
1532,BRMS1L,102.66407012939453,27.242652893066406,429
1533,BROX,97.79525756835938,8.53100872039795,413
1534,BRPF1,92.84332275390625,21.740739822387695,423
1535,BRPF3,93.39163970947266,21.45425033569336,423
1536,BRSK1,128.20494079589844,75.17402648925781,68
1537,BRSK2,128.83958435058594,75.1115493774414,68
1538,BSCL2,106.02593231201172,-11.734567642211914,107
1539,BSDC1,99.57588195800781,19.87856101989746,402
1540,BSG,100.35545349121094,63.90788269042969,273
1541,BSND,97.69027709960938,52.68037414550781,262
1542,BSPH1,143.31784057617188,-19.816083908081055,221
1543,BSPRY,40.14622116088867,16.99959945678711,53
1544,BST1,132.7403564453125,-1.2034410238265991,252
1545,BST2,96.55899047851562,59.66663360595703,242
1546,BSX,67.85318756103516,47.110679626464844,261
1547,BTAF1,97.23686218261719,-2.635434150695801,291
1548,BTBD1,109.85140991210938,20.331716537475586,395
1549,BTBD10,106.53775024414062,22.23482894897461,406
1550,BTBD11,99.5938491821289,9.344770431518555,413
1551,BTBD16,110.57585906982422,17.65283966064453,405
1552,BTBD17,137.28147888183594,-2.04048490524292,243
1553,BTBD18,87.36518859863281,32.710227966308594,317
1554,BTBD19,131.0678253173828,-46.72228240966797,50
1555,BTBD2,107.31295776367188,20.33686065673828,395
1556,BTBD3,108.16753387451172,19.7696533203125,395
1557,BTBD6,108.68668365478516,20.067386627197266,395
1558,BTBD7,90.69132995605469,16.360063552856445,378
1559,BTBD8,88.00068664550781,18.004730224609375,367
1560,BTBD9,103.12327575683594,11.855728149414062,326
1561,BTC,100.89385223388672,55.31727600097656,253
1562,BTD,134.55194091796875,-0.8092874884605408,252
1563,BTF3,176.67941284179688,25.44754409790039,30
1564,BTF3L4,121.25531005859375,36.829833984375,315
1565,BTG1,95.95071411132812,29.96664047241211,321
1566,BTG2,94.84131622314453,30.66603660583496,321
1567,BTG3,98.06135559082031,28.131038665771484,439
1568,BTG4,99.2760009765625,28.17757797241211,439
1569,BTLA,95.93016052246094,65.927490234375,250
1570,BTN1A1,96.37012481689453,73.22259521484375,163
1571,BTN2A1,96.3973617553711,72.81655883789062,163
1572,BTN2A2,96.30503845214844,72.69549560546875,163
1573,BTN3A1,96.26502990722656,72.951171875,163
1574,BTN3A2,96.0762710571289,70.8470687866211,258
1575,BTN3A3,96.27835083007812,72.80268859863281,163
1576,BTNL2,97.36103057861328,68.99178314208984,259
1577,BTNL3,96.31549835205078,72.64876556396484,163
1578,BTNL8,96.26404571533203,72.37046813964844,163
1579,BTNL9,96.26959228515625,72.9622573852539,163
1580,BTRC,123.9771957397461,51.10630416870117,66
1581,BUB1,88.866943359375,25.38457489013672,412
1582,BUB1B,88.6495132446289,25.442337036132812,412
1583,BUB3,124.36807250976562,51.312355041503906,66
1584,BUD13,103.41312408447266,30.550918579101562,382
1585,BUD23,118.44972229003906,28.719175338745117,355
1586,BUD31,118.55277252197266,33.64486312866211,316
1587,BVES,106.30999755859375,-22.165632247924805,143
1588,BYSL,115.22286224365234,26.169654846191406,361
1589,BZW1,108.61031341552734,8.795332908630371,306
1590,BZW2,108.49786376953125,6.931790828704834,310
1591,C10orf105,100.23796081542969,51.553260803222656,263
1592,C10orf120,91.11900329589844,38.25795364379883,331
1593,C10orf143,94.00502014160156,46.02627182006836,301
1594,C10orf53,117.57640075683594,27.619522094726562,355
1595,C10orf55,94.50770568847656,45.92490768432617,301
1596,C10orf62,94.58476257324219,41.453651428222656,343
1597,C10orf67,78.5649185180664,8.485883712768555,227
1598,C10orf82,86.92559814453125,43.415374755859375,304
1599,C10orf90,86.96178436279297,19.748762130737305,418
1600,C10orf95,94.03681945800781,43.27957534790039,343
1601,C11orf1,87.76256561279297,42.604793548583984,305
1602,C11orf16,92.45220947265625,36.863555908203125,342
1603,C11orf21,94.6810073852539,46.20856857299805,301
1604,C11orf24,91.61692810058594,55.068058013916016,147
1605,C11orf42,94.42965698242188,37.35743713378906,342
1606,C11orf52,95.80117797851562,43.30226135253906,300
1607,C11orf53,72.70161437988281,38.017974853515625,268
1608,C11orf54,126.275390625,16.802993774414062,314
1609,C11orf68,105.49462890625,27.9855899810791,430
1610,C11orf71,94.92964172363281,45.210819244384766,301
1611,C11orf86,96.06842803955078,38.958412170410156,341
1612,C11orf87,99.33355712890625,50.44791793823242,263
1613,C11orf91,93.18656921386719,38.86826705932617,342
1614,C11orf94,153.6905975341797,-19.371706008911133,133
1615,C11orf96,94.41668701171875,34.52389907836914,338
1616,C11orf97,99.06505584716797,36.64051055908203,341
1617,C11orf98,113.48822021484375,34.155250549316406,401
1618,C12orf29,118.3576889038086,16.97246742248535,445
1619,C12orf4,109.8095703125,16.010343551635742,375
1620,C12orf40,87.92991638183594,22.073867797851562,417
1621,C12orf42,93.15478515625,42.406211853027344,339
1622,C12orf50,91.06059265136719,37.080997467041016,331
1623,C12orf54,94.72679901123047,41.813201904296875,343
1624,C12orf56,102.5901870727539,14.466571807861328,353
1625,C12orf57,104.91657257080078,33.70781707763672,382
1626,C12orf60,100.51834869384766,39.296749114990234,292
1627,C12orf71,94.09922790527344,41.30328369140625,343
1628,C12orf76,94.7098617553711,46.132606506347656,301
1629,C13orf42,92.77057647705078,33.21009826660156,336
1630,C13orf46,92.6113510131836,38.987796783447266,342
1631,C14orf119,109.31437683105469,28.47042465209961,419
1632,C14orf132,100.73104095458984,49.35942840576172,263
1633,C14orf178,94.2078857421875,46.315269470214844,301
1634,C14orf28,118.21905517578125,19.808250427246094,441
1635,C14orf93,94.66604614257812,30.910114288330078,321
1636,C15orf39,85.12879943847656,28.275136947631836,349
1637,C15orf40,126.51960754394531,29.70516586303711,192
1638,C15orf61,123.86253356933594,30.141904830932617,192
1639,C15orf62,92.62455749511719,34.338829040527344,338
1640,C16orf46,92.92487335205078,40.68109130859375,339
1641,C16orf54,98.57865142822266,49.31636047363281,263
1642,C16orf72,99.6860580444336,28.94462776184082,439
1643,C16orf74,98.3203125,41.8995246887207,298
1644,C16orf78,90.60211181640625,39.00400924682617,331
1645,C16orf82,93.87802124023438,40.29607391357422,339
1646,C16orf86,95.79499816894531,36.87840270996094,338
1647,C16orf87,98.07273864746094,28.865530014038086,439
1648,C16orf89,138.0885009765625,-8.833736419677734,228
1649,C16orf90,93.35272216796875,37.337337493896484,342
1650,C16orf95,94.54103088378906,44.98051071166992,301
1651,C16orf96,89.1734619140625,28.12662124633789,350
1652,C17orf100,94.16106414794922,42.922550201416016,343
1653,C17orf107,98.149658203125,41.36693572998047,298
1654,C17orf113,91.86479187011719,31.010974884033203,321
1655,C17orf50,97.33226776123047,37.687347412109375,341
1656,C17orf58,138.96604919433594,-11.325284957885742,246
1657,C17orf64,95.64845275878906,35.344459533691406,338
1658,C17orf67,153.22000122070312,-19.089563369750977,133
1659,C17orf75,108.50841522216797,25.526792526245117,322
1660,C17orf78,98.09519958496094,43.32029342651367,300
1661,C17orf80,86.85841369628906,26.522628784179688,349
1662,C17orf98,99.41414642333984,41.50920104980469,298
1663,C17orf99,98.45775604248047,66.8930892944336,259
1664,C18orf21,106.91746520996094,29.760286331176758,430
1665,C18orf25,99.66964721679688,23.359371185302734,444
1666,C18orf32,134.8237762451172,38.84372329711914,271
1667,C18orf63,92.001953125,22.776813507080078,415
1668,C19orf12,128.0782012939453,18.02107048034668,451
1669,C19orf18,97.54429626464844,53.522457122802734,262
1670,C19orf25,107.73754119873047,32.662933349609375,425
1671,C19orf44,87.76022338867188,22.16761016845703,417
1672,C19orf47,91.59684753417969,29.777963638305664,321
1673,C19orf53,118.88861846923828,39.05314636230469,186
1674,C19orf54,118.5194320678711,21.908254623413086,446
1675,C19orf67,99.19740295410156,32.51109313964844,346
1676,C19orf71,88.32701110839844,41.83828353881836,305
1677,C19orf73,94.25040435791016,45.80815124511719,301
1678,C19orf81,103.47774505615234,36.498130798339844,332
1679,C19orf84,94.6075439453125,41.265541076660156,343
1680,C19orf85,90.68831634521484,39.172828674316406,331
1681,C1D,110.99667358398438,29.74622917175293,419
1682,C1GALT1,143.257568359375,0.7088103294372559,239
1683,C1GALT1C1L,142.40744018554688,0.7248404026031494,239
1684,C1QA,157.7983856201172,-10.39889144897461,100
1685,C1QB,158.24610900878906,-10.491690635681152,100
1686,C1QBP,130.47225952148438,29.936023712158203,330
1687,C1QC,157.84202575683594,-10.373562812805176,100
1688,C1QL1,156.40231323242188,-9.610250473022461,100
1689,C1QL2,156.21937561035156,-9.51552963256836,100
1690,C1QL3,156.3814697265625,-9.411825180053711,100
1691,C1QL4,156.58834838867188,-9.528731346130371,100
1692,C1QTNF1,156.98472595214844,-9.893244743347168,100
1693,C1QTNF12,152.5504913330078,-8.173737525939941,100
1694,C1QTNF2,158.74990844726562,-10.496273040771484,100
1695,C1QTNF3,156.87818908691406,-10.315146446228027,100
1696,C1QTNF4,155.41033935546875,-8.736611366271973,100
1697,C1QTNF5,157.63677978515625,-10.451995849609375,100
1698,C1QTNF6,156.3741912841797,-9.782607078552246,100
1699,C1QTNF7,159.5512237548828,-11.164630889892578,100
1700,C1QTNF8,155.51870727539062,-8.998882293701172,100
1701,C1QTNF9,162.1790313720703,-12.25399112701416,99
1702,C1QTNF9B,163.09896850585938,-12.558963775634766,99
1703,C1R,137.0792694091797,-24.458826065063477,146
1704,C1RL,137.22959899902344,-25.757469177246094,146
1705,C1S,136.77584838867188,-24.24759864807129,146
1706,C1orf100,88.11709594726562,42.4307861328125,305
1707,C1orf105,89.76830291748047,41.024085998535156,302
1708,C1orf109,107.92366027832031,27.74697494506836,430
1709,C1orf112,103.77017211914062,0.4847116470336914,308
1710,C1orf115,102.47782897949219,36.06599426269531,332
1711,C1orf122,99.87579345703125,35.25490188598633,341
1712,C1orf127,87.55221557617188,31.850482940673828,317
1713,C1orf131,111.8619613647461,33.63191604614258,391
1714,C1orf141,90.78284454345703,39.067169189453125,331
1715,C1orf159,98.12076568603516,53.82328414916992,262
1716,C1orf162,94.95504760742188,66.30218505859375,250
1717,C1orf167,86.96923065185547,29.2255802154541,350
1718,C1orf174,96.58748626708984,30.88738250732422,321
1719,C1orf185,98.68682098388672,44.334434509277344,300
1720,C1orf198,94.09005737304688,33.096195220947266,335
1721,C1orf21,99.08457946777344,37.50929641723633,341
1722,C1orf210,100.39531707763672,52.11217498779297,263
1723,C1orf216,95.87391662597656,35.82310485839844,338
1724,C1orf226,92.41740417480469,35.54743194580078,338
1725,C1orf232,98.91960144042969,39.002201080322266,341
1726,C1orf43,113.28218078613281,29.16155242919922,388
1727,C1orf50,114.41009521484375,28.795303344726562,388
1728,C1orf52,108.41490173339844,31.12799835205078,424
1729,C1orf53,129.59811401367188,30.725841522216797,330
1730,C1orf54,94.87865447998047,55.105323791503906,147
1731,C1orf74,118.42741394042969,20.27695655822754,446
1732,C1orf87,85.83134460449219,10.912785530090332,369
1733,C1orf94,83.23179626464844,37.39258575439453,287
1734,C2,136.73097229003906,-24.03247833251953,146
1735,C20orf141,97.75082397460938,-24.044055938720703,161
1736,C20orf144,96.12741088867188,40.37690734863281,344
1737,C20orf173,95.87181091308594,44.77229690551758,300
1738,C20orf202,96.37505340576172,38.03990936279297,340
1739,C20orf203,94.20965576171875,46.510009765625,301
1740,C20orf204,111.97196197509766,59.91056442260742,116
1741,C20orf27,121.85233306884766,20.926246643066406,470
1742,C20orf85,87.98240661621094,41.75954818725586,305
1743,C20orf96,76.1740493774414,8.98302936553955,215
1744,C21orf58,92.71843719482422,35.53692626953125,338
1745,C21orf62,116.27290344238281,25.262195587158203,361
1746,C22orf15,93.62899780273438,35.25536346435547,338
1747,C22orf23,92.74657440185547,38.607261657714844,342
1748,C22orf31,92.60979461669922,40.43628692626953,339
1749,C22orf39,123.68815612792969,37.43445587158203,184
1750,C22orf42,89.09605407714844,43.65087890625,303
1751,C2CD2,98.3552474975586,4.2642974853515625,368
1752,C2CD2L,97.827880859375,5.908034324645996,368
1753,C2CD3,88.0177001953125,12.132658958435059,369
1754,C2CD4A,95.11126708984375,33.14560317993164,335
1755,C2CD4B,95.02996826171875,33.08229446411133,335
1756,C2CD4C,93.6844711303711,27.155635833740234,354
1757,C2CD4D,94.89330291748047,31.83440399169922,321
1758,C2CD5,101.1834716796875,5.263471603393555,297
1759,C2CD6,85.94338989257812,15.585123062133789,365
1760,C2orf15,96.3885498046875,42.067665100097656,300
1761,C2orf42,110.65451049804688,20.17709732055664,358
1762,C2orf49,105.92017364501953,31.718177795410156,426
1763,C2orf50,98.40179443359375,37.45030212402344,341
1764,C2orf66,153.50755310058594,-19.223514556884766,133
1765,C2orf68,99.3265609741211,36.268165588378906,341
1766,C2orf69,118.68443298339844,15.619710922241211,383
1767,C2orf72,101.77986907958984,32.92547607421875,346
1768,C2orf73,88.25325012207031,41.05785369873047,302
1769,C2orf74,98.22712707519531,48.458003997802734,245
1770,C2orf76,119.52874755859375,33.81789016723633,316
1771,C2orf78,85.8512191772461,36.40041732788086,287
1772,C2orf80,109.88182067871094,27.854082107543945,323
1773,C2orf81,86.74217224121094,31.702871322631836,317
1774,C2orf88,97.88633728027344,39.643253326416016,341
1775,C2orf92,92.16759490966797,45.18560791015625,301
1776,C3,123.09037780761719,-14.519082069396973,219
1777,C3AR1,3.124119997024536,-23.57101058959961,17
1778,C3orf14,102.37692260742188,37.48717498779297,295
1779,C3orf18,99.19147491455078,51.981163024902344,263
1780,C3orf20,87.08473205566406,11.375679016113281,369
1781,C3orf22,94.29663848876953,45.21399688720703,301
1782,C3orf33,121.5177993774414,23.627405166625977,465
1783,C3orf38,108.86647033691406,21.59700584411621,406
1784,C3orf49,94.47959899902344,38.17166519165039,342
1785,C3orf56,92.884765625,41.427330017089844,339
1786,C3orf62,96.5603256225586,43.13890075683594,300
1787,C3orf70,98.74447631835938,36.21702575683594,341
1788,C3orf80,96.30941772460938,38.21630859375,340
1789,C3orf84,87.798583984375,42.56870651245117,305
1790,C3orf85,104.61834716796875,51.26540756225586,112
1791,C4A,123.25770568847656,-14.240352630615234,219
1792,C4B,123.43692016601562,-14.326271057128906,219
1793,C4BPA,108.01082611083984,72.04766082763672,70
1794,C4BPB,108.20912170410156,72.10802459716797,70
1795,C4orf17,90.49080657958984,39.54346466064453,331
1796,C4orf19,93.2914047241211,34.311336517333984,338
1797,C4orf3,104.17140197753906,45.660701751708984,294
1798,C4orf33,121.71945190429688,19.04476547241211,416
1799,C4orf36,95.53517150878906,44.95586395263672,300
1800,C4orf45,88.56634521484375,40.862030029296875,302
1801,C4orf46,108.6973876953125,29.523136138916016,419
1802,C4orf47,87.17230987548828,42.808685302734375,305
1803,C4orf48,154.61485290527344,-20.211185455322266,133
1804,C4orf50,80.34674072265625,7.735256195068359,227
1805,C4orf51,89.2936019897461,42.478519439697266,303
1806,C4orf54,83.91381072998047,25.4283447265625,349
1807,C5,123.3321533203125,-14.576528549194336,219
1808,C5AR1,1.3032910823822021,-23.56778907775879,17
1809,C5AR2,2.8892393112182617,-24.953365325927734,17
1810,C5orf22,115.82437133789062,18.188154220581055,461
1811,C5orf24,97.43476867675781,33.40552520751953,337
1812,C5orf34,110.2621841430664,15.666736602783203,375
1813,C5orf38,94.2862777709961,46.112281799316406,301
1814,C5orf46,106.74633026123047,53.642250061035156,112
1815,C5orf47,97.74433898925781,41.52605056762695,298
1816,C5orf49,87.65101623535156,42.402915954589844,305
1817,C5orf52,92.09380340576172,41.57433319091797,339
1818,C5orf58,100.08506774902344,32.370086669921875,346
1819,C5orf63,97.15658569335938,43.436073303222656,300
1820,C5orf67,94.22915649414062,45.96363830566406,301
1821,C6,136.42477416992188,-21.13253402709961,146
1822,C6orf118,76.69319915771484,9.484098434448242,215
1823,C6orf120,118.70873260498047,23.631084442138672,372
1824,C6orf132,85.63404846191406,28.970365524291992,349
1825,C6orf136,125.80009460449219,26.555482864379883,325
1826,C6orf141,95.46458435058594,40.00776290893555,344
1827,C6orf15,88.11654663085938,43.89277648925781,303
1828,C6orf163,75.51136016845703,6.3442277908325195,208
1829,C6orf223,94.36359405517578,45.771060943603516,301
1830,C6orf226,103.09599304199219,35.26771926879883,332
1831,C6orf47,98.08644104003906,35.23444366455078,338
1832,C6orf52,93.12521362304688,39.03829574584961,342
1833,C6orf62,116.9547348022461,21.415616989135742,446
1834,C6orf89,139.1465606689453,1.1425306797027588,239
1835,C7,135.2413787841797,-20.775028228759766,236
1836,C7orf25,114.66063690185547,18.069232940673828,463
1837,C7orf31,87.43221282958984,42.63789367675781,305
1838,C7orf33,94.59564208984375,46.38887023925781,301
1839,C7orf50,110.94207763671875,33.28800582885742,391
1840,C7orf57,88.14057159423828,42.28215789794922,305
1841,C7orf61,96.16722869873047,42.90724182128906,300
1842,C7orf77,94.5622329711914,46.177982330322266,301
1843,C8A,137.24407958984375,-21.30388641357422,146
1844,C8B,137.26788330078125,-21.851289749145508,146
1845,C8G,76.38645935058594,-18.91781997680664,81
1846,C8orf33,112.56366729736328,33.6796875,391
1847,C8orf34,90.93167114257812,31.271808624267578,321
1848,C8orf48,91.60615539550781,38.24967956542969,331
1849,C8orf58,94.63914489746094,36.69095230102539,338
1850,C8orf74,100.33078002929688,37.0847282409668,341
1851,C8orf76,112.53977966308594,19.729572296142578,456
1852,C8orf82,101.45125579833984,33.31106185913086,346
1853,C8orf86,94.47401428222656,46.715145111083984,301
1854,C8orf88,96.27471160888672,37.414642333984375,340
1855,C8orf89,91.53263854980469,38.471588134765625,331
1856,C9,137.53802490234375,-19.360458374023438,244
1857,C9orf131,85.9677734375,37.03304672241211,287
1858,C9orf152,93.70067596435547,39.30439758300781,344
1859,C9orf153,96.13357543945312,42.491947174072266,300
1860,C9orf40,101.08113098144531,32.787479400634766,346
1861,C9orf43,90.08395385742188,39.46080017089844,331
1862,C9orf50,94.19126892089844,38.73323059082031,342
1863,C9orf57,144.12380981445312,-19.711688995361328,221
1864,C9orf64,124.03851318359375,18.757701873779297,466
1865,C9orf72,109.6518325805664,13.570576667785645,357
1866,C9orf78,107.93434143066406,33.0648307800293,425
1867,C9orf85,114.38142395019531,31.267797470092773,401
1868,C9orf92,94.48139190673828,46.487728118896484,301
1869,CA1,130.19227600097656,4.826010704040527,251
1870,CA10,130.31646728515625,3.7054336071014404,251
1871,CA11,131.0953369140625,-1.2105389833450317,252
1872,CA12,131.87538146972656,-0.11121642589569092,252
1873,CA13,129.62071228027344,4.7102274894714355,251
1874,CA14,131.38771057128906,0.34194236993789673,251
1875,CA2,130.2996063232422,4.979477882385254,251
1876,CA3,130.3385467529297,4.294175148010254,251
1877,CA4,130.45713806152344,1.5190808773040771,251
1878,CA5A,130.53366088867188,4.207999229431152,251
1879,CA6,132.33811950683594,-1.0536752939224243,252
1880,CA7,130.10365295410156,4.41350793838501,251
1881,CA8,125.37415313720703,10.067436218261719,196
1882,CA9,131.0612335205078,-0.7558656334877014,252
1883,CAAP1,101.36199188232422,28.063644409179688,429
1884,CAB39,106.10423278808594,2.5679562091827393,313
1885,CAB39L,105.98692321777344,3.0939831733703613,313
1886,CABCOCO1,80.55770111083984,9.522611618041992,198
1887,CABIN1,98.52323913574219,-4.296743869781494,291
1888,CABLES1,94.56878662109375,20.32817840576172,398
1889,CABLES2,97.60609436035156,24.823596954345703,439
1890,CABP1,53.35650634765625,-3.6946845054626465,97
1891,CABP2,53.358642578125,-3.654067277908325,97
1892,CABP4,53.71574401855469,-3.309500217437744,97
1893,CABP5,53.40502166748047,-3.6254262924194336,97
1894,CABP7,53.55794906616211,-3.5562942028045654,97
1895,CABS1,89.71316528320312,40.68269729614258,302
1896,CABYR,88.04811096191406,40.02566909790039,302
1897,CACFD1,91.344482421875,-28.704914093017578,158
1898,CACHD1,127.91500854492188,-11.1159086227417,223
1899,CACNA1A,115.51615905761719,-29.170854568481445,115
1900,CACNA1B,115.79281616210938,-29.398712158203125,115
1901,CACNA1D,115.4494857788086,-29.02564811706543,115
1902,CACNA1G,115.53555297851562,-29.096757888793945,115
1903,CACNA1H,115.95924377441406,-28.983043670654297,115
1904,CACNA1I,115.466064453125,-28.72753143310547,115
1905,CACNA1S,115.8126449584961,-28.94977378845215,115
1906,CACNA2D1,124.00146484375,-13.293031692504883,217
1907,CACNA2D2,126.99786376953125,-11.897668838500977,223
1908,CACNA2D3,125.8241958618164,-12.582231521606445,217
1909,CACNA2D4,125.81116485595703,-11.982673645019531,217
1910,CACNB1,92.05577850341797,11.85312271118164,379
1911,CACNB2,89.61273193359375,9.31124210357666,370
1912,CACNB3,91.58118438720703,11.477867126464844,379
1913,CACNB4,91.75326538085938,9.713829040527344,380
1914,CACNG1,84.68749237060547,-32.39313507080078,125
1915,CACNG2,84.42472839355469,-32.4704704284668,125
1916,CACNG3,84.53611755371094,-32.387176513671875,125
1917,CACNG4,84.9281005859375,-31.90069580078125,125
1918,CACNG5,85.01689910888672,-31.839181900024414,125
1919,CACNG6,84.1691665649414,-32.30354309082031,125
1920,CACNG7,84.84454345703125,-32.04719924926758,125
1921,CACNG8,104.47763061523438,-21.536544799804688,136
1922,CACTIN,103.1491928100586,28.810548782348633,429
1923,CACUL1,106.00920867919922,23.387670516967773,406
1924,CACYBP,114.7055892944336,27.528684616088867,388
1925,CAD,98.22555541992188,-5.3859148025512695,291
1926,CADM1,121.627685546875,-17.043058395385742,220
1927,CADM2,121.27313232421875,-16.966609954833984,220
1928,CADM3,99.8970947265625,63.00659942626953,273
1929,CADM4,100.04244995117188,63.583831787109375,273
1930,CADPS,98.224609375,4.214543342590332,368
1931,CADPS2,100.32156372070312,4.331649303436279,368
1932,CAGE1,76.51737976074219,8.150971412658691,215
1933,CALB1,53.61671447753906,-3.5415008068084717,97
1934,CALB2,53.38047790527344,-3.1802918910980225,97
1935,CALCA,155.195068359375,-20.40764617919922,133
1936,CALCB,155.00624084472656,-20.319839477539062,133
1937,CALCOCO1,76.87155151367188,4.013123989105225,231
1938,CALCOCO2,78.49877166748047,4.329212188720703,225
1939,CALCR,110.70809173583984,-31.93657875061035,126
1940,CALCRL,110.21646118164062,-31.970796585083008,126
1941,CALD1,86.30233764648438,17.49097442626953,366
1942,CALHM1,100.08137512207031,-22.143245697021484,149
1943,CALHM2,98.40434265136719,-21.533374786376953,149
1944,CALHM3,99.8411865234375,-21.688953399658203,149
1945,CALHM4,98.38237762451172,-21.966135025024414,149
1946,CALHM5,98.98873138427734,-21.123981475830078,149
1947,CALHM6,98.39473724365234,-21.515689849853516,149
1948,CALM1,53.198081970214844,-3.874833106994629,98
1949,CALM2,52.9666862487793,-4.156252861022949,98
1950,CALM3,53.15944290161133,-3.891913652420044,98
1951,CALML3,53.55785369873047,-3.581242084503174,97
1952,CALML4,54.319034576416016,-3.0093698501586914,97
1953,CALML5,53.46635818481445,-3.6127171516418457,97
1954,CALML6,53.10789489746094,-3.872832775115967,98
1955,CALN1,53.80131149291992,-3.4644346237182617,97
1956,CALR,127.01277923583984,1.4044818878173828,233
1957,CALR3,126.29309844970703,1.8816769123077393,233
1958,CALU,128.68399047851562,-4.756791591644287,234
1959,CALY,99.7490005493164,53.11865997314453,263
1960,CAMK1,127.11620330810547,77.65412902832031,68
1961,CAMK1D,128.25547790527344,76.38296508789062,68
1962,CAMK1G,127.02159118652344,77.5426254272461,68
1963,CAMK2A,128.8245086669922,76.50247192382812,68
1964,CAMK2B,128.70204162597656,76.57379913330078,68
1965,CAMK2D,128.6810302734375,76.39102172851562,68
1966,CAMK2G,128.720458984375,76.74552154541016,68
1967,CAMK2N1,97.8750991821289,40.55413818359375,298
1968,CAMK2N2,97.19032287597656,41.63206481933594,298
1969,CAMK4,128.0676727294922,76.51549530029297,68
1970,CAMKK1,128.95266723632812,75.63042449951172,68
1971,CAMKK2,128.4571533203125,76.1977310180664,68
1972,CAMKMT,118.712890625,19.11027717590332,460
1973,CAMKV,127.14153289794922,76.84272766113281,68
1974,CAMLG,103.33250427246094,29.03661346435547,429
1975,CAMP,76.37487030029297,-18.049964904785156,82
1976,CAMSAP1,85.96788024902344,11.329463958740234,369
1977,CAMSAP2,86.45209503173828,10.651005744934082,369
1978,CAMSAP3,84.14501190185547,12.969730377197266,307
1979,CAMTA1,80.97998809814453,23.046871185302734,281
1980,CAMTA2,94.89413452148438,9.664729118347168,435
1981,CAND1,104.466796875,-0.3397936224937439,308
1982,CAND2,104.34506225585938,0.8080203533172607,308
1983,CANT1,139.91018676757812,2.4743735790252686,239
1984,CANX,126.435302734375,1.1307083368301392,233
1985,CAP1,85.51451110839844,15.319575309753418,365
1986,CAP2,84.57405090332031,14.427528381347656,307
1987,CAPG,104.81063079833984,9.059747695922852,297
1988,CAPN1,115.48973083496094,4.172618865966797,213
1989,CAPN10,115.91205596923828,6.578100204467773,214
1990,CAPN11,115.09820556640625,4.150264739990234,213
1991,CAPN12,114.93829345703125,4.672802925109863,213
1992,CAPN13,115.77635192871094,4.396284103393555,213
1993,CAPN14,115.82645416259766,3.994715690612793,213
1994,CAPN15,91.93827819824219,19.88519859313965,422
1995,CAPN2,115.14912414550781,4.884501934051514,213
1996,CAPN3,115.4439468383789,4.237562656402588,213
1997,CAPN5,113.80760192871094,4.888782978057861,213
1998,CAPN7,119.56452941894531,-6.882089614868164,182
1999,CAPN8,115.8730239868164,4.201541900634766,213
2000,CAPN9,115.8371810913086,4.425167083740234,213
2001,CAPNS1,56.031005859375,-1.5398201942443848,63
2002,CAPNS2,55.58815002441406,-1.9197617769241333,63
2003,CAPRIN1,75.88175964355469,26.650476455688477,281
2004,CAPRIN2,80.80984497070312,23.396615982055664,281
2005,CAPS,55.662864685058594,-2.1340460777282715,63
2006,CAPS2,92.19480895996094,12.039690017700195,397
2007,CAPSL,54.13121032714844,-3.1020901203155518,97
2008,CAPZA1,112.3813247680664,21.066448211669922,358
2009,CAPZA2,111.90286254882812,20.37441635131836,358
2010,CAPZA3,112.762939453125,22.514436721801758,362
2011,CAPZB,114.07586669921875,24.027973175048828,362
2012,CARD10,82.77247619628906,7.760322093963623,227
2013,CARD11,83.46684265136719,6.888389587402344,227
2014,CARD14,83.32969665527344,7.407619476318359,227
2015,CARD16,116.19670104980469,10.711769104003906,389
2016,CARD18,111.64649963378906,24.20924949645996,359
2017,CARD19,88.45489501953125,39.732112884521484,302
2018,CARD6,90.34468841552734,30.75836944580078,321
2019,CARD8,117.008056640625,4.162298679351807,209
2020,CARD9,79.71591186523438,5.898182392120361,227
2021,CARF,70.25501251220703,30.963926315307617,275
2022,CARHSP1,106.89048767089844,26.152854919433594,390
2023,CARM1,106.5013427734375,20.939117431640625,406
2024,CARMIL1,92.171142578125,12.195352554321289,397
2025,CARMIL2,90.77400207519531,11.205421447753906,376
2026,CARMIL3,90.83592224121094,11.626167297363281,376
2027,CARNMT1,118.2540512084961,20.54986000061035,446
2028,CARNS1,114.45008850097656,7.4527668952941895,214
2029,CARS2,125.22189331054688,13.311920166015625,314
2030,CARTPT,154.14205932617188,-19.770444869995117,133
2031,CASC3,76.1595230102539,24.467370986938477,281
2032,CASD1,102.88856506347656,-29.458887100219727,156
2033,CASKIN1,86.48932647705078,13.64052963256836,369
2034,CASKIN2,87.88367462158203,13.12445068359375,369
2035,CASP1,116.8690414428711,6.47383451461792,214
2036,CASP10,115.37290954589844,6.525683879852295,214
2037,CASP12,117.29889678955078,6.97554349899292,214
2038,CASP14,117.21067810058594,6.3716721534729,214
2039,CASP2,115.82807922363281,11.90439224243164,447
2040,CASP3,117.59501647949219,7.726619243621826,214
2041,CASP4,117.29039001464844,6.746230602264404,214
2042,CASP5,117.47975158691406,6.227344989776611,214
2043,CASP6,117.85667419433594,9.220460891723633,214
2044,CASP7,117.86869812011719,7.692908763885498,214
2045,CASP8,116.0910873413086,6.289495468139648,214
2046,CASP8AP2,80.22186279296875,19.31671142578125,280
2047,CASP9,117.33565521240234,13.746418952941895,319
2048,CASQ1,127.20122528076172,-0.03166607767343521,233
2049,CASQ2,126.51461791992188,0.5954360365867615,233
2050,CASR,112.50180053710938,-26.72022819519043,123
2051,CASS4,91.12429809570312,15.426624298095703,334
2052,CAST,88.43159484863281,26.992341995239258,350
2053,CASTOR1,114.07324981689453,16.41309928894043,448
2054,CASTOR2,107.87421417236328,17.769506454467773,375
2055,CASZ1,63.097503662109375,28.65362548828125,176
2056,CAT,132.8902130126953,12.877376556396484,282
2057,CATIP,107.40959167480469,10.859785079956055,297
2058,CATSPER1,87.01678466796875,39.85324478149414,302
2059,CATSPER2,105.72150421142578,-25.266284942626953,141
2060,CATSPER3,105.04034423828125,-24.816160202026367,136
2061,CATSPER4,105.8540267944336,-25.967493057250977,132
2062,CATSPERB,118.70941162109375,-1.297276258468628,191
2063,CATSPERD,118.64261627197266,-0.5096095204353333,191
2064,CATSPERE,118.99703979492188,-1.5438792705535889,191
2065,CATSPERG,118.89216613769531,-1.557536244392395,191
2066,CATSPERZ,100.0657730102539,37.4237060546875,341
2067,CAV1,101.89892578125,42.81999588012695,294
2068,CAV2,101.79581451416016,43.141990661621094,294
2069,CAV3,101.90286254882812,43.42713928222656,294
2070,CAVIN1,97.2300796508789,34.156639099121094,338
2071,CAVIN2,96.74653625488281,34.592529296875,338
2072,CAVIN3,98.93563079833984,34.71908187866211,346
2073,CAVIN4,97.32300567626953,32.71461868286133,337
2074,CBARP,93.12310028076172,35.20909881591797,338
2075,CBFA2T2,80.37675476074219,27.74413299560547,281
2076,CBFA2T3,81.69464874267578,27.037132263183594,281
2077,CBFB,100.95802307128906,17.624046325683594,381
2078,CBL,86.37123107910156,17.268049240112305,366
2079,CBLB,83.968017578125,15.54226303100586,307
2080,CBLC,99.14967346191406,13.609813690185547,428
2081,CBLIF,137.43032836914062,-7.9872941970825195,228
2082,CBLL1,75.26893615722656,23.483787536621094,279
2083,CBLN1,155.77137756347656,-9.04710578918457,100
2084,CBLN2,155.64158630371094,-9.049993515014648,100
2085,CBLN3,154.51846313476562,-9.113295555114746,100
2086,CBLN4,155.93572998046875,-9.19495964050293,100
2087,CBR1,130.90589904785156,16.748807907104492,454
2088,CBR3,128.33277893066406,17.4674015045166,451
2089,CBR4,134.98681640625,13.631349563598633,282
2090,CBS,134.10931396484375,18.461387634277344,440
2091,CBWD1,125.26081848144531,19.300067901611328,468
2092,CBWD2,124.69766235351562,18.990041732788086,468
2093,CBWD3,125.14276123046875,18.8187255859375,468
2094,CBWD5,123.95512390136719,18.645870208740234,466
2095,CBWD6,124.237548828125,18.45992660522461,466
2096,CBX1,105.446533203125,35.53065872192383,284
2097,CBX2,88.8529281616211,28.494836807250977,350
2098,CBX3,108.32691955566406,35.51551055908203,284
2099,CBX4,88.34185791015625,27.78618621826172,350
2100,CBX5,105.5514907836914,36.02241134643555,284
2101,CBX6,93.68710327148438,29.732303619384766,321
2102,CBX7,94.31367492675781,28.674884796142578,354
2103,CBX8,89.44024658203125,28.869159698486328,350
2104,CBY1,98.2234878540039,33.719581604003906,337
2105,CBY3,94.48088836669922,41.85784912109375,343
2106,CC2D1A,100.69207000732422,16.883705139160156,381
2107,CC2D1B,100.24555969238281,19.4235782623291,402
2108,CC2D2A,83.7955551147461,8.880229949951172,226
2109,CC2D2B,90.5942611694336,11.179319381713867,376
2110,CCAR1,75.50936889648438,22.88954734802246,279
2111,CCAR2,103.475341796875,14.165962219238281,353
2112,CCBE1,135.5718994140625,-19.707794189453125,236
2113,CCDC102A,79.16191864013672,5.214166164398193,227
2114,CCDC102B,76.16585540771484,4.292756080627441,231
2115,CCDC103,106.66133880615234,28.937227249145508,430
2116,CCDC105,72.52459716796875,10.507245063781738,215
2117,CCDC106,96.99066162109375,33.77594757080078,338
2118,CCDC107,100.72113800048828,38.83428192138672,292
2119,CCDC110,77.1689453125,9.387879371643066,215
2120,CCDC112,80.24504852294922,11.996260643005371,198
2121,CCDC113,75.19955444335938,9.114013671875,215
2122,CCDC115,112.35629272460938,30.27728271484375,400
2123,CCDC116,85.10940551757812,29.424118041992188,349
2124,CCDC117,96.8050765991211,32.91335678100586,337
2125,CCDC12,108.42332458496094,34.39556884765625,425
2126,CCDC121,76.46461486816406,7.593546390533447,215
2127,CCDC122,76.20082092285156,7.333533763885498,215
2128,CCDC124,109.42765045166016,34.60511016845703,425
2129,CCDC125,79.63819885253906,7.254615783691406,227
2130,CCDC126,110.3317642211914,16.069704055786133,375
2131,CCDC127,102.11322784423828,38.118473052978516,295
2132,CCDC13,78.72561645507812,5.961112022399902,227
2133,CCDC134,107.3836898803711,26.213275909423828,390
2134,CCDC136,76.36676025390625,4.469649791717529,231
2135,CCDC137,112.66741943359375,33.99429702758789,391
2136,CCDC138,100.55827331542969,13.727444648742676,408
2137,CCDC14,80.9206771850586,10.708046913146973,198
2138,CCDC140,94.74354553222656,46.449527740478516,301
2139,CCDC141,94.89685821533203,10.08887767791748,435
2140,CCDC142,109.13748168945312,7.83866024017334,306
2141,CCDC144A,69.18255615234375,-0.5648944973945618,77
2142,CCDC146,75.14846801757812,7.640982151031494,215
2143,CCDC148,78.76210021972656,10.167241096496582,227
2144,CCDC149,81.8740234375,8.528606414794922,226
2145,CCDC15,82.95154571533203,18.75181007385254,318
2146,CCDC150,74.45780181884766,3.1510379314422607,232
2147,CCDC152,76.111083984375,5.561948299407959,231
2148,CCDC153,74.7308120727539,8.795991897583008,215
2149,CCDC154,76.11937713623047,6.374903202056885,215
2150,CCDC157,78.33575439453125,8.172282218933105,227
2151,CCDC158,73.82447052001953,3.266916275024414,232
2152,CCDC159,94.08079528808594,36.73582458496094,342
2153,CCDC163,96.92691802978516,43.529823303222656,300
2154,CCDC166,100.82069396972656,34.92991638183594,345
2155,CCDC167,112.96607208251953,41.09165954589844,181
2156,CCDC169,80.03569030761719,7.998749732971191,227
2157,CCDC17,90.10658264160156,31.022235870361328,321
2158,CCDC170,74.49151611328125,5.402734279632568,208
2159,CCDC171,74.61023712158203,3.0059456825256348,232
2160,CCDC172,76.2359848022461,7.603923797607422,215
2161,CCDC174,107.79155731201172,33.25452423095703,425
2162,CCDC175,75.82998657226562,7.393176078796387,215
2163,CCDC177,78.15628051757812,8.230233192443848,227
2164,CCDC178,75.97096252441406,8.095065116882324,215
2165,CCDC179,95.81654357910156,44.365238189697266,300
2166,CCDC18,74.18121337890625,3.032008647918701,232
2167,CCDC180,80.37826538085938,8.423637390136719,227
2168,CCDC181,80.51756286621094,13.03986644744873,198
2169,CCDC182,100.63980865478516,36.60541534423828,341
2170,CCDC183,74.45124816894531,8.811360359191895,215
2171,CCDC184,97.83137512207031,35.360191345214844,338
2172,CCDC185,77.4454116821289,9.81902027130127,215
2173,CCDC186,75.63211059570312,3.3563363552093506,232
2174,CCDC187,85.4053955078125,27.688772201538086,349
2175,CCDC188,94.95529174804688,36.48162078857422,338
2176,CCDC190,93.00431823730469,37.02799606323242,342
2177,CCDC191,80.11790466308594,11.933146476745605,198
2178,CCDC192,76.35121154785156,5.960751056671143,231
2179,CCDC194,100.99722290039062,35.325897216796875,345
2180,CCDC195,93.99961853027344,38.4886474609375,342
2181,CCDC196,73.94733428955078,8.210721969604492,215
2182,CCDC197,101.65289306640625,36.11368942260742,332
2183,CCDC198,89.51469421386719,39.70105743408203,331
2184,CCDC200,75.3395767211914,28.95927619934082,281
2185,CCDC201,94.8614501953125,40.70476531982422,343
2186,CCDC24,95.36922454833984,34.54319381713867,338
2187,CCDC25,108.60885620117188,33.391807556152344,425
2188,CCDC27,78.4191665649414,9.171278953552246,227
2189,CCDC28A,103.75602722167969,32.575504302978516,382
2190,CCDC28B,104.05886840820312,34.48354721069336,332
2191,CCDC3,136.75900268554688,-11.193115234375,241
2192,CCDC30,75.45487213134766,4.049837112426758,232
2193,CCDC32,96.20465087890625,40.849246978759766,298
2194,CCDC33,80.78634643554688,8.653646469116211,227
2195,CCDC34,80.15122985839844,12.434849739074707,198
2196,CCDC38,76.65088653564453,9.021785736083984,215
2197,CCDC40,75.12503814697266,8.06564712524414,215
2198,CCDC42,75.20018005371094,8.88939094543457,215
2199,CCDC43,107.690673828125,32.171173095703125,425
2200,CCDC47,112.99710083007812,31.098773956298828,400
2201,CCDC50,93.84426879882812,19.040000915527344,398
2202,CCDC51,126.47233581542969,25.736608505249023,329
2203,CCDC54,96.44583129882812,41.69059371948242,298
2204,CCDC57,76.31730651855469,4.917825222015381,231
2205,CCDC59,111.0435562133789,33.948341369628906,391
2206,CCDC6,82.0931396484375,8.771595001220703,226
2207,CCDC60,88.9787368774414,39.138671875,331
2208,CCDC61,86.40446472167969,12.53321647644043,369
2209,CCDC62,79.59027099609375,8.844624519348145,227
2210,CCDC63,74.54475402832031,8.372867584228516,215
2211,CCDC65,74.88168334960938,8.327974319458008,215
2212,CCDC66,81.68297576904297,15.244475364685059,307
2213,CCDC68,77.46492004394531,5.816583633422852,225
2214,CCDC69,77.4312744140625,5.355775833129883,225
2215,CCDC7,84.6370849609375,14.844626426696777,365
2216,CCDC70,96.16818237304688,43.562767028808594,300
2217,CCDC71,86.5952377319336,37.13986587524414,287
2218,CCDC71L,96.85615539550781,33.99891662597656,338
2219,CCDC73,78.41429138183594,10.156709671020508,215
2220,CCDC74A,92.22544860839844,37.81754684448242,342
2221,CCDC74B,91.95003509521484,38.14590835571289,331
2222,CCDC77,77.09563446044922,4.920668125152588,225
2223,CCDC78,76.028564453125,9.384297370910645,215
2224,CCDC8,90.88858032226562,35.0933837890625,336
2225,CCDC81,77.52613830566406,9.891854286193848,215
2226,CCDC82,92.98725128173828,24.99002456665039,421
2227,CCDC83,75.39797973632812,8.49852466583252,215
2228,CCDC85A,87.36316680908203,11.222064971923828,369
2229,CCDC85B,99.18348693847656,34.56974792480469,346
2230,CCDC86,113.1900405883789,32.58612060546875,401
2231,CCDC87,90.83145141601562,26.871349334716797,384
2232,CCDC88A,78.81099700927734,2.4121501445770264,193
2233,CCDC88B,76.81731414794922,5.151889801025391,231
2234,CCDC88C,75.7185287475586,2.8457906246185303,232
2235,CCDC89,76.42704772949219,4.709989547729492,231
2236,CCDC9,86.2198257446289,28.33092498779297,350
2237,CCDC90B,111.64292907714844,28.848098754882812,388
2238,CCDC91,75.86154174804688,5.026262283325195,231
2239,CCDC92,81.89907836914062,7.7551655769348145,227
2240,CCDC93,79.22160339355469,7.0937700271606445,227
2241,CCDC96,75.09403228759766,8.31926155090332,215
2242,CCDC97,106.02233123779297,31.680370330810547,426
2243,CCDC9B,87.45349884033203,30.19091033935547,317
2244,CCER1,95.07511901855469,32.75136184692383,335
2245,CCER2,91.09915924072266,44.07788848876953,303
2246,CCHCR1,76.34712982177734,5.220695495605469,231
2247,CCIN,131.6288299560547,-48.104732513427734,50
2248,CCK,154.81488037109375,-20.166141510009766,133
2249,CCKAR,6.703716278076172,-22.759384155273438,17
2250,CCKBR,6.768436431884766,-23.585926055908203,17
2251,CCL1,163.42044067382812,-40.93943786621094,46
2252,CCL11,163.4402618408203,-40.949859619140625,46
2253,CCL13,163.26931762695312,-40.79105758666992,46
2254,CCL14,163.70437622070312,-41.239112854003906,46
2255,CCL15,163.5444793701172,-41.08429718017578,46
2256,CCL16,163.14691162109375,-40.63295364379883,46
2257,CCL17,163.49667358398438,-41.018287658691406,46
2258,CCL18,163.46768188476562,-40.99074935913086,46
2259,CCL19,163.4315643310547,-40.93538284301758,46
2260,CCL2,163.55917358398438,-41.0867919921875,46
2261,CCL20,162.77886962890625,-40.29523468017578,46
2262,CCL21,162.87118530273438,-40.334163665771484,46
2263,CCL22,163.36622619628906,-40.872154235839844,46
2264,CCL23,163.56619262695312,-41.10013961791992,46
2265,CCL24,163.3306121826172,-40.828426361083984,46
2266,CCL25,163.73095703125,-41.24609375,46
2267,CCL26,163.556396484375,-41.07976531982422,46
2268,CCL27,163.296142578125,-40.787841796875,46
2269,CCL28,163.14349365234375,-40.57330322265625,46
2270,CCL3,163.55679321289062,-41.09572982788086,46
2271,CCL3L1,163.59945678710938,-41.13922882080078,46
2272,CCL4,164.18199157714844,-41.72528076171875,46
2273,CCL4L2,163.6455078125,-41.18891906738281,46
2274,CCL5,163.55621337890625,-41.0999641418457,46
2275,CCL7,163.45420837402344,-40.9684944152832,46
2276,CCL8,163.45448303222656,-40.967979431152344,46
2277,CCM2,100.0733642578125,13.545145034790039,427
2278,CCM2L,93.69024658203125,23.858917236328125,421
2279,CCN1,139.56744384765625,-18.212865829467773,244
2280,CCN2,139.34210205078125,-18.16896629333496,244
2281,CCN3,139.31991577148438,-17.785757064819336,244
2282,CCN4,139.33447265625,-18.034494400024414,244
2283,CCN5,139.00180053710938,-18.71880340576172,244
2284,CCN6,141.05838012695312,-18.702787399291992,248
2285,CCNA1,96.57078552246094,23.469676971435547,360
2286,CCNA2,96.10678100585938,23.570871353149414,360
2287,CCNB1,95.29483795166016,23.26058578491211,421
2288,CCNB1IP1,103.85269165039062,25.986452102661133,433
2289,CCNB2,95.59693908691406,22.856945037841797,421
2290,CCNC,110.80750274658203,23.22572898864746,359
2291,CCND1,105.4182357788086,22.619300842285156,406
2292,CCND2,105.744384765625,22.259410858154297,406
2293,CCND3,105.79078674316406,22.95131492614746,406
2294,CCNDBP1,111.24225616455078,27.06116485595703,377
2295,CCNE1,104.3055648803711,22.27531623840332,406
2296,CCNE2,104.43556213378906,23.18299102783203,406
2297,CCNF,92.55924987792969,19.369535446166992,422
2298,CCNG1,106.69862365722656,23.179317474365234,406
2299,CCNG2,106.34234619140625,22.554731369018555,406
2300,CCNH,113.04973602294922,22.643447875976562,362
2301,CCNI,106.05076599121094,23.082794189453125,406
2302,CCNI2,106.13273620605469,22.894317626953125,406
2303,CCNJ,105.71803283691406,21.923786163330078,406
2304,CCNJL,106.18431854248047,21.154640197753906,406
2305,CCNK,75.1528549194336,23.690244674682617,279
2306,CCNL1,68.24108123779297,17.384387969970703,120
2307,CCNL2,68.66617584228516,17.485212326049805,120
2308,CCNO,105.47201538085938,23.513681411743164,406
2309,CCNT1,85.35042572021484,22.83969497680664,418
2310,CCNT2,82.55608367919922,23.133731842041016,281
2311,CCNY,104.36981201171875,12.106830596923828,352
2312,CCNYL1,104.28762817382812,13.131451606750488,352
2313,CCP110,86.55831909179688,20.88628578186035,418
2314,CCPG1,81.00764465332031,7.74379301071167,227
2315,CCR1,1.3419146537780762,-23.209678649902344,17
2316,CCR10,3.3466575145721436,-24.87701416015625,17
2317,CCR2,1.7787213325500488,-23.382003784179688,17
2318,CCR3,2.194410800933838,-23.358016967773438,17
2319,CCR4,1.4234049320220947,-23.269119262695312,17
2320,CCR5,1.5257924795150757,-23.271480560302734,17
2321,CCR6,1.5123291015625,-23.319717407226562,17
2322,CCR7,2.0587570667266846,-23.596132278442383,17
2323,CCR8,1.3687503337860107,-23.306467056274414,17
2324,CCR9,1.8386311531066895,-23.323183059692383,17
2325,CCRL2,1.3580740690231323,-23.41469955444336,17
2326,CCS,125.46476745605469,20.926551818847656,468
2327,CCSAP,93.54673767089844,33.961708068847656,338
2328,CCSER1,83.93683624267578,19.945215225219727,318
2329,CCSER2,82.36823272705078,19.65701675415039,318
2330,CCT2,142.24034118652344,25.361806869506836,102
2331,CCT3,142.53762817382812,25.518695831298828,102
2332,CCT4,142.3520965576172,25.437061309814453,102
2333,CCT5,142.54727172851562,25.219648361206055,102
2334,CCT6A,142.25779724121094,25.489177703857422,102
2335,CCT6B,142.22923278808594,25.415307998657227,102
2336,CCT7,142.48599243164062,25.510595321655273,102
2337,CCT8,142.85650634765625,25.787031173706055,102
2338,CCT8L2,120.0606918334961,14.987077713012695,455
2339,CCZ1,113.88153839111328,19.32731056213379,456
2340,CCZ1B,113.1712646484375,18.713829040527344,456
2341,CD101,97.61066436767578,67.70122528076172,259
2342,CD109,123.8587646484375,-13.216869354248047,219
2343,CD14,156.18321228027344,46.054351806640625,105
2344,CD151,82.83335876464844,-28.149263381958008,118
2345,CD160,96.23861694335938,67.17293548583984,259
2346,CD163,132.9925537109375,-20.34079360961914,236
2347,CD163L1,132.7750244140625,-20.161537170410156,236
2348,CD164,92.60690307617188,55.883731842041016,147
2349,CD164L2,100.97245788574219,56.90689468383789,253
2350,CD177,144.9940643310547,-20.048999786376953,221
2351,CD180,156.56053161621094,46.03326416015625,105
2352,CD19,95.73380279541016,64.0958480834961,250
2353,CD1A,83.39872741699219,96.11822509765625,34
2354,CD1B,83.3462905883789,96.29730987548828,34
2355,CD1C,83.2347412109375,96.49766540527344,34
2356,CD1D,83.23929595947266,96.49899291992188,34
2357,CD1E,83.42668151855469,96.10314178466797,34
2358,CD2,96.13903045654297,67.34294128417969,259
2359,CD200,97.64217376708984,66.40615844726562,259
2360,CD200R1,97.28904724121094,66.98841094970703,259
2361,CD200R1L,97.39140319824219,66.96047973632812,259
2362,CD207,70.72499084472656,-43.71706008911133,56
2363,CD209,71.1862564086914,-43.114219665527344,56
2364,CD22,96.40656280517578,70.31829833984375,259
2365,CD24,97.43121337890625,54.710723876953125,262
2366,CD244,95.50406646728516,68.29177856445312,259
2367,CD247,95.1470947265625,63.79947280883789,250
2368,CD248,133.32313537597656,-13.738303184509277,224
2369,CD27,98.2589111328125,58.388648986816406,242
2370,CD274,96.90066528320312,67.72294616699219,259
2371,CD276,99.03488159179688,64.8368148803711,272
2372,CD28,96.02348327636719,67.53236389160156,259
2373,CD2AP,87.8135757446289,15.311107635498047,367
2374,CD2BP2,106.60337829589844,31.188453674316406,426
2375,CD300A,93.80741119384766,71.97262573242188,257
2376,CD300C,93.89094543457031,71.83782196044922,257
2377,CD300E,93.41788482666016,72.49369812011719,257
2378,CD300H,94.16978454589844,71.06061553955078,258
2379,CD300LB,94.21485900878906,71.15390014648438,258
2380,CD300LD,94.0943832397461,71.11908721923828,258
2381,CD300LF,94.00823974609375,71.6318130493164,258
2382,CD300LG,93.87335968017578,71.63286590576172,258
2383,CD302,133.4763946533203,-1.7433946132659912,252
2384,CD320,99.0506591796875,58.97985076904297,242
2385,CD33,93.57677459716797,72.61773681640625,257
2386,CD34,92.4788818359375,55.62744903564453,147
2387,CD36,126.04264068603516,-6.9039201736450195,197
2388,CD37,82.88616943359375,-28.29190444946289,118
2389,CD38,128.49057006835938,-1.3775930404663086,234
2390,CD3D,96.28038024902344,67.4975357055664,259
2391,CD3E,95.0117416381836,68.1705551147461,259
2392,CD3G,95.91444396972656,67.7981185913086,259
2393,CD4,97.1832275390625,68.249755859375,259
2394,CD40,98.24758911132812,58.99847412109375,242
2395,CD44,94.38484191894531,53.57048797607422,147
2396,CD46,107.72999572753906,71.56411743164062,70
2397,CD47,99.99980163574219,62.624977111816406,273
2398,CD48,96.2400894165039,68.15605163574219,259
2399,CD5,98.30372619628906,64.99633026123047,272
2400,CD52,98.54912567138672,54.41583251953125,262
2401,CD53,83.11018371582031,-28.234031677246094,118
2402,CD55,107.32023620605469,70.89788055419922,70
2403,CD58,96.84890747070312,67.65806579589844,259
2404,CD59,145.2525177001953,-20.221349716186523,221
2405,CD5L,134.62521362304688,-20.930065155029297,236
2406,CD6,98.65937805175781,64.01118469238281,272
2407,CD63,82.54523468017578,-28.02414321899414,118
2408,CD68,92.09898376464844,56.21036911010742,147
2409,CD69,70.3624267578125,-44.1522216796875,57
2410,CD7,95.53168487548828,68.4478759765625,259
2411,CD70,156.3355712890625,-7.655937194824219,100
2412,CD72,70.69683837890625,-43.709014892578125,56
2413,CD74,122.67517852783203,-1.3598897457122803,191
2414,CD79A,97.02005004882812,66.53795623779297,259
2415,CD79B,96.61003875732422,67.35823059082031,259
2416,CD80,97.11618041992188,67.21963500976562,259
2417,CD81,82.63101196289062,-28.248477935791016,118
2418,CD82,82.78163146972656,-28.19230079650879,118
2419,CD83,97.63031005859375,66.26264953613281,259
2420,CD84,95.59490203857422,66.83154296875,259
2421,CD86,96.67186737060547,67.27804565429688,259
2422,CD8A,95.10237884521484,68.56916809082031,259
2423,CD8B,95.39042663574219,68.62649536132812,259
2424,CD8B2,94.17481231689453,69.97665405273438,258
2425,CD9,82.52548217773438,-28.077781677246094,118
2426,CD93,133.9447479248047,-14.829523086547852,224
2427,CD96,96.88217163085938,66.87032318115234,259
2428,CDA,121.6933364868164,23.34974479675293,465
2429,CDADC1,111.71502685546875,20.82756805419922,358
2430,CDAN1,105.42427825927734,7.420808792114258,299
2431,CDC123,114.8655014038086,16.09236717224121,448
2432,CDC14A,97.70862579345703,12.038779258728027,438
2433,CDC14B,102.94194030761719,14.207571029663086,353
2434,CDC14C,110.34835815429688,21.695825576782227,358
2435,CDC16,110.66222381591797,-0.16479836404323578,293
2436,CDC20,124.21492004394531,51.18939971923828,66
2437,CDC20B,124.26852416992188,50.746070861816406,66
2438,CDC23,111.59468841552734,-0.012378472834825516,293
2439,CDC25A,91.64947509765625,25.279237747192383,412
2440,CDC25B,92.32046508789062,25.2834415435791,384
2441,CDC25C,91.1269760131836,24.99862289428711,412
2442,CDC26,107.40054321289062,35.11627960205078,425
2443,CDC27,110.76518249511719,0.0857720673084259,293
2444,CDC34,113.22210693359375,-7.520504951477051,83
2445,CDC37,109.67242431640625,30.152015686035156,419
2446,CDC37L1,108.42324829101562,25.66042709350586,322
2447,CDC40,123.18142700195312,49.53880310058594,66
2448,CDC42,75.18955993652344,-71.11711120605469,95
2449,CDC42BPA,81.472900390625,2.4363250732421875,211
2450,CDC42BPB,81.01858520507812,2.4705135822296143,211
2451,CDC42BPG,82.27698516845703,5.6987481117248535,227
2452,CDC42EP1,91.41104125976562,34.09327697753906,336
2453,CDC42EP2,91.15906524658203,34.631797790527344,336
2454,CDC42EP3,90.21949005126953,34.2390022277832,336
2455,CDC42EP4,90.87059783935547,34.9471435546875,336
2456,CDC42EP5,79.51846313476562,40.535499572753906,266
2457,CDC42SE1,99.48976135253906,36.250518798828125,341
2458,CDC42SE2,100.97553253173828,14.908495903015137,353
2459,CDC45,114.79264831542969,16.02922821044922,448
2460,CDC5L,107.17896270751953,31.65639877319336,425
2461,CDC6,92.85513305664062,21.76187515258789,423
2462,CDC7,104.71681213378906,21.328826904296875,364
2463,CDC73,105.38399505615234,24.226858139038086,406
2464,CDCA2,89.31938934326172,24.851369857788086,412
2465,CDCA3,90.46809387207031,27.84929084777832,384
2466,CDCA4,85.91441345214844,35.34438705444336,287
2467,CDCA5,91.28314971923828,26.232505798339844,384
2468,CDCA7,97.56316375732422,23.475618362426758,360
2469,CDCA7L,97.53665924072266,23.238319396972656,360
2470,CDCA8,90.2120132446289,25.57175636291504,412
2471,CDCP1,98.31791687011719,65.72241973876953,259
2472,CDCP2,130.5303955078125,-2.750934600830078,234
2473,CDH1,122.59217834472656,-43.899391174316406,51
2474,CDH10,122.71809387207031,-44.02274703979492,51
2475,CDH11,122.74349212646484,-43.99959182739258,51
2476,CDH12,122.7107925415039,-44.02896499633789,51
2477,CDH13,122.74787139892578,-43.962677001953125,51
2478,CDH15,122.74407196044922,-43.65861511230469,51
2479,CDH16,122.8280029296875,-42.7086067199707,51
2480,CDH17,122.7908706665039,-43.273048400878906,51
2481,CDH18,122.78787994384766,-43.99721908569336,51
2482,CDH19,122.77183532714844,-43.96884536743164,51
2483,CDH2,122.70255279541016,-43.91853713989258,51
2484,CDH20,122.74490356445312,-44.0086669921875,51
2485,CDH22,122.79427337646484,-43.76636505126953,51
2486,CDH23,122.47016906738281,-20.006168365478516,216
2487,CDH24,122.76719665527344,-43.79414367675781,51
2488,CDH26,122.75139617919922,-43.8059196472168,51
2489,CDH3,122.73194885253906,-43.839115142822266,51
2490,CDH4,122.79231262207031,-43.998565673828125,51
2491,CDH5,122.76834106445312,-43.85566711425781,51
2492,CDH6,122.98699188232422,-44.050148010253906,51
2493,CDH7,122.79066467285156,-43.79457092285156,51
2494,CDH8,122.80656433105469,-43.9990234375,51
2495,CDH9,122.76873779296875,-44.06464385986328,51
2496,CDHR1,122.92489624023438,-43.08921432495117,51
2497,CDHR2,122.96135711669922,-42.36186218261719,51
2498,CDHR3,122.80936431884766,-43.40354919433594,51
2499,CDHR4,123.15597534179688,-41.75220489501953,51
2500,CDHR5,133.72857666015625,-12.520463943481445,224
2501,CDIP1,96.5675048828125,48.58515167236328,245
2502,CDIPT,93.96730041503906,-31.43948745727539,166
2503,CDK1,126.91325378417969,77.65205383300781,68
2504,CDK10,127.55752563476562,76.99658203125,68
2505,CDK11A,101.32503509521484,27.666927337646484,429
2506,CDK11B,102.61779022216797,27.112224578857422,429
2507,CDK12,76.64239501953125,22.014892578125,281
2508,CDK13,79.11400604248047,22.113216400146484,281
2509,CDK14,128.65957641601562,76.48087310791016,68
2510,CDK15,128.49954223632812,76.27262878417969,68
2511,CDK17,129.5222625732422,75.0901107788086,68
2512,CDK18,128.81361389160156,76.0245361328125,68
2513,CDK19,128.22584533691406,76.75746154785156,68
2514,CDK2,127.3199462890625,77.54383850097656,68
2515,CDK20,127.34546661376953,77.69696044921875,68
2516,CDK2AP1,103.841552734375,30.4434757232666,382
2517,CDK2AP2,105.09314727783203,32.15473175048828,382
2518,CDK3,127.33222198486328,77.90595245361328,68
2519,CDK4,127.9409408569336,77.93061828613281,68
2520,CDK5,127.0982666015625,78.16519165039062,68
2521,CDK5R1,97.58291625976562,26.386320114135742,434
2522,CDK5R2,98.68270874023438,28.662729263305664,439
2523,CDK5RAP1,122.17359924316406,17.5150146484375,416
2524,CDK5RAP2,75.22724914550781,2.6035103797912598,232
2525,CDK5RAP3,103.79078674316406,5.81016731262207,309
2526,CDK6,128.37881469726562,76.77137756347656,68
2527,CDK7,127.06022644042969,77.98077392578125,68
2528,CDK8,128.4017791748047,77.19158935546875,68
2529,CDK9,127.36849975585938,77.94734954833984,68
2530,CDKAL1,119.37381744384766,16.031755447387695,383
2531,CDKL1,127.47872161865234,77.26351928710938,68
2532,CDKL2,126.82768249511719,77.16492462158203,68
2533,CDKL3,126.99020385742188,77.291015625,68
2534,CDKL4,126.7613525390625,78.294921875,68
2535,CDKN1A,94.08417510986328,32.54294204711914,335
2536,CDKN1B,96.23749542236328,30.988157272338867,321
2537,CDKN1C,88.79841613769531,35.93434524536133,286
2538,CDKN2A,138.1306610107422,53.64662170410156,90
2539,CDKN2AIP,92.14102935791016,27.966833114624023,384
2540,CDKN2AIPNL,108.63574981689453,29.20758056640625,419
2541,CDKN2B,138.279541015625,53.66876983642578,90
2542,CDKN2C,138.22259521484375,53.56147384643555,90
2543,CDKN2D,138.16986083984375,53.51579666137695,90
2544,CDKN3,117.63217163085938,20.36931610107422,441
2545,CDNF,129.1337890625,-3.1454060077667236,234
2546,CDO1,125.84371948242188,21.0459041595459,468
2547,CDON,122.97779083251953,-15.340424537658691,219
2548,CDPF1,117.49393463134766,30.65503692626953,348
2549,CDR2,81.10404205322266,6.951103687286377,227
2550,CDR2L,80.81664276123047,6.229992389678955,227
2551,CDRT15,93.28514099121094,41.17458724975586,339
2552,CDRT15L2,93.08613586425781,41.117225646972656,339
2553,CDRT4,91.37760162353516,40.809814453125,339
2554,CDS1,98.51390838623047,-31.289390563964844,171
2555,CDS2,96.22814178466797,-29.800159454345703,167
2556,CDSN,86.64620971679688,40.917972564697266,302
2557,CDT1,96.72122955322266,26.23335075378418,434
2558,CDV3,99.99757385253906,28.385398864746094,439
2559,CDX1,67.26473999023438,45.937808990478516,261
2560,CDX2,67.30426788330078,44.629371643066406,261
2561,CDYL,99.4576416015625,19.050851821899414,402
2562,CDYL2,100.12969207763672,16.623516082763672,381
2563,CEACAM1,96.43573760986328,79.89875030517578,80
2564,CEACAM16,98.7015151977539,68.89622497558594,255
2565,CEACAM18,97.55320739746094,68.06066131591797,259
2566,CEACAM19,96.69732666015625,66.97203063964844,259
2567,CEACAM20,98.8827896118164,69.27791595458984,255
2568,CEACAM21,94.96514129638672,75.14851379394531,163
2569,CEACAM3,94.42970275878906,72.8417739868164,257
2570,CEACAM4,94.67855834960938,72.40605926513672,258
2571,CEACAM5,96.49717712402344,80.2248306274414,80
2572,CEACAM6,96.48094940185547,80.09479522705078,80
2573,CEACAM7,96.46524047851562,80.00151824951172,80
2574,CEACAM8,96.58900451660156,80.27490234375,80
2575,CEBPA,75.70335388183594,41.17897415161133,266
2576,CEBPB,77.39716339111328,40.8626708984375,266
2577,CEBPD,77.45657348632812,41.19898986816406,266
2578,CEBPE,78.46760559082031,40.96183395385742,266
2579,CEBPG,81.085205078125,40.06294631958008,266
2580,CEBPZ,113.30780029296875,31.446428298950195,400
2581,CEBPZOS,135.77590942382812,39.205352783203125,271
2582,CECR2,77.41342163085938,23.255159378051758,281
2583,CEL,133.08924865722656,-3.850083112716675,235
2584,CELA1,140.713134765625,-34.63441467285156,61
2585,CELA2A,141.14744567871094,-35.414764404296875,62
2586,CELA2B,141.15489196777344,-35.36967849731445,62
2587,CELA3A,141.30999755859375,-35.50836181640625,62
2588,CELA3B,141.22930908203125,-35.43807601928711,62
2589,CELF1,69.81757354736328,30.477190017700195,275
2590,CELF2,69.88936614990234,31.137704849243164,275
2591,CELF3,69.69522094726562,30.553604125976562,275
2592,CELF4,69.83966827392578,31.189861297607422,275
2593,CELF5,69.71463012695312,31.139041900634766,275
2594,CELF6,69.90586853027344,31.02776336669922,275
2595,CELSR1,123.6454086303711,-20.83264923095703,202
2596,CELSR2,122.62300109863281,-20.639028549194336,216
2597,CELSR3,122.69435119628906,-20.459882736206055,216
2598,CEMIP,126.09393310546875,-12.78952407836914,217
2599,CEMIP2,125.22396087646484,-12.190714836120605,217
2600,CEMP1,94.40117645263672,46.083778381347656,301
2601,CEND1,98.45039367675781,41.33293914794922,298
2602,CENPA,106.44003295898438,27.78670883178711,430
2603,CENPB,92.7096176147461,31.366046905517578,321
2604,CENPC,89.26055145263672,22.271835327148438,417
2605,CENPE,74.44523620605469,2.9640424251556396,232
2606,CENPF,74.19001007080078,2.3597676753997803,232
2607,CENPH,105.64918518066406,27.76921844482422,430
2608,CENPJ,86.179931640625,20.75094223022461,418
2609,CENPK,96.46795654296875,25.871524810791016,434
2610,CENPL,108.9278793334961,18.198837280273438,375
2611,CENPM,117.59640502929688,23.928543090820312,372
2612,CENPN,111.60865020751953,26.504878997802734,377
2613,CENPO,108.39850616455078,22.046977996826172,406
2614,CENPP,111.74896240234375,23.544185638427734,359
2615,CENPQ,96.02729797363281,25.321205139160156,434
2616,CENPS,111.23938751220703,28.913400650024414,388
2617,CENPT,89.9223403930664,28.172195434570312,350
2618,CENPU,91.56291961669922,25.29475212097168,412
2619,CENPV,107.80536651611328,27.315563201904297,430
2620,CENPW,112.09376525878906,29.0828914642334,388
2621,CENPX,118.47667694091797,32.97214126586914,316
2622,CEP104,95.93833923339844,14.940065383911133,385
2623,CEP112,73.93699645996094,3.0480947494506836,232
2624,CEP120,85.78877258300781,8.709321975708008,201
2625,CEP126,83.34353637695312,17.60049819946289,318
2626,CEP128,74.5644302368164,3.254185199737549,232
2627,CEP131,77.4550552368164,5.286882400512695,225
2628,CEP135,74.04505920410156,2.9010009765625,232
2629,CEP152,75.30928802490234,3.673304319381714,232
2630,CEP162,76.40111541748047,4.010025978088379,231
2631,CEP164,77.3471450805664,5.676061630249023,225
2632,CEP170,84.51950073242188,16.209976196289062,318
2633,CEP170B,85.1022720336914,16.901756286621094,318
2634,CEP19,103.3848648071289,32.04094314575195,382
2635,CEP192,85.64640045166016,21.08367919921875,418
2636,CEP290,73.98316192626953,2.3305742740631104,232
2637,CEP295,82.55072021484375,17.667081832885742,318
2638,CEP295NL,87.9239730834961,31.26555633544922,317
2639,CEP41,114.4473648071289,17.515228271484375,463
2640,CEP44,97.30164337158203,23.153249740600586,360
2641,CEP55,75.22389221191406,3.186878204345703,232
2642,CEP57,79.36561584472656,7.739009380340576,227
2643,CEP63,75.2686767578125,3.8055834770202637,232
2644,CEP68,88.95220947265625,22.860858917236328,411
2645,CEP70,77.14996337890625,4.129336357116699,231
2646,CEP72,86.98088836669922,17.09577178955078,367
2647,CEP76,110.25306701660156,15.837818145751953,375
2648,CEP78,91.75736236572266,15.97327709197998,394
2649,CEP83,73.95746612548828,3.156477928161621,232
2650,CEP85,77.49641418457031,6.028814792633057,225
2651,CEP85L,79.28895568847656,8.846920013427734,227
2652,CEP89,77.4366226196289,5.0308074951171875,225
2653,CEP95,81.36578369140625,10.939227104187012,198
2654,CEP97,89.80345153808594,18.580467224121094,378
2655,CEPT1,98.54510498046875,-32.52626037597656,170
2656,CER1,146.3313446044922,-15.38241958618164,238
2657,CERCAM,139.51055908203125,0.005054578650742769,239
2658,CERK,124.70527648925781,13.14566707611084,314
2659,CERKL,123.84371948242188,13.940357208251953,314
2660,CERS1,95.31794738769531,-33.22754669189453,174
2661,CERS2,95.60675811767578,-33.55158996582031,174
2662,CERS3,95.40863037109375,-33.42230987548828,174
2663,CERS4,96.01043701171875,-33.66050338745117,174
2664,CERS5,95.9678726196289,-32.876953125,174
2665,CERS6,95.70580291748047,-33.775516510009766,174
2666,CERT1,99.15642547607422,11.567038536071777,431
2667,CES1,136.046875,7.898845672607422,169
2668,CES2,135.53028869628906,8.261808395385742,169
2669,CES3,134.0816650390625,8.330846786499023,169
2670,CES4A,134.36831665039062,6.606618881225586,169
2671,CES5A,134.8943634033203,7.42681884765625,169
2672,CETN1,53.5172119140625,-3.656632423400879,97
2673,CETN3,53.84558868408203,-3.3422374725341797,97
2674,CETP,72.11174774169922,-20.517803192138672,64
2675,CFAP100,75.48951721191406,8.7520112991333,215
2676,CFAP126,88.91621398925781,41.43896484375,302
2677,CFAP157,75.62982177734375,9.261284828186035,215
2678,CFAP161,117.04522705078125,22.998069763183594,372
2679,CFAP20,115.34202575683594,23.434621810913086,363
2680,CFAP206,81.96400451660156,11.438931465148926,198
2681,CFAP221,83.02958679199219,9.163700103759766,226
2682,CFAP298,109.31808471679688,29.722820281982422,419
2683,CFAP299,112.6875228881836,24.469127655029297,359
2684,CFAP300,108.59378814697266,22.427377700805664,406
2685,CFAP36,106.77679443359375,30.744295120239258,426
2686,CFAP410,152.84005737304688,45.025169372558594,101
2687,CFAP43,77.4711685180664,8.324763298034668,215
2688,CFAP44,80.0589370727539,8.38308048248291,227
2689,CFAP45,75.26050567626953,7.730390548706055,215
2690,CFAP46,96.44236755371094,-4.0664262771606445,290
2691,CFAP52,124.1879653930664,51.15314483642578,66
2692,CFAP53,75.52122497558594,7.5240797996521,215
2693,CFAP54,94.23358917236328,-2.3749663829803467,290
2694,CFAP57,75.56609344482422,7.954099178314209,215
2695,CFAP58,74.74038696289062,6.735782146453857,208
2696,CFAP61,89.61854553222656,9.931178092956543,371
2697,CFAP65,86.46332550048828,6.562041282653809,201
2698,CFAP69,99.61016845703125,5.856716632843018,413
2699,CFAP70,89.84674072265625,9.063163757324219,370
2700,CFAP73,74.83283233642578,9.45711612701416,215
2701,CFAP74,85.6453857421875,7.395458221435547,201
2702,CFAP77,87.78221893310547,40.412193298339844,302
2703,CFAP97,105.85675048828125,31.23296356201172,426
2704,CFAP97D1,91.3112564086914,41.92680358886719,339
2705,CFAP97D2,90.33878326416016,40.94499969482422,331
2706,CFAP99,76.54656219482422,9.599077224731445,215
2707,CFB,137.07093811035156,-24.406225204467773,146
2708,CFC1,141.399169921875,-16.360748291015625,248
2709,CFC1B,141.21441650390625,-16.862701416015625,248
2710,CFD,140.31546020507812,-34.04012680053711,61
2711,CFDP1,105.35399627685547,32.46781921386719,426
2712,CFH,108.14915466308594,72.14830017089844,70
2713,CFHR1,108.13778686523438,72.18891143798828,70
2714,CFHR2,108.13261413574219,72.1895523071289,70
2715,CFHR3,108.073974609375,72.12078094482422,70
2716,CFHR4,108.10940551757812,72.2048110961914,70
2717,CFHR5,108.09732055664062,72.1398696899414,70
2718,CFI,137.32427978515625,-24.69547462463379,146
2719,CFL1,121.64948272705078,33.797000885009766,315
2720,CFL2,119.69122314453125,31.230682373046875,347
2721,CFTR,113.75398254394531,-30.531192779541016,127
2722,CGA,145.07420349121094,-17.50873565673828,206
2723,CGAS,108.84425354003906,13.879528045654297,357
2724,CGB1,146.72970581054688,-17.69125747680664,206
2725,CGB2,146.7068634033203,-17.97753143310547,206
2726,CGB3,146.6112060546875,-17.735063552856445,206
2727,CGB5,146.6464385986328,-17.71072006225586,206
2728,CGB7,146.92910766601562,-17.717700958251953,206
2729,CGB8,146.29270935058594,-17.963186264038086,206
2730,CGGBP1,96.84422302246094,31.1154842376709,337
2731,CGN,77.18194580078125,3.4029366970062256,232
2732,CGNL1,76.4446792602539,3.646188735961914,232
2733,CGREF1,90.21968841552734,42.97467803955078,303
2734,CGRRF1,100.80615234375,-16.429174423217773,148
2735,CH25H,93.83958435058594,-34.466068267822266,164
2736,CHAC1,122.84233093261719,23.570650100708008,465
2737,CHAC2,122.02084350585938,25.83900260925293,465
2738,CHAD,155.91932678222656,47.22277069091797,105
2739,CHADL,156.33518981933594,46.43236541748047,105
2740,CHAF1A,92.96533203125,22.10980987548828,423
2741,CHAF1B,122.62153625488281,49.213470458984375,66
2742,CHAMP1,86.04523468017578,36.408172607421875,287
2743,CHAT,116.36680603027344,11.286722183227539,389
2744,CHCHD1,126.66321563720703,37.49341583251953,184
2745,CHCHD10,134.30210876464844,35.00922393798828,271
2746,CHCHD2,129.76556396484375,36.42238235473633,283
2747,CHCHD3,108.80268859863281,34.403350830078125,425
2748,CHCHD4,123.60985565185547,37.481292724609375,184
2749,CHCHD5,125.34010314941406,37.84825134277344,184
2750,CHCHD6,108.79264831542969,35.136924743652344,284
2751,CHCHD7,125.6600570678711,38.12932586669922,184
2752,CHD1,81.07147216796875,19.017932891845703,280
2753,CHD1L,108.80248260498047,16.90119171142578,375
2754,CHD2,81.0572509765625,18.913864135742188,280
2755,CHD3,79.3005142211914,17.865360260009766,280
2756,CHD4,80.26958465576172,17.49364471435547,280
2757,CHD5,79.28778076171875,17.148853302001953,280
2758,CHD6,80.63739776611328,18.385456085205078,280
2759,CHD7,79.1895523071289,17.995563507080078,280
2760,CHD8,79.66680908203125,18.34930992126465,280
2761,CHD9,79.19085693359375,18.30838966369629,280
2762,CHDH,133.01388549804688,15.630651473999023,440
2763,CHEK1,126.88214111328125,77.18841552734375,68
2764,CHEK2,127.37739562988281,76.34132385253906,68
2765,CHERP,74.4765625,23.355472564697266,279
2766,CHFR,100.03844451904297,17.921606063842773,381
2767,CHGA,90.65264892578125,43.921775817871094,303
2768,CHGB,89.29253387451172,43.78105545043945,303
2769,CHI3L1,136.11878967285156,-4.1612868309021,229
2770,CHI3L2,136.1607666015625,-3.8590028285980225,229
2771,CHIA,135.5860595703125,-4.416021823883057,229
2772,CHIC2,108.7434310913086,25.798585891723633,322
2773,CHID1,137.0874786376953,1.2789678573608398,240
2774,CHIT1,135.333984375,-3.1353437900543213,243
2775,CHKA,120.96151733398438,17.003753662109375,459
2776,CHKB,122.47906494140625,15.251163482666016,455
2777,CHL1,121.50946807861328,-17.41765594482422,220
2778,CHML,110.4580307006836,23.108224868774414,359
2779,CHMP1A,113.65123748779297,39.81673812866211,180
2780,CHMP1B,113.54889678955078,40.016212463378906,180
2781,CHMP2A,114.20085906982422,40.150840759277344,180
2782,CHMP2B,113.95167541503906,40.36472702026367,180
2783,CHMP3,114.0935287475586,40.222747802734375,180
2784,CHMP4A,114.09004211425781,40.22650146484375,180
2785,CHMP4B,114.14641571044922,40.463294982910156,180
2786,CHMP4C,113.29064178466797,40.99277114868164,181
2787,CHMP5,114.5542984008789,39.47628402709961,180
2788,CHMP6,112.85205841064453,40.27977752685547,180
2789,CHMP7,113.76219940185547,19.008621215820312,456
2790,CHN1,58.34170913696289,37.3961181640625,86
2791,CHN2,57.5794677734375,38.22979736328125,86
2792,CHODL,134.67044067382812,-15.398331642150879,236
2793,CHORDC1,113.42845153808594,27.029237747192383,377
2794,CHP1,53.72325897216797,-3.3625001907348633,97
2795,CHP2,54.143009185791016,-3.0198285579681396,97
2796,CHPF,141.44654846191406,0.33682703971862793,239
2797,CHPF2,140.63580322265625,0.7459243535995483,239
2798,CHPT1,99.0382080078125,-33.93205642700195,170
2799,CHRAC1,111.71881103515625,31.456302642822266,401
2800,CHRD,131.40304565429688,-16.89409637451172,236
2801,CHRDL2,138.1887969970703,-17.542972564697266,230
2802,CHRFAM7A,178.91741943359375,-48.119205474853516,58
2803,CHRM1,7.216287136077881,-22.26018714904785,17
2804,CHRM2,7.2813944816589355,-22.121444702148438,17
2805,CHRM3,8.03702449798584,-21.38282012939453,17
2806,CHRM4,7.45610237121582,-21.84574317932129,17
2807,CHRM5,7.177598476409912,-22.353832244873047,17
2808,CHRNA1,178.82797241210938,-48.22810745239258,58
2809,CHRNA10,178.8443145751953,-48.17131423950195,58
2810,CHRNA2,178.7551727294922,-48.310462951660156,58
2811,CHRNA3,178.79624938964844,-48.27077865600586,58
2812,CHRNA4,178.4876708984375,-48.579349517822266,58
2813,CHRNA5,178.62411499023438,-48.413230895996094,58
2814,CHRNA6,178.82049560546875,-48.25127029418945,58
2815,CHRNA7,178.9344024658203,-48.05059814453125,58
2816,CHRNA9,178.8383331298828,-48.24214172363281,58
2817,CHRNB1,178.82366943359375,-48.21908950805664,58
2818,CHRNB2,178.8499755859375,-48.19953918457031,58
2819,CHRNB3,178.8169708251953,-48.2445182800293,58
2820,CHRNB4,178.82781982421875,-48.23228454589844,58
2821,CHRND,178.84805297851562,-48.18193054199219,58
2822,CHRNE,178.81405639648438,-48.11956024169922,58
2823,CHRNG,178.80239868164062,-48.06918716430664,58
2824,CHST1,141.9034423828125,0.9359877109527588,239
2825,CHST10,142.43992614746094,0.8470641374588013,239
2826,CHST11,142.94200134277344,1.0610930919647217,239
2827,CHST13,141.7819366455078,1.0611616373062134,239
2828,CHST14,141.86264038085938,0.5318875312805176,239
2829,CHST15,140.74246215820312,1.4065474271774292,239
2830,CHST2,141.3154754638672,0.3164745569229126,239
2831,CHST3,141.194580078125,0.6256484389305115,239
2832,CHST4,142.16175842285156,0.8053874969482422,239
2833,CHST5,141.4454803466797,0.9429534673690796,239
2834,CHST6,141.42564392089844,0.5209692716598511,239
2835,CHST8,142.8811492919922,0.9136950373649597,239
2836,CHST9,141.78640747070312,0.7261722087860107,239
2837,CHSY1,141.55081176757812,0.5199148654937744,239
2838,CHSY3,141.9760284423828,0.6306440234184265,239
2839,CHTF18,112.75841522216797,13.638648986816406,448
2840,CHTF8,111.83534240722656,28.260051727294922,388
2841,CHTOP,70.47185516357422,22.917800903320312,278
2842,CHUK,104.0431137084961,14.056631088256836,353
2843,CHURC1,101.8532943725586,26.24713897705078,433
2844,CIAO1,124.4156723022461,51.04431915283203,66
2845,CIAO2A,125.99114990234375,30.235891342163086,192
2846,CIAO2B,119.83148193359375,33.11017608642578,316
2847,CIAO3,121.24519348144531,16.575607299804688,459
2848,CIAPIN1,118.21353912353516,21.49797248840332,446
2849,CIART,91.992431640625,43.23013687133789,339
2850,CIB1,53.90064239501953,-3.1791138648986816,97
2851,CIB2,53.715911865234375,-3.3411552906036377,97
2852,CIB3,53.81728744506836,-3.2330431938171387,97
2853,CIB4,53.8111457824707,-3.286250591278076,97
2854,CIC,78.70198822021484,23.28468132019043,281
2855,CIDEA,116.39192199707031,20.0716552734375,462
2856,CIDEB,127.6699447631836,14.48867416381836,314
2857,CIDEC,118.0508041381836,19.583698272705078,441
2858,CILP,129.39059448242188,-17.515377044677734,236
2859,CILP2,129.02227783203125,-17.33904457092285,236
2860,CINP,109.1194076538086,29.01736831665039,419
2861,CIP2A,82.70628356933594,6.6551594734191895,227
2862,CIPC,90.78973388671875,34.002357482910156,336
2863,CIR1,71.77609252929688,18.015544891357422,120
2864,CIRBP,68.68749237060547,22.71609115600586,278
2865,CISD1,129.04554748535156,31.933063507080078,330
2866,CISD2,129.52462768554688,32.15559768676758,330
2867,CISD3,126.4369125366211,31.091707229614258,192
2868,CISH,103.08998107910156,27.579784393310547,429
2869,CIT,80.39863586425781,2.153993606567383,193
2870,CITED2,75.03385925292969,34.04764175415039,277
2871,CITED4,78.21949768066406,40.826988220214844,266
2872,CIZ1,73.88836669921875,27.29869842529297,281
2873,CKAP2,89.06069946289062,24.340150833129883,412
2874,CKAP2L,89.67315673828125,25.51021385192871,412
2875,CKAP4,79.20588684082031,5.1240081787109375,227
2876,CKAP5,97.09362030029297,-2.238609552383423,290
2877,CKB,138.30133056640625,19.838979721069336,387
2878,CKLF,86.41618347167969,-29.05801773071289,124
2879,CKM,139.09075927734375,19.498973846435547,387
2880,CKMT1A,138.37928771972656,20.517778396606445,387
2881,CKMT1B,138.24838256835938,20.519649505615234,387
2882,CKMT2,138.294189453125,19.50713539123535,387
2883,CKS1B,119.433349609375,34.3580207824707,316
2884,CKS2,120.11787414550781,34.794532775878906,315
2885,CLASP1,90.29911804199219,6.988386631011963,380
2886,CLASP2,89.6600341796875,6.371868133544922,370
2887,CLASRP,69.13758850097656,17.427549362182617,120
2888,CLBA1,94.41465759277344,40.362205505371094,343
2889,CLC,156.59327697753906,1.4754265546798706,73
2890,CLCA1,128.90086364746094,-11.136164665222168,223
2891,CLCA2,128.3564453125,-11.476760864257812,223
2892,CLCA4,128.58323669433594,-10.175509452819824,223
2893,CLCC1,106.88273620605469,-12.220100402832031,107
2894,CLCF1,112.012451171875,59.88547897338867,116
2895,CLCN1,105.9299087524414,-37.3128662109375,138
2896,CLCN2,105.99811553955078,-37.13673400878906,138
2897,CLCN3,105.78317260742188,-37.01792907714844,138
2898,CLCN6,106.42611694335938,-36.686981201171875,138
2899,CLCN7,105.830078125,-37.69713592529297,138
2900,CLCNKA,105.76069641113281,-38.009742736816406,138
2901,CLCNKB,105.61048889160156,-38.02643966674805,138
2902,CLDN1,83.88099670410156,-32.72330093383789,125
2903,CLDN10,83.82054138183594,-32.795806884765625,125
2904,CLDN11,84.31359100341797,-32.49147415161133,125
2905,CLDN12,84.61854553222656,-32.17789077758789,125
2906,CLDN14,83.67037963867188,-32.88291549682617,125
2907,CLDN15,83.83168029785156,-32.793914794921875,125
2908,CLDN16,84.29874420166016,-32.516536712646484,125
2909,CLDN17,83.26446533203125,-33.29533004760742,125
2910,CLDN18,83.97479248046875,-32.65033721923828,125
2911,CLDN19,84.21057891845703,-32.5412712097168,125
2912,CLDN20,83.87808990478516,-32.82447052001953,125
2913,CLDN22,84.701171875,-32.11760330200195,125
2914,CLDN23,84.46940612792969,-32.364524841308594,125
2915,CLDN24,84.55302429199219,-32.27392578125,125
2916,CLDN25,84.38114929199219,-32.50297164916992,125
2917,CLDN3,83.58887481689453,-33.09756851196289,125
2918,CLDN4,83.18492126464844,-33.396583557128906,125
2919,CLDN5,83.49525451660156,-33.07272720336914,125
2920,CLDN6,83.79161834716797,-32.80063247680664,125
2921,CLDN7,83.5048828125,-33.22239303588867,125
2922,CLDN8,83.81419372558594,-32.90234375,125
2923,CLDN9,84.16195678710938,-32.657413482666016,125
2924,CLDND1,84.53211975097656,-32.0791015625,125
2925,CLDND2,84.44342041015625,-32.67656707763672,125
2926,CLEC10A,70.65335083007812,-43.79540252685547,56
2927,CLEC11A,142.53074645996094,-9.505058288574219,212
2928,CLEC12A,70.34545135498047,-44.1596565246582,57
2929,CLEC12B,70.28377532958984,-44.212928771972656,57
2930,CLEC14A,134.98020935058594,-14.616498947143555,224
2931,CLEC16A,97.41362762451172,4.166744232177734,368
2932,CLEC17A,95.325439453125,64.00086212158203,250
2933,CLEC18A,136.68585205078125,-17.45734977722168,236
2934,CLEC18B,136.23524475097656,-17.403640747070312,236
2935,CLEC18C,136.37893676757812,-17.545469284057617,236
2936,CLEC19A,138.4202117919922,-11.118061065673828,246
2937,CLEC1A,70.6590805053711,-43.75687026977539,56
2938,CLEC1B,70.37065887451172,-44.131099700927734,57
2939,CLEC20A,155.47174072265625,41.577266693115234,92
2940,CLEC2A,70.16464233398438,-44.340423583984375,57
2941,CLEC2B,70.35244750976562,-44.166175842285156,57
2942,CLEC2D,70.55830383300781,-43.81719970703125,56
2943,CLEC2L,103.76811218261719,42.03338623046875,199
2944,CLEC3A,142.8502655029297,-11.783867835998535,212
2945,CLEC3B,142.95144653320312,-10.770946502685547,212
2946,CLEC4A,70.35717010498047,-44.15679931640625,57
2947,CLEC4C,70.37879943847656,-44.118133544921875,57
2948,CLEC4D,70.41886138916016,-44.06439971923828,57
2949,CLEC4E,70.6361083984375,-43.87579345703125,56
2950,CLEC4F,71.00814056396484,-43.47902297973633,56
2951,CLEC4G,70.73267364501953,-43.728248596191406,56
2952,CLEC4M,71.06610107421875,-43.347259521484375,56
2953,CLEC5A,70.37849426269531,-44.13233184814453,57
2954,CLEC6A,70.44719696044922,-44.06976318359375,57
2955,CLEC7A,70.3945083618164,-44.098323822021484,57
2956,CLEC9A,70.36155700683594,-44.139427185058594,57
2957,CLGN,125.88729858398438,1.4238935708999634,233
2958,CLHC1,99.97891235351562,6.651885509490967,413
2959,CLIC1,114.36851501464844,22.844287872314453,362
2960,CLIC3,113.98780822753906,23.06375503540039,362
2961,CLIC4,113.38790893554688,21.363006591796875,362
2962,CLIC5,112.52301025390625,21.324024200439453,358
2963,CLIC6,90.55961608886719,31.775339126586914,321
2964,CLINT1,79.4041976928711,24.730533599853516,281
2965,CLIP1,79.83604431152344,3.9650959968566895,210
2966,CLIP2,80.31246185302734,3.960611581802368,210
2967,CLIP3,103.02450561523438,18.169082641601562,364
2968,CLIP4,100.13255310058594,18.57639503479004,402
2969,CLK1,126.85488891601562,76.43135070800781,68
2970,CLK2,126.7201156616211,76.67460632324219,68
2971,CLK3,126.36104583740234,76.99777221679688,68
2972,CLK4,126.93756103515625,76.5836410522461,68
2973,CLMP,99.6188735961914,62.535743713378906,273
2974,CLN3,99.81108856201172,-40.66179656982422,153
2975,CLN5,130.3860626220703,0.5370454788208008,251
2976,CLN6,96.12602233886719,-33.43762969970703,174
2977,CLN8,94.53218078613281,-33.88758087158203,175
2978,CLNK,92.14785766601562,17.452613830566406,378
2979,CLNS1A,109.29469299316406,33.12791442871094,425
2980,CLOCK,75.97024536132812,26.72208595275879,281
2981,CLP1,118.35972595214844,21.33304214477539,446
2982,CLPB,119.68292999267578,14.091658592224121,455
2983,CLPP,131.20501708984375,23.91536521911621,327
2984,CLPS,145.7816619873047,-22.022884368896484,222
2985,CLPSL1,144.87318420410156,-20.714942932128906,221
2986,CLPSL2,144.49957275390625,-19.744768142700195,221
2987,CLPTM1,103.47808837890625,-30.72536849975586,156
2988,CLPTM1L,103.4328842163086,-30.42516326904297,156
2989,CLPX,117.65185546875,13.860830307006836,319
2990,CLRN1,84.74918365478516,-31.915424346923828,125
2991,CLRN2,84.3417739868164,-32.39142608642578,125
2992,CLRN3,84.53385162353516,-31.930959701538086,125
2993,CLSPN,92.24102020263672,23.118946075439453,423
2994,CLSTN1,126.17675018310547,-12.32796859741211,217
2995,CLSTN3,127.02778625488281,-13.448325157165527,217
2996,CLTA,108.27983856201172,33.18732452392578,425
2997,CLTB,107.8957748413086,33.187232971191406,425
2998,CLTC,98.07499694824219,-3.287956476211548,291
2999,CLTCL1,100.0589370727539,-4.038202285766602,291
3000,CLU,138.79629516601562,-12.2454833984375,246
3001,CLUAP1,80.41162109375,8.133367538452148,227
3002,CLUH,112.37358093261719,8.09487533569336,214
3003,CLUL1,138.9685821533203,-10.95854377746582,246
3004,CLVS1,105.15702819824219,14.295910835266113,353
3005,CLVS2,107.05860137939453,12.538653373718262,351
3006,CLYBL,130.21978759765625,22.099027633666992,327
3007,CMA1,140.2825469970703,-34.09248733520508,61
3008,CMAS,121.66690826416016,19.03660011291504,416
3009,CMBL,134.22146606445312,15.854671478271484,440
3010,CMC1,126.104736328125,38.018367767333984,184
3011,CMC2,126.28875732421875,38.0445442199707,184
3012,CMIP,96.15716552734375,6.778641223907471,320
3013,CMKLR1,1.579461693763733,-23.800994873046875,17
3014,CMPK1,123.16983032226562,14.73735237121582,455
3015,CMPK2,120.37274169921875,16.392318725585938,459
3016,CMSS1,114.62615966796875,31.120651245117188,401
3017,CMTM1,86.34410858154297,-29.00172996520996,124
3018,CMTM2,86.62216186523438,-28.200050354003906,121
3019,CMTM3,86.21993255615234,-29.736766815185547,124
3020,CMTM4,86.73590850830078,-29.92441177368164,124
3021,CMTM5,86.08731079101562,-29.533565521240234,124
3022,CMTM6,87.06207275390625,-29.000795364379883,124
3023,CMTM7,86.40872192382812,-29.38326072692871,124
3024,CMTM8,85.98616027832031,-29.57611083984375,124
3025,CMTR1,111.09303283691406,14.497529029846191,442
3026,CMTR2,118.01062774658203,17.408845901489258,445
3027,CNBD1,91.11531066894531,12.852880477905273,356
3028,CNBD2,93.83935546875,13.460921287536621,396
3029,CNBP,98.842529296875,25.191959381103516,439
3030,CNDP1,133.11587524414062,3.5268914699554443,252
3031,CNDP2,133.8435516357422,16.860883712768555,440
3032,CNEP1R1,92.1639404296875,-25.89773178100586,158
3033,CNFN,101.55081939697266,44.639129638671875,294
3034,CNGA1,107.88670349121094,-20.51348876953125,143
3035,CNGA3,107.50802612304688,-21.790437698364258,143
3036,CNGA4,107.59346771240234,-21.26824188232422,143
3037,CNGB1,107.07283020019531,-29.343387603759766,132
3038,CNGB3,107.84880065917969,-22.005420684814453,143
3039,CNIH1,92.23887634277344,-27.346702575683594,158
3040,CNIH2,92.15931701660156,-27.042638778686523,158
3041,CNIH3,93.19670867919922,-26.515066146850586,158
3042,CNIH4,92.28288269042969,-27.24313735961914,158
3043,CNKSR1,97.80075073242188,10.048839569091797,437
3044,CNMD,137.5755615234375,-11.449176788330078,241
3045,CNN1,104.27603149414062,16.398466110229492,324
3046,CNN2,103.96939086914062,15.43246841430664,324
3047,CNN3,103.62570190429688,15.844255447387695,324
3048,CNNM1,110.4580078125,-23.990766525268555,135
3049,CNNM3,112.29943084716797,-21.248559951782227,122
3050,CNNM4,108.99530029296875,-23.269433975219727,144
3051,CNOT1,96.25992584228516,-3.594440460205078,290
3052,CNOT10,109.83859252929688,0.6084627509117126,293
3053,CNOT11,104.59390258789062,23.011714935302734,406
3054,CNOT2,77.77263641357422,29.111473083496094,281
3055,CNOT3,80.66078186035156,22.934980392456055,281
3056,CNOT4,77.80964660644531,25.5250186920166,281
3057,CNOT6,109.8036880493164,15.6516752243042,375
3058,CNOT6L,109.44792938232422,13.69857406616211,357
3059,CNOT7,113.13826751708984,14.241315841674805,448
3060,CNOT8,114.61029052734375,14.69826602935791,448
3061,CNOT9,106.06761169433594,0.7077288031578064,313
3062,CNP,117.65994262695312,9.78444766998291,214
3063,CNPPD1,121.52963256835938,23.51731300354004,465
3064,CNPY1,128.7720489501953,-1.2971997261047363,234
3065,CNPY2,128.42515563964844,-2.810811758041382,234
3066,CNPY3,128.39466857910156,-2.994912624359131,234
3067,CNPY4,128.61622619628906,-2.793355941772461,234
3068,CNR1,4.953981399536133,-23.885499954223633,17
3069,CNR2,4.413785934448242,-24.153728485107422,17
3070,CNRIP1,113.68568420410156,24.691871643066406,362
3071,CNST,85.624755859375,21.58919334411621,418
3072,CNTD1,106.09426879882812,22.505205154418945,406
3073,CNTF,112.16160583496094,59.71730041503906,116
3074,CNTFR,131.71493530273438,-11.252726554870605,224
3075,CNTLN,74.85137176513672,3.048936367034912,232
3076,CNTN1,121.34469604492188,-17.472095489501953,220
3077,CNTN2,121.86827087402344,-15.78797435760498,219
3078,CNTN3,121.44541931152344,-17.562793731689453,220
3079,CNTN4,121.42188262939453,-17.284759521484375,220
3080,CNTN5,121.25746154785156,-17.380468368530273,220
3081,CNTN6,121.4120101928711,-17.435495376586914,220
3082,CNTNAP1,129.77340698242188,-14.057341575622559,223
3083,CNTNAP2,125.26457214355469,-17.82671356201172,202
3084,CNTNAP3B,130.21658325195312,-16.93099021911621,236
3085,CNTNAP4,127.32920837402344,-16.765005111694336,236
3086,CNTNAP5,127.09082794189453,-17.433382034301758,236
3087,CNTRL,74.65792846679688,2.526118516921997,232
3088,CNTROB,75.84305572509766,5.78272819519043,231
3089,COA1,125.74119567871094,19.91756248474121,468
3090,COA3,135.3315887451172,39.21844482421875,271
3091,COA4,124.94351196289062,37.8544921875,184
3092,COA5,124.93602752685547,37.7828254699707,184
3093,COA6,125.32740783691406,37.6143913269043,184
3094,COA7,115.56098175048828,19.717754364013672,462
3095,COA8,127.85777282714844,31.99295425415039,192
3096,COASY,126.50443267822266,19.429197311401367,467
3097,COBL,85.78299713134766,17.313474655151367,366
3098,COBLL1,87.3493881225586,14.526296615600586,367
3099,COCH,131.70362854003906,-12.435827255249023,224
3100,COG1,104.84398651123047,4.754794120788574,312
3101,COG2,104.7127685546875,4.276702880859375,312
3102,COG3,103.60549926757812,5.186338901519775,309
3103,COG4,105.80158996582031,4.417465686798096,312
3104,COG5,104.05403137207031,4.321317672729492,309
3105,COG6,103.9681167602539,4.002742767333984,309
3106,COG7,105.26824951171875,5.2284626960754395,299
3107,COG8,105.63846588134766,6.984512805938721,299
3108,COIL,102.89910125732422,30.447904586791992,382
3109,COL10A1,164.926025390625,-13.285326957702637,99
3110,COL11A1,166.38961791992188,-13.927760124206543,99
3111,COL11A2,166.40850830078125,-13.906893730163574,99
3112,COL12A1,125.6764144897461,-21.445377349853516,202
3113,COL13A1,166.11734008789062,-13.7188720703125,99
3114,COL14A1,126.15432739257812,-21.745624542236328,202
3115,COL15A1,165.26739501953125,-13.476547241210938,99
3116,COL16A1,166.29769897460938,-13.801555633544922,99
3117,COL17A1,164.9339599609375,-13.358863830566406,99
3118,COL18A1,165.45606994628906,-13.519196510314941,99
3119,COL19A1,165.826904296875,-13.657393455505371,99
3120,COL1A1,166.61781311035156,-14.032217025756836,99
3121,COL1A2,166.55615234375,-14.000341415405273,99
3122,COL20A1,123.51210021972656,-15.808340072631836,219
3123,COL21A1,166.2552490234375,-13.908899307250977,99
3124,COL22A1,165.98233032226562,-13.582171440124512,99
3125,COL23A1,166.14898681640625,-13.711308479309082,99
3126,COL24A1,166.20468139648438,-13.8051118850708,99
3127,COL25A1,165.82472229003906,-13.609298706054688,99
3128,COL26A1,161.9627227783203,-12.76137924194336,99
3129,COL27A1,166.0890350341797,-13.750678062438965,99
3130,COL28A1,166.1589813232422,-13.895874977111816,99
3131,COL2A1,166.70986938476562,-14.14045238494873,99
3132,COL3A1,166.55714416503906,-14.017463684082031,99
3133,COL4A1,165.59799194335938,-13.511953353881836,99
3134,COL4A2,165.62078857421875,-13.530163764953613,99
3135,COL4A3,165.2912139892578,-13.41733169555664,99
3136,COL4A4,165.51431274414062,-13.501185417175293,99
3137,COL5A1,166.54493713378906,-14.061574935913086,99
3138,COL5A2,166.35073852539062,-13.893837928771973,99
3139,COL5A3,166.34298706054688,-13.805463790893555,99
3140,COL6A1,166.35104370117188,-13.857587814331055,99
3141,COL6A2,166.62977600097656,-14.30055046081543,99
3142,COL6A3,125.66658782958984,-21.885623931884766,202
3143,COL6A5,126.06929779052734,-21.42156982421875,202
3144,COL6A6,126.08807373046875,-21.692970275878906,202
3145,COL7A1,165.9071502685547,-13.723922729492188,99
3146,COL8A1,164.9376220703125,-13.256110191345215,99
3147,COL8A2,164.85069274902344,-13.243556022644043,99
3148,COL9A1,166.0224609375,-13.699950218200684,99
3149,COL9A2,166.2257080078125,-13.788575172424316,99
3150,COL9A3,166.28082275390625,-13.836546897888184,99
3151,COLCA2,72.78164672851562,37.7857551574707,268
3152,COLEC10,156.07858276367188,-10.741616249084473,100
3153,COLEC11,156.9193572998047,-10.845596313476562,100
3154,COLEC12,154.44056701660156,-10.921487808227539,100
3155,COLGALT1,140.43043518066406,0.22807496786117554,239
3156,COLGALT2,140.06875610351562,-0.13416774570941925,239
3157,COLQ,164.79226684570312,-13.290614128112793,99
3158,COMMD1,117.34603881835938,30.27692413330078,348
3159,COMMD10,117.62899780273438,30.214473724365234,348
3160,COMMD2,117.43740844726562,29.476669311523438,348
3161,COMMD3,117.94728088378906,30.249757766723633,348
3162,COMMD4,117.5337142944336,31.554264068603516,348
3163,COMMD5,117.84595489501953,29.518157958984375,348
3164,COMMD6,118.23878479003906,31.479473114013672,348
3165,COMMD7,117.77166748046875,30.515268325805664,348
3166,COMMD8,117.69050598144531,30.135709762573242,348
3167,COMMD9,117.52765655517578,30.575637817382812,348
3168,COMP,132.59605407714844,-19.53616714477539,236
3169,COMT,129.19630432128906,11.481504440307617,196
3170,COMTD1,126.70979309082031,25.547454833984375,329
3171,COP1,99.4910888671875,20.94373893737793,403
3172,COPA,110.31848907470703,0.25200751423835754,293
3173,COPB1,106.74481201171875,1.2165335416793823,311
3174,COPB2,109.02639770507812,0.9233368039131165,293
3175,COPE,111.2636489868164,1.6586084365844727,293
3176,COPG1,107.07014465332031,1.3286406993865967,311
3177,COPG2,105.92495727539062,1.0938230752944946,313
3178,COPRS,96.56732177734375,37.61180114746094,340
3179,COPS2,110.4107666015625,2.787031888961792,293
3180,COPS3,110.65081787109375,2.114999771118164,293
3181,COPS4,110.4939956665039,1.7561039924621582,293
3182,COPS5,134.07064819335938,26.71097183227539,183
3183,COPS6,114.81749725341797,23.08974266052246,362
3184,COPS7A,109.91500091552734,18.04903221130371,405
3185,COPS7B,110.15625762939453,18.21722412109375,405
3186,COPS8,113.20172119140625,28.764907836914062,388
3187,COPS9,110.99514770507812,37.625457763671875,284
3188,COPZ1,120.41032409667969,30.964767456054688,347
3189,COPZ2,121.85858154296875,28.381956100463867,373
3190,COQ10A,130.09983825683594,29.48444175720215,330
3191,COQ10B,128.92007446289062,28.703231811523438,330
3192,COQ2,129.7969970703125,28.1822509765625,330
3193,COQ3,126.47247314453125,25.6197509765625,329
3194,COQ4,128.75311279296875,28.03677749633789,330
3195,COQ5,128.1950225830078,26.29619598388672,330
3196,COQ6,128.75961303710938,19.075254440307617,450
3197,COQ7,128.90377807617188,28.69831085205078,330
3198,COQ8A,123.34187316894531,17.179073333740234,420
3199,COQ8B,123.14281463623047,17.01018524169922,420
3200,COQ9,129.0846405029297,28.17593002319336,330
3201,CORIN,133.04696655273438,-20.18829345703125,236
3202,CORO1A,122.87346649169922,49.68202590942383,66
3203,CORO1B,122.69052124023438,49.57053756713867,66
3204,CORO1C,122.7459716796875,49.615966796875,66
3205,CORO2A,122.3179702758789,49.43900680541992,66
3206,CORO2B,122.71727752685547,49.63510513305664,66
3207,CORO6,122.33035278320312,48.931373596191406,66
3208,CORO7,122.4245834350586,49.2277946472168,66
3209,CORT,154.54934692382812,-19.92274284362793,133
3210,COTL1,121.73106384277344,32.06333923339844,347
3211,COX10,129.88424682617188,28.73592185974121,330
3212,COX11,129.54779052734375,28.993675231933594,330
3213,COX14,136.00418090820312,39.31546401977539,271
3214,COX15,130.23611450195312,28.562267303466797,330
3215,COX16,135.88189697265625,39.231285095214844,271
3216,COX17,125.2541732788086,38.12898254394531,184
3217,COX18,128.94886779785156,27.241003036499023,330
3218,COX19,124.97081756591797,37.77635192871094,184
3219,COX20,135.94419860839844,39.16584014892578,271
3220,COX4I1,135.15858459472656,37.808860778808594,271
3221,COX4I2,133.88148498535156,36.359962463378906,271
3222,COX5A,134.07723999023438,33.45496368408203,183
3223,COX5B,134.67120361328125,35.71867752075195,271
3224,COX6A1,135.47438049316406,38.08632278442383,271
3225,COX6A2,135.6485595703125,38.775211334228516,271
3226,COX6B1,130.1822052001953,38.637393951416016,283
3227,COX6B2,125.50812530517578,38.101722717285156,184
3228,COX6C,136.0274200439453,38.91891098022461,271
3229,COX7A1,136.0038604736328,38.821205139160156,271
3230,COX7A2,136.16091918945312,38.82558822631836,271
3231,COX7A2L,135.36073303222656,38.32820510864258,271
3232,COX7B2,135.76605224609375,38.722347259521484,271
3233,COX7C,135.90139770507812,38.85237121582031,271
3234,COX8A,135.87466430664062,38.8021354675293,271
3235,COX8C,133.70828247070312,35.78868103027344,271
3236,CP,131.01705932617188,-2.386059284210205,252
3237,CPA1,134.89915466308594,-5.063722133636475,235
3238,CPA2,134.64234924316406,-5.067846775054932,235
3239,CPA3,134.36814880371094,-3.747502326965332,235
3240,CPA4,134.36814880371094,-4.235054969787598,235
3241,CPA5,134.49868774414062,-3.9225544929504395,235
3242,CPA6,134.4853057861328,-4.199390411376953,235
3243,CPAMD8,122.33067321777344,-15.401800155639648,219
3244,CPB1,134.69288635253906,-4.683826923370361,235
3245,CPB2,133.86651611328125,-3.800629138946533,235
3246,CPD,132.18955993652344,-1.9271363019943237,252
3247,CPE,133.6049041748047,-6.513467788696289,235
3248,CPEB1,101.95939636230469,15.374828338623047,353
3249,CPEB2,81.68159484863281,26.66465950012207,281
3250,CPEB3,81.53276062011719,26.698688507080078,281
3251,CPEB4,80.91304016113281,27.856367111206055,188
3252,CPED1,135.45558166503906,0.8743715286254883,252
3253,CPHXL,85.41081237792969,41.283565521240234,302
3254,CPLANE1,96.1752700805664,-3.6538126468658447,290
3255,CPLANE2,120.1553726196289,20.246925354003906,446
3256,CPLX1,105.96281433105469,38.74807357788086,284
3257,CPLX2,106.1905288696289,37.46382141113281,284
3258,CPLX3,106.62578582763672,37.54579162597656,284
3259,CPLX4,106.90345764160156,36.66191482543945,284
3260,CPM,133.847412109375,-2.1772541999816895,252
3261,CPN1,134.58998107910156,-4.083005905151367,235
3262,CPN2,156.62387084960938,46.78815460205078,105
3263,CPNE1,105.8753662109375,-4.9881134033203125,106
3264,CPNE2,105.75479125976562,-4.9065165519714355,106
3265,CPNE3,106.50901794433594,-4.8760786056518555,106
3266,CPNE4,105.960693359375,-5.082741737365723,106
3267,CPNE5,105.77262878417969,-4.353359222412109,106
3268,CPNE6,105.88815307617188,-5.043176651000977,106
3269,CPNE7,106.07628631591797,-5.203279495239258,106
3270,CPNE8,106.37284851074219,-5.1082234382629395,106
3271,CPNE9,106.01276397705078,-4.640895843505859,106
3272,CPO,134.34339904785156,-4.401074409484863,235
3273,CPOX,126.14868927001953,14.739118576049805,314
3274,CPPED1,125.33065795898438,19.122400283813477,468
3275,CPQ,133.35174560546875,3.200624465942383,252
3276,CPS1,135.48536682128906,15.711660385131836,440
3277,CPSF1,110.36124420166016,5.762641429901123,293
3278,CPSF3,115.14179229736328,14.415265083312988,448
3279,CPSF4,100.80389404296875,24.785118103027344,443
3280,CPSF4L,98.88702392578125,26.241031646728516,439
3281,CPSF6,73.18562316894531,23.260250091552734,279
3282,CPSF7,74.03181457519531,23.202796936035156,279
3283,CPT1A,123.98987579345703,6.81691837310791,204
3284,CPT1B,124.45306396484375,6.239521026611328,204
3285,CPT1C,124.4374771118164,5.2542924880981445,204
3286,CPT2,124.65486145019531,7.398089408874512,204
3287,CPTP,107.81478881835938,27.001543045043945,430
3288,CPVL,133.56443786621094,-0.34795260429382324,252
3289,CPXM1,135.03671264648438,-7.333235263824463,235
3290,CPXM2,134.32443237304688,-7.479708671569824,235
3291,CPZ,134.6231689453125,-6.120486736297607,235
3292,CR1,125.85105895996094,-20.81894302368164,202
3293,CR1L,108.08600616455078,72.02019500732422,70
3294,CR2,107.42225646972656,71.48971557617188,70
3295,CRABP1,-15.181971549987793,-63.919456481933594,18
3296,CRABP2,-15.179937362670898,-63.913490295410156,18
3297,CRACR2A,82.26484680175781,7.842421054840088,227
3298,CRACR2B,80.7703857421875,6.999825477600098,227
3299,CRADD,110.9759521484375,23.75545310974121,359
3300,CRAMP1,82.5054931640625,23.394153594970703,281
3301,CRAT,126.0875015258789,6.279160976409912,205
3302,CRB1,132.80979919433594,-20.037052154541016,236
3303,CRB2,134.18280029296875,-18.495960235595703,236
3304,CRB3,100.41934204101562,54.06201171875,263
3305,CRBN,109.38239288330078,18.55196189880371,375
3306,CRCP,111.14532470703125,29.30473518371582,419
3307,CRCT1,8.95788860321045,-70.77286529541016,24
3308,CREB1,71.083740234375,30.55026626586914,275
3309,CREB3,80.01717376708984,37.05113983154297,264
3310,CREB3L1,80.32959747314453,36.38184356689453,264
3311,CREB3L2,79.833740234375,36.7971305847168,264
3312,CREB3L3,80.03079223632812,37.00942611694336,264
3313,CREB3L4,79.77763366699219,37.74256134033203,264
3314,CREB5,76.07595825195312,30.00623321533203,281
3315,CREBBP,74.63204193115234,27.48709487915039,281
3316,CREBL2,101.0557632446289,35.922760009765625,341
3317,CREBRF,87.53158569335938,30.52071762084961,317
3318,CREBZF,94.66131591796875,33.30257034301758,335
3319,CREG1,132.25489807128906,-0.559772253036499,252
3320,CREG2,130.56912231445312,-3.4163191318511963,234
3321,CRELD1,134.25010681152344,-19.10525131225586,236
3322,CRELD2,134.17079162597656,-18.62859344482422,236
3323,CREM,71.15983581542969,30.747339248657227,275
3324,CRH,154.62721252441406,-19.94507598876953,133
3325,CRHBP,139.4595947265625,-13.956389427185059,246
3326,CRHR1,110.68045043945312,-32.01072692871094,126
3327,CRHR2,110.83143615722656,-32.1800537109375,126
3328,CRIM1,132.68406677246094,-20.706541061401367,236
3329,CRIP1,96.98493957519531,26.471586227416992,434
3330,CRIP2,96.39207458496094,26.346405029296875,434
3331,CRIP3,96.86752319335938,26.63129425048828,434
3332,CRIPT,119.91596221923828,34.7554817199707,316
3333,CRISP1,139.3781280517578,-13.4904203414917,246
3334,CRISP2,139.39512634277344,-13.146156311035156,246
3335,CRISP3,140.0887451171875,-12.651022911071777,246
3336,CRISPLD1,137.35345458984375,-13.825532913208008,246
3337,CRISPLD2,136.36033630371094,-14.282889366149902,230
3338,CRK,101.0238037109375,18.015941619873047,381
3339,CRKL,100.69004821777344,19.6561279296875,402
3340,CRLF1,132.34739685058594,-12.84228515625,224
3341,CRLF3,111.59252166748047,16.982166290283203,405
3342,CRLS1,130.22109985351562,28.82530975341797,330
3343,CRMP1,132.84518432617188,20.096843719482422,458
3344,CRNKL1,109.75739288330078,1.8165971040725708,293
3345,CRNN,87.12548065185547,42.34866714477539,305
3346,CROCC,75.12989807128906,3.21169376373291,232
3347,CROCC2,75.00418853759766,3.3998289108276367,232
3348,CROT,124.41981506347656,7.100545883178711,204
3349,CRP,141.5327911376953,-9.109038352966309,212
3350,CRPPA,126.75469207763672,20.778133392333984,467
3351,CRTAC1,132.42506408691406,-9.689353942871094,224
3352,CRTAM,97.20836639404297,66.83749389648438,259
3353,CRTAP,136.7252197265625,-2.3457064628601074,243
3354,CRTC1,77.03484344482422,28.619873046875,281
3355,CRTC2,77.42066192626953,27.936264038085938,281
3356,CRTC3,77.96744537353516,27.37920570373535,281
3357,CRX,68.35120391845703,47.225425720214844,261
3358,CRY1,108.21617889404297,20.357845306396484,395
3359,CRY2,107.6266860961914,20.161949157714844,395
3360,CRYAA,90.15888214111328,35.2083740234375,336
3361,CRYAB,90.33718872070312,35.060543060302734,336
3362,CRYBA1,63.90251922607422,-57.516597747802734,32
3363,CRYBA2,63.89899826049805,-57.523826599121094,32
3364,CRYBA4,63.928306579589844,-57.522056579589844,32
3365,CRYBB1,63.93300247192383,-57.50930404663086,32
3366,CRYBB2,63.899261474609375,-57.540489196777344,32
3367,CRYBB3,63.899234771728516,-57.532711029052734,32
3368,CRYBG1,87.23606872558594,19.13886833190918,418
3369,CRYBG2,88.84748840332031,19.377717971801758,414
3370,CRYBG3,84.74285888671875,20.206287384033203,318
3371,CRYGA,63.92603302001953,-57.50241470336914,32
3372,CRYGB,63.98711395263672,-57.462066650390625,32
3373,CRYGC,63.932743072509766,-57.50658416748047,32
3374,CRYGD,63.96426773071289,-57.48037338256836,32
3375,CRYGN,154.34397888183594,-2.6810524463653564,75
3376,CRYGS,63.963130950927734,-57.48832702636719,32
3377,CRYL1,133.39810180664062,17.472023010253906,440
3378,CRYM,131.7817840576172,19.465145111083984,458
3379,CRYZ,138.25416564941406,17.17129898071289,189
3380,CRYZL1,127.23727416992188,18.45490074157715,451
3381,CS,138.29913330078125,20.714717864990234,387
3382,CSAD,133.82260131835938,15.211968421936035,440
3383,CSDC2,102.62875366210938,27.50535011291504,429
3384,CSDE1,115.44395446777344,11.861858367919922,389
3385,CSE1L,103.94639587402344,-1.3994064331054688,308
3386,CSF1,93.11619567871094,52.679561614990234,147
3387,CSF1R,137.185791015625,67.61679077148438,43
3388,CSF2,112.5294189453125,60.756385803222656,117
3389,CSF2RB,101.3797378540039,64.71015930175781,269
3390,CSF3,111.98744201660156,59.98519515991211,116
3391,CSF3R,101.14079284667969,65.08108520507812,269
3392,CSGALNACT1,142.0448760986328,1.1305910348892212,239
3393,CSGALNACT2,142.6654815673828,1.0462090969085693,239
3394,CSH1,113.04264831542969,61.53564453125,117
3395,CSH2,112.96659851074219,61.361167907714844,117
3396,CSHL1,113.07101440429688,61.37056350708008,117
3397,CSK,132.73828125,73.97419738769531,67
3398,CSKMT,121.42058563232422,23.423763275146484,465
3399,CSN1S1,89.42024993896484,51.3883171081543,139
3400,CSN2,89.03408813476562,51.05912780761719,139
3401,CSN3,88.8917465209961,51.19685363769531,139
3402,CSNK1A1,128.60928344726562,77.6412124633789,68
3403,CSNK1A1L,128.07296752929688,77.72466278076172,68
3404,CSNK1D,127.61608123779297,78.39865112304688,68
3405,CSNK1E,128.261474609375,78.26854705810547,68
3406,CSNK1G1,128.23095703125,77.50164794921875,68
3407,CSNK1G2,127.96026611328125,78.07635498046875,68
3408,CSNK1G3,128.40724182128906,77.96639251708984,68
3409,CSNK2A2,128.30081176757812,77.30038452148438,68
3410,CSNK2A3,128.23944091796875,77.00623321533203,68
3411,CSNK2B,119.26759338378906,32.96859359741211,316
3412,CSNKA2IP,86.55155181884766,37.92683029174805,287
3413,CSPG4,122.79891204833984,-20.561668395996094,216
3414,CSPG5,92.2989273071289,17.534900665283203,378
3415,CSPP1,82.3868179321289,13.253381729125977,307
3416,CSRNP1,86.825439453125,28.459304809570312,350
3417,CSRNP2,94.52362823486328,23.670494079589844,421
3418,CSRNP3,93.78753662109375,23.306148529052734,421
3419,CSRP1,96.87005615234375,26.481998443603516,434
3420,CSRP2,96.62103271484375,25.982858657836914,434
3421,CSRP3,96.81526184082031,26.094860076904297,434
3422,CST1,76.72468566894531,-18.30211067199707,82
3423,CST11,76.68606567382812,-18.198993682861328,82
3424,CST2,76.63894653320312,-18.23638153076172,82
3425,CST3,76.71859741210938,-18.29551887512207,82
3426,CST4,76.6942138671875,-18.22894287109375,82
3427,CST5,76.6733169555664,-18.215478897094727,82
3428,CST6,76.67207336425781,-18.22447395324707,82
3429,CST7,76.834228515625,-18.265396118164062,82
3430,CST8,76.67875671386719,-18.213712692260742,82
3431,CST9,97.715576171875,44.776763916015625,300
3432,CST9L,77.1690444946289,-18.049911499023438,82
3433,CSTA,120.96426391601562,31.396902084350586,347
3434,CSTB,121.41001892089844,33.43448257446289,316
3435,CSTF1,123.92818450927734,50.87924575805664,66
3436,CSTF2T,72.92588806152344,24.191083908081055,279
3437,CSTF3,109.525390625,1.8051265478134155,293
3438,CSTL1,76.66921997070312,-18.22890853881836,82
3439,CT62,94.46568298339844,46.806304931640625,301
3440,CTAGE1,99.75141906738281,-56.002403259277344,48
3441,CTAGE15,99.75702667236328,-56.072113037109375,48
3442,CTAGE4,99.76007843017578,-56.077598571777344,48
3443,CTAGE6,99.80810546875,-56.22882843017578,48
3444,CTAGE8,99.75433349609375,-56.0950927734375,48
3445,CTAGE9,99.75752258300781,-56.08311080932617,48
3446,CTBP1,130.66957092285156,18.76955795288086,457
3447,CTBP2,130.0367431640625,18.239728927612305,457
3448,CTBS,133.2080841064453,-0.16858430206775665,252
3449,CTC1,108.46221160888672,6.854413032531738,310
3450,CTCF,62.0718994140625,29.40737533569336,176
3451,CTCFL,61.30256271362305,29.086915969848633,176
3452,CTDNEP1,122.37298583984375,23.67203712463379,465
3453,CTDP1,95.24352264404297,20.272226333618164,393
3454,CTDSP1,122.78901672363281,23.235877990722656,465
3455,CTDSP2,121.04627990722656,23.17770767211914,465
3456,CTDSPL,121.08392333984375,22.58540916442871,465
3457,CTDSPL2,99.34226989746094,19.424474716186523,402
3458,CTF1,101.7342529296875,33.399574279785156,346
3459,CTH,135.10433959960938,18.001312255859375,440
3460,CTHRC1,156.73422241210938,-9.302610397338867,100
3461,CTIF,89.67794799804688,18.53432846069336,378
3462,CTLA4,97.02265930175781,66.97698974609375,259
3463,CTNNA1,100.94929504394531,-2.472694158554077,291
3464,CTNNA2,100.38359069824219,-3.4476184844970703,291
3465,CTNNA3,100.43238830566406,-3.53981614112854,291
3466,CTNNAL1,102.89871215820312,4.399082660675049,309
3467,CTNNB1,105.41313171386719,0.333842933177948,313
3468,CTNNBIP1,102.69692993164062,36.39191436767578,332
3469,CTNNBL1,106.31653594970703,5.590410232543945,299
3470,CTNND1,89.62979125976562,10.35421371459961,371
3471,CTNND2,87.62821960449219,8.375007629394531,370
3472,CTNS,98.98165893554688,-31.109163284301758,171
3473,CTPS1,124.00845336914062,16.024776458740234,314
3474,CTR9,111.38417053222656,0.26823529601097107,293
3475,CTRB1,141.4032745361328,-35.63706970214844,62
3476,CTRB2,141.26397705078125,-35.483943939208984,62
3477,CTRC,140.9681396484375,-35.086395263671875,62
3478,CTRL,141.11941528320312,-35.31855773925781,62
3479,CTSA,133.9307098388672,-1.1273820400238037,252
3480,CTSB,137.72573852539062,-7.702312469482422,228
3481,CTSC,137.80419921875,-7.183770179748535,228
3482,CTSD,135.73953247070312,-4.939943313598633,229
3483,CTSE,135.9684295654297,-5.472896099090576,229
3484,CTSF,137.7852783203125,-8.945101737976074,228
3485,CTSG,140.29885864257812,-34.23872375488281,61
3486,CTSH,137.5880889892578,-7.5116753578186035,228
3487,CTSK,138.48606872558594,-7.684165000915527,228
3488,CTSL,138.0826416015625,-8.090975761413574,228
3489,CTSO,136.5064697265625,-9.018742561340332,241
3490,CTSS,137.88612365722656,-7.865795612335205,228
3491,CTSV,139.27972412109375,-8.723007202148438,228
3492,CTSW,138.58755493164062,-11.757076263427734,246
3493,CTSZ,137.5137481689453,-7.080420970916748,228
3494,CTTN,95.6570053100586,18.52420997619629,399
3495,CTTNBP2,92.3031005859375,5.8144636154174805,374
3496,CTTNBP2NL,83.02539825439453,9.409334182739258,226
3497,CTU1,104.00759887695312,31.764936447143555,382
3498,CTU2,119.07286071777344,17.246471405029297,460
3499,CTXN1,101.2706298828125,52.00775909423828,263
3500,CTXN2,100.76945495605469,51.48908233642578,263
3501,CTXN3,101.36665344238281,50.929931640625,263
3502,CTXND1,101.0445785522461,51.332515716552734,263
3503,CTXND2,100.88552856445312,50.90049362182617,263
3504,CUBN,124.90406799316406,-21.16317367553711,202
3505,CUEDC1,98.67768096923828,25.74740982055664,439
3506,CUEDC2,106.2901382446289,28.32916259765625,430
3507,CUL1,107.16305541992188,3.592923164367676,310
3508,CUL2,107.36400604248047,3.695143461227417,310
3509,CUL3,107.09654998779297,3.6419286727905273,310
3510,CUL4A,108.22144317626953,6.3689703941345215,310
3511,CUL5,107.7581787109375,4.490488052368164,310
3512,CUL7,98.85063171386719,-3.7009735107421875,291
3513,CUL9,98.64790344238281,-5.711777687072754,291
3514,CUTA,129.5094757080078,30.65760040283203,330
3515,CUTC,128.47488403320312,19.052331924438477,450
3516,CUX2,87.19657897949219,9.641493797302246,370
3517,CUZD1,132.0682373046875,-9.568851470947266,224
3518,CWC15,107.74608612060547,33.589481353759766,425
3519,CWC22,71.61902618408203,17.839340209960938,120
3520,CWC25,72.63528442382812,18.382801055908203,120
3521,CWC27,107.76155090332031,33.45222854614258,425
3522,CWF19L1,113.41838836669922,15.040712356567383,448
3523,CWF19L2,106.45166015625,31.426559448242188,426
3524,CWH43,126.96803283691406,6.223930835723877,205
3525,CX3CL1,93.12201690673828,51.723419189453125,147
3526,CX3CR1,1.1814500093460083,-23.146751403808594,17
3527,CXADR,100.19844818115234,63.15296173095703,273
3528,CXCL1,163.28732299804688,-40.790523529052734,46
3529,CXCL10,163.16885375976562,-40.677215576171875,46
3530,CXCL11,163.32301330566406,-40.8339729309082,46
3531,CXCL12,163.28382873535156,-40.75470733642578,46
3532,CXCL13,163.3499755859375,-40.85403823852539,46
3533,CXCL14,163.2223358154297,-40.68282699584961,46
3534,CXCL16,93.39511108398438,57.152400970458984,147
3535,CXCL17,145.15032958984375,-21.363937377929688,221
3536,CXCL2,163.45411682128906,-40.97071838378906,46
3537,CXCL3,163.29774475097656,-40.8048095703125,46
3538,CXCL5,163.242919921875,-40.73452377319336,46
3539,CXCL6,163.32064819335938,-40.80760192871094,46
3540,CXCL8,163.32321166992188,-40.826416015625,46
3541,CXCL9,163.32850646972656,-40.82002258300781,46
3542,CXCR1,2.160141706466675,-23.8719539642334,17
3543,CXCR2,1.6127290725708008,-23.413349151611328,17
3544,CXCR4,2.8261420726776123,-23.847532272338867,17
3545,CXCR5,2.500321388244629,-24.257278442382812,17
3546,CXCR6,1.1269445419311523,-23.128068923950195,17
3547,CXXC1,97.18853759765625,25.08296012878418,434
3548,CXXC4,71.24351501464844,38.353267669677734,268
3549,CXXC5,69.3976058959961,38.42066192626953,268
3550,CYB561,93.42475891113281,-33.64805603027344,165
3551,CYB561A3,92.7296371459961,-33.45101547241211,165
3552,CYB561D1,93.19319915771484,-33.802879333496094,165
3553,CYB5A,119.32296752929688,27.16033935546875,373
3554,CYB5B,119.30830383300781,27.23950958251953,373
3555,CYB5D1,117.73018646240234,26.367374420166016,373
3556,CYB5D2,132.4589080810547,-4.2359724044799805,235
3557,CYB5R1,129.25653076171875,12.358622550964355,289
3558,CYB5R2,129.30166625976562,16.0494384765625,453
3559,CYB5R3,129.1516876220703,14.411697387695312,289
3560,CYB5R4,116.0526351928711,16.038057327270508,452
3561,CYB5RL,120.60334014892578,19.64505386352539,416
3562,CYBA,86.52931213378906,-31.08769989013672,124
3563,CYBC1,116.1538314819336,19.999500274658203,462
3564,CYBRD1,93.27088928222656,-33.8670539855957,165
3565,CYC1,134.65817260742188,30.90446662902832,183
3566,CYCS,123.18317413330078,35.320709228515625,315
3567,CYFIP1,100.73444366455078,3.541024923324585,309
3568,CYFIP2,100.54978942871094,3.731004238128662,368
3569,CYGB,108.44132995605469,25.00878143310547,322
3570,CYHR1,100.04036712646484,24.62093734741211,443
3571,CYLC2,90.66791534423828,38.624664306640625,331
3572,CYLD,100.1811294555664,18.248897552490234,381
3573,CYP11A1,158.198974609375,9.58617115020752,69
3574,CYP11B1,158.96099853515625,9.683700561523438,69
3575,CYP11B2,158.38575744628906,9.269892692565918,69
3576,CYP17A1,158.8296356201172,9.577606201171875,69
3577,CYP19A1,157.86489868164062,9.238072395324707,69
3578,CYP1A1,158.6959991455078,9.57984733581543,69
3579,CYP1A2,158.3034210205078,9.512330055236816,69
3580,CYP1B1,158.40444946289062,9.46605110168457,69
3581,CYP20A1,158.22442626953125,9.6345796585083,69
3582,CYP21A2,158.84857177734375,9.54124927520752,69
3583,CYP24A1,158.5130615234375,9.552361488342285,69
3584,CYP26A1,158.28045654296875,9.460516929626465,69
3585,CYP26B1,158.01052856445312,9.375079154968262,69
3586,CYP26C1,157.0293731689453,9.323089599609375,69
3587,CYP27A1,158.4658203125,9.544441223144531,69
3588,CYP27B1,158.62368774414062,9.550293922424316,69
3589,CYP27C1,157.84701538085938,9.67590618133545,69
3590,CYP2A13,159.14584350585938,9.536216735839844,69
3591,CYP2A6,159.1884765625,9.521590232849121,69
3592,CYP2A7,159.0954132080078,9.479930877685547,69
3593,CYP2B6,159.15586853027344,9.494954109191895,69
3594,CYP2C18,158.93202209472656,9.488603591918945,69
3595,CYP2C19,158.81039428710938,9.295969009399414,69
3596,CYP2C8,159.31373596191406,9.593441009521484,69
3597,CYP2C9,159.2624053955078,9.528040885925293,69
3598,CYP2D6,159.06744384765625,9.544381141662598,69
3599,CYP2D7,158.81463623046875,9.539398193359375,69
3600,CYP2E1,159.2592010498047,9.531670570373535,69
3601,CYP2F1,159.02093505859375,9.550469398498535,69
3602,CYP2J2,159.03384399414062,9.590412139892578,69
3603,CYP2R1,158.3045654296875,9.593398094177246,69
3604,CYP2S1,158.8233642578125,9.55660343170166,69
3605,CYP2U1,158.12124633789062,9.794350624084473,69
3606,CYP2W1,158.42694091796875,9.425955772399902,69
3607,CYP39A1,158.21017456054688,9.641864776611328,69
3608,CYP3A4,159.24307250976562,9.595285415649414,69
3609,CYP3A43,159.52456665039062,9.823585510253906,69
3610,CYP3A5,159.39120483398438,9.573339462280273,69
3611,CYP3A7,159.33261108398438,9.621487617492676,69
3612,CYP46A1,158.90390014648438,9.759618759155273,69
3613,CYP4A11,159.0683135986328,9.692756652832031,69
3614,CYP4A22,158.92605590820312,9.738768577575684,69
3615,CYP4B1,158.6297607421875,9.804330825805664,69
3616,CYP4F11,159.04840087890625,9.699966430664062,69
3617,CYP4F12,159.0968475341797,9.80140495300293,69
3618,CYP4F2,159.28688049316406,9.98866081237793,69
3619,CYP4F22,159.22412109375,9.97857666015625,69
3620,CYP4F3,159.3939666748047,9.305032730102539,69
3621,CYP4F8,159.1886749267578,9.70380973815918,69
3622,CYP4V2,158.4628448486328,9.776996612548828,69
3623,CYP4X1,158.9502410888672,9.722813606262207,69
3624,CYP4Z1,158.98614501953125,9.687202453613281,69
3625,CYP51A1,157.8753204345703,9.466474533081055,69
3626,CYP7A1,157.66110229492188,9.607292175292969,69
3627,CYP7B1,157.73094177246094,10.010967254638672,69
3628,CYP8B1,158.8939208984375,10.017498970031738,69
3629,CYREN,99.28633880615234,35.15195083618164,341
3630,CYS1,100.4225845336914,34.62813186645508,345
3631,CYSLTR2,1.959430456161499,-23.522502899169922,17
3632,CYSRT1,100.41116333007812,43.83134841918945,294
3633,CYSTM1,94.05732727050781,48.13185119628906,301
3634,CYTH1,101.51902770996094,11.23442268371582,326
3635,CYTH2,102.52671813964844,14.681270599365234,353
3636,CYTH3,99.62849426269531,11.361159324645996,431
3637,CYTH4,101.04849243164062,11.529593467712402,326
3638,CYTIP,91.05635833740234,21.917125701904297,422
3639,CYTL1,112.38312530517578,60.294193267822266,117
3640,CYYR1,97.57730102539062,52.74476623535156,262
3641,CZIB,120.6452865600586,33.40632629394531,316
3642,D2HGDH,130.222412109375,17.711406707763672,457
3643,DAAM1,86.38380432128906,12.029096603393555,369
3644,DAAM2,87.51268005371094,11.91215705871582,369
3645,DAB1,81.19255065917969,21.647438049316406,281
3646,DAB2,83.05462646484375,19.0506534576416,318
3647,DAB2IP,89.35993957519531,10.16388988494873,371
3648,DACH1,77.95098114013672,31.066688537597656,277
3649,DACT1,87.33551025390625,28.865379333496094,350
3650,DACT2,85.18553924560547,27.134807586669922,349
3651,DACT3,89.42603302001953,29.80302619934082,321
3652,DAD1,92.05653381347656,-26.94403648376465,158
3653,DAG1,92.09288024902344,55.43177795410156,147
3654,DAGLA,104.18083953857422,-20.416255950927734,148
3655,DAGLB,114.66514587402344,3.4078593254089355,213
3656,DALRD3,120.63910675048828,16.514812469482422,459
3657,DAND5,143.64321899414062,-12.730799674987793,212
3658,DAO,129.48924255371094,16.126161575317383,453
3659,DAOA,95.79383850097656,43.448150634765625,300
3660,DAP,98.64659118652344,38.15388870239258,341
3661,DAP3,121.69602966308594,19.652259826660156,416
3662,DAPK1,94.25518035888672,4.480807781219482,374
3663,DAPK2,127.31851196289062,77.03352355957031,68
3664,DAPK3,127.86405944824219,76.83488464355469,68
3665,DAPL1,96.00228881835938,42.88410949707031,300
3666,DAPP1,99.18899536132812,13.717670440673828,428
3667,DARS2,121.71646118164062,15.904518127441406,459
3668,DAW1,124.82206726074219,52.061161041259766,66
3669,DAXX,99.56602478027344,13.111347198486328,427
3670,DAZAP1,71.2666244506836,23.652488708496094,278
3671,DAZAP2,95.5490951538086,48.30907440185547,301
3672,DAZL,70.2427749633789,33.908485412597656,275
3673,DBF4,90.70639038085938,22.940786361694336,415
3674,DBF4B,95.15763854980469,33.38468551635742,335
3675,DBH,132.6543731689453,-0.3755823075771332,252
3676,DBI,122.47967529296875,33.02082443237305,315
3677,DBN1,92.5814437866211,18.513734817504883,422
3678,DBNDD1,96.24755096435547,36.184967041015625,338
3679,DBNDD2,98.76587677001953,36.112064361572266,341
3680,DBNL,94.51913452148438,17.412212371826172,333
3681,DBP,79.69969940185547,39.25815200805664,264
3682,DBR1,111.02641296386719,21.158645629882812,358
3683,DBT,133.7383575439453,22.23839569091797,387
3684,DBX1,68.15823364257812,46.99968719482422,261
3685,DBX2,70.13092803955078,45.46006774902344,261
3686,DCAF1,98.02159118652344,0.6211753487586975,285
3687,DCAF10,123.55029296875,50.326480865478516,66
3688,DCAF11,123.86454772949219,50.43328857421875,66
3689,DCAF12,123.33027648925781,49.954139709472656,66
3690,DCAF13,123.6826171875,51.307987213134766,66
3691,DCAF15,97.81221008300781,20.095766067504883,404
3692,DCAF16,95.86318969726562,36.33368682861328,338
3693,DCAF17,114.10542297363281,11.31076431274414,389
3694,DCAF4,124.3807373046875,51.07112503051758,66
3695,DCAF4L1,124.29127502441406,50.968727111816406,66
3696,DCAF4L2,124.70112609863281,50.849300384521484,66
3697,DCAF5,92.5361557006836,17.169315338134766,378
3698,DCAF6,92.46269989013672,13.908663749694824,394
3699,DCAF7,124.29132080078125,51.14985656738281,66
3700,DCAF8,122.74917602539062,49.15223693847656,66
3701,DCAKD,124.33907318115234,20.904518127441406,469
3702,DCANP1,94.38721466064453,46.023887634277344,301
3703,DCBLD1,99.20933532714844,58.934749603271484,242
3704,DCBLD2,131.74862670898438,-12.807894706726074,224
3705,DCC,121.79501342773438,-16.862911224365234,220
3706,DCD,107.462890625,53.91510009765625,112
3707,DCDC1,85.85284423828125,6.9342780113220215,201
3708,DCDC2,89.94766235351562,28.724061965942383,350
3709,DCDC2B,92.60760498046875,34.368141174316406,338
3710,DCDC2C,91.39425659179688,29.041784286499023,321
3711,DCHS1,122.6833724975586,-20.407800674438477,216
3712,DCK,117.67343139648438,20.118818283081055,441
3713,DCLK1,129.91082763671875,73.94280242919922,68
3714,DCLK2,129.51165771484375,74.46440124511719,68
3715,DCLK3,127.61809539794922,76.11479949951172,68
3716,DCLRE1A,86.63954162597656,22.11914825439453,418
3717,DCLRE1B,98.04905700683594,21.51910400390625,360
3718,DCLRE1C,94.05635070800781,21.059894561767578,423
3719,DCN,156.38108825683594,47.29991149902344,105
3720,DCP1A,79.70358276367188,26.077449798583984,281
3721,DCP1B,78.68840026855469,27.872407913208008,281
3722,DCP2,95.09033966064453,23.073665618896484,421
3723,DCPS,119.3986587524414,19.612037658691406,446
3724,DCST1,104.59603118896484,-23.930335998535156,136
3725,DCST2,103.83514404296875,-23.370798110961914,136
3726,DCSTAMP,99.8215103149414,-22.936912536621094,149
3727,DCT,132.30282592773438,-1.4931498765945435,252
3728,DCTD,122.0399169921875,23.753442764282227,465
3729,DCTN1,81.32946014404297,3.4808244705200195,211
3730,DCTN2,109.99466705322266,31.88463020324707,419
3731,DCTN3,110.70841979980469,32.595726013183594,391
3732,DCTN4,101.12605285644531,23.554611206054688,444
3733,DCTN5,121.39674377441406,17.33842658996582,459
3734,DCTN6,119.14173889160156,29.7077579498291,347
3735,DCTPP1,124.4297866821289,25.54767417907715,464
3736,DCUN1D1,55.395973205566406,-2.208540201187134,63
3737,DCUN1D2,55.732418060302734,-1.7982916831970215,63
3738,DCUN1D3,101.39972686767578,24.33687400817871,443
3739,DCUN1D4,55.45967102050781,-2.1694517135620117,63
3740,DCXR,136.20440673828125,15.736772537231445,440
3741,DDA1,104.7103042602539,35.02161407470703,284
3742,DDAH1,127.95516967773438,20.92353630065918,327
3743,DDAH2,127.50509643554688,22.033689498901367,327
3744,DDB1,110.34663391113281,4.186462879180908,293
3745,DDB2,124.53850555419922,51.46736526489258,66
3746,DDC,136.07989501953125,17.22227668762207,440
3747,DDHD2,112.84613037109375,11.905221939086914,389
3748,DDI1,104.14837646484375,28.929325103759766,429
3749,DDI2,103.4860610961914,25.197751998901367,433
3750,DDIAS,89.38958740234375,23.078449249267578,415
3751,DDIT3,94.70484924316406,34.35395050048828,338
3752,DDIT4,94.69062805175781,33.24992370605469,335
3753,DDIT4L,94.68684387207031,41.11621856689453,343
3754,DDN,88.35623931884766,31.065196990966797,317
3755,DDO,128.13571166992188,16.419370651245117,457
3756,DDOST,127.4378890991211,-3.3676960468292236,234
3757,DDR1,137.21224975585938,67.53060150146484,43
3758,DDR2,137.07073974609375,67.25643920898438,43
3759,DDRGK1,108.99750518798828,33.390594482421875,425
3760,DDT,124.17877960205078,30.8981990814209,192
3761,DDTL,122.97470092773438,31.018692016601562,192
3762,DDX1,114.3243408203125,16.204885482788086,448
3763,DDX10,113.5594253540039,32.02342224121094,401
3764,DDX11,112.4430160522461,15.10225772857666,442
3765,DDX17,70.478271484375,23.019908905029297,278
3766,DDX18,113.63764953613281,30.936939239501953,400
3767,DDX19A,115.411376953125,17.101112365722656,463
3768,DDX19B,113.8265609741211,18.838165283203125,456
3769,DDX20,105.23187255859375,18.01357078552246,395
3770,DDX21,114.21845245361328,30.724628448486328,400
3771,DDX23,107.17744445800781,25.479413986206055,390
3772,DDX24,112.86579895019531,30.33717155456543,400
3773,DDX25,114.73674011230469,17.837032318115234,463
3774,DDX27,113.23909759521484,30.45187759399414,400
3775,DDX28,119.65524291992188,20.73653221130371,446
3776,DDX31,114.84848022460938,19.307443618774414,463
3777,DDX39A,115.93939208984375,18.594411849975586,461
3778,DDX39B,114.89888000488281,19.00248146057129,463
3779,DDX4,111.28792572021484,16.641138076782227,405
3780,DDX41,115.75291442871094,19.675329208374023,462
3781,DDX42,111.36943817138672,15.603728294372559,442
3782,DDX43,112.23486328125,19.589689254760742,358
3783,DDX46,102.34388732910156,27.325557708740234,429
3784,DDX47,114.28715515136719,20.148151397705078,456
3785,DDX49,115.42243194580078,22.416526794433594,363
3786,DDX5,70.31768035888672,22.582305908203125,278
3787,DDX50,113.40530395507812,29.1539306640625,388
3788,DDX51,115.70084381103516,25.625320434570312,361
3789,DDX52,113.86894989013672,28.970605850219727,388
3790,DDX54,115.1449203491211,30.77864646911621,401
3791,DDX55,115.66297912597656,21.74228286743164,362
3792,DDX56,116.67259979248047,22.103382110595703,446
3793,DDX58,115.51522827148438,3.39290189743042,213
3794,DDX59,112.73487854003906,15.948665618896484,442
3795,DDX6,106.698486328125,18.863744735717773,395
3796,DDX60,102.74372100830078,-2.417543411254883,308
3797,DDX60L,101.32872772216797,-2.8742637634277344,291
3798,DEAF1,72.99470520019531,30.826927185058594,274
3799,DECR1,137.2928924560547,20.84343147277832,387
3800,DECR2,135.05294799804688,16.11954689025879,440
3801,DEDD,106.4022445678711,24.542354583740234,406
3802,DEDD2,97.86701965332031,29.916059494018555,439
3803,DEF6,79.66919708251953,5.899564743041992,227
3804,DEF8,102.22840118408203,23.638164520263672,432
3805,DEFA1,110.17877197265625,55.9935302734375,112
3806,DEFA1B,110.1934814453125,55.98432159423828,112
3807,DEFA3,109.941162109375,55.84136199951172,112
3808,DEFA4,110.19737243652344,55.94786834716797,112
3809,DEFA5,110.23629760742188,55.99796676635742,112
3810,DEFA6,110.26976776123047,56.00340270996094,112
3811,DEFB1,147.30538940429688,-24.67606544494629,218
3812,DEFB103A,148.34738159179688,-26.118555068969727,218
3813,DEFB103B,148.42723083496094,-26.179988861083984,218
3814,DEFB104A,148.45875549316406,-26.16268539428711,218
3815,DEFB104B,148.43336486816406,-26.17932891845703,218
3816,DEFB105A,147.68243408203125,-25.22129249572754,218
3817,DEFB105B,148.04525756835938,-25.551054000854492,218
3818,DEFB106A,148.4011688232422,-26.143383026123047,218
3819,DEFB106B,148.25254821777344,-25.912799835205078,218
3820,DEFB107A,147.97181701660156,-25.287052154541016,218
3821,DEFB107B,148.00596618652344,-25.382787704467773,218
3822,DEFB108B,147.53524780273438,-24.918628692626953,218
3823,DEFB110,148.29737854003906,-26.008865356445312,218
3824,DEFB112,144.21185302734375,-20.865421295166016,221
3825,DEFB113,148.16908264160156,-25.767133712768555,218
3826,DEFB114,148.24545288085938,-25.851743698120117,218
3827,DEFB115,148.10052490234375,-25.68645477294922,218
3828,DEFB116,147.9014892578125,-25.528228759765625,218
3829,DEFB118,146.5129852294922,-23.018587112426758,222
3830,DEFB119,148.18701171875,-25.73656463623047,218
3831,DEFB121,148.23789978027344,-25.83345603942871,218
3832,DEFB123,148.73471069335938,-26.450759887695312,218
3833,DEFB124,147.07823181152344,-24.27983856201172,218
3834,DEFB125,147.36814880371094,-24.415103912353516,218
3835,DEFB126,148.0351104736328,-25.534000396728516,218
3836,DEFB127,148.12957763671875,-25.906953811645508,218
3837,DEFB128,148.34820556640625,-25.985721588134766,218
3838,DEFB129,147.04226684570312,-23.18319320678711,222
3839,DEFB130A,148.42013549804688,-26.074222564697266,218
3840,DEFB130B,148.1981964111328,-25.824129104614258,218
3841,DEFB131A,147.94129943847656,-25.115175247192383,218
3842,DEFB131B,147.96273803710938,-25.458351135253906,218
3843,DEFB132,146.649169921875,-23.37824058532715,222
3844,DEFB134,146.9705810546875,-24.103147506713867,218
3845,DEFB135,148.100830078125,-25.775188446044922,218
3846,DEFB136,147.93490600585938,-25.64476203918457,218
3847,DEFB4A,148.20086669921875,-26.07337188720703,218
3848,DEFB4B,148.78672790527344,-26.64590835571289,218
3849,DEGS1,94.00440979003906,-34.61651611328125,164
3850,DEGS2,94.06327819824219,-34.92761993408203,164
3851,DEK,106.43538665771484,36.98660659790039,284
3852,DELE1,109.29490661621094,10.030574798583984,386
3853,DENND10,122.68769073486328,18.357656478881836,416
3854,DENND11,103.836669921875,11.091978073120117,326
3855,DENND1A,91.54248046875,9.213852882385254,380
3856,DENND1B,94.7470932006836,8.65510082244873,320
3857,DENND1C,95.65064239501953,9.678559303283691,435
3858,DENND2A,90.02493286132812,17.0860538482666,378
3859,DENND2C,89.17741394042969,17.775026321411133,367
3860,DENND2D,102.7029037475586,10.256658554077148,326
3861,DENND3,98.9049072265625,5.580582618713379,368
3862,DENND4A,94.76261138916016,-0.5808582305908203,290
3863,DENND4B,96.57837677001953,0.5764066576957703,285
3864,DENND4C,94.8773193359375,-1.3172119855880737,290
3865,DENND5A,99.69916534423828,5.894181251525879,413
3866,DENND5B,97.47140502929688,5.55472469329834,368
3867,DENND6A,102.65191650390625,8.279629707336426,297
3868,DENND6B,101.06793212890625,9.791585922241211,326
3869,DENR,110.88090515136719,29.528676986694336,419
3870,DEPDC1,90.71915435791016,25.363914489746094,412
3871,DEPDC1B,101.24793243408203,22.670543670654297,432
3872,DEPDC4,107.80455780029297,18.124378204345703,375
3873,DEPDC5,95.6648178100586,0.4874318242073059,285
3874,DEPDC7,107.20620727539062,18.62625503540039,395
3875,DEPP1,92.45502471923828,36.71442413330078,342
3876,DEPTOR,99.56881713867188,13.281649589538574,427
3877,DERA,133.87286376953125,19.576000213623047,458
3878,DERL1,93.904052734375,-28.715892791748047,159
3879,DERL2,94.12773132324219,-28.540449142456055,159
3880,DERL3,94.7016830444336,-29.549697875976562,159
3881,DERPC,84.70719909667969,39.35643768310547,287
3882,DES,206.3262939453125,25.2230281829834,20
3883,DESI1,117.78601837158203,25.001623153686523,372
3884,DESI2,115.54947662353516,24.60224151611328,361
3885,DET1,111.6549072265625,10.790027618408203,386
3886,DEUP1,75.1033706665039,3.6697957515716553,232
3887,DEXI,95.29608154296875,41.528038024902344,343
3888,DFFA,109.71503448486328,29.378170013427734,419
3889,DFFB,108.11299133300781,19.64069938659668,395
3890,DGAT1,99.07196807861328,-31.158878326416016,171
3891,DGAT2,130.40415954589844,10.131372451782227,196
3892,DGCR2,130.75247192382812,-11.660734176635742,224
3893,DGCR6,104.6598892211914,33.804107666015625,382
3894,DGCR6L,105.8976821899414,33.170284271240234,426
3895,DGCR8,95.4215316772461,21.4022274017334,393
3896,DGKA,99.26979064941406,6.461337089538574,413
3897,DGKB,98.94263458251953,5.505429267883301,368
3898,DGKD,98.50340270996094,6.0769362449646,413
3899,DGKE,121.6563491821289,11.616029739379883,296
3900,DGKG,99.29624938964844,6.1460161209106445,413
3901,DGKQ,98.2679672241211,10.367485046386719,438
3902,DGKZ,98.30857849121094,7.61994743347168,413
3903,DGLUCY,129.9331512451172,16.708934783935547,453
3904,DGUOK,125.595947265625,23.082122802734375,464
3905,DHCR24,129.97047424316406,9.029869079589844,196
3906,DHCR7,95.79914855957031,-33.78725814819336,174
3907,DHDDS,121.5566635131836,17.203516006469727,459
3908,DHDH,133.10862731933594,17.789819717407227,440
3909,DHFR,124.77874755859375,21.410274505615234,468
3910,DHFR2,123.49101257324219,22.88425064086914,464
3911,DHH,137.84033203125,-3.5315990447998047,243
3912,DHODH,129.27207946777344,19.954612731933594,450
3913,DHPS,129.61627197265625,19.429180145263672,450
3914,DHRS1,134.81216430664062,12.652169227600098,282
3915,DHRS11,134.26651000976562,17.69575309753418,440
3916,DHRS12,133.263427734375,13.704828262329102,282
3917,DHRS13,134.16989135742188,11.558486938476562,282
3918,DHRS2,136.07073974609375,15.345039367675781,440
3919,DHRS3,135.42349243164062,11.220233917236328,282
3920,DHRS4,136.41244506835938,16.509967803955078,440
3921,DHRS4L2,135.98849487304688,15.775918006896973,440
3922,DHRS7,134.74032592773438,11.87000846862793,282
3923,DHRS7B,134.8584747314453,11.662596702575684,282
3924,DHRS7C,135.4309844970703,11.1133394241333,282
3925,DHRS9,135.91075134277344,11.816658973693848,282
3926,DHTKD1,135.33587646484375,16.67469024658203,440
3927,DHX15,109.49862670898438,8.556684494018555,306
3928,DHX16,110.48638153076172,18.662246704101562,405
3929,DHX29,108.9894027709961,13.151196479797363,357
3930,DHX30,112.53225708007812,14.500733375549316,448
3931,DHX32,112.75164794921875,14.264302253723145,448
3932,DHX33,114.1447525024414,16.932125091552734,448
3933,DHX34,113.75183868408203,12.641921997070312,447
3934,DHX35,113.924560546875,14.815471649169922,448
3935,DHX36,110.6094970703125,14.465087890625,357
3936,DHX37,113.78142547607422,19.025053024291992,456
3937,DHX38,109.78831481933594,19.420745849609375,375
3938,DHX40,112.51585388183594,15.17695426940918,442
3939,DHX57,112.73745727539062,14.140690803527832,448
3940,DHX58,114.30677795410156,13.267436027526855,447
3941,DHX8,110.00373077392578,16.76241683959961,375
3942,DHX9,111.73310089111328,14.688566207885742,442
3943,DIABLO,127.37455749511719,25.42888641357422,329
3944,DIAPH1,85.96920776367188,11.962174415588379,369
3945,DIAPH3,87.36888122558594,13.051992416381836,369
3946,DICER1,94.7391586303711,0.9280444383621216,265
3947,DIDO1,78.09474182128906,21.363422393798828,281
3948,DIMT1,123.4306640625,24.90655517578125,465
3949,DIO1,129.70730590820312,5.5778937339782715,251
3950,DIO2,128.90895080566406,6.258053302764893,205
3951,DIO3,129.74681091308594,2.689734935760498,251
3952,DIP2A,98.57180786132812,4.470802307128906,368
3953,DIP2B,98.1923599243164,4.591236591339111,368
3954,DIP2C,98.59832000732422,3.881056547164917,368
3955,DIPK1A,140.46347045898438,-0.5176575183868408,239
3956,DIPK1B,139.6447296142578,-1.0524652004241943,239
3957,DIPK1C,139.81683349609375,-0.4170386791229248,239
3958,DIPK2A,139.8850555419922,-0.5874223709106445,239
3959,DIRAS1,76.94947814941406,-69.4394760131836,84
3960,DIRAS2,76.6307601928711,-69.73908233642578,84
3961,DIRAS3,76.72804260253906,-69.67567443847656,84
3962,DIRC1,95.09833526611328,45.04912567138672,301
3963,DIS3,113.9375228881836,13.08224868774414,447
3964,DIS3L,115.12223052978516,12.94015121459961,447
3965,DIS3L2,115.73355102539062,12.925310134887695,447
3966,DISC1,87.33219146728516,15.405312538146973,367
3967,DISP1,110.73043823242188,-28.434200286865234,123
3968,DISP3,112.78250885009766,-30.48639678955078,128
3969,DIXDC1,81.8881607055664,6.993903160095215,227
3970,DKK1,140.75149536132812,-17.544233322143555,248
3971,DKK2,140.05685424804688,-17.573938369750977,248
3972,DKK3,137.39041137695312,-14.819038391113281,230
3973,DKK4,142.4363555908203,-19.095165252685547,221
3974,DKKL1,96.98943328857422,44.308990478515625,300
3975,DLAT,133.88912963867188,21.571943283081055,387
3976,DLC1,88.95028686523438,11.16963005065918,371
3977,DLD,137.62103271484375,21.02699089050293,387
3978,DLEC1,86.93208312988281,6.331842422485352,201
3979,DLEU7,102.68475341796875,32.227928161621094,382
3980,DLG1,90.20507049560547,8.054994583129883,380
3981,DLG2,89.39877319335938,8.206592559814453,370
3982,DLG4,101.13467407226562,13.541158676147461,408
3983,DLG5,83.30657958984375,6.7855377197265625,227
3984,DLGAP1,88.41717529296875,10.018925666809082,370
3985,DLGAP2,88.15277099609375,9.049983024597168,370
3986,DLGAP3,87.64199829101562,12.698197364807129,369
3987,DLGAP4,87.55079650878906,12.416954040527344,369
3988,DLGAP5,89.34119415283203,25.177488327026367,412
3989,DLK1,133.83709716796875,-19.28938102722168,236
3990,DLK2,135.4391326904297,-17.6463565826416,236
3991,DLL1,132.6204071044922,-20.591527938842773,236
3992,DLL3,134.18226623535156,-16.903234481811523,236
3993,DLL4,132.1376190185547,-21.312353134155273,236
3994,DLST,133.77757263183594,21.995716094970703,387
3995,DLX1,66.16024780273438,45.9127082824707,261
3996,DLX2,67.81249237060547,44.43977737426758,261
3997,DLX3,68.25806427001953,43.931976318359375,260
3998,DLX4,67.86322021484375,46.90666580200195,261
3999,DLX5,67.43730926513672,45.35492706298828,261
4000,DLX6,67.21407318115234,44.90166473388672,261
4001,DMAC1,135.75372314453125,39.196468353271484,271
4002,DMAC2,127.13509368896484,26.25736427307129,329
4003,DMAC2L,125.8609390258789,27.062862396240234,325
4004,DMAP1,103.0398941040039,28.106191635131836,429
4005,DMBT1,125.56996154785156,-20.80154037475586,202
4006,DMBX1,68.53972625732422,45.528350830078125,261
4007,DMC1,116.63914489746094,20.093000411987305,441
4008,DMGDH,134.1331329345703,15.268492698669434,440
4009,DMKN,101.74945068359375,27.88488006591797,429
4010,DMP1,88.80534362792969,43.293006896972656,303
4011,DMPK,127.04457092285156,76.69064331054688,68
4012,DMRT1,72.51016998291016,42.3203239440918,254
4013,DMRT2,75.24119567871094,40.47667694091797,266
4014,DMRT3,73.12113952636719,42.74969482421875,254
4015,DMRTA1,73.59988403320312,42.002655029296875,254
4016,DMRTA2,72.53933715820312,41.30208969116211,254
4017,DMRTB1,75.24341583251953,41.22780227661133,266
4018,DMRTC2,75.85755157470703,42.805274963378906,266
4019,DMTF1,70.65342712402344,30.440288543701172,275
4020,DMTN,94.11386108398438,25.71591567993164,354
4021,DMWD,95.1338882446289,20.954416275024414,393
4022,DMXL1,95.58908081054688,-3.5773251056671143,290
4023,DMXL2,95.85917663574219,-4.101547718048096,290
4024,DNA2,102.70703125,17.164695739746094,381
4025,DNAAF1,91.47999572753906,19.09241485595703,422
4026,DNAAF2,111.72370910644531,25.847509384155273,359
4027,DNAAF3,100.86219024658203,17.589645385742188,381
4028,DNAAF4,107.18212127685547,29.152128219604492,430
4029,DNAAF5,108.924072265625,5.825096130371094,310
4030,DNAH12,94.57609558105469,-3.589977264404297,290
4031,DNAI1,79.41413116455078,11.013812065124512,198
4032,DNAI2,78.41349792480469,11.033987998962402,198
4033,DNAJA1,120.19916534423828,6.852550506591797,207
4034,DNAJA2,119.74017333984375,7.289941787719727,207
4035,DNAJA3,128.1934051513672,23.640380859375,327
4036,DNAJA4,120.04509735107422,7.015662670135498,207
4037,DNAJB1,120.45681762695312,6.8411712646484375,207
4038,DNAJB11,121.47213745117188,5.383406639099121,157
4039,DNAJB12,117.52371215820312,7.895607948303223,214
4040,DNAJB13,120.282470703125,6.332141876220703,207
4041,DNAJB14,118.6734390258789,5.3173346519470215,207
4042,DNAJB2,119.13672637939453,6.290428638458252,207
4043,DNAJB4,120.0126953125,6.647197723388672,207
4044,DNAJB5,120.04115295410156,6.181948661804199,207
4045,DNAJB6,119.62454986572266,5.319005966186523,207
4046,DNAJB7,119.4517822265625,5.357839584350586,207
4047,DNAJB8,119.42411804199219,5.689199447631836,207
4048,DNAJB9,119.62677001953125,5.555728912353516,207
4049,DNAJC1,126.65496063232422,-1.7745094299316406,234
4050,DNAJC11,118.2310562133789,15.756093978881836,383
4051,DNAJC12,106.10525512695312,24.809383392333984,390
4052,DNAJC13,97.24887084960938,-3.4455788135528564,290
4053,DNAJC14,95.15715789794922,23.28810691833496,421
4054,DNAJC15,133.47447204589844,36.208187103271484,271
4055,DNAJC16,127.27738952636719,0.9669950008392334,233
4056,DNAJC17,107.94608306884766,33.18699645996094,425
4057,DNAJC18,119.09355163574219,6.114168167114258,207
4058,DNAJC19,132.01205444335938,35.53501510620117,328
4059,DNAJC2,107.89985656738281,32.90533447265625,425
4060,DNAJC21,107.98686981201172,32.24556350708008,425
4061,DNAJC22,99.13653564453125,-26.708362579345703,161
4062,DNAJC24,112.43168640136719,28.797924041748047,388
4063,DNAJC25,125.69693756103516,1.9285666942596436,200
4064,DNAJC27,77.93218231201172,-68.25933837890625,84
4065,DNAJC28,119.70365905761719,23.158090591430664,465
4066,DNAJC3,117.71343231201172,0.21920427680015564,191
4067,DNAJC30,127.67098999023438,30.03802490234375,192
4068,DNAJC4,128.66128540039062,29.706327438354492,330
4069,DNAJC5,99.49019622802734,53.35750198364258,263
4070,DNAJC5B,99.4322280883789,53.52670669555664,263
4071,DNAJC5G,99.85887145996094,52.899803161621094,263
4072,DNAJC6,86.2269515991211,17.332225799560547,366
4073,DNAJC7,112.33279418945312,0.8598421812057495,293
4074,DNAJC8,107.93392944335938,33.22467803955078,425
4075,DNAJC9,107.14820098876953,29.077091217041016,430
4076,DNAL1,153.68328857421875,45.9566650390625,101
4077,DNAL4,118.84098052978516,32.52293014526367,316
4078,DNALI1,78.22787475585938,10.560942649841309,215
4079,DNASE1,136.90188598632812,-3.195873737335205,243
4080,DNASE1L2,137.0845489501953,-2.7048511505126953,243
4081,DNASE1L3,135.52182006835938,-2.4786481857299805,243
4082,DNASE2,134.99822998046875,-1.1617134809494019,252
4083,DNASE2B,136.65481567382812,-1.7508941888809204,243
4084,DND1,101.66584014892578,28.769798278808594,429
4085,DNER,134.1385498046875,-18.817766189575195,236
4086,DNLZ,124.79956817626953,29.581336975097656,192
4087,DNM1,93.38993835449219,8.313640594482422,380
4088,DNM1L,113.88365936279297,11.193424224853516,389
4089,DNM2,91.99916076660156,8.585222244262695,380
4090,DNM3,91.46090698242188,8.354806900024414,380
4091,DNMBP,91.62319946289062,11.159342765808105,379
4092,DNMT1,94.5341567993164,21.216432571411133,423
4093,DNMT3A,95.48541259765625,20.630565643310547,393
4094,DNMT3B,96.00312042236328,21.361066818237305,393
4095,DNMT3L,115.63752746582031,16.446434020996094,448
4096,DNPEP,127.84408569335938,17.73908805847168,451
4097,DNPH1,126.96531677246094,25.065935134887695,329
4098,DNTT,121.31181335449219,17.879446029663086,459
4099,DNTTIP1,104.28851318359375,28.06310272216797,429
4100,DNTTIP2,95.52325439453125,27.42374610900879,354
4101,DOC2A,98.20814514160156,2.411384344100952,285
4102,DOC2B,97.85210418701172,2.092525005340576,285
4103,DOCK1,93.45824432373047,-1.9447373151779175,290
4104,DOCK10,94.37178802490234,-2.5937771797180176,290
4105,DOCK2,94.51270294189453,-2.24778151512146,290
4106,DOCK3,93.86196899414062,-2.110935926437378,290
4107,DOCK4,93.14460754394531,-1.6862874031066895,290
4108,DOCK5,93.40476989746094,-1.2368615865707397,290
4109,DOCK6,98.45698547363281,-6.240750312805176,291
4110,DOCK7,95.07118225097656,-2.725919485092163,290
4111,DOCK8,94.40992736816406,-3.646524429321289,290
4112,DOCK9,94.52179718017578,-3.1328887939453125,290
4113,DOHH,111.65885925292969,21.043968200683594,358
4114,DOK1,96.96369171142578,16.884571075439453,407
4115,DOK2,97.38450622558594,16.335906982421875,407
4116,DOK3,97.52560424804688,16.814407348632812,407
4117,DOK4,101.30703735351562,15.063471794128418,353
4118,DOK5,98.84716796875,12.261466979980469,431
4119,DOK6,99.34872436523438,11.435182571411133,431
4120,DOK7,91.53375244140625,20.226661682128906,422
4121,DOLK,98.81573486328125,-31.103252410888672,171
4122,DOLPP1,94.8622817993164,-32.12278747558594,166
4123,DONSON,108.6567611694336,20.676706314086914,406
4124,DOP1A,96.19019317626953,-3.9241983890533447,290
4125,DOP1B,98.11415100097656,-4.61870002746582,291
4126,DOT1L,80.56117248535156,23.59798812866211,281
4127,DPAGT1,97.26171875,-31.986347198486328,171
4128,DPCD,110.82892608642578,25.722578048706055,359
4129,DPEP1,134.32534790039062,0.1132013350725174,252
4130,DPEP2,134.5638427734375,0.16287317872047424,252
4131,DPEP2NB,96.01692962646484,42.74685287475586,300
4132,DPEP3,134.12188720703125,-0.100527822971344,252
4133,DPF1,97.94091033935547,25.812458038330078,439
4134,DPF2,98.947998046875,25.06247329711914,439
4135,DPF3,97.15995788574219,24.366416931152344,360
4136,DPH1,119.48406982421875,16.829910278320312,460
4137,DPH2,120.46897888183594,17.18536376953125,459
4138,DPH3,120.26777648925781,31.67486000061035,347
4139,DPH5,124.93653869628906,20.197172164916992,468
4140,DPH6,125.49698638916016,19.734943389892578,468
4141,DPH7,124.76063537597656,50.619293212890625,66
4142,DPM1,123.80524444580078,23.733224868774414,464
4143,DPM2,91.77876281738281,-26.44333839416504,158
4144,DPM3,135.51683044433594,39.41013717651367,271
4145,DPP10,124.32821655273438,-12.21558952331543,217
4146,DPP3,124.87389373779297,13.085681915283203,314
4147,DPP4,130.7261199951172,-4.512070655822754,234
4148,DPP6,123.192138671875,-12.793769836425781,219
4149,DPP7,133.91221618652344,-0.1787218153476715,252
4150,DPP8,119.2715835571289,8.429569244384766,207
4151,DPP9,121.81499481201172,8.063931465148926,296
4152,DPPA2,100.69664764404297,28.88645362854004,429
4153,DPPA3,95.47538757324219,40.17742919921875,344
4154,DPPA4,96.9818115234375,35.46687698364258,338
4155,DPPA5,99.64249420166016,37.86160659790039,341
4156,DPRX,69.32556915283203,47.45482635498047,261
4157,DPT,140.373291015625,-12.12529182434082,246
4158,DPY19L1,102.14617919921875,-29.960533142089844,156
4159,DPY19L2,102.48523712158203,-30.26029396057129,156
4160,DPY19L3,101.95523071289062,-28.727012634277344,156
4161,DPY19L4,101.97364807128906,-29.145109176635742,156
4162,DPY30,115.65304565429688,30.985218048095703,348
4163,DPYD,136.05526733398438,16.161142349243164,440
4164,DPYS,133.05360412597656,17.533506393432617,440
4165,DPYSL2,133.25331115722656,20.233448028564453,458
4166,DPYSL3,133.35020446777344,20.211755752563477,458
4167,DPYSL4,133.25869750976562,19.78118133544922,458
4168,DPYSL5,134.15769958496094,20.852529525756836,387
4169,DQX1,116.12434387207031,6.480094909667969,214
4170,DR1,110.24536895751953,29.928560256958008,419
4171,DRAM1,92.3258056640625,-33.44926452636719,165
4172,DRAM2,93.69532775878906,-33.42020034790039,165
4173,DRAP1,112.3568344116211,36.162410736083984,391
4174,DRAXIN,138.35203552246094,-12.51007080078125,246
4175,DRC1,75.59953308105469,8.273726463317871,215
4176,DRC3,152.39576721191406,45.35279083251953,101
4177,DRC7,76.54019927978516,9.740522384643555,215
4178,DRD1,6.127374649047852,-23.40074920654297,17
4179,DRD2,6.853565216064453,-22.68121910095215,17
4180,DRD3,7.125034809112549,-23.032310485839844,17
4181,DRD4,6.810299873352051,-23.765777587890625,17
4182,DRD5,6.471711158752441,-23.09627914428711,17
4183,DRG1,115.18981170654297,20.861684799194336,362
4184,DRG2,117.04896545410156,21.144851684570312,446
4185,DRGX,67.22245025634766,45.90228271484375,261
4186,DRICH1,89.10308837890625,43.518619537353516,303
4187,DROSHA,78.85121154785156,24.606626510620117,281
4188,DSC1,122.70806121826172,-43.69841003417969,51
4189,DSC3,122.46704864501953,-43.51669692993164,51
4190,DSCAM,121.57205200195312,-18.081384658813477,220
4191,DSCAML1,121.71333312988281,-17.996517181396484,220
4192,DSCC1,113.38856506347656,24.736591339111328,362
4193,DSE,135.16317749023438,1.646484136581421,252
4194,DSEL,134.11721801757812,2.034590005874634,252
4195,DSG1,122.71827697753906,-43.78169250488281,51
4196,DSG2,122.72406768798828,-43.805240631103516,51
4197,DSG3,122.66783142089844,-43.6705207824707,51
4198,DSG4,122.70372009277344,-43.81462860107422,51
4199,DSN1,95.03611755371094,25.417770385742188,354
4200,DSP,90.5940170288086,-9.123300552368164,110
4201,DSPP,88.88823699951172,41.97050094604492,302
4202,DSTN,120.48931121826172,32.006744384765625,347
4203,DSTYK,107.12044525146484,16.527124404907227,375
4204,DTD1,122.98844146728516,22.81693458557129,465
4205,DTD2,123.18690490722656,24.73828125,465
4206,DTHD1,102.8384780883789,8.76092529296875,297
4207,DTL,94.15777587890625,21.546804428100586,423
4208,DTNA,91.6611328125,7.878174304962158,380
4209,DTNB,91.84080505371094,8.485387802124023,380
4210,DTNBP1,103.66974639892578,25.406686782836914,433
4211,DTWD2,121.6647720336914,23.100488662719727,465
4212,DTX1,86.75498962402344,24.240890502929688,411
4213,DTX2,87.26696014404297,25.149457931518555,411
4214,DTX3,110.31268310546875,23.66037368774414,359
4215,DTX3L,114.90245819091797,4.455674171447754,213
4216,DTX4,86.74583435058594,24.869958877563477,411
4217,DTYMK,120.28900909423828,24.146663665771484,465
4218,DUOX1,110.82743835449219,-27.343618392944336,123
4219,DUOX2,110.90963745117188,-27.738502502441406,123
4220,DUOXA1,96.92970275878906,-28.594091415405273,161
4221,DUOXA2,96.18531036376953,-27.968366622924805,161
4222,DUS1L,123.00171661376953,19.066213607788086,416
4223,DUS2,123.01518249511719,18.586387634277344,416
4224,DUS3L,119.33447265625,17.736722946166992,460
4225,DUS4L,122.17314910888672,21.09682846069336,470
4226,DUSP1,97.6544189453125,28.773527145385742,439
4227,DUSP10,89.3023681640625,27.00790786743164,350
4228,DUSP11,108.08528137207031,21.843952178955078,406
4229,DUSP12,112.42364501953125,24.10498809814453,359
4230,DUSP13,121.14104461669922,25.300731658935547,465
4231,DUSP14,118.02029418945312,23.667461395263672,372
4232,DUSP15,92.24495697021484,42.765541076660156,339
4233,DUSP16,89.926513671875,18.51620864868164,378
4234,DUSP18,117.91545867919922,23.524452209472656,372
4235,DUSP19,118.53656005859375,23.124074935913086,372
4236,DUSP2,99.18697357177734,28.544389724731445,439
4237,DUSP22,117.3453598022461,25.635793685913086,372
4238,DUSP23,124.52742004394531,26.38787078857422,325
4239,DUSP26,121.75904846191406,25.769752502441406,465
4240,DUSP28,114.71470642089844,27.275392532348633,388
4241,DUSP3,118.15560913085938,24.878225326538086,372
4242,DUSP4,98.42377471923828,27.8140811920166,439
4243,DUSP5,98.28782653808594,28.55912208557129,439
4244,DUSP6,97.69020080566406,28.178546905517578,439
4245,DUSP7,97.15370178222656,27.53887939453125,436
4246,DUSP8,90.05638122558594,22.425081253051758,415
4247,DUT,128.66891479492188,28.445093154907227,330
4248,DUX4,72.0828628540039,45.80719757080078,261
4249,DUXA,69.32757568359375,47.28076934814453,261
4250,DUXB,69.52008056640625,47.026329040527344,261
4251,DVL1,83.33113098144531,17.714670181274414,318
4252,DVL2,79.92939758300781,19.911291122436523,280
4253,DVL3,79.15300750732422,19.85373878479004,280
4254,DXO,116.82564544677734,20.166210174560547,441
4255,DYDC1,78.11503601074219,11.042970657348633,198
4256,DYDC2,79.40966033935547,10.946258544921875,198
4257,DYM,103.8865966796875,4.130034923553467,309
4258,DYNAP,93.2963638305664,55.16728210449219,147
4259,DYNC1I1,123.191650390625,49.879554748535156,66
4260,DYNC1I2,122.83940124511719,49.507728576660156,66
4261,DYNC1LI1,112.46768188476562,19.321096420288086,456
4262,DYNC1LI2,105.54522705078125,22.702180862426758,406
4263,DYNC2LI1,77.53014373779297,-68.93275451660156,84
4264,DYNLL1,122.76783752441406,35.90205383300781,315
4265,DYNLL2,121.9087142944336,35.38014221191406,315
4266,DYNLRB1,119.73065185546875,34.40401077270508,316
4267,DYNLRB2,119.9737548828125,33.797828674316406,316
4268,DYNLT1,119.66494750976562,33.42100524902344,316
4269,DYRK1B,126.43182373046875,76.292236328125,68
4270,DYRK2,127.437744140625,76.79578399658203,68
4271,DYRK3,127.15434265136719,76.79901885986328,68
4272,DYRK4,127.5783462524414,76.94319915771484,68
4273,DYSF,99.70001220703125,-8.616925239562988,288
4274,DYTN,113.21440124511719,50.30996322631836,94
4275,DZANK1,97.61199188232422,15.846084594726562,410
4276,DZIP1,79.31623077392578,8.612897872924805,227
4277,DZIP1L,78.41720581054688,8.909975051879883,227
4278,DZIP3,95.74168395996094,5.357550621032715,320
4279,E2F1,87.92390441894531,29.715396881103516,350
4280,E2F2,87.79529571533203,28.521053314208984,350
4281,E2F3,87.076171875,29.679824829101562,350
4282,E2F4,88.95417022705078,29.935203552246094,321
4283,E2F5,89.60435485839844,30.369138717651367,321
4284,E2F6,91.4597396850586,29.408428192138672,321
4285,E2F7,88.33435821533203,24.535158157348633,411
4286,E2F8,87.74166107177734,25.099306106567383,411
4287,E4F1,61.08734893798828,28.959138870239258,176
4288,EAF1,93.67313385009766,28.491565704345703,384
4289,EAF2,92.36593627929688,27.788801193237305,384
4290,EAPP,107.58457946777344,32.638946533203125,425
4291,EARS2,121.87279510498047,16.643211364746094,459
4292,EBAG9,106.9505615234375,32.3265495300293,425
4293,EBF1,71.50149536132812,35.17564392089844,268
4294,EBF2,71.24723815917969,35.41339111328125,268
4295,EBF3,70.94804382324219,35.32889938354492,268
4296,EBF4,71.81419372558594,35.78196716308594,268
4297,EBI3,100.921875,66.0282974243164,270
4298,EBLN1,98.7119140625,40.814483642578125,298
4299,EBLN2,98.03253936767578,42.17539978027344,298
4300,EBNA1BP2,113.72531127929688,32.42000961303711,401
4301,EBPL,96.22084045410156,-32.189517974853516,172
4302,ECD,111.28929901123047,22.0689697265625,358
4303,ECE1,131.576171875,3.234132766723633,251
4304,ECE2,132.01290893554688,2.8313045501708984,251
4305,ECEL1,132.34152221679688,2.8827548027038574,251
4306,ECH1,136.57594299316406,20.405460357666016,387
4307,ECHDC1,136.87899780273438,20.47479820251465,387
4308,ECHDC2,136.56600952148438,20.43924331665039,387
4309,ECHDC3,134.01315307617188,21.533161163330078,387
4310,ECHS1,136.7670440673828,21.81211280822754,387
4311,ECI1,131.17929077148438,24.32725715637207,327
4312,ECI2,136.0940399169922,20.886531829833984,387
4313,ECM1,137.4586944580078,-12.587593078613281,246
4314,ECM2,157.14450073242188,47.83592224121094,105
4315,ECPAS,98.50120544433594,-3.0862412452697754,291
4316,ECRG4,150.9254608154297,-17.895233154296875,133
4317,ECSCR,94.04476928710938,55.238704681396484,147
4318,ECSIT,128.59552001953125,27.603178024291992,330
4319,ECT2,93.64639282226562,21.308948516845703,423
4320,ECT2L,102.0304183959961,15.110280990600586,353
4321,EDAR,98.52713775634766,58.19145584106445,242
4322,EDARADD,96.28691101074219,35.98918533325195,338
4323,EDC3,113.84769439697266,17.563390731811523,463
4324,EDC4,95.01957702636719,8.687800407409668,320
4325,EDDM13,143.167724609375,-16.765058517456055,249
4326,EDDM3A,115.67627716064453,25.008487701416016,361
4327,EDDM3B,149.79273986816406,-14.324239730834961,134
4328,EDEM1,136.78326416015625,0.2266876995563507,240
4329,EDEM2,134.43862915039062,0.5530694723129272,252
4330,EDEM3,124.90203857421875,0.6237872838973999,233
4331,EDF1,119.77027130126953,37.65812301635742,186
4332,EDIL3,131.72732543945312,-17.15423583984375,236
4333,EDN1,147.5326690673828,-17.264368057250977,206
4334,EDN2,148.17723083496094,-17.734159469604492,206
4335,EDN3,143.265380859375,-16.687429428100586,238
4336,EDNRA,5.28562593460083,-23.943408966064453,17
4337,EDNRB,5.452249526977539,-23.83241844177246,17
4338,EDRF1,107.56983947753906,1.576766848564148,311
4339,EEA1,74.50774383544922,2.700655937194824,232
4340,EED,123.19599914550781,49.773895263671875,66
4341,EEF1A1,147.2253875732422,26.035633087158203,103
4342,EEF1A2,151.948974609375,27.16156005859375,93
4343,EEF1AKMT1,122.06378936767578,21.262744903564453,470
4344,EEF1AKMT2,120.96138000488281,21.44894790649414,470
4345,EEF1AKMT3,123.58238983154297,22.219532012939453,470
4346,EEF1AKMT4,123.14443969726562,23.58893585205078,465
4347,EEF1AKMT4-ECE2,131.68690490722656,3.2755231857299805,251
4348,EEF1B2,123.22465515136719,35.379337310791016,315
4349,EEF1D,123.94019317626953,35.482601165771484,184
4350,EEF1E1,118.18205261230469,25.259674072265625,372
4351,EEF1G,136.4924774169922,25.364912033081055,387
4352,EEF2,145.3730926513672,25.656112670898438,103
4353,EEF2K,97.7730484008789,16.480730056762695,407
4354,EEF2KMT,122.69131469726562,21.709545135498047,470
4355,EEFSEC,120.18974304199219,16.59960174560547,459
4356,EEPD1,100.95614624023438,17.277870178222656,381
4357,EFCAB10,113.1436767578125,28.78544044494629,388
4358,EFCAB11,54.48108673095703,-2.9198124408721924,97
4359,EFCAB12,88.68106842041016,37.46490478515625,331
4360,EFCAB13,91.66771697998047,14.492634773254395,394
4361,EFCAB14,114.25514221191406,7.451782703399658,214
4362,EFCAB2,103.71498107910156,32.25629425048828,382
4363,EFCAB3,91.94599151611328,13.177443504333496,394
4364,EFCAB5,91.0313720703125,13.073147773742676,356
4365,EFCAB6,88.08255004882812,9.554011344909668,370
4366,EFCAB7,102.48838806152344,11.372505187988281,326
4367,EFCAB8,123.39863586425781,49.21626663208008,66
4368,EFCAB9,54.249603271484375,-3.0633461475372314,97
4369,EFCC1,83.36410522460938,8.733598709106445,226
4370,EFEMP1,134.11685180664062,-20.40589141845703,236
4371,EFEMP2,133.74241638183594,-20.38312530517578,236
4372,EFHB,86.65910339355469,42.06375503540039,305
4373,EFHC1,80.24468994140625,11.568851470947266,198
4374,EFHD1,54.36277389526367,-2.9138617515563965,97
4375,EFHD2,54.71998596191406,-2.7078163623809814,97
4376,EFL1,114.9220199584961,13.124452590942383,447
4377,EFNA1,131.95603942871094,-8.602267265319824,224
4378,EFNA2,131.50120544433594,-8.039648056030273,224
4379,EFNA3,131.77935791015625,-8.722887992858887,224
4380,EFNA4,131.2021484375,-6.90480899810791,224
4381,EFNA5,131.90504455566406,-8.583373069763184,224
4382,EFNB2,101.95488739013672,61.448326110839844,273
4383,EFNB3,134.33956909179688,-9.205719947814941,224
4384,EFR3A,101.36732482910156,3.965393304824829,309
4385,EFR3B,102.75328826904297,4.004205703735352,309
4386,EFS,91.96807098388672,19.733617782592773,422
4387,EFTUD2,115.8554916381836,15.46074390411377,448
4388,EGF,132.38919067382812,-19.47450065612793,236
4389,EGFL7,136.06724548339844,-18.442514419555664,236
4390,EGFL8,136.94424438476562,-18.11690330505371,236
4391,EGFLAM,131.30233764648438,-17.684314727783203,236
4392,EGFR,136.9373779296875,67.46388244628906,43
4393,EGLN1,103.9935302734375,25.521488189697266,433
4394,EGLN2,96.50894927978516,26.161195755004883,434
4395,EGLN3,123.8203353881836,20.902908325195312,469
4396,EGR1,64.67938232421875,37.69145584106445,179
4397,EGR2,64.4842529296875,37.9422721862793,179
4398,EGR3,64.35050201416016,37.0276985168457,179
4399,EGR4,64.00654602050781,37.26386642456055,179
4400,EHBP1,88.99787139892578,9.448568344116211,370
4401,EHBP1L1,87.07923126220703,33.19314193725586,317
4402,EHD1,106.97315216064453,14.548382759094238,351
4403,EHD2,109.50125885009766,13.143261909484863,357
4404,EHD3,107.49983215332031,13.805632591247559,351
4405,EHD4,107.13036346435547,14.254598617553711,351
4406,EHF,75.2396469116211,37.5539665222168,267
4407,EHHADH,136.22085571289062,18.19190216064453,440
4408,EHMT1,92.77217102050781,21.069549560546875,423
4409,EHMT2,93.73774719238281,20.464187622070312,423
4410,EI24,94.39613342285156,-29.023799896240234,159
4411,EID1,102.35986328125,35.52620315551758,332
4412,EID2,100.61766815185547,33.646949768066406,345
4413,EID2B,99.3121337890625,37.61002731323242,341
4414,EID3,108.35376739501953,25.710981369018555,322
4415,EIF1,122.95156860351562,35.73149871826172,315
4416,EIF1AD,110.23454284667969,31.452104568481445,419
4417,EIF1B,122.13188934326172,35.4640007019043,315
4418,EIF2A,123.1037826538086,49.62354278564453,66
4419,EIF2AK1,128.81309509277344,74.3335189819336,68
4420,EIF2AK2,114.46705627441406,6.2791595458984375,214
4421,EIF2AK3,125.13053131103516,0.44311854243278503,233
4422,EIF2AK4,99.44757080078125,11.170270919799805,431
4423,EIF2B1,120.654296875,23.462387084960938,465
4424,EIF2B2,119.65692138671875,25.161476135253906,372
4425,EIF2B3,125.47172546386719,18.731287002563477,468
4426,EIF2B4,116.11347198486328,23.34786605834961,363
4427,EIF2B5,116.00619506835938,17.000957489013672,452
4428,EIF2D,118.72962951660156,17.35232925415039,460
4429,EIF2S1,116.18513488769531,25.624042510986328,361
4430,EIF2S2,110.3054428100586,32.28496551513672,391
4431,EIF2S3B,115.28739929199219,14.60968017578125,448
4432,EIF3A,72.28079986572266,18.861825942993164,120
4433,EIF3B,114.57154083251953,21.62347984313965,362
4434,EIF3C,110.95317077636719,19.08170509338379,405
4435,EIF3CL,110.60861206054688,18.80052375793457,405
4436,EIF3D,112.52104187011719,24.911155700683594,359
4437,EIF3E,110.22415924072266,3.3550140857696533,293
4438,EIF3F,111.14376068115234,23.875938415527344,359
4439,EIF3G,106.65680694580078,26.910709381103516,390
4440,EIF3H,112.48175048828125,23.75568199157715,359
4441,EIF3I,123.63716888427734,50.39299011230469,66
4442,EIF3J,109.32716369628906,33.11659240722656,425
4443,EIF3K,111.02959442138672,4.015077590942383,293
4444,EIF3L,110.70255279541016,4.293184757232666,293
4445,EIF3M,110.68618774414062,2.9838345050811768,293
4446,EIF4A1,116.13748168945312,19.382904052734375,462
4447,EIF4A2,115.18291473388672,19.900907516479492,462
4448,EIF4A3,115.72456359863281,19.246036529541016,462
4449,EIF4B,70.39877319335938,22.296016693115234,278
4450,EIF4E,110.62400817871094,22.416603088378906,358
4451,EIF4E1B,107.06879425048828,23.454517364501953,406
4452,EIF4E2,110.46527099609375,24.537033081054688,359
4453,EIF4E3,113.61756134033203,28.414813995361328,388
4454,EIF4EBP1,99.88252258300781,35.968101501464844,341
4455,EIF4EBP2,99.84551239013672,34.030845642089844,345
4456,EIF4EBP3,100.03955078125,35.73855209350586,341
4457,EIF4ENIF1,76.04254913330078,23.72703742980957,281
4458,EIF4G1,79.40782165527344,21.058149337768555,281
4459,EIF4G2,106.950927734375,9.667275428771973,297
4460,EIF4G3,79.56053924560547,20.937070846557617,281
4461,EIF4H,70.13851928710938,22.553102493286133,278
4462,EIF5,109.34542846679688,32.75883102416992,425
4463,EIF5A,122.77033996582031,34.843658447265625,315
4464,EIF5A2,123.70372009277344,33.87194061279297,315
4465,EIF5AL1,121.91849517822266,34.39639663696289,315
4466,EIF5B,110.1297378540039,31.15532875061035,419
4467,EIF6,120.76107788085938,29.205764770507812,347
4468,EIPR1,124.95744323730469,52.094993591308594,66
4469,ELAC1,125.57136535644531,19.609416961669922,468
4470,ELAC2,118.39602661132812,15.964021682739258,383
4471,ELANE,140.35093688964844,-34.25943374633789,61
4472,ELAVL1,69.9388427734375,28.683378219604492,276
4473,ELAVL2,68.98646545410156,30.313024520874023,275
4474,ELAVL3,69.58192443847656,30.894943237304688,275
4475,ELAVL4,68.98609161376953,31.512760162353516,275
4476,ELF1,70.82273864746094,30.209701538085938,275
4477,ELF2,71.59925842285156,30.10481834411621,275
4478,ELF3,75.21083068847656,38.13140106201172,267
4479,ELF5,74.9295654296875,38.16059112548828,267
4480,ELFN1,157.5167999267578,44.745361328125,92
4481,ELK3,78.02642822265625,35.75170135498047,264
4482,ELK4,79.63502502441406,35.27846908569336,264
4483,ELL,99.6078109741211,21.262916564941406,403
4484,ELL2,97.16459655761719,24.073944091796875,360
4485,ELL3,99.63226318359375,33.29512023925781,346
4486,ELMO1,98.94918823242188,7.353743553161621,413
4487,ELMO2,102.58566284179688,6.674602031707764,297
4488,ELMO3,99.12130737304688,7.997023582458496,413
4489,ELMOD1,111.22361755371094,13.095380783081055,386
4490,ELMOD2,113.51172637939453,12.47214412689209,389
4491,ELMOD3,108.72425079345703,12.769588470458984,357
4492,ELN,164.5974884033203,-13.385863304138184,99
4493,ELOA,90.11018371582031,26.273679733276367,412
4494,ELOA2,88.21307373046875,32.05332946777344,317
4495,ELOB,120.91942596435547,36.057647705078125,315
4496,ELOC,119.00138854980469,33.708187103271484,316
4497,ELOF1,121.67488861083984,35.822261810302734,315
4498,ELOVL1,94.88526153564453,-34.05561828613281,175
4499,ELOVL2,94.94164276123047,-33.921199798583984,175
4500,ELOVL3,94.53202819824219,-34.25311279296875,175
4501,ELOVL4,95.30897521972656,-33.88789749145508,174
4502,ELOVL5,95.10418701171875,-34.13843536376953,175
4503,ELOVL6,94.85453796386719,-34.321556091308594,175
4504,ELOVL7,94.75910186767578,-34.259952545166016,175
4505,ELP1,107.87220001220703,-1.1903048753738403,293
4506,ELP2,123.92910766601562,50.001747131347656,66
4507,ELP3,124.71572875976562,17.153160095214844,420
4508,ELP4,119.01050567626953,18.040817260742188,460
4509,ELP5,117.94776153564453,22.92047882080078,372
4510,ELP6,121.3914566040039,20.913877487182617,470
4511,ELSPBP1,140.7437286376953,-21.733936309814453,244
4512,EMB,100.48268127441406,64.31534576416016,273
4513,EMC1,111.94611358642578,1.474745512008667,293
4514,EMC10,127.2081069946289,-2.990713119506836,234
4515,EMC2,111.29593658447266,0.5510430932044983,293
4516,EMC3,94.52194213867188,-26.161088943481445,155
4517,EMC4,94.81594848632812,-25.656192779541016,155
4518,EMC6,91.92401123046875,-26.461145401000977,158
4519,EMC7,95.21904754638672,-25.2880859375,155
4520,EMC8,118.10018920898438,23.67647361755371,372
4521,EMC9,118.25885772705078,23.92159652709961,372
4522,EMCN,92.63385772705078,55.70254898071289,147
4523,EME1,95.02989196777344,23.119384765625,421
4524,EME2,112.85941314697266,18.733657836914062,456
4525,EMG1,118.33491516113281,29.693092346191406,347
4526,EMID1,163.96176147460938,-13.0614652633667,99
4527,EMILIN1,150.80992126464844,-10.396257400512695,100
4528,EMILIN2,149.97323608398438,-9.968255043029785,100
4529,EMILIN3,150.46017456054688,-10.618122100830078,100
4530,EML1,123.25384521484375,49.869537353515625,66
4531,EML2,123.26750183105469,50.13130569458008,66
4532,EML3,122.05489349365234,48.717445373535156,66
4533,EML4,123.53269958496094,50.286476135253906,66
4534,EML5,122.5284423828125,48.56264114379883,66
4535,EML6,122.3471450805664,48.31543731689453,66
4536,EMP1,84.93193054199219,-31.86549949645996,125
4537,EMP2,84.73147583007812,-32.19731903076172,125
4538,EMP3,84.77484130859375,-32.58955383300781,125
4539,EMSY,74.8373794555664,27.135486602783203,281
4540,EMX1,67.02970886230469,45.586875915527344,261
4541,EMX2,68.011962890625,45.99810791015625,261
4542,EN1,68.09307098388672,45.48162841796875,261
4543,EN2,70.3712387084961,44.62849426269531,260
4544,ENAM,87.23812866210938,42.3526725769043,305
4545,ENC1,131.72735595703125,-48.239540100097656,50
4546,ENDOD1,123.81877136230469,13.387598991394043,314
4547,ENDOG,118.12277221679688,27.058504104614258,355
4548,ENDOU,137.14308166503906,-8.83375072479248,241
4549,ENDOV,124.03229522705078,18.183570861816406,466
4550,ENG,128.30557250976562,-11.869711875915527,223
4551,ENGASE,120.60226440429688,9.171168327331543,296
4552,ENHO,100.63302612304688,51.24000930786133,263
4553,ENKD1,93.16397094726562,37.830116271972656,342
4554,ENKUR,89.06409454345703,40.75898742675781,302
4555,ENO1,137.57266235351562,22.951045989990234,387
4556,ENO2,138.0183563232422,21.76461410522461,387
4557,ENO3,138.03208923339844,22.219993591308594,387
4558,ENO4,104.99080657958984,15.282181739807129,324
4559,ENOPH1,124.0647964477539,19.626449584960938,469
4560,ENOSF1,134.0420684814453,17.775943756103516,440
4561,ENOX1,92.0102310180664,9.433557510375977,380
4562,ENPEP,131.19674682617188,2.096214532852173,251
4563,ENPP1,132.9440155029297,-2.166168689727783,252
4564,ENPP2,132.98484802246094,-1.8862168788909912,252
4565,ENPP3,132.84796142578125,-0.7473897933959961,252
4566,ENPP4,133.08740234375,0.3274301290512085,252
4567,ENPP5,132.96426391601562,1.8793725967407227,252
4568,ENPP6,133.1654052734375,0.00812056940048933,252
4569,ENPP7,132.68270874023438,0.05391698703169823,252
4570,ENSA,104.26140594482422,37.584800720214844,332
4571,ENTHD1,92.1163101196289,33.95686340332031,336
4572,ENTPD2,134.98387145996094,3.8222084045410156,169
4573,ENTPD3,135.01600646972656,4.991672992706299,169
4574,ENTPD4,135.36659240722656,4.746721267700195,169
4575,ENTPD5,134.92581176757812,5.544965744018555,169
4576,ENTPD6,134.527099609375,5.599098205566406,169
4577,ENTPD7,135.8427276611328,5.318389415740967,169
4578,ENTPD8,134.84617614746094,4.128500938415527,169
4579,ENTR1,92.20218658447266,32.02882385253906,321
4580,ENY2,119.28321075439453,34.1385498046875,316
4581,EOGT,139.5906524658203,1.4487391710281372,239
4582,EOMES,70.37212371826172,40.091896057128906,254
4583,EP300,75.14627838134766,27.212970733642578,281
4584,EPAS1,80.76042938232422,26.792110443115234,281
4585,EPB41,91.19384002685547,8.894401550292969,380
4586,EPB41L1,92.13746643066406,8.290511131286621,380
4587,EPB41L2,90.924072265625,8.660274505615234,380
4588,EPB41L3,91.65206146240234,8.83232307434082,380
4589,EPB41L4A,93.73695373535156,10.666302680969238,392
4590,EPB41L4B,92.3311538696289,12.240049362182617,397
4591,EPB41L5,91.68671417236328,12.480801582336426,376
4592,EPB42,124.51995086669922,3.0640435218811035,200
4593,EPC1,77.6502456665039,25.01711654663086,281
4594,EPC2,76.7295913696289,25.322105407714844,281
4595,EPCAM,100.29862213134766,62.11100769042969,273
4596,EPDR1,129.06912231445312,-2.7223262786865234,234
4597,EPGN,100.51090240478516,56.17574691772461,253
4598,EPHA1,137.18914794921875,67.50157165527344,43
4599,EPHA10,137.19091796875,67.43531036376953,43
4600,EPHA2,137.1853485107422,67.51174926757812,43
4601,EPHA3,136.9246826171875,67.65033721923828,43
4602,EPHA4,136.96485900878906,67.62968444824219,43
4603,EPHA5,137.0265350341797,67.5820083618164,43
4604,EPHA7,137.13912963867188,67.42404174804688,43
4605,EPHA8,137.1915740966797,67.4717788696289,43
4606,EPHB1,137.4688720703125,67.447265625,43
4607,EPHB2,137.32196044921875,67.23096466064453,43
4608,EPHB3,137.21463012695312,67.49744415283203,43
4609,EPHB4,136.94189453125,67.71611022949219,43
4610,EPHB6,137.00579833984375,67.441650390625,43
4611,EPHX1,144.64251708984375,12.29341983795166,130
4612,EPHX2,134.74790954589844,17.33121109008789,440
4613,EPHX3,129.148193359375,9.978124618530273,196
4614,EPHX4,127.34465026855469,11.85031509399414,196
4615,EPM2A,108.77607727050781,25.388708114624023,322
4616,EPM2AIP1,91.99375915527344,31.091270446777344,321
4617,EPN2,80.07524108886719,24.585216522216797,281
4618,EPN3,80.99919128417969,24.93441390991211,281
4619,EPO,112.02035522460938,59.904380798339844,116
4620,EPOP,95.21464538574219,35.835052490234375,338
4621,EPOR,101.48451232910156,64.54361724853516,269
4622,EPPIN,146.87005615234375,-24.171754837036133,218
4623,EPS15,85.90748596191406,16.50998306274414,366
4624,EPS15L1,86.12792205810547,18.255443572998047,366
4625,EPS8,85.56685638427734,13.769784927368164,365
4626,EPS8L1,96.28489685058594,11.322946548461914,435
4627,EPS8L2,96.73416137695312,11.278886795043945,437
4628,EPS8L3,96.15155029296875,11.23684024810791,435
4629,EPSTI1,79.5521469116211,11.618142127990723,198
4630,EPX,133.19712829589844,-1.6965796947479248,252
4631,EPYC,156.73956298828125,47.423038482666016,105
4632,EQTN,93.0434341430664,56.04785919189453,147
4633,ERAL1,125.23591613769531,22.631929397583008,468
4634,ERAP1,130.2432861328125,3.0357048511505127,251
4635,ERAP2,130.16970825195312,3.004401922225952,251
4636,ERBB2,137.17410278320312,67.50367736816406,43
4637,ERBB3,137.0333251953125,67.54908752441406,43
4638,ERBB4,137.0826873779297,67.25128173828125,43
4639,ERBIN,86.62091064453125,13.457942008972168,369
4640,ERC1,79.85565948486328,3.4116883277893066,210
4641,ERC2,80.67699432373047,3.339200019836426,210
4642,ERCC1,111.53945922851562,24.160825729370117,359
4643,ERCC2,115.246826171875,13.465131759643555,447
4644,ERCC3,112.87232208251953,15.920933723449707,442
4645,ERCC4,112.04649353027344,17.89755630493164,405
4646,ERCC5,91.17463684082031,19.142831802368164,422
4647,ERCC6,97.18090057373047,17.76218032836914,407
4648,ERCC6L2,92.56365966796875,19.262678146362305,422
4649,ERCC8,124.93417358398438,52.00147247314453,66
4650,EREG,100.71937561035156,56.12259292602539,253
4651,ERF,79.84457397460938,35.44183349609375,264
4652,ERFE,149.9990997314453,-9.03249740600586,100
4653,ERFL,75.8677978515625,39.309452056884766,266
4654,ERG,73.95697784423828,37.23249816894531,268
4655,ERG28,94.69326782226562,-31.193830490112305,166
4656,ERGIC1,125.06925964355469,-6.260224342346191,197
4657,ERGIC2,123.265380859375,-2.313415765762329,234
4658,ERGIC3,127.03121185302734,-3.9700613021850586,234
4659,ERH,119.98335266113281,35.493831634521484,315
4660,ERI1,117.35099792480469,20.51986312866211,441
4661,ERI2,91.67568969726562,22.571561813354492,415
4662,ERI3,126.21577453613281,22.270334243774414,468
4663,ERICH1,93.35010528564453,23.918933868408203,421
4664,ERICH2,107.84130859375,36.72438430786133,284
4665,ERICH3,86.6084976196289,30.449588775634766,317
4666,ERICH4,97.47242736816406,39.44303512573242,341
4667,ERICH5,88.99397277832031,39.06788635253906,331
4668,ERICH6,88.65325164794922,12.785663604736328,369
4669,ERICH6B,86.76374816894531,12.255376815795898,369
4670,ERLEC1,126.8138198852539,-3.1866722106933594,234
4671,ERLIN1,124.07701110839844,8.858282089233398,296
4672,ERLIN2,123.64321899414062,9.899859428405762,296
4673,ERMAP,96.25949096679688,73.00180053710938,163
4674,ERMARD,105.3955078125,4.229725360870361,312
4675,ERMN,93.76156616210938,35.80562973022461,338
4676,ERMP1,103.68833923339844,-28.612995147705078,156
4677,ERN1,134.7919921875,68.08563995361328,42
4678,ERN2,121.06021881103516,1.3154829740524292,157
4679,ERO1A,117.71774291992188,9.927730560302734,214
4680,ERO1B,116.3655014038086,11.277626037597656,389
4681,ERP27,127.51629638671875,-0.018200742080807686,233
4682,ERP29,128.75352478027344,-0.7594773173332214,234
4683,ERP44,127.17278289794922,-0.9787035584449768,233
4684,ERRFI1,90.80765533447266,32.141624450683594,321
4685,ERV3-1,114.0357666015625,53.21015930175781,94
4686,ERVFRD-1,113.96773529052734,53.066993713378906,94
4687,ERVMER34-1,113.78834533691406,53.02227020263672,94
4688,ERVV-1,114.02999114990234,53.30485916137695,94
4689,ERVV-2,113.96660614013672,53.33692932128906,94
4690,ERVW-1,114.02003479003906,53.289215087890625,94
4691,ESAM,99.09663391113281,64.73360443115234,272
4692,ESCO1,87.79415893554688,21.78705406188965,417
4693,ESCO2,90.42823791503906,22.834415435791016,415
4694,ESD,129.06578063964844,15.84719181060791,453
4695,ESF1,112.28030395507812,32.559574127197266,391
4696,ESM1,142.55433654785156,-19.425365447998047,221
4697,ESPL1,99.34326934814453,-3.965303659439087,291
4698,ESPN,83.75018310546875,14.296777725219727,307
4699,ESPNL,91.19591522216797,18.049880981445312,378
4700,ESR1,58.6573486328125,38.60221862792969,86
4701,ESR2,57.60429763793945,38.216068267822266,86
4702,ESRP1,70.50672912597656,29.102602005004883,276
4703,ESRP2,70.40686798095703,30.089101791381836,275
4704,ESRRA,56.85599899291992,38.972679138183594,86
4705,ESRRB,56.76002502441406,38.40769577026367,86
4706,ESRRG,57.05230712890625,38.63494110107422,86
4707,ESS2,106.98311614990234,30.559001922607422,426
4708,ESYT1,98.7338638305664,3.895317554473877,368
4709,ESYT2,98.24919891357422,5.17681884765625,368
4710,ESYT3,98.4964828491211,3.776923656463623,368
4711,ETAA1,85.84469604492188,22.014087677001953,418
4712,ETF1,116.27609252929688,22.093158721923828,363
4713,ETFA,136.5089111328125,22.349424362182617,387
4714,ETFB,136.33306884765625,22.43941879272461,387
4715,ETFBKMT,124.32254791259766,23.38120460510254,464
4716,ETFDH,136.61807250976562,17.34676742553711,440
4717,ETFRF1,129.52874755859375,37.72901916503906,283
4718,ETHE1,128.2657470703125,21.789751052856445,327
4719,ETNK1,114.27802276611328,20.417186737060547,362
4720,ETNK2,123.2984848022461,17.29496955871582,420
4721,ETNPPL,135.64443969726562,15.98323917388916,440
4722,ETS1,74.87849426269531,36.746238708496094,267
4723,ETS2,74.86866760253906,38.22060012817383,267
4724,ETV1,74.39630126953125,36.55899429321289,268
4725,ETV2,77.06178283691406,39.46223449707031,266
4726,ETV3,79.14242553710938,35.676300048828125,264
4727,ETV3L,75.89939880371094,39.532779693603516,266
4728,ETV4,73.40592956542969,37.69027328491211,268
4729,ETV5,74.60888671875,36.10321044921875,267
4730,ETV6,74.73723602294922,36.5004768371582,267
4731,ETV7,75.07662200927734,38.17377471923828,267
4732,EVA1A,99.89743041992188,52.18793487548828,263
4733,EVA1B,100.00315856933594,51.530818939208984,263
4734,EVA1C,134.99520874023438,-17.236976623535156,236
4735,EVC,80.18246459960938,8.511306762695312,227
4736,EVC2,78.46825408935547,7.3747758865356445,227
4737,EVI2A,93.6574478149414,56.03975296020508,147
4738,EVI2B,92.53569793701172,55.110328674316406,147
4739,EVI5,89.63993835449219,6.241392612457275,374
4740,EVI5L,90.10995483398438,6.828358173370361,380
4741,EVL,83.18553924560547,14.037232398986816,307
4742,EVPL,91.02889251708984,-8.704901695251465,110
4743,EVPLL,101.12882995605469,32.82025146484375,346
4744,EVX1,67.9246826171875,46.392208099365234,261
4745,EVX2,68.81591033935547,43.48566436767578,260
4746,EWSR1,69.54236602783203,22.432296752929688,278
4747,EXD1,95.89717864990234,21.03209686279297,393
4748,EXD2,111.02055358886719,17.578065872192383,405
4749,EXD3,117.56774139404297,11.641422271728516,319
4750,EXO1,92.62289428710938,21.688425064086914,423
4751,EXO5,119.82848358154297,20.816946029663086,446
4752,EXOC1,102.85227966308594,4.243908882141113,309
4753,EXOC1L,117.7169418334961,27.49395179748535,355
4754,EXOC2,104.47754669189453,3.558889389038086,309
4755,EXOC3,104.98922729492188,5.046960830688477,312
4756,EXOC3L1,105.43092346191406,6.235235214233398,299
4757,EXOC3L2,105.15830993652344,6.391541481018066,299
4758,EXOC3L4,105.7066650390625,6.245324611663818,299
4759,EXOC4,104.59529113769531,3.5879087448120117,312
4760,EXOC5,104.95841217041016,4.501585006713867,312
4761,EXOC6,103.6054916381836,4.575642108917236,309
4762,EXOC6B,102.66423034667969,4.254539966583252,309
4763,EXOC7,105.04096221923828,4.519491195678711,312
4764,EXOC8,102.96851348876953,15.396917343139648,353
4765,EXOG,124.56092071533203,24.502784729003906,464
4766,EXOSC1,119.08425903320312,27.555110931396484,373
4767,EXOSC10,111.3857421875,15.126090049743652,442
4768,EXOSC2,119.41194152832031,27.411020278930664,373
4769,EXOSC3,119.42475128173828,27.32757568359375,373
4770,EXOSC4,120.51097869873047,27.9019832611084,373
4771,EXOSC5,120.21684265136719,26.678592681884766,373
4772,EXOSC6,100.75653839111328,32.133853912353516,346
4773,EXOSC7,119.42683410644531,26.735780715942383,373
4774,EXOSC8,118.29563903808594,26.725730895996094,373
4775,EXOSC9,117.44554138183594,27.3696231842041,355
4776,EXPH5,82.18965148925781,20.131999969482422,318
4777,EXT1,141.68289184570312,1.3177047967910767,239
4778,EXT2,139.6319122314453,0.6271486878395081,239
4779,EXTL1,140.06703186035156,0.2009815275669098,239
4780,EXTL2,142.61697387695312,0.9448981881141663,239
4781,EXTL3,141.84571838378906,0.848538875579834,239
4782,EYA1,74.82575225830078,27.45448112487793,281
4783,EYA2,75.01248168945312,27.535974502563477,281
4784,EYA3,76.23058319091797,28.612064361572266,281
4785,EYA4,76.5220947265625,28.764142990112305,281
4786,EYS,125.48953247070312,-21.283798217773438,202
4787,EZH1,96.6353759765625,22.317684173583984,360
4788,EZH2,96.35257720947266,22.38451385498047,360
4789,EZR,81.59141540527344,4.000839710235596,211
4790,F10,137.26385498046875,-24.567005157470703,146
4791,F11,136.71484375,-24.396390914916992,146
4792,F11R,99.80014038085938,62.96544647216797,273
4793,F12,136.98056030273438,-24.578569412231445,146
4794,F13A1,124.96359252929688,2.4881978034973145,200
4795,F13B,108.13951110839844,72.13607025146484,70
4796,F2,137.3333740234375,-24.894248962402344,146
4797,F2R,3.3373465538024902,-23.96515655517578,17
4798,F2RL1,2.2262492179870605,-23.533672332763672,17
4799,F2RL2,2.6453158855438232,-23.800642013549805,17
4800,F2RL3,4.756289482116699,-25.173006057739258,17
4801,F3,101.09429168701172,65.0400161743164,269
4802,F5,130.28347778320312,-5.562495708465576,234
4803,F7,137.23008728027344,-25.127363204956055,146
4804,FA2H,93.68328857421875,-34.76873016357422,164
4805,FAAH,131.21536254882812,12.172828674316406,289
4806,FAAP100,110.04080963134766,6.939382076263428,306
4807,FAAP20,100.43147277832031,36.13274002075195,341
4808,FAAP24,119.78095245361328,21.944456100463867,446
4809,FABP1,-15.175968170166016,-63.91944885253906,18
4810,FABP12,-15.17558765411377,-63.91386795043945,18
4811,FABP2,-15.182941436767578,-63.91620635986328,18
4812,FABP3,-15.174615859985352,-63.92070007324219,18
4813,FABP4,-15.186602592468262,-63.91633605957031,18
4814,FABP5,-15.185441017150879,-63.92131805419922,18
4815,FABP6,-15.181114196777344,-63.91811752319336,18
4816,FABP7,-15.18464183807373,-63.92299270629883,18
4817,FABP9,-15.175638198852539,-63.921443939208984,18
4818,FADD,111.7596435546875,24.65717124938965,359
4819,FADS1,93.07945251464844,-35.231666564941406,164
4820,FADS2,93.61613464355469,-34.936927795410156,164
4821,FADS3,93.44766235351562,-34.73467254638672,164
4822,FADS6,93.68960571289062,-34.670379638671875,164
4823,FAF1,95.21347045898438,11.117711067199707,435
4824,FAF2,106.1288833618164,32.49391174316406,426
4825,FAH,131.96348571777344,17.868515014648438,458
4826,FAHD1,131.669189453125,19.7165470123291,458
4827,FAHD2A,130.51771545410156,19.545551300048828,449
4828,FAHD2B,130.47628784179688,19.698116302490234,449
4829,FAIM,124.9148941040039,21.930940628051758,468
4830,FAIM2,96.06865692138672,-30.56243896484375,167
4831,FAM102A,93.49032592773438,16.99603271484375,333
4832,FAM102B,93.16886901855469,16.822750091552734,333
4833,FAM104A,100.11905670166016,34.345699310302734,345
4834,FAM107A,98.92731475830078,32.710182189941406,346
4835,FAM107B,99.29896545410156,31.69809341430664,346
4836,FAM110A,92.32154846191406,32.834232330322266,336
4837,FAM110B,91.07108306884766,32.016632080078125,321
4838,FAM110C,91.944091796875,32.612998962402344,336
4839,FAM110D,96.02107238769531,34.59483337402344,338
4840,FAM111A,114.86894226074219,4.720252990722656,213
4841,FAM111B,114.86343383789062,4.473362445831299,213
4842,FAM114A1,101.10492706298828,22.26050567626953,432
4843,FAM114A2,105.61199188232422,21.905061721801758,406
4844,FAM117A,89.97195434570312,31.817598342895508,321
4845,FAM117B,85.15310668945312,23.488903045654297,418
4846,FAM118A,122.66967010498047,16.390779495239258,420
4847,FAM118B,123.96745300292969,17.775117874145508,466
4848,FAM120A,91.37955474853516,17.40388298034668,378
4849,FAM120AOS,94.55211639404297,45.17176055908203,301
4850,FAM120B,91.52190399169922,19.240781784057617,422
4851,FAM124A,97.22847747802734,20.873477935791016,393
4852,FAM124B,99.83662414550781,25.5601806640625,439
4853,FAM126B,93.88343811035156,13.40407943725586,396
4854,FAM131A,94.8177490234375,35.39952850341797,338
4855,FAM131B,95.49702453613281,35.46807861328125,338
4856,FAM131C,95.54542541503906,36.765323638916016,338
4857,FAM133B,71.52851867675781,17.629032135009766,120
4858,FAM135A,87.64309692382812,14.792202949523926,367
4859,FAM135B,89.11859130859375,14.554272651672363,334
4860,FAM136A,124.84332275390625,37.96027374267578,184
4861,FAM13A,87.61961364746094,13.44243049621582,369
4862,FAM13B,90.68352508544922,13.124662399291992,356
4863,FAM13C,86.35741424560547,16.98922348022461,366
4864,FAM149A,89.5224609375,16.393020629882812,367
4865,FAM149B1,90.21400451660156,17.373550415039062,378
4866,FAM151A,134.5100555419922,1.1518750190734863,252
4867,FAM151B,121.38121795654297,19.166967391967773,416
4868,FAM153A,89.2612075805664,43.19112777709961,303
4869,FAM161A,80.39219665527344,13.322888374328613,198
4870,FAM161B,79.77778625488281,12.894241333007812,198
4871,FAM162A,133.65420532226562,34.056663513183594,271
4872,FAM162B,131.81239318847656,32.213348388671875,328
4873,FAM163A,97.99004364013672,53.83510208129883,262
4874,FAM163B,98.58169555664062,52.953887939453125,262
4875,FAM166A,86.99789428710938,43.80088424682617,304
4876,FAM166B,86.8746109008789,43.53966522216797,304
4877,FAM166C,87.42835235595703,42.648677825927734,305
4878,FAM167A,95.05308532714844,33.37782287597656,335
4879,FAM167B,97.65608215332031,35.47163391113281,338
4880,FAM168A,70.88753509521484,33.151004791259766,275
4881,FAM168B,71.81035614013672,33.81587600708008,268
4882,FAM169A,91.52759552001953,15.100881576538086,394
4883,FAM170A,98.28018188476562,37.880714416503906,341
4884,FAM170B,97.9701156616211,36.291412353515625,338
4885,FAM171A1,101.29301452636719,60.357444763183594,273
4886,FAM171A2,104.11737060546875,-19.198759078979492,148
4887,FAM171B,101.24946594238281,60.642051696777344,273
4888,FAM172A,103.0948486328125,13.953929901123047,353
4889,FAM174A,102.05426025390625,51.14026641845703,263
4890,FAM174B,101.8348617553711,50.75605773925781,263
4891,FAM174C,102.56546020507812,51.40806198120117,263
4892,FAM177A1,105.76099395751953,34.17666244506836,284
4893,FAM177B,102.63153076171875,35.22557830810547,332
4894,FAM178B,111.77859497070312,10.141748428344727,389
4895,FAM180A,112.04478454589844,59.734642028808594,116
4896,FAM180B,107.3618392944336,52.35777282714844,112
4897,FAM181A,84.68131256103516,36.53323745727539,287
4898,FAM181B,76.62352752685547,40.25944137573242,266
4899,FAM183A,87.22976684570312,42.46318435668945,305
4900,FAM184A,73.5986328125,3.42724347114563,232
4901,FAM184B,76.08733367919922,4.253271579742432,231
4902,FAM185A,126.81265258789062,23.174861907958984,327
4903,FAM186A,86.00869750976562,36.95458984375,287
4904,FAM186B,77.69155883789062,10.992217063903809,215
4905,FAM187A,126.30055236816406,5.301212787628174,205
4906,FAM187B,125.44024658203125,5.089155197143555,204
4907,FAM189A1,103.2362060546875,-18.963844299316406,148
4908,FAM189A2,97.94743347167969,58.15286636352539,242
4909,FAM189B,103.88496398925781,-18.86267852783203,148
4910,FAM193A,80.21165466308594,21.41998291015625,281
4911,FAM193B,81.82694244384766,25.956390380859375,281
4912,FAM200A,92.48096466064453,31.325027465820312,321
4913,FAM200B,92.68574523925781,30.918209075927734,321
4914,FAM205A,144.6411590576172,-50.93709945678711,49
4915,FAM205C,93.85059356689453,38.2844352722168,342
4916,FAM209A,98.07342529296875,44.756370544433594,245
4917,FAM209B,96.99260711669922,43.25636291503906,300
4918,FAM20A,141.48448181152344,1.311362385749817,239
4919,FAM20B,141.54330444335938,1.635416030883789,239
4920,FAM20C,141.60047912597656,1.0714685916900635,239
4921,FAM210A,129.76004028320312,29.034502029418945,330
4922,FAM210B,130.01141357421875,29.73332405090332,330
4923,FAM214A,86.98242950439453,21.23474884033203,418
4924,FAM214B,92.49845886230469,24.893434524536133,421
4925,FAM216A,96.91622924804688,37.93830871582031,340
4926,FAM216B,94.62097930908203,39.8773078918457,344
4927,FAM217A,90.55723571777344,36.12309646606445,336
4928,FAM217B,92.23229217529297,33.84493637084961,336
4929,FAM218A,94.17755889892578,45.971092224121094,301
4930,FAM219A,99.63287353515625,35.442726135253906,341
4931,FAM219B,101.48941802978516,37.79408264160156,295
4932,FAM220A,94.29598999023438,45.58385467529297,301
4933,FAM221A,107.65669250488281,22.97317123413086,406
4934,FAM221B,87.58942413330078,39.04218673706055,302
4935,FAM222A,80.41677856445312,31.171323776245117,188
4936,FAM222B,78.09323120117188,30.424470901489258,277
4937,FAM227A,85.17350006103516,11.228718757629395,369
4938,FAM227B,87.85552215576172,12.374420166015625,369
4939,FAM228A,90.77299499511719,39.27996063232422,331
4940,FAM228B,89.98992919921875,38.981014251708984,331
4941,FAM229A,94.63560485839844,43.36183547973633,300
4942,FAM229B,94.50675964355469,45.77513885498047,301
4943,FAM234A,124.817626953125,4.455551624298096,200
4944,FAM234B,124.38877868652344,4.286664009094238,200
4945,FAM237A,96.17124938964844,44.84931182861328,300
4946,FAM237B,110.93875122070312,56.20026397705078,112
4947,FAM240A,98.53378295898438,42.20037078857422,298
4948,FAM240B,98.23882293701172,43.28800582885742,300
4949,FAM240C,96.2319564819336,44.091434478759766,300
4950,FAM241A,102.47268676757812,37.315528869628906,295
4951,FAM241B,104.15129852294922,39.09391403198242,199
4952,FAM24A,99.06826782226562,51.736358642578125,263
4953,FAM24B,99.35655212402344,52.55466079711914,263
4954,FAM25A,103.00733947753906,41.92325973510742,199
4955,FAM25C,103.4090576171875,41.66218185424805,199
4956,FAM25G,102.78596496582031,41.832420349121094,199
4957,FAM32A,108.64726257324219,35.08868408203125,284
4958,FAM3B,144.9737548828125,2.6140379905700684,203
4959,FAM3C,145.5036163330078,2.427527904510498,203
4960,FAM3D,144.58799743652344,2.2231671810150146,203
4961,FAM43A,96.36698913574219,31.0301513671875,321
4962,FAM43B,97.4300537109375,29.94413185119629,439
4963,FAM47E,89.35032653808594,38.497440338134766,331
4964,FAM50B,107.37580871582031,31.119306564331055,426
4965,FAM53A,92.6139144897461,33.51764678955078,336
4966,FAM53B,91.40060424804688,33.399017333984375,336
4967,FAM53C,91.43444061279297,34.35219955444336,336
4968,FAM72A,116.10420989990234,33.996490478515625,195
4969,FAM72B,115.98400115966797,33.942405700683594,195
4970,FAM72C,116.0579605102539,34.081886291503906,195
4971,FAM72D,116.16398620605469,33.831504821777344,195
4972,FAM76A,101.74925994873047,25.117679595947266,443
4973,FAM76B,100.5330581665039,25.097126007080078,443
4974,FAM78A,116.08361053466797,26.534006118774414,361
4975,FAM78B,116.92191314697266,26.53212547302246,355
4976,FAM81A,78.23190307617188,6.02265739440918,227
4977,FAM81B,75.99855041503906,8.737339973449707,215
4978,FAM83A,100.2083740234375,16.96198272705078,381
4979,FAM83B,88.57160949707031,18.915605545043945,378
4980,FAM83C,90.4783706665039,18.8729248046875,378
4981,FAM83D,102.394775390625,19.956079483032227,364
4982,FAM83E,102.38875579833984,17.374759674072266,381
4983,FAM83G,89.50598907470703,18.950929641723633,378
4984,FAM83H,86.10203552246094,17.4672794342041,366
4985,FAM86B1,121.83233642578125,21.51070785522461,470
4986,FAM86B2,123.26084899902344,21.70850372314453,470
4987,FAM89A,101.27320861816406,31.13348960876465,346
4988,FAM89B,97.77507781982422,34.96213150024414,338
4989,FAM8A1,97.79115295410156,-23.197952270507812,149
4990,FAM90A1,90.35258483886719,37.315242767333984,331
4991,FAM90A26,90.26510620117188,38.1077995300293,331
4992,FAM91A1,108.6766357421875,14.168819427490234,357
4993,FAM98A,69.98064422607422,22.717727661132812,278
4994,FAM98B,69.93450927734375,22.7904052734375,278
4995,FAM98C,111.19438171386719,19.252208709716797,405
4996,FAN1,87.6176528930664,20.917890548706055,418
4997,FANCA,103.31704711914062,0.12260909378528595,308
4998,FANCC,103.86348724365234,-0.39275145530700684,308
4999,FANCD2,102.1943588256836,-0.30899927020072937,308
5000,FANCD2OS,96.720947265625,44.017215728759766,300
5001,FANCE,109.49513244628906,7.673516273498535,306
5002,FANCF,118.2613296508789,19.065088272094727,441
5003,FANCG,109.32978820800781,6.710655689239502,306
5004,FANCI,102.20497131347656,-0.3037804663181305,308
5005,FANCL,114.03946685791016,16.31429100036621,448
5006,FANCM,88.03081512451172,20.808155059814453,414
5007,FANK1,137.87088012695312,53.2892951965332,90
5008,FAP,130.5779266357422,-4.955156326293945,234
5009,FAR1,121.3258285522461,9.039336204528809,296
5010,FAR2,123.92948150634766,9.173362731933594,296
5011,FARP1,95.9529800415039,10.183662414550781,435
5012,FARP2,95.50595092773438,10.673966407775879,435
5013,FARS2,123.80609130859375,17.130773544311523,420
5014,FARSA,117.83778381347656,17.286346435546875,445
5015,FARSB,120.28477478027344,14.3564453125,455
5016,FAS,98.26875305175781,58.93193054199219,242
5017,FASLG,156.79383850097656,-7.560141086578369,100
5018,FASN,98.82408905029297,-7.313299655914307,288
5019,FASTK,114.06307983398438,11.089544296264648,389
5020,FASTKD1,113.40987396240234,11.363377571105957,389
5021,FASTKD2,114.59213256835938,13.163158416748047,447
5022,FASTKD3,114.91026306152344,12.65689754486084,447
5023,FASTKD5,114.8466567993164,12.798351287841797,447
5024,FAU,178.02224731445312,25.261404037475586,30
5025,FAXC,114.6469955444336,22.626955032348633,362
5026,FAXDC2,93.34211730957031,-34.80380630493164,164
5027,FBF1,76.63331604003906,5.726401329040527,231
5028,FBH1,110.89215087890625,13.917165756225586,357
5029,FBL,69.41891479492188,22.766090393066406,278
5030,FBLIM1,95.9798355102539,25.901397705078125,434
5031,FBLL1,103.58954620361328,28.02304458618164,429
5032,FBLN1,133.2405548095703,-20.93462371826172,236
5033,FBLN2,132.787353515625,-21.47883415222168,236
5034,FBLN5,133.86636352539062,-20.467937469482422,236
5035,FBLN7,135.89865112304688,-18.5262451171875,236
5036,FBN1,126.55168151855469,-22.213611602783203,202
5037,FBN2,126.24286651611328,-22.446271896362305,202
5038,FBN3,126.36837768554688,-22.531925201416016,202
5039,FBP1,136.7847442626953,19.25860023498535,387
5040,FBP2,135.3968963623047,18.179471969604492,440
5041,FBRS,77.79788208007812,24.81380271911621,281
5042,FBRSL1,78.38758087158203,24.009071350097656,281
5043,FBXL12,153.54556274414062,44.7000732421875,101
5044,FBXL13,153.17401123046875,45.42255783081055,101
5045,FBXL14,154.47659301757812,45.852962493896484,104
5046,FBXL15,154.1678466796875,44.99070739746094,101
5047,FBXL16,153.7570343017578,44.424800872802734,101
5048,FBXL17,99.68701171875,21.370220184326172,403
5049,FBXL18,154.5166015625,44.84513854980469,101
5050,FBXL19,89.16996765136719,22.881183624267578,411
5051,FBXL2,153.90525817871094,45.63104248046875,101
5052,FBXL20,152.8315887451172,44.4517707824707,101
5053,FBXL22,93.86661529541016,45.30950927734375,301
5054,FBXL3,152.525390625,43.67067337036133,101
5055,FBXL4,151.52230834960938,43.69423294067383,101
5056,FBXL5,104.99992370605469,11.867121696472168,352
5057,FBXL6,153.15638732910156,43.78904342651367,101
5058,FBXL7,104.6797866821289,15.924052238464355,324
5059,FBXL8,155.7522735595703,46.47907638549805,105
5060,FBXO10,97.9865951538086,18.523603439331055,404
5061,FBXO11,99.97479248046875,11.522679328918457,431
5062,FBXO15,111.23486328125,18.038530349731445,405
5063,FBXO16,103.66881561279297,19.156949996948242,364
5064,FBXO17,119.78333282470703,22.54834747314453,465
5065,FBXO2,119.01350402832031,23.058462142944336,372
5066,FBXO21,121.91014099121094,15.055866241455078,455
5067,FBXO22,124.85442352294922,15.426813125610352,314
5068,FBXO24,124.95010375976562,6.366306304931641,204
5069,FBXO25,103.24165344238281,19.854915618896484,364
5070,FBXO27,118.82803344726562,22.985027313232422,372
5071,FBXO28,103.4372787475586,28.226709365844727,429
5072,FBXO3,108.8215560913086,19.84786033630371,395
5073,FBXO30,98.2552719116211,20.07362174987793,404
5074,FBXO31,98.26313018798828,18.778635025024414,404
5075,FBXO32,104.19422912597656,19.473358154296875,364
5076,FBXO33,104.75386810302734,22.581377029418945,406
5077,FBXO34,90.1759262084961,23.691661834716797,415
5078,FBXO36,105.67206573486328,19.847471237182617,364
5079,FBXO38,96.38008880615234,9.829517364501953,435
5080,FBXO39,154.46693420410156,45.671966552734375,104
5081,FBXO4,110.39146423339844,19.616708755493164,375
5082,FBXO40,101.9253921508789,21.047103881835938,364
5083,FBXO41,95.4939956665039,17.128976821899414,333
5084,FBXO42,94.53300476074219,14.885948181152344,385
5085,FBXO43,89.20441436767578,21.769824981689453,417
5086,FBXO44,118.70619201660156,21.632118225097656,446
5087,FBXO45,106.63400268554688,25.477005004882812,390
5088,FBXO46,87.58349609375,26.425662994384766,350
5089,FBXO47,110.78851318359375,22.108469009399414,358
5090,FBXO48,109.7770767211914,23.15009307861328,359
5091,FBXO5,90.90850830078125,24.24961280822754,415
5092,FBXO6,118.88978576660156,22.29519271850586,446
5093,FBXO7,107.99759674072266,20.799999237060547,395
5094,FBXO8,107.660888671875,19.559328079223633,395
5095,FBXO9,108.21548461914062,17.872295379638672,375
5096,FBXW10,92.2360610961914,13.917781829833984,394
5097,FBXW11,124.54773712158203,51.76457977294922,66
5098,FBXW12,124.31449127197266,51.06268310546875,66
5099,FBXW2,124.2276840209961,50.16715621948242,66
5100,FBXW4,123.64630889892578,50.67249298095703,66
5101,FBXW5,122.63225555419922,48.987571716308594,66
5102,FBXW7,123.26020050048828,50.24109649658203,66
5103,FBXW8,123.31167602539062,49.78192901611328,66
5104,FBXW9,125.1802749633789,52.02269744873047,66
5105,FCAMR,92.51496887207031,51.52815246582031,147
5106,FCAR,93.54129028320312,74.56390380859375,257
5107,FCER1A,94.76470947265625,71.25050354003906,258
5108,FCER1G,95.046630859375,65.48381805419922,250
5109,FCER2,70.88025665283203,-43.52674102783203,56
5110,FCF1,116.55145263671875,28.60218048095703,348
5111,FCGR1A,94.6785659790039,71.72349548339844,258
5112,FCGR2A,94.60243225097656,71.32640075683594,258
5113,FCGR2B,94.62413024902344,71.63273620605469,258
5114,FCGR2C,94.53163146972656,71.74696350097656,258
5115,FCGR3A,94.48814392089844,71.51707458496094,258
5116,FCGR3B,94.44300842285156,71.71603393554688,258
5117,FCGRT,83.21354675292969,96.53527069091797,34
5118,FCHO1,89.46075439453125,10.696239471435547,371
5119,FCHO2,91.33171081542969,8.411937713623047,380
5120,FCHSD1,95.93921661376953,8.309416770935059,320
5121,FCHSD2,92.13573455810547,5.90949010848999,374
5122,FCMR,96.28724670410156,67.25985717773438,259
5123,FCN1,153.41526794433594,-10.95623779296875,100
5124,FCN2,154.42030334472656,-10.937305450439453,100
5125,FCN3,153.5162811279297,-10.768486022949219,100
5126,FCRL1,94.85057830810547,71.22071838378906,258
5127,FCRL2,94.79977416992188,71.511474609375,258
5128,FCRL3,94.70028686523438,71.5357666015625,258
5129,FCRL4,95.10619354248047,71.06488800048828,258
5130,FCRL5,94.78308868408203,71.48543548583984,258
5131,FCRL6,94.8088150024414,71.5151596069336,258
5132,FCRLA,95.97464752197266,69.21764373779297,259
5133,FCRLB,96.73513793945312,68.7862319946289,259
5134,FCSK,119.43659973144531,9.159760475158691,207
5135,FDCSP,88.67535400390625,51.13288497924805,139
5136,FDFT1,134.31716918945312,16.51140785217285,440
5137,FDPS,131.77182006835938,17.632007598876953,454
5138,FDX1,129.2959747314453,30.54286766052246,330
5139,FDX2,128.0018768310547,30.0699462890625,330
5140,FDXACB1,119.62149810791016,16.161102294921875,459
5141,FDXR,129.23216247558594,19.464153289794922,450
5142,FECH,125.12113952636719,16.386844635009766,314
5143,FEM1A,137.07472229003906,52.08633041381836,89
5144,FEM1B,137.1878204345703,52.15760040283203,89
5145,FEM1C,137.22901916503906,52.2637939453125,89
5146,FEN1,116.45021057128906,18.4006290435791,461
5147,FER,93.622314453125,7.188661575317383,320
5148,FER1L5,99.16207885742188,-8.164969444274902,288
5149,FER1L6,99.03932189941406,-8.044119834899902,288
5150,FERD3L,77.56239318847656,43.20720291137695,266
5151,FERMT1,98.21278381347656,11.13608455657959,438
5152,FERMT2,98.66368103027344,12.74598503112793,431
5153,FERMT3,101.25529479980469,10.336164474487305,326
5154,FES,131.96791076660156,73.46886444091797,67
5155,FETUB,137.6537628173828,-10.960711479187012,241
5156,FEV,69.66523742675781,43.50804138183594,260
5157,FEZ1,99.50432586669922,33.777549743652344,346
5158,FEZ2,106.23797607421875,29.820178985595703,382
5159,FEZF1,63.42676544189453,37.084659576416016,179
5160,FEZF2,63.73468780517578,37.52279281616211,179
5161,FFAR1,3.9816770553588867,-24.926435470581055,17
5162,FFAR2,2.5125999450683594,-24.766109466552734,17
5163,FFAR3,2.7565228939056396,-25.52301788330078,17
5164,FFAR4,5.573025226593018,-23.872220993041992,17
5165,FGA,141.9535675048828,-11.360633850097656,212
5166,FGB,142.76979064941406,-11.003271102905273,212
5167,FGD2,95.75616455078125,10.36980152130127,435
5168,FGD3,95.86688232421875,9.876373291015625,435
5169,FGD4,93.58209228515625,11.861602783203125,397
5170,FGD5,89.99647521972656,15.193830490112305,334
5171,FGD6,89.45209503173828,16.517349243164062,367
5172,FGF1,155.07530212402344,-2.899963617324829,75
5173,FGF10,154.99612426757812,-3.0436015129089355,75
5174,FGF11,155.0149688720703,-2.9668445587158203,75
5175,FGF12,155.0569305419922,-3.07078218460083,75
5176,FGF17,155.0487060546875,-3.067800760269165,75
5177,FGF18,155.02685546875,-3.221900463104248,75
5178,FGF19,154.95375061035156,-3.0364134311676025,75
5179,FGF2,109.46231842041016,26.464374542236328,323
5180,FGF20,154.9340057373047,-3.1412246227264404,75
5181,FGF21,155.22006225585938,-2.9406285285949707,75
5182,FGF22,154.74551391601562,-3.1780765056610107,75
5183,FGF23,155.05984497070312,-3.0105206966400146,75
5184,FGF3,155.0232696533203,-3.091209888458252,75
5185,FGF4,154.3293914794922,-3.479686737060547,75
5186,FGF5,155.01669311523438,-3.093949556350708,75
5187,FGF6,155.00723266601562,-3.1005873680114746,75
5188,FGF7,154.78468322753906,-3.3148322105407715,75
5189,FGF8,155.0331268310547,-2.928866147994995,75
5190,FGF9,155.0980987548828,-3.0950889587402344,75
5191,FGFBP1,145.19056701660156,-15.033731460571289,238
5192,FGFBP2,144.23739624023438,-15.039359092712402,238
5193,FGFBP3,143.2646942138672,-13.455219268798828,238
5194,FGFR1,137.29661560058594,67.40987396240234,43
5195,FGFR1OP2,109.21957397460938,29.88918685913086,419
5196,FGFR2,137.31307983398438,67.43074798583984,43
5197,FGFR3,137.2572479248047,67.47395324707031,43
5198,FGFR4,137.20921325683594,67.49461364746094,43
5199,FGFRL1,125.48831939697266,-13.463272094726562,217
5200,FGG,142.79470825195312,-10.658414840698242,212
5201,FGGY,133.84202575683594,16.381393432617188,440
5202,FGL1,142.8402099609375,-10.685687065124512,212
5203,FGL2,143.7758331298828,-10.737042427062988,212
5204,FGR,132.8441162109375,74.04204559326172,67
5205,FH,137.42608642578125,20.6715030670166,387
5206,FHAD1,74.99393463134766,4.334335803985596,232
5207,FHDC1,88.4994888305664,16.446691513061523,367
5208,FHIT,126.17359161376953,21.556188583374023,468
5209,FHL2,97.07684326171875,26.659982681274414,434
5210,FHL3,97.17620849609375,25.962724685668945,434
5211,FHL5,97.2065658569336,26.33014488220215,434
5212,FHOD1,88.18743896484375,12.221169471740723,369
5213,FHOD3,89.02485656738281,11.89561653137207,369
5214,FIBCD1,140.4474639892578,-8.833512306213379,212
5215,FIBIN,99.03933715820312,37.82906723022461,341
5216,FIBP,109.20783996582031,26.892192840576172,323
5217,FICD,122.62702178955078,6.638998985290527,157
5218,FIG4,107.3856201171875,12.31142807006836,351
5219,FIGLA,89.71615600585938,39.46855545043945,331
5220,FIGN,79.48194885253906,27.597150802612305,281
5221,FIGNL1,90.28692626953125,23.920528411865234,415
5222,FIGNL2,87.43473815917969,28.09518051147461,350
5223,FILIP1,77.51678466796875,4.374808311462402,225
5224,FILIP1L,77.90778350830078,5.013599395751953,225
5225,FIP1L1,74.47830963134766,21.30377769470215,279
5226,FIS1,119.14163208007812,27.062910079956055,373
5227,FITM1,94.96446228027344,-32.96763229370117,175
5228,FITM2,94.573486328125,-33.09259796142578,175
5229,FIZ1,60.1640625,29.739776611328125,176
5230,FJX1,140.74835205078125,-0.6601449847221375,239
5231,FKBP10,131.6407928466797,-8.008047103881836,224
5232,FKBP11,127.62065124511719,-2.552457809448242,234
5233,FKBP14,129.43727111816406,-4.980776786804199,234
5234,FKBP15,86.08047485351562,16.357088088989258,366
5235,FKBP1A,122.15186309814453,34.506202697753906,315
5236,FKBP1B,120.6782455444336,33.835533142089844,316
5237,FKBP2,127.91648864746094,-2.7089571952819824,234
5238,FKBP3,117.13916778564453,29.52902603149414,348
5239,FKBP4,119.14997863769531,11.752317428588867,296
5240,FKBP5,117.9618911743164,12.825332641601562,319
5241,FKBP6,110.26367950439453,11.537384033203125,386
5242,FKBP7,129.729736328125,-5.118005275726318,234
5243,FKBP8,100.26588439941406,31.433982849121094,346
5244,FKBP9,130.13983154296875,-6.8860764503479,224
5245,FKBPL,109.8598861694336,29.43169593811035,419
5246,FKRP,141.18849182128906,0.6318625211715698,239
5247,FKTN,136.61509704589844,1.9345213174819946,240
5248,FLACC1,76.4462661743164,6.928136825561523,215
5249,FLAD1,120.86624908447266,18.22681999206543,459
5250,FLCN,99.30418395996094,16.145278930664062,381
5251,FLG2,85.97469329833984,42.973167419433594,305
5252,FLI1,73.61710357666016,36.9299201965332,268
5253,FLII,102.65773010253906,7.646542072296143,297
5254,FLNB,99.7085189819336,-9.198640823364258,288
5255,FLNC,99.15745544433594,-9.035457611083984,288
5256,FLOT1,123.06189727783203,8.719985008239746,296
5257,FLOT2,123.77116394042969,9.399553298950195,296
5258,FLRT1,157.54061889648438,45.08751678466797,92
5259,FLRT3,158.01043701171875,45.260032653808594,92
5260,FLT1,136.717041015625,67.54855346679688,43
5261,FLT3,136.75234985351562,67.40299987792969,43
5262,FLT3LG,111.66595458984375,59.76886749267578,116
5263,FLT4,137.04452514648438,67.45365905761719,43
5264,FLVCR1,99.63735961914062,-39.550140380859375,153
5265,FLVCR2,99.84954071044922,-39.817588806152344,153
5266,FLYWCH1,103.71121215820312,18.687116622924805,364
5267,FLYWCH2,96.14777374267578,39.01436996459961,341
5268,FMC1,130.35609436035156,37.36317443847656,283
5269,FMN2,84.07350158691406,13.539016723632812,307
5270,FMNL1,86.64192199707031,12.244756698608398,369
5271,FMNL2,86.67839813232422,11.300996780395508,369
5272,FMO1,137.2281036376953,9.689797401428223,282
5273,FMO2,137.01918029785156,9.654840469360352,282
5274,FMO3,137.63734436035156,9.63840389251709,282
5275,FMO4,137.1103515625,9.8844633102417,282
5276,FMO5,138.0929412841797,9.124171257019043,169
5277,FMOD,156.71714782714844,47.25953674316406,105
5278,FN1,126.17867279052734,-21.801593780517578,202
5279,FN3K,126.65675354003906,17.93366241455078,451
5280,FN3KRP,125.43203735351562,17.9563045501709,468
5281,FNBP1,91.85133361816406,5.563410758972168,374
5282,FNBP1L,92.37843322753906,5.907753944396973,374
5283,FNBP4,76.7992935180664,21.437170028686523,281
5284,FNDC1,128.63319396972656,-18.48870849609375,236
5285,FNDC10,103.70230102539062,33.42621612548828,382
5286,FNDC11,97.8963851928711,38.622188568115234,341
5287,FNDC3A,121.84065246582031,-10.217885971069336,182
5288,FNDC3B,125.73466491699219,-14.247825622558594,217
5289,FNDC4,100.70989990234375,61.000892639160156,273
5290,FNDC5,100.47244262695312,59.66187286376953,242
5291,FNDC7,123.71749877929688,-14.820688247680664,219
5292,FNDC8,95.26469421386719,38.45889663696289,340
5293,FNDC9,99.8941650390625,58.7535285949707,242
5294,FNIP1,90.04103088378906,14.019641876220703,356
5295,FNIP2,90.17323303222656,13.58771800994873,356
5296,FNTA,116.5598373413086,19.49669075012207,462
5297,FNTB,117.63865661621094,13.505596160888672,319
5298,FOCAD,100.4141616821289,-3.1509833335876465,291
5299,FOLH1,133.51467895507812,0.4025549292564392,252
5300,FOLR1,142.43234252929688,-15.313522338867188,249
5301,FOLR2,141.6662139892578,-15.620026588439941,249
5302,FOLR3,141.37738037109375,-15.5006685256958,249
5303,FOS,79.24011993408203,39.08578872680664,264
5304,FOSB,79.45938873291016,38.69023513793945,264
5305,FOSL1,79.29568481445312,39.31848907470703,264
5306,FOSL2,79.64071655273438,38.44063949584961,264
5307,FOXA1,69.46924591064453,41.66190719604492,256
5308,FOXA2,69.56620788574219,42.38520812988281,256
5309,FOXA3,71.14353942871094,40.75270080566406,254
5310,FOXB1,70.796630859375,41.10175323486328,254
5311,FOXB2,71.26603698730469,41.92281723022461,254
5312,FOXC1,70.65583801269531,40.87505340576172,254
5313,FOXC2,71.25706481933594,40.654823303222656,254
5314,FOXD1,71.59025573730469,42.38420867919922,254
5315,FOXD2,72.74783325195312,41.79970169067383,254
5316,FOXD3,71.52742767333984,42.16157913208008,254
5317,FOXD4,77.1554183959961,39.93043518066406,266
5318,FOXD4L1,75.8082504272461,40.09666061401367,266
5319,FOXD4L3,76.55248260498047,40.23561096191406,266
5320,FOXD4L4,77.05376434326172,39.8087272644043,266
5321,FOXD4L5,76.52645874023438,39.73905563354492,266
5322,FOXD4L6,76.54186248779297,39.59718322753906,266
5323,FOXE1,71.9349594116211,41.31848907470703,254
5324,FOXE3,78.1540756225586,41.135498046875,266
5325,FOXF1,71.0396728515625,40.546234130859375,254
5326,FOXF2,69.80758666992188,42.52898406982422,254
5327,FOXG1,71.55711364746094,41.7457160949707,254
5328,FOXH1,76.98918914794922,40.06711959838867,266
5329,FOXI1,72.0010986328125,40.603519439697266,254
5330,FOXI2,71.69647979736328,41.48529052734375,254
5331,FOXI3,70.4933090209961,41.427886962890625,254
5332,FOXJ1,77.42689514160156,40.59199905395508,266
5333,FOXJ2,76.68804168701172,29.5404052734375,281
5334,FOXJ3,77.44849395751953,28.449689865112305,281
5335,FOXK1,76.04370880126953,28.365266799926758,281
5336,FOXK2,76.77091979980469,28.70092010498047,281
5337,FOXL1,73.23065948486328,42.092010498046875,254
5338,FOXL2,71.30259704589844,42.105934143066406,254
5339,FOXL2NB,94.36920166015625,45.99017333984375,301
5340,FOXM1,88.31401824951172,26.12630844116211,412
5341,FOXN1,73.91669464111328,38.4847526550293,268
5342,FOXN2,87.76011657714844,26.919755935668945,350
5343,FOXN3,78.35540008544922,31.851341247558594,277
5344,FOXN4,75.85013580322266,38.02716827392578,267
5345,FOXO1,76.62434387207031,30.83409881591797,277
5346,FOXO3,77.73351287841797,30.425521850585938,277
5347,FOXO3B,94.79649353027344,30.988544464111328,321
5348,FOXO6,74.97798156738281,41.07283020019531,266
5349,FOXP1,74.01759338378906,30.32357406616211,274
5350,FOXP2,73.94347381591797,30.614482879638672,274
5351,FOXP4,73.92134094238281,31.190597534179688,274
5352,FOXQ1,76.70230102539062,41.217655181884766,266
5353,FOXR1,94.34617614746094,39.41283416748047,344
5354,FOXRED1,127.30178833007812,17.228723526000977,451
5355,FOXRED2,135.03846740722656,-1.8801511526107788,252
5356,FOXS1,77.40262603759766,40.223079681396484,266
5357,FPGS,120.79055786132812,16.628623962402344,459
5358,FPGT,120.66956329345703,15.487981796264648,459
5359,FPR1,1.3048367500305176,-23.444204330444336,17
5360,FPR2,1.2109482288360596,-23.227537155151367,17
5361,FPR3,1.0936617851257324,-23.439672470092773,17
5362,FRA10AC1,108.7042236328125,32.55367660522461,425
5363,FRAT1,96.0908432006836,34.158416748046875,338
5364,FRAT2,95.68241882324219,34.45329284667969,338
5365,FREM1,123.59142303466797,-19.719221115112305,216
5366,FREM3,122.3133773803711,-20.562217712402344,216
5367,FRG1,108.0007095336914,32.62749099731445,425
5368,FRG2,95.35597229003906,39.50584030151367,344
5369,FRG2B,94.77537536621094,38.13177490234375,340
5370,FRG2C,95.11054992675781,38.847450256347656,344
5371,FRMD1,96.5213623046875,12.069376945495605,438
5372,FRMD3,94.69438171386719,11.176243782043457,435
5373,FRMD4A,89.09304809570312,9.50050163269043,370
5374,FRMD4B,89.12220764160156,9.935009002685547,371
5375,FRMD5,95.57792663574219,11.175310134887695,435
5376,FRMD6,95.073486328125,13.363811492919922,396
5377,FRMD8,98.72733306884766,12.124917984008789,431
5378,FRMPD1,86.18446350097656,16.999225616455078,366
5379,FRMPD2,97.28395080566406,12.659597396850586,431
5380,FRRS1,101.12245178222656,-30.47473907470703,156
5381,FRRS1L,127.50506591796875,-4.023190021514893,234
5382,FRS2,90.84112548828125,19.0352840423584,422
5383,FRS3,91.58245086669922,20.271015167236328,422
5384,FRYL,95.74050903320312,-3.526437282562256,290
5385,FRZB,138.76034545898438,-15.054887771606445,230
5386,FSBP,102.80842590332031,31.111459732055664,382
5387,FSCB,88.11625671386719,38.95653533935547,302
5388,FSCN1,154.25509643554688,-2.9535107612609863,75
5389,FSCN2,154.751953125,-2.866161346435547,75
5390,FSCN3,154.63551330566406,-2.668757438659668,75
5391,FSD1,40.50302505493164,16.883047103881836,53
5392,FSD1L,110.12698364257812,15.874393463134766,375
5393,FSD2,40.81730270385742,16.939517974853516,53
5394,FSHB,144.1069793701172,-17.98533821105957,221
5395,FSHR,127.56127166748047,-26.174755096435547,190
5396,FSIP1,83.53077697753906,13.05062198638916,307
5397,FST,137.96141052246094,-18.71889877319336,244
5398,FSTL1,137.53887939453125,-16.18596076965332,230
5399,FSTL3,137.89404296875,-18.244243621826172,244
5400,FSTL4,126.04327392578125,-13.268304824829102,217
5401,FSTL5,124.7427749633789,-14.452281951904297,217
5402,FTCD,133.7745361328125,16.97040557861328,440
5403,FTCDNL1,98.22673034667969,42.14014434814453,298
5404,FTH1,123.44883728027344,35.83989334106445,184
5405,FTL,123.74172973632812,34.91313552856445,315
5406,FTMT,128.21371459960938,28.908613204956055,330
5407,FTO,115.99102020263672,18.17232322692871,461
5408,FTSJ3,113.0525131225586,32.03023147583008,401
5409,FUBP1,71.16232299804688,24.15134048461914,278
5410,FUBP3,71.02700805664062,25.844505310058594,276
5411,FUCA1,134.3913116455078,-0.7571686506271362,252
5412,FUCA2,134.04190063476562,-0.30989351868629456,252
5413,FUOM,128.15347290039062,22.841093063354492,327
5414,FURIN,133.17434692382812,-8.976903915405273,224
5415,FUS,68.80465698242188,22.73390769958496,278
5416,FUT1,141.1923370361328,1.1193034648895264,239
5417,FUT10,140.36094665527344,0.37097686529159546,239
5418,FUT11,140.23243713378906,0.04394283518195152,239
5419,FUT2,142.25448608398438,0.804061770439148,239
5420,FUT3,141.47808837890625,1.1728301048278809,239
5421,FUT4,138.04730224609375,1.6467989683151245,240
5422,FUT5,140.23597717285156,1.1097344160079956,239
5423,FUT6,141.3451385498047,1.150238037109375,239
5424,FUT7,140.48672485351562,1.2861275672912598,239
5425,FUT8,141.50286865234375,1.1706918478012085,239
5426,FUZ,96.18452453613281,33.248924255371094,338
5427,FXN,129.71707153320312,29.52425765991211,330
5428,FXR1,73.08966064453125,21.244924545288086,279
5429,FXR2,77.67607116699219,19.812715530395508,280
5430,FXYD1,100.99776458740234,54.73662567138672,263
5431,FXYD2,100.77326965332031,53.71874237060547,263
5432,FXYD3,101.20663452148438,54.45170593261719,263
5433,FXYD4,101.03163146972656,54.53743362426758,263
5434,FXYD5,93.6705322265625,56.23102569580078,147
5435,FXYD6,100.90282440185547,54.2935791015625,263
5436,FXYD7,100.77168273925781,53.87812042236328,263
5437,FYB1,87.83221435546875,16.213802337646484,367
5438,FYB2,88.09266662597656,16.214977264404297,367
5439,FYCO1,76.39835357666016,3.179615020751953,232
5440,FYN,132.96881103515625,73.73589324951172,67
5441,FYTTD1,95.36200714111328,29.353755950927734,321
5442,FZD1,117.15391540527344,-25.249343872070312,119
5443,FZD10,117.35685729980469,-25.331974029541016,119
5444,FZD2,117.53782653808594,-25.090801239013672,119
5445,FZD4,116.99909210205078,-25.083728790283203,119
5446,FZD5,117.59770202636719,-25.2733211517334,119
5447,FZD6,114.42323303222656,-24.742107391357422,122
5448,FZD7,117.39718627929688,-25.204364776611328,119
5449,FZD8,117.54832458496094,-25.14654541015625,119
5450,FZD9,116.25428009033203,-25.644126892089844,119
5451,FZR1,123.57777404785156,51.26287078857422,66
5452,G0S2,101.24764251708984,52.78285598754883,263
5453,G2E3,101.66046142578125,22.522140502929688,432
5454,G3BP1,71.57920837402344,22.71864128112793,278
5455,G3BP2,71.43799591064453,22.726757049560547,278
5456,G6PC2,95.98397064208984,-32.8021354675293,172
5457,G6PC3,94.62981414794922,-32.91012191772461,175
5458,GAA,133.4266357421875,1.2328083515167236,252
5459,GAB1,90.35496520996094,18.390277862548828,378
5460,GAB2,90.72283935546875,18.242536544799805,378
5461,GAB4,91.57799530029297,18.979270935058594,422
5462,GABARAP,120.53373718261719,35.608707427978516,315
5463,GABARAPL1,120.49958038330078,35.388484954833984,315
5464,GABARAPL2,120.61192321777344,35.20127868652344,315
5465,GABBR1,114.6580581665039,-24.47806167602539,122
5466,GABBR2,114.5716781616211,-23.937328338623047,122
5467,GABPA,70.84471130371094,30.928878784179688,275
5468,GABPB1,70.34295654296875,31.895160675048828,275
5469,GABPB2,69.8475112915039,31.629323959350586,275
5470,GABRA1,179.2056427001953,-47.831729888916016,59
5471,GABRA2,179.20372009277344,-47.829715728759766,59
5472,GABRA4,179.20591735839844,-47.83113479614258,59
5473,GABRA5,179.1830596923828,-47.84480667114258,59
5474,GABRA6,179.17529296875,-47.852474212646484,59
5475,GABRB1,179.5520782470703,-47.45526123046875,59
5476,GABRB2,179.34373474121094,-47.67934799194336,59
5477,GABRB3,179.36865234375,-47.6581916809082,59
5478,GABRD,179.1167449951172,-47.909027099609375,59
5479,GABRG1,179.14453125,-47.88404083251953,59
5480,GABRG2,179.25027465820312,-47.794769287109375,59
5481,GABRG3,179.193115234375,-47.80540084838867,59
5482,GABRP,178.9033203125,-48.00853729248047,58
5483,GABRR1,179.11424255371094,-47.924381256103516,59
5484,GABRR2,179.10928344726562,-47.90376663208008,59
5485,GABRR3,179.15846252441406,-47.8826904296875,59
5486,GAD1,134.69735717773438,15.467482566833496,440
5487,GAD2,135.1281280517578,14.958240509033203,440
5488,GADD45A,114.18550109863281,27.507246017456055,388
5489,GADD45B,113.97484588623047,28.121936798095703,388
5490,GADD45G,114.12460327148438,27.708026885986328,388
5491,GADD45GIP1,130.3061065673828,35.8684196472168,328
5492,GADL1,134.46595764160156,15.198566436767578,440
5493,GAK,88.2457275390625,15.773514747619629,367
5494,GAL,154.77284240722656,-19.990497589111328,133
5495,GAL3ST1,141.59716796875,1.0067410469055176,239
5496,GAL3ST2,142.1494598388672,1.4703972339630127,239
5497,GAL3ST3,141.37347412109375,0.8370164036750793,239
5498,GAL3ST4,140.15087890625,0.8146894574165344,239
5499,GALC,133.02401733398438,-0.7723071575164795,252
5500,GALE,130.48910522460938,18.290996551513672,457
5501,GALK1,129.1831512451172,18.864704132080078,450
5502,GALK2,127.91897583007812,16.481033325195312,451
5503,GALM,129.03306579589844,17.974628448486328,457
5504,GALNS,133.83877563476562,0.2296409010887146,252
5505,GALNT1,146.21238708496094,0.7441746592521667,237
5506,GALNT10,146.11322021484375,0.5297839045524597,237
5507,GALNT11,146.32461547851562,0.7843523025512695,237
5508,GALNT12,146.5887451171875,-0.057459358125925064,237
5509,GALNT13,146.51316833496094,0.8970059156417847,237
5510,GALNT14,146.2986602783203,0.9483504295349121,237
5511,GALNT15,144.63499450683594,0.9039235711097717,239
5512,GALNT16,145.8242645263672,0.9348011016845703,237
5513,GALNT17,146.27012634277344,0.9447615146636963,237
5514,GALNT18,146.0366973876953,1.08656644821167,237
5515,GALNT2,144.7872314453125,1.0341317653656006,239
5516,GALNT3,145.99534606933594,0.6721190214157104,237
5517,GALNT4,145.2826385498047,0.7479643225669861,237
5518,GALNT5,144.16162109375,0.7166818380355835,239
5519,GALNT6,146.09149169921875,0.808725118637085,237
5520,GALNT7,146.15237426757812,0.4340720474720001,237
5521,GALNT8,145.7127685546875,0.720962643623352,237
5522,GALNT9,146.3199462890625,0.9263051152229309,237
5523,GALNTL5,142.6381072998047,0.44043275713920593,239
5524,GALNTL6,146.2532196044922,0.9138185977935791,237
5525,GALP,154.26231384277344,-19.707853317260742,133
5526,GALR1,6.338118553161621,-23.518272399902344,17
5527,GALR2,6.652637481689453,-24.740894317626953,17
5528,GALR3,6.399674892425537,-24.71401023864746,17
5529,GALT,124.89539337158203,14.9432373046875,314
5530,GAMT,129.13519287109375,21.492931365966797,327
5531,GANAB,133.6287078857422,1.1347601413726807,252
5532,GANC,128.46096801757812,3.0414440631866455,251
5533,GAP43,95.27349853515625,39.35151672363281,344
5534,GAPDH,147.1446533203125,26.03685188293457,103
5535,GAPDHS,132.72265625,19.343175888061523,458
5536,GAPT,95.26095581054688,64.29358673095703,250
5537,GAPVD1,96.04911041259766,0.03532354161143303,285
5538,GAR1,68.9751205444336,22.59490203857422,278
5539,GAREM1,87.36001586914062,17.11927604675293,367
5540,GAREM2,88.2322769165039,18.978858947753906,414
5541,GARNL3,96.1696548461914,9.38759708404541,435
5542,GART,132.79232788085938,19.61044692993164,458
5543,GAS1,134.853271484375,-13.748416900634766,224
5544,GAS2,104.7686767578125,20.791812896728516,364
5545,GAS2L1,88.97817993164062,21.55557632446289,417
5546,GAS2L2,85.59175109863281,28.48465919494629,349
5547,GAS2L3,90.04851531982422,18.324806213378906,378
5548,GAS6,134.6483612060547,-19.484600067138672,236
5549,GAS7,93.42630004882812,5.820499420166016,374
5550,GAS8,74.61859893798828,8.33642864227295,215
5551,GASK1A,142.8972930908203,1.6703380346298218,239
5552,GASK1B,142.95388793945312,1.516628384590149,239
5553,GAST,154.17828369140625,-19.714797973632812,133
5554,GATA2,66.51091766357422,41.509098052978516,177
5555,GATA3,68.0479965209961,41.341434478759766,256
5556,GATA4,68.72330474853516,42.747528076171875,256
5557,GATA5,68.46749114990234,42.40251922607422,256
5558,GATA6,69.25173950195312,41.676124572753906,256
5559,GATAD1,102.82744598388672,27.224702835083008,429
5560,GATAD2A,75.62325286865234,29.05887222290039,281
5561,GATAD2B,77.21497344970703,28.8399715423584,281
5562,GATB,125.32463836669922,20.41675567626953,468
5563,GATC,125.26310729980469,28.638652801513672,192
5564,GATD1,122.96077728271484,21.131324768066406,470
5565,GATM,131.98345947265625,16.798660278320312,454
5566,GBA,133.67156982421875,-0.22254109382629395,252
5567,GBA2,122.3112564086914,9.069892883300781,296
5568,GBA3,132.97335815429688,3.294546604156494,252
5569,GBE1,126.21464538574219,5.1366472244262695,205
5570,GBF1,96.89924621582031,-1.0346438884735107,290
5571,GBGT1,141.4688262939453,1.3909595012664795,239
5572,GBP1,116.92658233642578,1.5166370868682861,209
5573,GBP2,116.98875427246094,1.074877381324768,209
5574,GBP3,116.95209503173828,1.137832522392273,209
5575,GBP4,117.15878295898438,0.8781894445419312,209
5576,GBP5,116.8936767578125,1.0582859516143799,209
5577,GBP6,116.95601654052734,1.1823227405548096,209
5578,GBP7,116.98845672607422,1.242335319519043,209
5579,GBX1,67.0608139038086,46.385963439941406,261
5580,GBX2,67.32554626464844,46.32275390625,261
5581,GC,137.1265411376953,-10.490775108337402,241
5582,GCA,55.80775833129883,-1.7048548460006714,63
5583,GCAT,135.58897399902344,18.94451904296875,387
5584,GCC1,78.59120178222656,4.399330139160156,225
5585,GCC2,74.32445526123047,2.183129072189331,232
5586,GCDH,136.79689025878906,19.43210220336914,387
5587,GCFC2,102.61717987060547,14.10588264465332,353
5588,GCG,155.07501220703125,-20.266618728637695,133
5589,GCGR,110.78703308105469,-32.104976654052734,126
5590,GCH1,127.2853012084961,19.500755310058594,451
5591,GCHFR,121.1929702758789,33.123252868652344,316
5592,GCK,135.09974670410156,17.390363693237305,440
5593,GCKR,133.43896484375,16.126523971557617,440
5594,GCLC,125.32339477539062,10.981682777404785,196
5595,GCLM,114.0017318725586,23.88025665283203,362
5596,GCM1,73.01399993896484,38.03082275390625,268
5597,GCM2,73.51658630371094,37.34821701049805,268
5598,GCN1,98.76242065429688,-4.302343368530273,291
5599,GCNT1,142.9990997314453,0.8507397174835205,239
5600,GCNT2,142.49496459960938,0.8599635362625122,239
5601,GCNT3,143.74342346191406,-0.08812165260314941,239
5602,GCNT4,143.03900146484375,0.8793132901191711,239
5603,GCNT7,141.17555236816406,0.9615475535392761,239
5604,GCSAM,94.77861022949219,62.554508209228516,250
5605,GCSAML,94.91842651367188,62.95427703857422,250
5606,GCSH,129.86041259765625,29.343379974365234,330
5607,GDA,129.04739379882812,17.393619537353516,457
5608,GDAP1,113.80809783935547,22.63400650024414,362
5609,GDAP1L1,116.1049575805664,22.933700561523438,363
5610,GDAP2,108.44320678710938,16.048871994018555,375
5611,GDE1,128.0958709716797,10.176660537719727,196
5612,GDF1,144.67013549804688,-9.628227233886719,212
5613,GDF10,143.7933807373047,-9.744297981262207,212
5614,GDF11,144.98715209960938,-10.11549186706543,212
5615,GDF15,145.01808166503906,-10.117430686950684,212
5616,GDF2,144.26576232910156,-9.994695663452148,212
5617,GDF3,144.57273864746094,-10.00400161743164,212
5618,GDF5,145.19851684570312,-10.137506484985352,212
5619,GDF6,144.79689025878906,-9.99067211151123,212
5620,GDF7,144.48895263671875,-9.049723625183105,212
5621,GDF9,144.5985107421875,-10.114188194274902,212
5622,GDI2,130.51699829101562,21.082416534423828,449
5623,GDNF,144.87353515625,-12.971126556396484,212
5624,GDPD1,127.22061920166016,12.584419250488281,196
5625,GDPD3,127.40154266357422,11.155600547790527,196
5626,GDPD4,126.8759536743164,5.973720550537109,205
5627,GDPD5,124.79225158691406,4.9697747230529785,204
5628,GDPGP1,119.57183074951172,18.87997055053711,460
5629,GEM,77.35077667236328,-69.01045989990234,84
5630,GEMIN2,111.18978881835938,26.240291595458984,377
5631,GEMIN4,105.11392211914062,0.0389595553278923,313
5632,GEMIN5,108.23031616210938,-0.767609715461731,293
5633,GEMIN6,121.41044616699219,24.40201759338379,465
5634,GEMIN7,106.65821838378906,38.76985168457031,284
5635,GEN1,90.96275329589844,21.637563705444336,422
5636,GET1,95.23930358886719,-22.391464233398438,155
5637,GET3,117.8402328491211,22.484172821044922,446
5638,GET4,108.84998321533203,4.3283233642578125,310
5639,GFAP,206.14938354492188,25.301403045654297,20
5640,GFER,107.03663635253906,34.47477722167969,425
5641,GFI1,62.04930114746094,34.53903579711914,178
5642,GFI1B,61.14863586425781,33.66913604736328,176
5643,GFM1,119.5280532836914,13.331070899963379,455
5644,GFM2,119.90001678466797,13.465529441833496,455
5645,GFOD1,120.97334289550781,16.323209762573242,459
5646,GFOD2,126.60218048095703,17.341922760009766,451
5647,GFPT1,133.82199096679688,16.632783889770508,440
5648,GFPT2,134.94009399414062,17.61833381652832,440
5649,GFRA1,139.18856811523438,-15.610239028930664,230
5650,GFRA2,138.74386596679688,-15.37571907043457,230
5651,GFRA3,140.5119171142578,-16.26358413696289,248
5652,GFRA4,137.76280212402344,-15.972677230834961,230
5653,GFRAL,138.4674530029297,-17.8510799407959,244
5654,GFY,86.44415283203125,38.01521682739258,287
5655,GGA1,93.51286315917969,18.14252471923828,398
5656,GGA2,93.1887435913086,17.299835205078125,333
5657,GGA3,84.52072143554688,19.735301971435547,318
5658,GGACT,122.42340850830078,23.77274513244629,465
5659,GGCT,122.04225158691406,25.40827178955078,465
5660,GGCX,102.22090911865234,-27.604442596435547,156
5661,GGH,134.04725646972656,1.1442604064941406,252
5662,GGN,85.68170166015625,29.97707176208496,349
5663,GGNBP2,95.42698669433594,21.602642059326172,393
5664,GGPS1,122.27394104003906,21.391551971435547,470
5665,GGT1,134.55422973632812,-0.3056255877017975,252
5666,GGT5,135.26544189453125,-0.8627291917800903,252
5667,GGT6,122.05120086669922,3.592874050140381,157
5668,GGT7,124.54423522949219,3.0745198726654053,200
5669,GGTLC1,134.4114532470703,-0.22271540760993958,252
5670,GGTLC2,134.7217559814453,-0.459481418132782,252
5671,GGTLC3,134.8040008544922,-0.1187911182641983,252
5672,GH1,113.36923217773438,61.77886962890625,117
5673,GH2,113.20880889892578,61.642765045166016,117
5674,GHDC,112.8506851196289,6.939602375030518,214
5675,GHITM,136.73809814453125,37.046730041503906,271
5676,GHR,101.68465423583984,64.77999114990234,269
5677,GHRH,155.10072326660156,-20.206153869628906,133
5678,GHRHR,110.9452133178711,-31.8477725982666,126
5679,GHRL,153.84182739257812,-19.5362491607666,133
5680,GHSR,5.200778007507324,-23.404695510864258,17
5681,GID4,109.34928131103516,26.360912322998047,323
5682,GID8,108.79619598388672,28.953697204589844,419
5683,GIGYF1,78.83779907226562,18.330474853515625,280
5684,GIGYF2,79.25109100341797,19.007709503173828,280
5685,GIMAP1,117.58937072753906,2.581516742706299,209
5686,GIMAP2,118.19607543945312,2.3632869720458984,209
5687,GIMAP4,117.43412780761719,1.9760384559631348,209
5688,GIMAP5,117.9349594116211,1.6620032787322998,209
5689,GIMAP6,117.52555084228516,2.4454751014709473,209
5690,GIMAP7,117.62725830078125,2.0704638957977295,209
5691,GIMAP8,117.19105529785156,2.815685510635376,209
5692,GIMD1,117.54718017578125,5.509953498840332,214
5693,GIN1,93.6775131225586,31.066987991333008,321
5694,GINM1,125.38946533203125,-5.052321434020996,234
5695,GINS1,113.8033676147461,27.0967960357666,388
5696,GINS2,112.26932525634766,27.378128051757812,377
5697,GINS3,110.384521484375,27.08428955078125,323
5698,GINS4,112.22503662109375,27.572019577026367,377
5699,GIP,154.9595489501953,-20.233753204345703,133
5700,GIPC1,103.87242126464844,20.38140106201172,364
5701,GIPC2,106.09310150146484,21.58072280883789,406
5702,GIPC3,106.17341613769531,23.249711990356445,406
5703,GIPR,110.228515625,-31.93889808654785,126
5704,GIT1,89.64299011230469,12.999603271484375,356
5705,GIT2,90.62674713134766,10.444587707519531,376
5706,GJA1,98.93334197998047,-21.199241638183594,149
5707,GJA10,99.7140884399414,-20.552989959716797,149
5708,GJA3,100.99356079101562,-21.433551788330078,148
5709,GJA4,99.21038818359375,-21.18549156188965,149
5710,GJA5,99.43453979492188,-21.244163513183594,149
5711,GJA8,100.02851867675781,-21.250202178955078,149
5712,GJA9,100.01644897460938,-20.234397888183594,148
5713,GJB2,98.1477279663086,-21.732891082763672,149
5714,GJB3,98.54884338378906,-21.29397201538086,149
5715,GJB4,98.6775894165039,-21.38738250732422,149
5716,GJB5,98.67323303222656,-21.4681339263916,149
5717,GJB6,98.74336242675781,-21.402652740478516,149
5718,GJB7,97.0750503540039,-23.31240463256836,149
5719,GJC1,99.58375549316406,-21.274860382080078,149
5720,GJC2,100.4869384765625,-20.784578323364258,148
5721,GJC3,99.22723388671875,-21.964614868164062,149
5722,GJD2,99.70449829101562,-21.56285858154297,149
5723,GJD3,99.38516235351562,-21.949384689331055,149
5724,GJD4,100.266845703125,-21.567317962646484,149
5725,GJE1,92.31399536132812,-27.856605529785156,158
5726,GK2,131.09007263183594,17.481998443603516,454
5727,GK3P,130.41978454589844,17.678722381591797,457
5728,GK5,130.8424072265625,15.671557426452637,453
5729,GKAP1,79.53240966796875,7.398491859436035,227
5730,GKN1,76.72563934326172,-18.475400924682617,82
5731,GKN2,76.77960205078125,-18.50795555114746,82
5732,GLB1,133.06825256347656,0.19430246949195862,252
5733,GLB1L,132.72442626953125,-0.5423023700714111,252
5734,GLB1L2,131.681640625,-1.0174453258514404,252
5735,GLB1L3,128.99026489257812,2.3194589614868164,251
5736,GLCCI1,83.75741577148438,24.13469123840332,281
5737,GLCE,133.8977508544922,2.7423572540283203,252
5738,GLDC,136.1817626953125,17.58566665649414,440
5739,GLDN,155.91232299804688,-10.786504745483398,100
5740,GLE1,108.9341049194336,12.554167747497559,357
5741,GLG1,138.31820678710938,-13.297501564025879,246
5742,GLI1,70.67739868164062,33.2829475402832,275
5743,GLI2,72.14176940917969,31.38058090209961,274
5744,GLI3,71.04244995117188,32.31657409667969,275
5745,GLI4,31.577661514282227,-39.535850524902344,27
5746,GLIPR1,138.8290557861328,-13.361272811889648,246
5747,GLIPR1L1,139.81736755371094,-12.907761573791504,246
5748,GLIPR1L2,137.66099548339844,-13.6060152053833,246
5749,GLIPR2,138.8658905029297,-10.249641418457031,246
5750,GLIS1,68.74571990966797,35.03306579589844,268
5751,GLIS2,61.61316680908203,30.247661590576172,176
5752,GLIS3,70.87303924560547,34.97685623168945,268
5753,GLMN,105.86890411376953,4.016519546508789,312
5754,GLMP,132.79446411132812,-0.6327981948852539,252
5755,GLO1,123.29733276367188,22.56270980834961,470
5756,GLOD4,124.85438537597656,22.796043395996094,464
5757,GLP1R,110.36459350585938,-32.147396087646484,126
5758,GLP2R,111.01268005371094,-31.944046020507812,126
5759,GLRA1,179.13116455078125,-47.90536880493164,59
5760,GLRA3,179.1560516357422,-47.88991928100586,59
5761,GLRB,179.18978881835938,-47.857765197753906,59
5762,GLRX,119.7698974609375,31.159353256225586,347
5763,GLRX2,129.54519653320312,29.44269371032715,330
5764,GLRX3,121.78196716308594,21.188304901123047,470
5765,GLRX5,126.02468872070312,29.37731170654297,192
5766,GLS,125.83321380615234,15.881491661071777,314
5767,GLS2,133.83343505859375,16.87892723083496,440
5768,GLT1D1,126.78482055664062,20.464027404785156,467
5769,GLT6D1,141.96510314941406,1.417420506477356,239
5770,GLT8D1,142.5128936767578,0.6191981434822083,239
5771,GLT8D2,142.12017822265625,0.6548141241073608,239
5772,GLTP,108.8240966796875,27.040424346923828,323
5773,GLTPD2,136.82089233398438,-0.35185572504997253,240
5774,GLUD1,137.40171813964844,19.793354034423828,387
5775,GLUL,136.7988739013672,19.11721420288086,387
5776,GLYAT,126.36573791503906,18.268835067749023,451
5777,GLYATL1,125.1911849975586,19.02265167236328,468
5778,GLYATL1B,123.37559509277344,18.672639846801758,416
5779,GLYATL2,124.10917663574219,17.191774368286133,420
5780,GLYATL3,119.19844818115234,22.529701232910156,446
5781,GLYCTK,131.38037109375,17.284658432006836,454
5782,GLYR1,105.93306732177734,16.405349731445312,324
5783,GM2A,133.1997528076172,-2.131258010864258,252
5784,GMCL1,110.62529754638672,18.218610763549805,405
5785,GMCL2,107.79925537109375,18.908313751220703,395
5786,GMDS,129.45140075683594,16.93951416015625,457
5787,GMEB1,70.49615478515625,30.902555465698242,275
5788,GMEB2,72.1357192993164,31.235469818115234,274
5789,GMFB,119.27448272705078,29.89922332763672,347
5790,GMFG,118.94660186767578,30.034282684326172,347
5791,GMIP,93.2918472290039,8.973679542541504,392
5792,GML,144.9910888671875,-19.72236442565918,221
5793,GMNC,92.37236785888672,37.33478927612305,342
5794,GMNN,93.94957733154297,25.893146514892578,354
5795,GMPPA,123.6007080078125,16.049631118774414,420
5796,GMPPB,125.12699127197266,18.34857177734375,468
5797,GMPR,132.6130828857422,19.98148536682129,458
5798,GMPR2,134.37350463867188,20.38580894470215,387
5799,GMPS,119.64252471923828,16.727039337158203,460
5800,GNA11,76.64904022216797,-63.04877471923828,40
5801,GNA12,76.699462890625,-63.54925537109375,40
5802,GNA13,76.7244873046875,-63.20774459838867,40
5803,GNA14,76.64386749267578,-63.196441650390625,40
5804,GNA15,76.64923858642578,-63.251869201660156,40
5805,GNAI1,76.92547607421875,-63.5054931640625,40
5806,GNAI2,76.61951446533203,-63.118324279785156,40
5807,GNAI3,76.64559173583984,-63.14044189453125,40
5808,GNAL,76.93106079101562,-63.0003547668457,40
5809,GNAO1,76.66045379638672,-62.9979248046875,40
5810,GNAQ,76.68245697021484,-62.89430618286133,40
5811,GNAS,76.66680908203125,-62.806819915771484,40
5812,GNAT1,76.58348846435547,-63.05402374267578,40
5813,GNAT2,76.60177612304688,-63.098976135253906,40
5814,GNAT3,76.65330505371094,-63.02803039550781,40
5815,GNAZ,76.61663055419922,-63.15376663208008,40
5816,GNB1,124.09239959716797,51.4485969543457,66
5817,GNB1L,124.72053527832031,51.607940673828125,66
5818,GNB2,124.56198120117188,51.86387634277344,66
5819,GNB3,124.39994812011719,51.696590423583984,66
5820,GNB4,124.75569915771484,52.110435485839844,66
5821,GNB5,124.12379455566406,51.30996322631836,66
5822,GNE,130.76417541503906,18.287790298461914,457
5823,GNG10,117.90910339355469,39.76956558227539,186
5824,GNG11,116.8758773803711,40.832916259765625,187
5825,GNG12,117.14419555664062,40.870689392089844,187
5826,GNG13,116.73920440673828,41.21287536621094,187
5827,GNG14,117.37364959716797,40.52869415283203,187
5828,GNG2,117.1896743774414,41.12272644042969,187
5829,GNG3,117.23260498046875,41.01532745361328,187
5830,GNG4,116.93656158447266,41.13191604614258,187
5831,GNG5,117.64044189453125,39.998313903808594,186
5832,GNG7,117.1895980834961,41.096282958984375,187
5833,GNG8,117.21977996826172,41.15479278564453,187
5834,GNGT1,116.93072509765625,41.160987854003906,187
5835,GNGT2,116.82746887207031,41.47113037109375,187
5836,GNL1,111.52396392822266,30.21653175354004,400
5837,GNL2,113.75800323486328,32.018856048583984,401
5838,GNL3,114.2906265258789,31.586091995239258,401
5839,GNLY,162.27674865722656,-39.58210754394531,46
5840,GNMT,129.81893920898438,18.537485122680664,457
5841,GNPAT,123.07467651367188,12.300177574157715,296
5842,GNPDA1,132.09793090820312,19.284629821777344,458
5843,GNPDA2,130.1358184814453,18.33007049560547,457
5844,GNPNAT1,121.07991027832031,22.9301815032959,465
5845,GNPTAB,131.8632049560547,0.1317039579153061,252
5846,GNPTG,129.2466278076172,-3.6994574069976807,234
5847,GNRH1,154.41873168945312,-19.819942474365234,133
5848,GNRH2,154.4583282470703,-19.859540939331055,133
5849,GNRHR,5.336472988128662,-23.553483963012695,17
5850,GNS,133.18438720703125,-0.7267513871192932,252
5851,GOLGA1,75.66586303710938,3.3213376998901367,232
5852,GOLGA2,75.28266143798828,3.9525866508483887,232
5853,GOLGA3,75.9876708984375,3.4366369247436523,232
5854,GOLGA4,74.3272476196289,1.9858242273330688,232
5855,GOLGA5,76.03468322753906,3.503877639770508,232
5856,GOLGA6A,74.06038665771484,5.920176982879639,208
5857,GOLGA6B,74.3390121459961,6.455793857574463,208
5858,GOLGA6C,74.54325866699219,5.336579322814941,208
5859,GOLGA6D,74.11247253417969,5.793242454528809,208
5860,GOLGA6L1,71.71995544433594,7.056365489959717,194
5861,GOLGA6L10,72.92694854736328,7.477136135101318,194
5862,GOLGA6L2,72.30599212646484,7.381194114685059,194
5863,GOLGA6L22,71.56039428710938,7.577069282531738,194
5864,GOLGA6L4,72.26187896728516,7.3022966384887695,194
5865,GOLGA6L6,72.0836410522461,7.251883506774902,194
5866,GOLGA6L7,71.64468383789062,7.3031158447265625,194
5867,GOLGA6L9,73.19947052001953,6.852543830871582,194
5868,GOLGA7,108.34934997558594,28.420085906982422,430
5869,GOLGA7B,106.08573150634766,26.727874755859375,390
5870,GOLGA8A,74.32068634033203,5.760372161865234,208
5871,GOLGA8B,74.46888732910156,5.645455360412598,208
5872,GOLGA8F,75.02668762207031,5.7242112159729,208
5873,GOLGA8G,75.90316009521484,6.355537414550781,215
5874,GOLGA8H,74.38774108886719,5.981746196746826,208
5875,GOLGA8J,73.8154525756836,6.496767044067383,208
5876,GOLGA8K,74.05870819091797,6.361437797546387,208
5877,GOLGA8N,74.17327117919922,6.343480110168457,208
5878,GOLGA8O,74.51280212402344,6.234910011291504,208
5879,GOLGA8Q,73.96887969970703,6.297214508056641,208
5880,GOLGA8R,73.49417877197266,6.188937187194824,208
5881,GOLGA8S,74.22932434082031,6.157402515411377,208
5882,GOLGA8T,74.1068115234375,6.064365386962891,208
5883,GOLGB1,74.18217468261719,1.9797402620315552,232
5884,GOLIM4,87.0927734375,32.771400451660156,317
5885,GOLM1,87.3663330078125,31.54741668701172,317
5886,GOLPH3,107.56690216064453,23.805049896240234,406
5887,GOLPH3L,107.93002319335938,22.45792579650879,406
5888,GOLT1A,91.2138442993164,-28.956363677978516,158
5889,GOLT1B,91.19183349609375,-28.336036682128906,158
5890,GON4L,80.54421997070312,19.2949161529541,280
5891,GON7,102.92679595947266,35.442138671875,332
5892,GOPC,83.31971740722656,9.257495880126953,226
5893,GORAB,104.7495346069336,27.435516357421875,430
5894,GORASP1,92.49915313720703,24.67941665649414,421
5895,GORASP2,79.74139404296875,24.465946197509766,281
5896,GOSR1,112.8640365600586,41.72855758666992,181
5897,GOSR2,113.01472473144531,41.63684844970703,181
5898,GOT1,136.7305450439453,18.785449981689453,387
5899,GOT1L1,130.02198791503906,17.358623504638672,457
5900,GOT2,137.42124938964844,19.60687828063965,387
5901,GP1BA,156.91839599609375,44.10860061645508,92
5902,GP1BB,156.88177490234375,44.17530822753906,92
5903,GP2,131.5916748046875,-9.107244491577148,224
5904,GP5,156.04383850097656,46.29039764404297,105
5905,GP6,93.08136749267578,75.43096160888672,160
5906,GP9,156.73358154296875,44.328495025634766,92
5907,GPA33,99.05691528320312,64.87371826171875,272
5908,GPAA1,99.9397964477539,-28.215656280517578,156
5909,GPALPP1,105.97291564941406,31.75704002380371,426
5910,GPAM,123.90957641601562,12.394367218017578,296
5911,GPANK1,107.98612976074219,30.64845848083496,424
5912,GPAT2,111.51708984375,6.999598503112793,306
5913,GPAT3,127.985107421875,9.89406967163086,196
5914,GPAT4,127.49366760253906,9.441856384277344,196
5915,GPATCH1,103.74259948730469,28.202913284301758,429
5916,GPATCH11,108.5261459350586,32.4737663269043,425
5917,GPATCH2,88.87156677246094,21.75398826599121,417
5918,GPATCH3,106.35151672363281,30.20755958557129,382
5919,GPATCH4,113.3565444946289,32.32061767578125,401
5920,GPATCH8,73.98111724853516,18.944393157958984,120
5921,GPBAR1,4.204721450805664,-24.974061965942383,17
5922,GPBP1,80.99837493896484,22.462886810302734,281
5923,GPBP1L1,80.93657684326172,24.19501304626465,281
5924,GPC1,133.33529663085938,-11.629022598266602,224
5925,GPC2,115.86268615722656,0.7016836404800415,209
5926,GPC5,133.13780212402344,-12.324808120727539,224
5927,GPC6,133.766845703125,-12.845853805541992,224
5928,GPCPD1,111.35171508789062,11.431419372558594,386
5929,GPD1,133.4654083251953,18.051374435424805,440
5930,GPD1L,131.58474731445312,17.501447677612305,454
5931,GPD2,127.32056427001953,14.46272087097168,314
5932,GPER1,4.2835187911987305,-24.19999885559082,17
5933,GPHA2,146.04664611816406,-18.155975341796875,206
5934,GPHB5,144.6060791015625,-17.36473274230957,206
5935,GPHN,96.21483612060547,5.387179374694824,320
5936,GPI,138.2570343017578,18.958431243896484,387
5937,GPIHBP1,144.62945556640625,-19.832265853881836,221
5938,GPLD1,128.1651611328125,-4.140841960906982,234
5939,GPM6A,85.51646423339844,-29.115665435791016,124
5940,GPN1,116.08902740478516,20.62881851196289,462
5941,GPN2,118.58623504638672,21.119991302490234,446
5942,GPN3,119.79508972167969,23.108613967895508,465
5943,GPNMB,99.87481689453125,62.12120819091797,273
5944,GPR107,102.41390228271484,-30.310436248779297,156
5945,GPR108,103.03684997558594,-30.29792594909668,156
5946,GPR12,6.035615921020508,-23.079862594604492,17
5947,GPR132,2.5371158123016357,-24.475833892822266,17
5948,GPR135,6.408664703369141,-24.766571044921875,17
5949,GPR137,97.63703155517578,-26.705501556396484,161
5950,GPR137B,96.97905731201172,-27.73491096496582,161
5951,GPR137C,97.0750503540039,-27.692161560058594,161
5952,GPR139,5.796396255493164,-23.38835906982422,17
5953,GPR141,2.570737600326538,-23.561080932617188,17
5954,GPR142,4.508877754211426,-24.21483039855957,17
5955,GPR146,3.416775703430176,-25.013687133789062,17
5956,GPR148,3.20951509475708,-24.524200439453125,17
5957,GPR149,5.237837791442871,-24.323396682739258,17
5958,GPR15,1.0856623649597168,-22.994487762451172,17
5959,GPR150,5.463338851928711,-24.999818801879883,17
5960,GPR151,4.037720680236816,-24.308626174926758,17
5961,GPR152,4.254096984863281,-25.60388946533203,17
5962,GPR153,104.05493927001953,-20.175771713256836,148
5963,GPR155,102.6214599609375,-37.89753723144531,154
5964,GPR156,88.1212158203125,20.54425048828125,414
5965,GPR157,6.680087089538574,-25.480234146118164,17
5966,GPR158,108.34283447265625,-22.47537612915039,144
5967,GPR160,1.499448299407959,-23.513423919677734,17
5968,GPR161,5.523885726928711,-24.166015625,17
5969,GPR162,7.535528182983398,-23.358308792114258,17
5970,GPR17,3.3464741706848145,-24.455833435058594,17
5971,GPR171,1.2717077732086182,-23.09658432006836,17
5972,GPR176,5.472789287567139,-24.051013946533203,17
5973,GPR179,89.07942962646484,29.277019500732422,350
5974,GPR18,1.2032082080841064,-22.657981872558594,17
5975,GPR180,99.81387329101562,-31.569019317626953,171
5976,GPR182,3.0365986824035645,-24.778356552124023,17
5977,GPR183,1.0951838493347168,-22.916255950927734,17
5978,GPR19,5.132227897644043,-23.574413299560547,17
5979,GPR20,3.5045576095581055,-25.205650329589844,17
5980,GPR21,5.411899566650391,-22.6690673828125,17
5981,GPR22,6.035384178161621,-22.669458389282227,17
5982,GPR25,4.521720886230469,-25.08700942993164,17
5983,GPR26,5.88051700592041,-24.016695022583008,17
5984,GPR27,6.544820785522461,-26.592817306518555,17
5985,GPR3,6.267652988433838,-23.900480270385742,17
5986,GPR31,2.834195852279663,-24.296924591064453,17
5987,GPR32,0.557523250579834,-24.80615997314453,17
5988,GPR33,1.0394214391708374,-24.011594772338867,17
5989,GPR35,2.896981716156006,-24.919857025146484,17
5990,GPR37,6.2863922119140625,-23.83696746826172,17
5991,GPR37L1,7.1433491706848145,-24.179805755615234,17
5992,GPR39,4.922356605529785,-23.9374942779541,17
5993,GPR4,2.0241847038269043,-25.187644958496094,17
5994,GPR42,2.6705410480499268,-24.79619598388672,17
5995,GPR45,5.3524065017700195,-23.11758041381836,17
5996,GPR52,5.4665679931640625,-22.407739639282227,17
5997,GPR55,1.9315868616104126,-23.90291404724121,17
5998,GPR6,6.401276588439941,-24.631441116333008,17
5999,GPR61,6.023955821990967,-24.069721221923828,17
6000,GPR62,5.207369804382324,-25.150651931762695,17
6001,GPR63,5.550867080688477,-23.61104965209961,17
6002,GPR65,0.5698950886726379,-23.43896484375,17
6003,GPR68,2.4141616821289062,-24.715444564819336,17
6004,GPR75,6.541757583618164,-22.686702728271484,17
6005,GPR78,6.71088171005249,-25.555099487304688,17
6006,GPR83,5.375824451446533,-24.082239151000977,17
6007,GPR84,6.551539421081543,-21.683137893676758,17
6008,GPR85,5.874769687652588,-22.503978729248047,17
6009,GPR87,1.0564682483673096,-22.962177276611328,17
6010,GPR88,6.004362106323242,-25.678794860839844,17
6011,GPR89A,94.3881607055664,-28.218984603881836,159
6012,GPR89B,95.06916046142578,-28.95029067993164,159
6013,GPRC5A,95.46762084960938,-27.65907096862793,159
6014,GPRC5B,95.93214416503906,-25.988300323486328,155
6015,GPRC5C,94.69258117675781,-26.183059692382812,155
6016,GPRC5D,95.13790130615234,-28.398555755615234,159
6017,GPRC6A,111.98027038574219,-27.33770751953125,123
6018,GPRIN1,86.16117858886719,35.57182693481445,287
6019,GPRIN2,89.23466491699219,30.608179092407227,321
6020,GPS1,110.62602233886719,2.3730990886688232,293
6021,GPS2,76.10804748535156,27.553489685058594,281
6022,GPSM1,93.38917541503906,11.288619995117188,397
6023,GPSM2,93.82841491699219,14.238037109375,396
6024,GPSM3,96.48886108398438,35.031681060791016,338
6025,GPT,134.4329376220703,16.14922523498535,440
6026,GPT2,135.0367889404297,16.142297744750977,440
6027,GPX1,127.73731231689453,27.323410034179688,330
6028,GPX2,128.83221435546875,22.806602478027344,327
6029,GPX3,129.27198791503906,4.106619834899902,251
6030,GPX4,126.59241485595703,29.684871673583984,192
6031,GPX5,128.60552978515625,1.9251000881195068,251
6032,GPX6,130.04603576660156,3.089843273162842,251
6033,GPX7,130.13714599609375,-2.0151278972625732,234
6034,GPX8,130.14764404296875,-3.4249684810638428,234
6035,GRAMD1A,96.31912231445312,11.311083793640137,435
6036,GRAMD1B,97.27296447753906,12.151169776916504,438
6037,GRAMD1C,98.22508239746094,13.267398834228516,431
6038,GRAMD2A,100.5195541381836,41.20786666870117,294
6039,GRAMD2B,95.82675170898438,15.36800765991211,385
6040,GRAMD4,102.13652038574219,9.845344543457031,326
6041,GRAP,99.86634826660156,13.98725700378418,427
6042,GRAP2,98.76332092285156,14.48591136932373,410
6043,GRAPL,98.86612701416016,13.786928176879883,428
6044,GRB10,97.5968017578125,12.620931625366211,431
6045,GRB14,96.14325714111328,13.496360778808594,396
6046,GRB2,98.70738220214844,13.334123611450195,431
6047,GRB7,97.16309356689453,10.838634490966797,437
6048,GREB1,98.20524597167969,-3.318751335144043,291
6049,GREB1L,98.01659393310547,-3.6052207946777344,291
6050,GREM2,144.10328674316406,-15.142145156860352,238
6051,GRHL1,76.49385070800781,32.661808013916016,277
6052,GRHL2,76.2233657836914,32.247535705566406,277
6053,GRHL3,76.47288513183594,32.61967086791992,277
6054,GRHPR,135.20718383789062,18.40852928161621,440
6055,GRIA1,115.06651306152344,-23.45446014404297,122
6056,GRIA2,115.69401550292969,-23.2982177734375,122
6057,GRIA4,115.38217163085938,-23.44097137451172,122
6058,GRID1,115.21041107177734,-23.332481384277344,122
6059,GRID2,115.3324966430664,-23.27287483215332,122
6060,GRID2IP,87.47064208984375,12.416275978088379,369
6061,GRIFIN,156.49752807617188,1.6625494956970215,73
6062,GRIK1,115.51809692382812,-23.51175308227539,122
6063,GRIK2,115.45685577392578,-23.438432693481445,122
6064,GRIK3,115.18507385253906,-23.665184020996094,122
6065,GRIK4,115.16365814208984,-23.4540958404541,122
6066,GRIK5,115.00462341308594,-23.936960220336914,122
6067,GRIN1,115.13099670410156,-23.67983627319336,122
6068,GRIN2C,114.45236206054688,-23.75201416015625,122
6069,GRIN2D,114.61457061767578,-23.77988624572754,122
6070,GRIN3A,115.32331848144531,-23.712955474853516,122
6071,GRIN3B,113.5640640258789,-22.807626724243164,122
6072,GRINA,79.00454711914062,30.868654251098633,277
6073,GRIP1,88.72183990478516,8.46859359741211,370
6074,GRIP2,90.79237365722656,11.775314331054688,376
6075,GRK1,130.49581909179688,74.7844009399414,68
6076,GRK2,129.569091796875,75.34336853027344,68
6077,GRK3,130.1112518310547,74.50880432128906,68
6078,GRK4,129.96536254882812,75.01918029785156,68
6079,GRK5,130.10693359375,74.90299987792969,68
6080,GRK6,130.33694458007812,75.09347534179688,68
6081,GRK7,130.29776000976562,74.80345153808594,68
6082,GRM1,114.22553253173828,-23.802356719970703,122
6083,GRM2,113.40164184570312,-25.870197296142578,122
6084,GRM3,113.89541625976562,-24.958465576171875,122
6085,GRM4,113.92643737792969,-24.93536949157715,122
6086,GRM5,113.62938690185547,-24.14766502380371,122
6087,GRM6,113.97445678710938,-24.701234817504883,122
6088,GRM7,115.26373291015625,-23.523683547973633,122
6089,GRM8,114.27092742919922,-24.121444702148438,122
6090,GRN,132.87501525878906,-20.371686935424805,236
6091,GRP,154.16802978515625,-19.747802734375,133
6092,GRPEL1,128.53497314453125,27.788387298583984,330
6093,GRPEL2,127.42034912109375,28.370227813720703,330
6094,GRSF1,129.83441162109375,29.400226593017578,330
6095,GRTP1,104.78109741210938,9.453158378601074,297
6096,GRWD1,123.94538116455078,50.12836456298828,66
6097,GRXCR1,100.00728607177734,36.919700622558594,341
6098,GRXCR2,98.69903564453125,27.494365692138672,439
6099,GSAP,107.4471664428711,4.234957695007324,310
6100,GSC,66.29837799072266,47.55615997314453,261
6101,GSC2,69.59772491455078,47.34408950805664,261
6102,GSDMA,117.48692321777344,4.649835109710693,214
6103,GSDMB,117.77118682861328,4.295480728149414,157
6104,GSDMC,118.68807983398438,3.7037200927734375,157
6105,GSDMD,117.1852035522461,4.056269645690918,209
6106,GSDME,117.73065185546875,4.537441730499268,157
6107,GSE1,79.36607360839844,23.49484634399414,281
6108,GSG1,84.66006469726562,-32.05186080932617,125
6109,GSG1L,84.34855651855469,-32.40596389770508,125
6110,GSG1L2,84.58182525634766,-32.547637939453125,125
6111,GSK3A,127.92066955566406,77.26358795166016,68
6112,GSK3B,128.46495056152344,76.73477935791016,68
6113,GSKIP,112.0811767578125,23.174152374267578,359
6114,GSN,104.38491821289062,8.70206069946289,297
6115,GSPT1,114.90621948242188,17.48590087890625,463
6116,GSR,130.7999267578125,18.119739532470703,457
6117,GSS,125.59685516357422,16.004745483398438,314
6118,GSTA1,144.77218627929688,16.476104736328125,131
6119,GSTA2,145.17449951171875,16.505643844604492,131
6120,GSTA3,144.8413848876953,16.480113983154297,131
6121,GSTA4,145.08206176757812,16.50529670715332,131
6122,GSTA5,144.84320068359375,16.59407615661621,131
6123,GSTCD,111.84477996826172,16.10396957397461,442
6124,GSTK1,137.3411102294922,18.107723236083984,387
6125,GSTM1,145.68736267089844,16.016036987304688,131
6126,GSTM2,145.6956024169922,16.14310073852539,131
6127,GSTM3,145.5438995361328,16.094940185546875,131
6128,GSTM4,145.85516357421875,16.136362075805664,131
6129,GSTM5,145.73907470703125,15.976394653320312,131
6130,GSTO1,144.79722595214844,16.446821212768555,131
6131,GSTO2,142.7344207763672,16.742536544799805,131
6132,GSTP1,145.96376037597656,15.96894359588623,131
6133,GSTT2,143.7454071044922,16.782684326171875,131
6134,GSTT2B,141.9447021484375,17.410127639770508,189
6135,GSTT4,143.80136108398438,16.948802947998047,131
6136,GSTZ1,139.85581970214844,17.777530670166016,189
6137,GSX1,67.22412872314453,46.25069046020508,261
6138,GSX2,67.36798858642578,45.327877044677734,261
6139,GTDC1,120.85720825195312,16.71164321899414,459
6140,GTF2A1,70.81707000732422,29.92896842956543,275
6141,GTF2A1L,82.10447692871094,28.553255081176758,188
6142,GTF2A2,119.53019714355469,33.938148498535156,316
6143,GTF2B,117.0365219116211,23.888553619384766,372
6144,GTF2E1,111.69090270996094,23.785682678222656,359
6145,GTF2E2,106.28722381591797,25.271081924438477,390
6146,GTF2F1,104.92829132080078,29.645347595214844,382
6147,GTF2F2,109.71128845214844,26.640064239501953,323
6148,GTF2H1,104.80424499511719,20.543354034423828,364
6149,GTF2H2,112.7901382446289,21.419477462768555,358
6150,GTF2H2C,111.60794067382812,21.22648048400879,358
6151,GTF2H3,112.93362426757812,20.51883316040039,358
6152,GTF2H4,113.56343078613281,13.359827041625977,447
6153,GTF2H5,119.19215393066406,31.04721450805664,347
6154,GTF2I,96.186767578125,19.68989372253418,399
6155,GTF2IRD1,96.69182586669922,17.232053756713867,407
6156,GTF2IRD2,91.11454772949219,30.454797744750977,321
6157,GTF2IRD2B,91.00325012207031,30.623374938964844,321
6158,GTF3A,62.45220947265625,30.15786361694336,176
6159,GTF3C1,97.63458251953125,-4.836165904998779,291
6160,GTF3C2,122.03050231933594,47.9954833984375,66
6161,GTF3C3,110.70309448242188,0.03510325774550438,293
6162,GTF3C4,104.44786071777344,13.872647285461426,353
6163,GTF3C5,101.2542724609375,25.13817024230957,443
6164,GTF3C6,118.32024383544922,32.67021942138672,316
6165,GTPBP1,111.73600769042969,16.383602142333984,442
6166,GTPBP10,128.40635681152344,23.043298721313477,327
6167,GTPBP2,113.426025390625,16.183046340942383,448
6168,GTPBP3,123.908935546875,19.469215393066406,466
6169,GTPBP4,114.19438171386719,32.162376403808594,401
6170,GTPBP8,129.61900329589844,29.381755828857422,330
6171,GTSE1,90.00021362304688,26.64498519897461,412
6172,GTSF1,99.64202117919922,32.041324615478516,346
6173,GTSF1L,100.72642517089844,32.153053283691406,346
6174,GUCA1A,53.60121154785156,-3.437572956085205,97
6175,GUCA1B,53.943328857421875,-3.138786792755127,97
6176,GUCA1C,53.58855438232422,-3.4325811862945557,97
6177,GUCA2A,109.04773712158203,54.78520965576172,112
6178,GUCA2B,108.10037231445312,54.469749450683594,112
6179,GUCD1,120.8016357421875,24.785310745239258,465
6180,GUCY1A1,106.98661804199219,10.589004516601562,297
6181,GUCY1B1,107.79640197753906,11.908427238464355,357
6182,GUCY2C,136.92669677734375,65.75175476074219,43
6183,GUCY2D,114.54090118408203,-20.67734146118164,122
6184,GUF1,122.4412612915039,14.470598220825195,455
6185,GUK1,121.23040771484375,24.22784423828125,465
6186,GULP1,97.59698486328125,13.765387535095215,431
6187,GUSB,134.03024291992188,0.38726314902305603,252
6188,GVQW3,95.31692504882812,42.67401885986328,300
6189,GXYLT1,139.39183044433594,1.2041003704071045,239
6190,GXYLT2,140.48123168945312,0.9040441513061523,239
6191,GYG1,122.10919189453125,18.978179931640625,416
6192,GYPA,93.45765686035156,55.81782531738281,147
6193,GYPB,93.86320495605469,55.812767028808594,147
6194,GYPC,99.3850326538086,53.522438049316406,263
6195,GYPE,92.94060516357422,55.77647399902344,147
6196,GYS1,123.50309753417969,11.560815811157227,296
6197,GYS2,124.8991470336914,10.314260482788086,196
6198,GZF1,60.521278381347656,28.710983276367188,176
6199,GZMA,140.31369018554688,-34.153018951416016,61
6200,GZMB,140.33250427246094,-34.18186569213867,61
6201,GZMH,140.25254821777344,-34.0225715637207,61
6202,GZMK,140.3090057373047,-34.12580108642578,61
6203,GZMM,140.27052307128906,-34.06265640258789,61
6204,H6PD,136.83587646484375,0.40898367762565613,240
6205,HAAO,127.9179458618164,20.40650177001953,467
6206,HABP2,137.46890258789062,-25.47468376159668,146
6207,HABP4,74.54617309570312,23.86232566833496,279
6208,HACD1,96.93474578857422,-33.06491470336914,172
6209,HACD2,97.0864028930664,-32.29048538208008,171
6210,HACD3,95.74685668945312,-33.16355895996094,174
6211,HACD4,96.46745300292969,-32.634544372558594,172
6212,HACE1,104.18608856201172,3.455415964126587,309
6213,HACL1,131.9711456298828,18.326122283935547,458
6214,HADH,137.3372344970703,20.438945770263672,387
6215,HADHA,138.09371948242188,21.10189437866211,387
6216,HADHB,137.99923706054688,21.023130416870117,387
6217,HAGH,128.38047790527344,26.619651794433594,330
6218,HAGHL,128.34820556640625,20.303016662597656,450
6219,HAL,135.3018341064453,17.261005401611328,440
6220,HAMP,154.01943969726562,-20.050600051879883,133
6221,HAND1,76.70771789550781,43.677040100097656,266
6222,HAND2,70.12693786621094,44.33110809326172,260
6223,HAO1,134.4461212158203,17.51015853881836,440
6224,HAO2,132.6839141845703,18.083154678344727,440
6225,HAP1,79.33734130859375,11.161020278930664,198
6226,HAPLN1,140.2625732421875,-10.951041221618652,246
6227,HAPLN2,137.93698120117188,-11.220141410827637,241
6228,HAPLN3,138.61474609375,-10.806539535522461,246
6229,HAPLN4,137.2416534423828,-10.194072723388672,241
6230,HARBI1,93.35952758789062,31.625097274780273,321
6231,HARS2,122.46723937988281,15.295256614685059,455
6232,HAS1,110.8072738647461,-26.39552116394043,123
6233,HAS2,109.84759521484375,-27.21794891357422,123
6234,HAS3,110.2054672241211,-27.112899780273438,123
6235,HASPIN,92.38121032714844,23.082904815673828,423
6236,HAT1,115.54183197021484,23.34524154663086,363
6237,HAUS1,107.37823486328125,28.062124252319336,430
6238,HAUS2,108.6349105834961,28.977277755737305,419
6239,HAUS3,106.2357177734375,23.923831939697266,406
6240,HAUS4,105.81376647949219,25.966922760009766,390
6241,HAUS5,107.37158966064453,17.57413673400879,375
6242,HAUS6,91.26349639892578,21.413372039794922,422
6243,HAUS8,92.61833953857422,26.74469757080078,384
6244,HAVCR1,93.84644317626953,64.15034484863281,250
6245,HAVCR2,94.51526641845703,70.12882232666016,258
6246,HAX1,103.70968627929688,27.628337860107422,429
6247,HBA1,48.935218811035156,-9.681224822998047,60
6248,HBA2,48.95933151245117,-9.64637565612793,60
6249,HBB,48.948970794677734,-9.63347053527832,60
6250,HBD,49.04084014892578,-9.553899765014648,60
6251,HBE1,48.93741226196289,-9.63171100616455,60
6252,HBEGF,101.04019927978516,55.580535888671875,253
6253,HBG1,48.94086837768555,-9.657366752624512,60
6254,HBG2,48.92948532104492,-9.6614990234375,60
6255,HBM,48.993202209472656,-9.6056489944458,60
6256,HBP1,87.36863708496094,28.287565231323242,350
6257,HBQ1,48.96178436279297,-9.65388298034668,60
6258,HBS1L,116.30692291259766,15.541476249694824,452
6259,HBZ,48.94872283935547,-9.641414642333984,60
6260,HCAR1,1.9673020839691162,-24.189741134643555,17
6261,HCAR2,2.017343282699585,-24.210634231567383,17
6262,HCAR3,2.335603713989258,-24.165401458740234,17
6263,HCFC1R1,99.55547332763672,36.087799072265625,341
6264,HCFC2,113.5738296508789,12.800479888916016,447
6265,HCK,132.9604949951172,73.9525146484375,67
6266,HCLS1,92.5459213256836,19.0311279296875,422
6267,HCN1,108.7303237915039,-22.95346450805664,144
6268,HCN2,106.95368957519531,-22.346660614013672,144
6269,HCN3,105.96663665771484,-21.746761322021484,143
6270,HCN4,106.91132354736328,-21.56526756286621,143
6271,HCRT,154.86265563964844,-20.06539535522461,133
6272,HCRTR1,5.925509452819824,-24.16165542602539,17
6273,HCRTR2,6.729983806610107,-22.549659729003906,17
6274,HCST,95.09616088867188,66.02639770507812,250
6275,HDAC1,114.73407745361328,12.069971084594727,389
6276,HDAC10,99.55520629882812,8.193175315856934,413
6277,HDAC11,125.10699462890625,15.056438446044922,314
6278,HDAC2,114.38800048828125,11.27129077911377,389
6279,HDAC3,114.57022857666016,11.580772399902344,389
6280,HDAC4,85.8748550415039,8.07441520690918,201
6281,HDAC5,84.9107666015625,8.539949417114258,201
6282,HDAC7,98.16705322265625,9.420493125915527,413
6283,HDAC9,85.59131622314453,8.071118354797363,201
6284,HDC,134.86358642578125,15.883089065551758,440
6285,HDDC2,126.3724136352539,23.61327362060547,329
6286,HDDC3,126.6133041381836,24.038738250732422,329
6287,HDGF,103.00167846679688,36.32486343383789,332
6288,HDGFL1,98.40493774414062,36.289920806884766,341
6289,HDGFL2,92.85599517822266,27.482892990112305,384
6290,HDHD2,125.9840087890625,20.15303611755371,467
6291,HDHD3,126.26234436035156,19.334819793701172,467
6292,HDHD5,122.94441223144531,19.302303314208984,416
6293,HDLBP,116.00961303710938,11.365193367004395,389
6294,HEATR1,99.31334686279297,-3.660466432571411,291
6295,HEATR3,106.59217834472656,3.8445072174072266,310
6296,HEATR4,89.81556701660156,36.60064697265625,331
6297,HEATR5A,99.28836822509766,-3.4616663455963135,291
6298,HEATR5B,98.399169921875,-4.099051475524902,291
6299,HEATR6,104.54573059082031,2.729762077331543,309
6300,HEATR9,90.17132568359375,37.954830169677734,331
6301,HEBP1,121.48997497558594,26.97645378112793,373
6302,HEBP2,119.3848876953125,27.411251068115234,373
6303,HECA,101.85489654541016,25.0399112701416,443
6304,HECTD1,95.47146606445312,-3.2795393466949463,290
6305,HECTD2,100.10055541992188,7.998478412628174,413
6306,HECTD3,110.53726959228516,7.035213470458984,306
6307,HECW1,94.92283630371094,7.123140335083008,320
6308,HECW2,94.6274642944336,6.93458366394043,320
6309,HEG1,91.68196868896484,54.2936897277832,147
6310,HELB,97.3458480834961,19.445707321166992,404
6311,HELLS,95.661865234375,20.019916534423828,399
6312,HELQ,99.56535339355469,18.34320831298828,402
6313,HELT,76.7141342163086,40.816070556640625,266
6314,HELZ2,99.18685913085938,-4.812299728393555,291
6315,HEMGN,87.62104797363281,39.98455047607422,302
6316,HENMT1,118.71652221679688,19.379180908203125,460
6317,HEPACAM,99.1109619140625,63.49617385864258,273
6318,HEPACAM2,97.65487670898438,66.23002624511719,259
6319,HEPHL1,130.72767639160156,-0.12901531159877777,251
6320,HEPN1,94.38190460205078,46.575408935546875,301
6321,HERC3,107.98588562011719,5.965675354003906,310
6322,HERC4,107.41941833496094,5.330923080444336,310
6323,HERC5,108.66204833984375,6.2215118408203125,310
6324,HERC6,108.65744018554688,5.933633804321289,310
6325,HERPUD1,104.40060424804688,25.006723403930664,433
6326,HERPUD2,103.40655517578125,26.010190963745117,433
6327,HES1,76.95328521728516,41.01142883300781,266
6328,HES2,80.15507507324219,41.66444396972656,266
6329,HES3,79.92379760742188,41.470314025878906,266
6330,HES4,79.1603775024414,42.630252838134766,266
6331,HES5,79.36947631835938,42.73908996582031,266
6332,HES6,80.30998229980469,41.656700134277344,266
6333,HES7,79.65203857421875,41.71579360961914,266
6334,HESX1,69.4183349609375,47.38726806640625,261
6335,HEXA,133.65354919433594,-0.12726633250713348,252
6336,HEXB,133.98793029785156,-0.708724856376648,252
6337,HEXD,123.02787780761719,16.140995025634766,420
6338,HEXIM1,95.98690795898438,33.788421630859375,338
6339,HEXIM2,96.68862915039062,35.51995086669922,338
6340,HEY1,76.34088134765625,41.132564544677734,266
6341,HEY2,76.02919006347656,40.54252624511719,266
6342,HEYL,78.42420959472656,41.26028060913086,266
6343,HFE,83.34359741210938,96.36500549316406,34
6344,HFM1,97.1151351928711,18.02765655517578,407
6345,HGD,133.16856384277344,14.714300155639648,440
6346,HGF,136.53167724609375,-22.878795623779297,146
6347,HGFAC,136.99537658691406,-24.33518409729004,146
6348,HGH1,110.25299835205078,10.165749549865723,386
6349,HGS,78.6717529296875,25.907638549804688,281
6350,HGSNAT,100.56741333007812,-29.70435905456543,156
6351,HHAT,100.18424224853516,-30.543001174926758,156
6352,HHATL,98.43193054199219,-31.19053077697754,171
6353,HHEX,67.98284149169922,47.089256286621094,261
6354,HHIP,134.6876220703125,-19.59709358215332,236
6355,HHIPL1,132.71409606933594,-8.430906295776367,224
6356,HHIPL2,131.31370544433594,-5.639934539794922,224
6357,HHLA1,92.22407531738281,52.7552375793457,147
6358,HHLA2,97.33793640136719,67.74291229248047,259
6359,HIBADH,136.6213836669922,21.288677215576172,387
6360,HIBCH,135.74075317382812,21.091842651367188,387
6361,HIC1,60.99647903442383,30.76972198486328,176
6362,HIC2,60.02021026611328,29.38850212097168,176
6363,HID1,101.88243865966797,6.264898300170898,297
6364,HIF1A,82.09266662597656,27.215164184570312,188
6365,HIF3A,91.36288452148438,10.27958869934082,379
6366,HIGD1A,136.11184692382812,38.83026885986328,271
6367,HIGD1B,136.1734161376953,38.93152618408203,271
6368,HIGD1C,136.1786651611328,38.794734954833984,271
6369,HIGD2A,135.51556396484375,38.75872802734375,271
6370,HIGD2B,135.97421264648438,38.9811897277832,271
6371,HIKESHI,118.70026397705078,25.608577728271484,372
6372,HILPDA,96.77059936523438,46.41734313964844,245
6373,HINFP,60.159751892089844,28.667835235595703,176
6374,HINT1,125.1853256225586,32.75318908691406,192
6375,HINT2,129.65818786621094,30.584701538085938,330
6376,HINT3,113.29449462890625,23.61454200744629,362
6377,HIP1,91.35704040527344,9.053531646728516,380
6378,HIP1R,90.77056121826172,8.475043296813965,380
6379,HIPK1,75.39388275146484,26.997447967529297,281
6380,HIPK3,75.76739501953125,26.179170608520508,281
6381,HIPK4,126.82723236083984,76.65927124023438,68
6382,HIRA,122.72572326660156,49.285072326660156,66
6383,HIRIP3,92.43926239013672,26.281814575195312,384
6384,HIVEP1,78.27220916748047,21.656705856323242,281
6385,HIVEP2,78.68707275390625,20.922164916992188,281
6386,HJURP,89.22177124023438,25.282302856445312,412
6387,HJV,133.42774963378906,-9.76620101928711,224
6388,HK1,135.83544921875,17.67660903930664,440
6389,HK2,135.57086181640625,17.654321670532227,440
6390,HK3,134.9258575439453,17.366764068603516,440
6391,HKDC1,134.6891326904297,16.767414093017578,440
6392,HLA-A,82.61731719970703,97.24901580810547,35
6393,HLA-B,82.61695861816406,97.25372314453125,35
6394,HLA-C,82.66839599609375,97.1940689086914,35
6395,HLA-DMA,82.77592468261719,97.09720611572266,35
6396,HLA-DMB,82.7706298828125,97.11418151855469,35
6397,HLA-DOA,82.8258056640625,97.07108306884766,35
6398,HLA-DOB,82.5459976196289,97.31212615966797,35
6399,HLA-DPA1,82.71092224121094,97.18253326416016,35
6400,HLA-DPB1,82.71914672851562,97.18620300292969,35
6401,HLA-DQA1,82.69468688964844,97.20917510986328,35
6402,HLA-DQA2,82.7177963256836,97.18534851074219,35
6403,HLA-DQB1,82.69554901123047,97.2076187133789,35
6404,HLA-DQB2,82.92931365966797,96.98139953613281,35
6405,HLA-DRA,82.7273178100586,97.1787109375,35
6406,HLA-DRB1,82.67079162597656,97.23680114746094,35
6407,HLA-DRB5,82.6040267944336,97.30658721923828,35
6408,HLA-E,82.6148910522461,97.25459289550781,35
6409,HLA-F,82.63069152832031,97.2442626953125,35
6410,HLA-G,82.61805725097656,97.2578125,35
6411,HLCS,99.49415588378906,13.147872924804688,427
6412,HLF,78.9937744140625,37.30108642578125,264
6413,HLTF,97.56697845458984,17.19608497619629,407
6414,HLX,66.44084167480469,45.340877532958984,261
6415,HM13,96.7796630859375,-30.716644287109375,167
6416,HMBOX1,81.21710968017578,29.405134201049805,188
6417,HMBS,128.22003173828125,18.741437911987305,450
6418,HMCES,124.25164794921875,20.74430274963379,469
6419,HMG20A,103.87362670898438,27.463912963867188,429
6420,HMG20B,105.29740142822266,28.610149383544922,430
6421,HMGA1,104.9549789428711,39.76133346557617,199
6422,HMGA2,104.95738983154297,39.77034378051758,199
6423,HMGB1,106.92707061767578,37.58252716064453,284
6424,HMGB2,106.81739807128906,37.8766975402832,284
6425,HMGB4,97.44526672363281,35.87257385253906,338
6426,HMGCL,131.61924743652344,19.18035316467285,458
6427,HMGCLL1,129.92117309570312,20.598358154296875,450
6428,HMGCR,136.84591674804688,16.70679473876953,440
6429,HMGCS1,133.22108459472656,16.363094329833984,440
6430,HMGCS2,136.55911254882812,18.079938888549805,440
6431,HMGN1,105.65817260742188,39.937904357910156,199
6432,HMGN2,105.9286880493164,40.277549743652344,199
6433,HMGN3,105.9367446899414,40.0958251953125,199
6434,HMGN4,104.67578125,40.15085220336914,199
6435,HMGXB3,97.10091400146484,18.590129852294922,407
6436,HMGXB4,89.22731018066406,25.03748321533203,412
6437,HMHB1,96.23432159423828,44.230735778808594,300
6438,HMMR,74.60993194580078,3.0911831855773926,232
6439,HMOX1,114.95498657226562,15.7628812789917,448
6440,HMOX2,118.49198913574219,14.443717956542969,383
6441,HMSD,96.1539077758789,45.164710998535156,300
6442,HMX1,68.1850814819336,47.01741027832031,261
6443,HMX2,67.818115234375,47.47545623779297,261
6444,HMX3,68.61737060546875,47.16779327392578,261
6445,HNF1A,74.52543640136719,31.08791732788086,274
6446,HNF1B,73.95442199707031,32.84430694580078,274
6447,HNF4A,57.233768463134766,38.67781448364258,86
6448,HNF4G,57.479759216308594,38.40633773803711,86
6449,HNMT,123.25843811035156,20.895328521728516,470
6450,HNRNPA0,68.6253662109375,22.76738929748535,278
6451,HNRNPA1,68.71552276611328,22.792760848999023,278
6452,HNRNPA1L2,68.74016571044922,22.915096282958984,278
6453,HNRNPA2B1,68.7827377319336,22.724262237548828,278
6454,HNRNPA3,68.85030364990234,22.665592193603516,278
6455,HNRNPAB,69.06443786621094,22.593273162841797,278
6456,HNRNPC,67.8069076538086,20.62026023864746,173
6457,HNRNPCL1,67.38819885253906,20.274879455566406,173
6458,HNRNPCL2,67.30908966064453,20.381919860839844,173
6459,HNRNPCL3,67.58390045166016,20.626008987426758,173
6460,HNRNPCL4,67.77330780029297,20.460594177246094,173
6461,HNRNPD,69.35498809814453,22.884201049804688,278
6462,HNRNPDL,69.3381576538086,23.00848388671875,278
6463,HNRNPF,69.3568344116211,23.38209342956543,278
6464,HNRNPH1,69.10514068603516,22.94742202758789,278
6465,HNRNPH3,68.83161926269531,22.71795082092285,278
6466,HNRNPK,69.4348373413086,22.82146453857422,278
6467,HNRNPL,70.5625228881836,24.88677978515625,278
6468,HNRNPLL,71.24478149414062,26.59086036682129,276
6469,HNRNPM,70.58165740966797,23.638225555419922,278
6470,HNRNPR,69.58502960205078,22.69259262084961,278
6471,HNRNPU,70.06017303466797,23.01898956298828,278
6472,HNRNPUL1,70.28014373779297,22.773630142211914,278
6473,HNRNPUL2,70.41864013671875,22.739032745361328,278
6474,HOGA1,131.906494140625,18.642669677734375,458
6475,HOMER1,80.47761535644531,5.844101905822754,227
6476,HOMER2,80.76148223876953,6.266237258911133,227
6477,HOMER3,80.70435333251953,6.71051549911499,227
6478,HOMEZ,86.52165222167969,31.989076614379883,317
6479,HOOK1,78.25750732421875,3.653759479522705,210
6480,HOOK2,77.98580932617188,6.271563529968262,225
6481,HOPX,112.75577545166016,28.56990623474121,388
6482,HORMAD1,105.76353454589844,23.8231201171875,406
6483,HORMAD2,106.32701110839844,22.336795806884766,406
6484,HOXA1,67.83126068115234,44.14128112792969,261
6485,HOXA10,66.75862884521484,46.243263244628906,261
6486,HOXA11,66.62882995605469,46.49253463745117,261
6487,HOXA13,67.87007141113281,44.49913024902344,261
6488,HOXA2,67.77928161621094,46.80699920654297,261
6489,HOXA3,66.59439849853516,46.61383056640625,261
6490,HOXA4,66.51750946044922,46.731266021728516,261
6491,HOXA5,65.94469451904297,47.031864166259766,261
6492,HOXA6,65.68496704101562,47.22916030883789,261
6493,HOXA7,65.6412353515625,47.131935119628906,261
6494,HOXA9,66.0282974243164,46.897430419921875,261
6495,HOXB1,67.03327941894531,46.045372009277344,261
6496,HOXB13,66.71893310546875,46.17076110839844,261
6497,HOXB2,66.99410247802734,47.16253662109375,261
6498,HOXB3,66.7395248413086,46.267616271972656,261
6499,HOXB4,66.56568145751953,46.78413772583008,261
6500,HOXB5,65.37757110595703,47.57542037963867,261
6501,HOXB6,65.13603973388672,47.50774383544922,261
6502,HOXB7,65.6003646850586,47.38319778442383,261
6503,HOXB8,65.54383087158203,47.506412506103516,261
6504,HOXB9,65.05433654785156,47.6041259765625,261
6505,HOXC10,65.96884155273438,47.17544937133789,261
6506,HOXC11,66.5907974243164,46.46337890625,261
6507,HOXC12,66.99436950683594,46.30168151855469,261
6508,HOXC13,66.98167419433594,45.83061218261719,261
6509,HOXC4,66.27543640136719,46.99638748168945,261
6510,HOXC5,65.93604278564453,47.63591003417969,261
6511,HOXC6,65.30390930175781,47.73528289794922,261
6512,HOXC8,65.62277221679688,47.47002410888672,261
6513,HOXC9,65.42765808105469,47.459320068359375,261
6514,HOXD1,66.79913330078125,46.39472198486328,261
6515,HOXD10,66.30908966064453,46.8604621887207,261
6516,HOXD11,66.46150970458984,45.91148376464844,261
6517,HOXD12,66.99691009521484,45.45479202270508,261
6518,HOXD13,68.64109802246094,43.886993408203125,260
6519,HOXD3,66.79271697998047,46.68987274169922,261
6520,HOXD4,66.38715362548828,46.796417236328125,261
6521,HOXD8,66.5120620727539,46.06050109863281,261
6522,HOXD9,67.18717956542969,46.01514434814453,261
6523,HP,137.5532684326172,-25.38516616821289,146
6524,HP1BP3,104.85640716552734,36.783226013183594,284
6525,HPCA,53.589683532714844,-3.4806461334228516,97
6526,HPCAL1,53.54197692871094,-3.4933245182037354,97
6527,HPCAL4,53.881412506103516,-3.748164176940918,97
6528,HPD,134.1381378173828,15.812100410461426,440
6529,HPDL,120.7430648803711,20.714561462402344,446
6530,HPF1,109.53982543945312,24.30553436279297,359
6531,HPGD,135.32247924804688,12.93372917175293,282
6532,HPGDS,145.6468505859375,16.169275283813477,131
6533,HPN,137.4226531982422,-26.455976486206055,146
6534,HPR,137.8058624267578,-26.1158390045166,146
6535,HPS1,105.11566162109375,12.622676849365234,352
6536,HPS3,106.46455383300781,1.1850991249084473,311
6537,HPS4,91.22566986083984,13.418697357177734,356
6538,HPS5,107.03982543945312,1.7205665111541748,311
6539,HPS6,110.78782653808594,6.890647888183594,306
6540,HPSE,133.9998321533203,-1.4132046699523926,252
6541,HPSE2,132.025390625,-7.380549907684326,224
6542,HPX,136.193359375,-10.159987449645996,241
6543,HR,88.758056640625,23.389923095703125,411
6544,HRAS,75.96208190917969,-70.42826843261719,96
6545,HRC,89.18907928466797,43.3199348449707,303
6546,HRCT1,96.51954650878906,44.81891632080078,300
6547,HRG,138.52224731445312,-11.65800666809082,246
6548,HRH1,7.106191635131836,-22.11190414428711,17
6549,HRH2,5.989241123199463,-23.376544952392578,17
6550,HRH3,7.361274719238281,-22.346519470214844,17
6551,HRH4,5.531999588012695,-22.398563385009766,17
6552,HRK,96.98951721191406,39.1688232421875,341
6553,HRNR,85.73341369628906,41.80839538574219,305
6554,HS1BP3,99.32925415039062,21.40904998779297,403
6555,HS2ST1,142.28941345214844,0.8013577461242676,239
6556,HS3ST1,142.7926483154297,0.9909182190895081,239
6557,HS3ST2,142.42515563964844,0.8670257329940796,239
6558,HS3ST3A1,142.2974853515625,0.7850633859634399,239
6559,HS3ST3B1,142.69131469726562,1.0011807680130005,239
6560,HS3ST4,142.50279235839844,0.6500034332275391,239
6561,HS3ST5,142.6033477783203,0.8012622594833374,239
6562,HS3ST6,141.82080078125,0.30832982063293457,239
6563,HS6ST1,142.15162658691406,0.8322595357894897,239
6564,HS6ST3,143.03656005859375,1.6311557292938232,239
6565,HSBP1,117.74430847167969,35.779449462890625,195
6566,HSBP1L1,111.57830047607422,37.61016082763672,284
6567,HSCB,128.88572692871094,28.856830596923828,330
6568,HSD11B1,136.24835205078125,11.327361106872559,282
6569,HSD11B1L,132.5374755859375,12.742985725402832,282
6570,HSD11B2,132.52032470703125,11.344518661499023,282
6571,HSD17B1,134.10565185546875,12.370759963989258,282
6572,HSD17B11,135.66238403320312,11.620031356811523,282
6573,HSD17B12,133.90383911132812,11.602090835571289,282
6574,HSD17B13,135.07330322265625,11.664227485656738,282
6575,HSD17B14,135.88473510742188,15.767765998840332,440
6576,HSD17B2,134.3582000732422,11.026863098144531,282
6577,HSD17B3,135.47787475585938,11.436334609985352,282
6578,HSD17B4,137.67422485351562,18.371749877929688,387
6579,HSD17B6,135.40016174316406,11.348776817321777,282
6580,HSD17B7,134.06878662109375,11.831380844116211,282
6581,HSD17B8,136.30380249023438,16.234472274780273,440
6582,HSD3B1,134.7490234375,10.22971248626709,282
6583,HSD3B2,135.38278198242188,10.127847671508789,282
6584,HSD3B7,132.1309814453125,12.586137771606445,282
6585,HSDL1,133.9515838623047,11.911896705627441,282
6586,HSDL2,137.27186584472656,17.739036560058594,387
6587,HSF1,88.9009780883789,27.83626365661621,350
6588,HSF2,99.55077362060547,24.660892486572266,439
6589,HSF2BP,107.25261688232422,19.40682601928711,395
6590,HSF4,91.90123748779297,34.589454650878906,336
6591,HSF5,79.29236602783203,31.11284065246582,277
6592,HSH2D,97.70233917236328,16.95372772216797,407
6593,HSP90AA1,144.93341064453125,24.74011993408203,103
6594,HSP90AB1,145.1118621826172,24.840219497680664,103
6595,HSP90B1,127.23674011230469,1.460782527923584,233
6596,HSPA12A,118.43352508544922,8.44316291809082,207
6597,HSPA12B,116.59636688232422,7.718430519104004,214
6598,HSPA13,124.65496826171875,3.4047534465789795,200
6599,HSPA14,120.57616424560547,13.622101783752441,455
6600,HSPA1A,145.46266174316406,24.883813858032227,103
6601,HSPA1B,145.53045654296875,24.933605194091797,103
6602,HSPA1L,145.43728637695312,24.849151611328125,103
6603,HSPA2,145.66830444335938,24.9571533203125,103
6604,HSPA4,121.01441192626953,11.130509376525879,296
6605,HSPA4L,119.94060516357422,11.487184524536133,296
6606,HSPA5,144.28839111328125,24.604839324951172,103
6607,HSPA6,145.40371704101562,24.85506820678711,103
6608,HSPA8,145.47833251953125,25.03951644897461,103
6609,HSPA9,139.35952758789062,23.21622657775879,387
6610,HSPB1,90.04373168945312,35.08827209472656,336
6611,HSPB11,119.59669494628906,33.31870651245117,316
6612,HSPB2,90.38340759277344,35.35126495361328,336
6613,HSPB3,91.0764389038086,35.6506233215332,336
6614,HSPB6,90.53604125976562,35.133182525634766,336
6615,HSPB7,90.45403289794922,34.827369689941406,336
6616,HSPB8,90.21711730957031,34.90840148925781,336
6617,HSPB9,95.9799575805664,37.9538688659668,340
6618,HSPBAP1,119.51483917236328,18.200653076171875,460
6619,HSPBP1,109.65912628173828,10.208431243896484,386
6620,HSPD1,142.66546630859375,25.504884719848633,102
6621,HSPE1,124.8220443725586,33.750579833984375,192
6622,HSPH1,121.34231567382812,10.958015441894531,296
6623,HTATIP2,125.7835464477539,21.276145935058594,468
6624,HTD2,126.97811126708984,25.76817512512207,329
6625,HTN1,89.32201385498047,51.636688232421875,139
6626,HTN3,89.4825668334961,51.6514778137207,139
6627,HTR1A,6.7597126960754395,-22.301815032958984,17
6628,HTR1B,6.444739818572998,-22.125457763671875,17
6629,HTR1D,6.284525394439697,-22.327396392822266,17
6630,HTR1E,6.374544143676758,-22.26504898071289,17
6631,HTR1F,6.309351921081543,-22.0865535736084,17
6632,HTR2A,5.571532726287842,-23.560836791992188,17
6633,HTR2B,6.388118267059326,-22.327184677124023,17
6634,HTR3A,178.88018798828125,-48.1274528503418,58
6635,HTR3B,178.8787841796875,-48.11238098144531,58
6636,HTR3C,178.90785217285156,-48.105506896972656,58
6637,HTR3D,178.8916473388672,-48.118621826171875,58
6638,HTR3E,178.87892150878906,-48.133792877197266,58
6639,HTR4,5.942144870758057,-23.420019149780273,17
6640,HTR5A,5.3028244972229,-22.718650817871094,17
6641,HTR6,6.748500823974609,-23.950693130493164,17
6642,HTR7,6.384946823120117,-22.999195098876953,17
6643,HTRA1,135.55322265625,-11.938455581665039,241
6644,HTRA2,134.4148712158203,-7.4616312980651855,235
6645,HTRA3,134.57730102539062,-9.712267875671387,224
6646,HTRA4,134.84799194335938,-10.000771522521973,224
6647,HUNK,126.52434539794922,75.56322479248047,68
6648,HUS1,114.7746353149414,25.031627655029297,361
6649,HUS1B,114.67500305175781,24.886795043945312,361
6650,HVCN1,102.56310272216797,-27.22903823852539,156
6651,HYAL1,137.00161743164062,0.7846227288246155,240
6652,HYAL2,139.07278442382812,0.6302504539489746,239
6653,HYAL3,138.16598510742188,0.7374752759933472,240
6654,HYAL4,137.65969848632812,0.5681576728820801,240
6655,HYI,129.05447387695312,20.337440490722656,450
6656,HYKK,124.6635513305664,20.05706024169922,469
6657,HYLS1,92.85790252685547,38.1446533203125,342
6658,HYOU1,121.72966766357422,8.163095474243164,296
6659,HYPK,108.71339416503906,32.823543548583984,425
6660,IAH1,125.07930755615234,21.612594604492188,468
6661,IAPP,154.93109130859375,-20.223939895629883,133
6662,IARS2,125.01412963867188,13.682862281799316,314
6663,IBA57,121.71589660644531,23.15652084350586,465
6664,IBSP,88.5682601928711,44.44965744018555,303
6665,IBTK,104.65290069580078,1.9423222541809082,313
6666,ICA1,94.40216827392578,10.263517379760742,435
6667,ICA1L,94.38539123535156,9.614665985107422,392
6668,ICAM1,98.84467315673828,68.07073974609375,255
6669,ICAM2,98.76565551757812,66.06262969970703,259
6670,ICAM3,99.14990234375,67.57042694091797,255
6671,ICAM4,99.0980453491211,65.34819030761719,272
6672,ICAM5,99.48655700683594,68.54437255859375,255
6673,ICE1,83.59141540527344,18.241241455078125,318
6674,ICE2,91.76173400878906,20.299699783325195,422
6675,ICMT,95.568359375,-31.509044647216797,166
6676,ICOS,96.52732849121094,67.34244537353516,259
6677,ICOSLG,97.31956481933594,66.71634674072266,259
6678,ID1,79.22308349609375,42.818084716796875,266
6679,ID2,79.50785064697266,43.23814392089844,266
6680,ID3,79.76292419433594,42.890602111816406,266
6681,ID4,79.07219696044922,42.85100555419922,266
6682,IDE,119.04264831542969,7.294763565063477,207
6683,IDH1,137.24673461914062,19.86174774169922,387
6684,IDH2,137.65518188476562,21.472434997558594,387
6685,IDH3A,137.32322692871094,20.398521423339844,387
6686,IDH3B,136.96011352539062,22.30710220336914,387
6687,IDI1,122.75306701660156,23.410037994384766,465
6688,IDI2,122.54092407226562,26.249897003173828,465
6689,IDNK,125.08902740478516,22.435279846191406,468
6690,IDO1,128.50128173828125,15.167913436889648,314
6691,IDO2,129.01239013671875,16.538158416748047,453
6692,IDUA,136.1055145263672,-0.29995885491371155,240
6693,IER2,86.46813201904297,36.675048828125,287
6694,IER3,93.45783996582031,39.32722473144531,342
6695,IER3IP1,91.97879791259766,-26.842870712280273,158
6696,IER5,87.26952362060547,35.899959564208984,286
6697,IER5L,79.92939758300781,38.71384811401367,264
6698,IFFO1,205.76663208007812,25.61112403869629,20
6699,IFFO2,206.16712951660156,25.371536254882812,20
6700,IFI16,109.8316650390625,11.014131546020508,386
6701,IFI27,121.72723388671875,2.8842031955718994,157
6702,IFI27L1,122.00163269042969,3.0948233604431152,157
6703,IFI27L2,121.89533233642578,3.0187301635742188,157
6704,IFI30,131.94143676757812,-0.13254378736019135,252
6705,IFI35,116.13375854492188,18.005611419677734,461
6706,IFI44,115.55115509033203,4.780841827392578,213
6707,IFI44L,115.561279296875,4.505292892456055,213
6708,IFI6,121.73616027832031,3.032026529312134,157
6709,IFIH1,115.19268035888672,3.518172264099121,213
6710,IFIT1,112.73196411132812,1.987022042274475,293
6711,IFIT1B,112.9959716796875,1.981236219406128,293
6712,IFIT2,113.10893249511719,2.1567299365997314,293
6713,IFIT3,113.78287506103516,2.2260630130767822,293
6714,IFIT5,112.94044494628906,1.9167696237564087,293
6715,IFITM1,100.29898071289062,49.173397064208984,263
6716,IFITM10,101.49433135986328,43.570743560791016,294
6717,IFITM2,100.71257781982422,48.00587463378906,263
6718,IFITM3,100.31230163574219,47.462799072265625,263
6719,IFITM5,97.43201446533203,-29.587997436523438,167
6720,IFNA1,112.97026062011719,61.33753204345703,117
6721,IFNA10,113.04238891601562,61.44060134887695,117
6722,IFNA13,113.1119613647461,61.488006591796875,117
6723,IFNA14,113.17938232421875,61.481895446777344,117
6724,IFNA16,113.02850341796875,61.46376037597656,117
6725,IFNA17,112.67817687988281,61.123931884765625,117
6726,IFNA2,112.91567993164062,61.16856002807617,117
6727,IFNA21,113.10798645019531,61.58667755126953,117
6728,IFNA4,112.96062469482422,61.40489196777344,117
6729,IFNA5,113.31755828857422,61.62059783935547,117
6730,IFNA6,112.7981185913086,61.25754928588867,117
6731,IFNA7,113.23678588867188,61.645423889160156,117
6732,IFNA8,113.01866149902344,61.49181365966797,117
6733,IFNAR1,101.88821411132812,65.89007568359375,270
6734,IFNAR2,101.39800262451172,65.03778076171875,269
6735,IFNB1,113.15489959716797,61.595645904541016,117
6736,IFNE,113.05774688720703,61.515296936035156,117
6737,IFNG,112.12213134765625,60.46985626220703,117
6738,IFNGR1,101.84276580810547,65.40052032470703,270
6739,IFNGR2,101.01622009277344,65.51126098632812,269
6740,IFNK,112.97908020019531,61.399478912353516,117
6741,IFNL1,111.5300064086914,59.118045806884766,116
6742,IFNL2,112.13064575195312,60.14116287231445,116
6743,IFNL3,111.93436431884766,59.95060348510742,116
6744,IFNL4,111.9544906616211,58.756568908691406,116
6745,IFNLR1,101.03947448730469,64.29647827148438,269
6746,IFNW1,113.06466674804688,61.4356689453125,117
6747,IFRD1,110.28752136230469,10.213316917419434,386
6748,IFRD2,110.64582824707031,10.958328247070312,386
6749,IFT122,109.29436492919922,-1.4851857423782349,293
6750,IFT140,109.0753173828125,-1.195376992225647,293
6751,IFT172,108.67701721191406,-1.424813151359558,293
6752,IFT20,110.96366119384766,32.992713928222656,391
6753,IFT22,76.98861694335938,-69.3255844116211,84
6754,IFT27,76.873291015625,-69.54438781738281,84
6755,IFT43,102.56280517578125,31.984861373901367,382
6756,IFT46,109.92864990234375,21.02022933959961,358
6757,IFT52,115.00741577148438,14.502264022827148,448
6758,IFT57,79.14388275146484,8.401731491088867,227
6759,IFT74,77.0079345703125,7.718457221984863,215
6760,IFT80,109.3650894165039,0.6055455803871155,293
6761,IFT81,75.62523651123047,7.949110984802246,215
6762,IFT88,110.73188781738281,-0.2635703682899475,293
6763,IGDCC3,123.39636993408203,-14.547480583190918,219
6764,IGDCC4,123.76161193847656,-15.125436782836914,219
6765,IGF1,146.075439453125,-16.30559730529785,206
6766,IGF1R,137.3245391845703,66.99185943603516,43
6767,IGF2,146.6005859375,-17.364221572875977,206
6768,IGF2BP1,70.76884460449219,27.745342254638672,276
6769,IGF2BP2,70.89183807373047,27.395246505737305,276
6770,IGF2BP3,70.73829650878906,27.772430419921875,276
6771,IGFALS,156.41522216796875,46.735191345214844,105
6772,IGFBP1,140.82211303710938,-17.04325294494629,248
6773,IGFBP2,139.54611206054688,-17.123741149902344,248
6774,IGFBP3,140.0943603515625,-17.391008377075195,248
6775,IGFBP4,139.8588104248047,-17.098155975341797,248
6776,IGFBP5,140.8598175048828,-16.56610870361328,248
6777,IGFBP6,140.42967224121094,-17.40334701538086,248
6778,IGFBP7,138.41737365722656,-16.619678497314453,230
6779,IGFBPL1,137.55580139160156,-16.25689125061035,230
6780,IGFL1,144.46615600585938,-19.573684692382812,221
6781,IGFL2,143.81399536132812,-19.15306854248047,221
6782,IGFL3,144.42970275878906,-19.043691635131836,221
6783,IGFL4,143.49656677246094,-19.458406448364258,221
6784,IGFLR1,100.53386688232422,57.79723358154297,253
6785,IGFN1,113.38552856445312,-13.456174850463867,85
6786,IGHA1,91.64842987060547,105.24234771728516,33
6787,IGHA2,91.65061950683594,105.21420288085938,33
6788,IGHD,91.65320587158203,105.17174530029297,33
6789,IGHD1-1,42.35541534423828,-126.64356231689453,15
6790,IGHE,91.6453857421875,105.22610473632812,33
6791,IGHG1,91.64786529541016,105.23461151123047,33
6792,IGHG2,91.6431884765625,105.24522399902344,33
6793,IGHG3,91.64325714111328,105.2397689819336,33
6794,IGHG4,91.64896392822266,105.24578094482422,33
6795,IGHJ1,42.52029800415039,-126.47254943847656,15
6796,IGHM,91.6492919921875,105.22512817382812,33
6797,IGHMBP2,112.2359390258789,16.74502944946289,405
6798,IGHV1-18,90.41543579101562,139.86367797851562,21
6799,IGHV1-2,90.68608093261719,139.7740478515625,21
6800,IGHV1-24,90.72000122070312,139.794677734375,21
6801,IGHV1-3,90.13615417480469,139.97357177734375,21
6802,IGHV1-45,90.66108703613281,139.8126678466797,21
6803,IGHV1-46,90.41299438476562,139.88302612304688,21
6804,IGHV1-58,90.38076782226562,139.89794921875,21
6805,IGHV1-69,90.61186981201172,139.82095336914062,21
6806,IGHV1-69-2,90.57976531982422,139.83847045898438,21
6807,IGHV1-69D,90.33847045898438,139.91087341308594,21
6808,IGHV2-26,92.3417739868164,139.41737365722656,21
6809,IGHV2-5,92.04472351074219,139.47451782226562,21
6810,IGHV2-70,93.61308288574219,139.24513244628906,21
6811,IGHV2-70D,93.33702087402344,139.32737731933594,21
6812,IGHV3-11,87.80622100830078,141.10736083984375,22
6813,IGHV3-13,87.76310729980469,141.12020874023438,22
6814,IGHV3-15,87.78939056396484,141.09458923339844,22
6815,IGHV3-16,89.41349029541016,140.24948120117188,21
6816,IGHV3-20,87.85061645507812,141.08140563964844,22
6817,IGHV3-21,87.86131286621094,141.08743286132812,22
6818,IGHV3-23,87.84292602539062,141.0716552734375,22
6819,IGHV3-30,87.80162048339844,141.1060791015625,22
6820,IGHV3-33,87.79046630859375,141.11605834960938,22
6821,IGHV3-35,88.73518371582031,140.5953826904297,22
6822,IGHV3-38,89.01508331298828,140.49151611328125,22
6823,IGHV3-43,87.7578353881836,141.13455200195312,22
6824,IGHV3-48,87.76614379882812,141.13450622558594,22
6825,IGHV3-49,87.77472686767578,141.10682678222656,22
6826,IGHV3-53,87.66319274902344,141.18048095703125,22
6827,IGHV3-64,87.85218048095703,141.0672149658203,22
6828,IGHV3-64D,87.70539855957031,141.1955108642578,22
6829,IGHV3-66,87.73165893554688,141.1276092529297,22
6830,IGHV3-7,87.73639678955078,141.1344757080078,22
6831,IGHV3-72,88.08673858642578,140.95050048828125,22
6832,IGHV3-73,87.88258361816406,141.05682373046875,22
6833,IGHV3-74,88.43623352050781,140.70913696289062,22
6834,IGHV4-28,91.74989318847656,139.2761993408203,21
6835,IGHV4-31,91.51589965820312,139.45904541015625,21
6836,IGHV4-34,91.54348754882812,139.49354553222656,21
6837,IGHV4-39,91.54269409179688,139.46153259277344,21
6838,IGHV4-4,91.0641098022461,139.75927734375,21
6839,IGHV4-59,91.12743377685547,139.5989532470703,21
6840,IGHV4-61,91.3185806274414,139.51248168945312,21
6841,IGHV5-10-1,90.74947357177734,139.7574005126953,21
6842,IGHV5-51,90.5531234741211,139.8129119873047,21
6843,IGHV6-1,92.08305358886719,139.48843383789062,21
6844,IGHV7-4-1,90.37287902832031,139.8397674560547,21
6845,IGHV7-81,90.41078186035156,140.1317138671875,21
6846,IGIP,95.30464935302734,46.02724075317383,301
6847,IGKC,91.64898681640625,105.23173522949219,33
6848,IGKJ1,42.366458892822266,-126.62252807617188,15
6849,IGKV1-12,98.1878662109375,137.8646240234375,23
6850,IGKV1-16,98.15959930419922,137.89950561523438,23
6851,IGKV1-17,98.11951446533203,137.93948364257812,23
6852,IGKV1-27,98.1688232421875,137.89170837402344,23
6853,IGKV1-33,98.1059341430664,137.9709014892578,23
6854,IGKV1-37,97.87187194824219,138.187744140625,23
6855,IGKV1-39,97.98536682128906,138.09457397460938,23
6856,IGKV1-5,97.79297637939453,138.21267700195312,23
6857,IGKV1-6,98.09434509277344,137.9799346923828,23
6858,IGKV1-8,98.29532623291016,137.80091857910156,23
6859,IGKV1-9,98.24948120117188,137.822998046875,23
6860,IGKV1D-12,97.84369659423828,138.23106384277344,23
6861,IGKV1D-13,98.132080078125,137.94476318359375,23
6862,IGKV1D-16,98.130859375,138.0518798828125,23
6863,IGKV1D-17,98.11688232421875,137.9792938232422,23
6864,IGKV1D-33,98.06659698486328,137.9568328857422,23
6865,IGKV1D-37,98.05009460449219,138.03489685058594,23
6866,IGKV1D-39,98.212158203125,137.7440185546875,23
6867,IGKV1D-42,97.43806457519531,138.61813354492188,38
6868,IGKV1D-43,97.5473861694336,138.58119201660156,38
6869,IGKV1D-8,98.02336120605469,138.103759765625,23
6870,IGKV2-24,97.5777587890625,138.48634338378906,38
6871,IGKV2-28,97.13206481933594,138.95069885253906,38
6872,IGKV2-30,97.9332275390625,138.09872436523438,23
6873,IGKV2-40,96.93722534179688,138.9394989013672,38
6874,IGKV2D-24,97.42084503173828,138.61741638183594,38
6875,IGKV2D-26,97.07923126220703,139.01687622070312,38
6876,IGKV2D-28,97.31619262695312,138.7073516845703,38
6877,IGKV2D-29,97.3109130859375,138.71607971191406,38
6878,IGKV2D-30,97.53355407714844,138.59193420410156,38
6879,IGKV2D-40,96.69781494140625,139.2405548095703,39
6880,IGKV3-11,98.04144287109375,138.01504516601562,23
6881,IGKV3-15,98.3503646850586,137.76104736328125,23
6882,IGKV3-20,98.44233703613281,137.6707000732422,23
6883,IGKV3-7,97.8973388671875,138.1858367919922,23
6884,IGKV3D-11,97.8542709350586,138.22186279296875,23
6885,IGKV3D-15,97.46980285644531,138.66294860839844,38
6886,IGKV3D-20,97.81503295898438,138.24862670898438,23
6887,IGKV3D-7,98.61280822753906,137.44139099121094,23
6888,IGKV4-1,96.92648315429688,138.6031494140625,38
6889,IGKV5-2,97.39958190917969,138.70016479492188,38
6890,IGKV6-21,97.24541473388672,138.920166015625,38
6891,IGKV6D-21,97.44343566894531,138.63209533691406,38
6892,IGKV6D-41,97.12561798095703,138.86209106445312,38
6893,IGLC1,91.65690612792969,105.28413391113281,33
6894,IGLC2,91.65096282958984,105.28089904785156,33
6895,IGLC3,91.6514892578125,105.26423645019531,33
6896,IGLC7,91.65606689453125,105.30290222167969,33
6897,IGLJ1,95.44190979003906,45.739158630371094,301
6898,IGLL1,91.66972351074219,105.37894439697266,33
6899,IGLL5,91.68099975585938,105.4465560913086,33
6900,IGLON5,123.601318359375,-14.93050479888916,219
6901,IGLV1-36,96.72793579101562,139.72755432128906,39
6902,IGLV1-40,96.701416015625,139.8900604248047,39
6903,IGLV1-44,96.72174072265625,139.81996154785156,39
6904,IGLV1-47,96.7129135131836,139.83111572265625,39
6905,IGLV1-50,96.89970397949219,139.37059020996094,39
6906,IGLV1-51,96.69734954833984,139.76564025878906,39
6907,IGLV10-54,96.7196273803711,139.70391845703125,39
6908,IGLV11-55,97.1315689086914,139.1122283935547,38
6909,IGLV2-11,96.64737701416016,139.875244140625,39
6910,IGLV2-14,96.67378234863281,139.78640747070312,39
6911,IGLV2-18,96.70230865478516,139.85565185546875,39
6912,IGLV2-23,96.67514038085938,139.8272247314453,39
6913,IGLV2-33,96.91403198242188,139.34024047851562,39
6914,IGLV2-8,96.76586151123047,139.86427307128906,39
6915,IGLV3-1,96.65180969238281,139.81784057617188,39
6916,IGLV3-10,96.70591735839844,139.68826293945312,39
6917,IGLV3-12,96.67578887939453,139.7586669921875,39
6918,IGLV3-16,96.24533081054688,139.93174743652344,39
6919,IGLV3-19,96.63211822509766,139.81243896484375,39
6920,IGLV3-21,96.61915588378906,139.8253173828125,39
6921,IGLV3-22,96.80006408691406,139.3363037109375,39
6922,IGLV3-25,96.65230560302734,139.72897338867188,39
6923,IGLV3-27,96.8051986694336,139.7957000732422,39
6924,IGLV3-32,97.22645568847656,139.10226440429688,38
6925,IGLV3-9,96.57205200195312,139.72796630859375,39
6926,IGLV4-3,96.75140380859375,139.30966186523438,39
6927,IGLV4-60,96.79756164550781,139.50689697265625,39
6928,IGLV4-69,96.61416625976562,139.71522521972656,39
6929,IGLV5-37,97.32947540283203,138.82305908203125,38
6930,IGLV5-45,96.90408325195312,139.2659454345703,39
6931,IGLV5-48,96.39262390136719,139.7462921142578,39
6932,IGLV5-52,96.5598373413086,139.63427734375,39
6933,IGLV6-57,96.82673645019531,139.93807983398438,39
6934,IGLV7-43,96.74964904785156,139.72129821777344,39
6935,IGLV7-46,96.85346984863281,139.7236328125,39
6936,IGLV8-61,96.67071533203125,139.8191375732422,39
6937,IGLV9-49,96.61322021484375,139.49557495117188,39
6938,IGSF10,125.43219757080078,-20.375503540039062,202
6939,IGSF11,99.5987777709961,63.59880065917969,273
6940,IGSF21,123.64585876464844,-14.618165969848633,219
6941,IGSF22,113.49036407470703,-13.509714126586914,85
6942,IGSF23,99.34701538085938,62.46639633178711,273
6943,IGSF3,98.6749267578125,66.35607147216797,259
6944,IGSF5,98.86302185058594,64.42872619628906,272
6945,IGSF6,95.66497802734375,67.17047119140625,259
6946,IGSF8,99.50346374511719,68.90740203857422,255
6947,IGSF9,122.87319946289062,-15.77736759185791,219
6948,IHH,137.790771484375,-3.9858217239379883,243
6949,IK,107.13230895996094,32.39694595336914,425
6950,IKBIP,79.57808685302734,5.540698051452637,227
6951,IKBKB,101.68132781982422,9.87015438079834,326
6952,IKBKE,100.96893310546875,9.66779613494873,326
6953,IKZF1,62.23728561401367,29.809864044189453,176
6954,IKZF2,62.01298522949219,29.893680572509766,176
6955,IKZF3,61.926910400390625,29.831769943237305,176
6956,IKZF4,61.947235107421875,29.85971450805664,176
6957,IKZF5,61.410789489746094,29.325149536132812,176
6958,IL10,112.66537475585938,61.04510498046875,117
6959,IL10RA,101.3862533569336,64.832275390625,269
6960,IL10RB,100.58296203613281,65.03521728515625,269
6961,IL11,111.60285949707031,59.26085662841797,116
6962,IL11RA,100.17333221435547,66.5624771118164,255
6963,IL12A,112.74153900146484,61.258087158203125,117
6964,IL12B,101.47942352294922,65.84321594238281,270
6965,IL12RB1,100.28343963623047,66.1637191772461,269
6966,IL12RB2,101.83650207519531,65.65972900390625,270
6967,IL13,112.59700775146484,60.865726470947266,117
6968,IL15,108.80305480957031,55.33649444580078,112
6969,IL15RA,96.96856689453125,61.442604064941406,242
6970,IL16,89.70275115966797,14.685149192810059,334
6971,IL17A,145.57847595214844,-15.459836959838867,238
6972,IL17B,145.3395233154297,-14.659406661987305,238
6973,IL17C,145.4449462890625,-14.141952514648438,238
6974,IL17D,141.2215118408203,-11.760093688964844,246
6975,IL17F,145.27737426757812,-15.336055755615234,238
6976,IL17RA,100.53717803955078,62.51477813720703,273
6977,IL17RB,100.96281433105469,64.07427978515625,269
6978,IL17RC,122.61077880859375,-0.632120668888092,157
6979,IL17RD,100.68539428710938,61.09686279296875,273
6980,IL17RE,123.16712188720703,-0.65021151304245,157
6981,IL17REL,121.89273071289062,1.6575371026992798,157
6982,IL18,156.50148010253906,-1.562963843345642,76
6983,IL18BP,97.37001037597656,66.81602478027344,259
6984,IL18R1,101.77613830566406,65.96437072753906,270
6985,IL18RAP,101.76895904541016,65.75579071044922,270
6986,IL19,112.75501251220703,61.23944091796875,117
6987,IL1A,156.57374572753906,-1.5595906972885132,76
6988,IL1B,156.56350708007812,-1.2323988676071167,76
6989,IL1F10,156.22560119628906,-1.7873189449310303,76
6990,IL1R1,102.5129623413086,66.01798248291016,270
6991,IL1R2,101.20354461669922,65.63430786132812,270
6992,IL1RAP,102.35992431640625,66.01385498046875,270
6993,IL1RL1,102.08370971679688,65.86441802978516,270
6994,IL1RL2,102.38402557373047,65.90077209472656,270
6995,IL1RN,156.40377807617188,-1.6875356435775757,76
6996,IL2,112.61006164550781,61.097225189208984,117
6997,IL20,112.63594055175781,60.88447570800781,117
6998,IL20RA,101.44918823242188,65.11246490478516,269
6999,IL20RB,101.50918579101562,65.9024887084961,270
7000,IL21,112.0785903930664,60.69742202758789,117
7001,IL21R,101.5654296875,64.83901977539062,269
7002,IL22,112.60069274902344,60.90785217285156,117
7003,IL22RA1,101.56178283691406,64.99238586425781,269
7004,IL22RA2,101.78162384033203,65.60664367675781,270
7005,IL23A,111.78741455078125,59.720664978027344,116
7006,IL23R,101.8336410522461,65.48605346679688,270
7007,IL24,112.32028198242188,60.55274200439453,117
7008,IL25,143.5698699951172,-14.011106491088867,238
7009,IL26,112.84076690673828,61.297489166259766,117
7010,IL27,111.8289566040039,59.45865249633789,116
7011,IL27RA,100.74165344238281,65.70805358886719,269
7012,IL2RA,97.08904266357422,64.28614807128906,272
7013,IL2RB,101.19950866699219,64.79451751708984,269
7014,IL3,112.4483871459961,60.737308502197266,117
7015,IL31,112.85393524169922,61.23661422729492,117
7016,IL31RA,101.93733978271484,65.65196228027344,270
7017,IL32,97.36820983886719,43.23312759399414,300
7018,IL33,156.50926208496094,-1.8552405834197998,76
7019,IL34,109.04818725585938,54.86524200439453,112
7020,IL36A,156.51190185546875,-1.649798035621643,76
7021,IL36B,156.3437042236328,-1.7485835552215576,76
7022,IL36G,156.74729919433594,-1.2575507164001465,76
7023,IL36RN,156.59619140625,-1.2877299785614014,76
7024,IL37,156.47406005859375,-1.6703699827194214,76
7025,IL4,112.73094177246094,61.15864562988281,117
7026,IL4I1,141.26466369628906,1.6422603130340576,239
7027,IL4R,102.01580810546875,64.4291000366211,269
7028,IL5,112.90599822998047,61.209693908691406,117
7029,IL5RA,101.1447525024414,65.52947235107422,270
7030,IL6,112.30118560791016,60.4710578918457,117
7031,IL6R,100.72450256347656,65.10741424560547,269
7032,IL6ST,102.0919418334961,65.85411834716797,270
7033,IL7,112.94386291503906,61.349693298339844,117
7034,IL7R,101.53041076660156,65.79133605957031,270
7035,IL9,112.59835052490234,61.051353454589844,117
7036,ILDR1,100.19248962402344,60.94300079345703,273
7037,ILF2,114.88682556152344,22.02276611328125,362
7038,ILF3,69.50242614746094,22.284576416015625,278
7039,ILK,137.5609893798828,53.864295959472656,90
7040,ILKAP,106.19718933105469,19.46261215209961,395
7041,ILRUN,102.80332946777344,23.580101013183594,432
7042,ILVBL,130.6266326904297,14.939159393310547,453
7043,IMMP1L,124.16891479492188,22.75310516357422,464
7044,IMMP2L,123.87328338623047,23.622426986694336,464
7045,IMMT,133.31298828125,23.251686096191406,387
7046,IMP3,122.85205078125,30.596237182617188,192
7047,IMP4,117.5722885131836,31.132061004638672,348
7048,IMPA1,130.58779907226562,18.641855239868164,457
7049,IMPA2,130.0413360595703,20.04115867614746,450
7050,IMPACT,112.72854614257812,23.056917190551758,362
7051,IMPDH1,133.82037353515625,20.078227996826172,458
7052,IMPDH2,138.2870635986328,23.3005313873291,387
7053,IMPG1,129.2853546142578,-10.827062606811523,223
7054,IMPG2,129.38894653320312,-10.838141441345215,223
7055,INA,206.08099365234375,25.390090942382812,20
7056,INAFM1,98.28053283691406,39.01083755493164,341
7057,INAFM2,98.04127502441406,37.04432678222656,341
7058,INAVA,87.10726928710938,14.3452730178833,367
7059,INCA1,92.91777038574219,38.558834075927734,342
7060,INCENP,78.07025909423828,7.677228927612305,227
7061,INF2,88.32048034667969,12.594367980957031,369
7062,ING1,94.9546890258789,29.044008255004883,321
7063,ING2,97.97193908691406,28.271692276000977,439
7064,ING3,93.066650390625,26.657533645629883,354
7065,ING4,98.3597412109375,27.197275161743164,439
7066,ING5,98.28545379638672,27.386905670166016,439
7067,INHA,144.582275390625,-9.888075828552246,212
7068,INHBA,144.6495361328125,-10.489779472351074,212
7069,INHBB,144.73643493652344,-9.960430145263672,212
7070,INHBC,144.38470458984375,-9.659550666809082,212
7071,INHBE,144.71731567382812,-10.148580551147461,212
7072,INIP,106.98017883300781,29.626874923706055,430
7073,INKA1,97.11053466796875,35.214656829833984,338
7074,INKA2,93.80412292480469,35.07259750366211,338
7075,INMT,126.06495666503906,18.173725128173828,451
7076,INO80,87.0355224609375,19.14132308959961,418
7077,INO80B,100.73303985595703,35.014434814453125,345
7078,INO80C,107.38543701171875,26.80529022216797,390
7079,INO80E,81.96636962890625,31.244159698486328,188
7080,INPP1,130.27499389648438,18.519149780273438,457
7081,INPP4A,98.12577819824219,6.4261555671691895,413
7082,INPP4B,97.01213836669922,6.493186950683594,320
7083,INPP5A,103.7528305053711,11.335929870605469,326
7084,INPP5B,107.9109878540039,10.509346961975098,297
7085,INPP5D,95.52994537353516,11.507526397705078,435
7086,INPP5E,97.11852264404297,17.74601173400879,407
7087,INPP5F,94.97389221191406,13.514481544494629,396
7088,INPP5J,97.41410064697266,14.86124038696289,409
7089,INPP5K,116.66092681884766,13.974428176879883,319
7090,INPPL1,91.71324157714844,11.440444946289062,379
7091,INS,154.10780334472656,-19.652355194091797,133
7092,INS-IGF2,152.89122009277344,-18.791353225708008,133
7093,INSC,105.9310531616211,4.119194984436035,312
7094,INSIG1,96.90234375,-32.80666732788086,172
7095,INSIG2,97.5789794921875,-32.08991241455078,171
7096,INSL3,153.19692993164062,-19.211936950683594,133
7097,INSL4,152.77821350097656,-19.20494270324707,133
7098,INSL5,153.09146118164062,-18.74853515625,133
7099,INSL6,152.02198791503906,-18.62480354309082,133
7100,INSM1,65.28741455078125,35.28973388671875,179
7101,INSM2,67.08291625976562,33.65727615356445,275
7102,INSR,137.13356018066406,67.20625305175781,43
7103,INSRR,137.15208435058594,67.33692932128906,43
7104,INSYN1,95.32789611816406,34.98122787475586,338
7105,INSYN2A,87.73517608642578,23.0269718170166,411
7106,INSYN2B,87.0152359008789,22.34087371826172,418
7107,INTS1,98.64112854003906,-4.73305606842041,291
7108,INTS10,107.03922271728516,2.1222939491271973,311
7109,INTS11,116.61175537109375,14.685248374938965,319
7110,INTS12,81.91085052490234,22.86038589477539,281
7111,INTS13,108.51260375976562,15.245522499084473,357
7112,INTS14,111.88109588623047,17.83506965637207,405
7113,INTS2,102.12284088134766,-0.20895108580589294,308
7114,INTS3,103.09396362304688,4.768941402435303,309
7115,INTS4,105.45565795898438,1.8335695266723633,313
7116,INTS5,109.53673553466797,5.40009880065918,310
7117,INTS6,103.10989379882812,14.180349349975586,353
7118,INTS7,106.08295440673828,2.378782272338867,313
7119,INTS8,106.95442199707031,0.8281252384185791,311
7120,INTS9,115.56649780273438,15.018092155456543,448
7121,INVS,137.66725158691406,52.98717498779297,90
7122,IP6K1,114.01773071289062,16.118471145629883,448
7123,IP6K2,115.22740173339844,16.598526000976562,448
7124,IP6K3,116.37660217285156,15.788152694702148,452
7125,IPCEF1,99.7159194946289,14.280914306640625,428
7126,IPMK,114.82952117919922,18.564796447753906,463
7127,IPO11,104.04839324951172,-1.2112483978271484,308
7128,IPO13,103.81112670898438,-0.9342955350875854,308
7129,IPO4,106.04972076416016,4.01401948928833,312
7130,IPO5,104.27669525146484,-1.2250245809555054,308
7131,IPO7,104.17665100097656,-1.5886619091033936,308
7132,IPO8,103.97679138183594,-1.4057714939117432,308
7133,IPO9,104.06507873535156,-0.7242078185081482,308
7134,IPP,131.67938232421875,-48.17095947265625,50
7135,IPPK,118.16466522216797,15.474231719970703,383
7136,IQANK1,75.80413055419922,9.730993270874023,215
7137,IQCA1,108.6400146484375,29.385299682617188,419
7138,IQCA1L,99.69158172607422,20.502626419067383,402
7139,IQCB1,99.94308471679688,7.407429218292236,413
7140,IQCC,86.98736572265625,38.08415222167969,287
7141,IQCD,75.81803894042969,8.649569511413574,215
7142,IQCE,79.6927719116211,7.949616432189941,227
7143,IQCF1,93.6185073852539,49.22193145751953,301
7144,IQCF2,93.7423324584961,49.4426155090332,301
7145,IQCF3,93.6666488647461,49.763084411621094,301
7146,IQCF5,93.70980834960938,49.46925354003906,301
7147,IQCF6,93.49555969238281,49.76827621459961,147
7148,IQCG,76.29530334472656,8.050712585449219,215
7149,IQCH,86.65973663330078,10.886192321777344,369
7150,IQCJ,95.29533386230469,39.21440505981445,344
7151,IQCJ-SCHIP1,88.2982177734375,17.77064323425293,367
7152,IQCK,84.40703582763672,10.723812103271484,226
7153,IQCM,88.98008728027344,39.012535095214844,331
7154,IQCN,85.74078369140625,37.56913375854492,287
7155,IQGAP1,93.74726104736328,-2.0045485496520996,290
7156,IQGAP2,94.78069305419922,-2.0498344898223877,290
7157,IQGAP3,95.79517364501953,-3.755303382873535,290
7158,IQSEC1,92.20611572265625,8.918659210205078,380
7159,IQSEC3,93.49810791015625,10.973834991455078,392
7160,IQUB,79.53451538085938,10.730812072753906,198
7161,IRAK1BP1,115.7279052734375,22.36611557006836,363
7162,IRAK2,109.33334350585938,10.00949478149414,386
7163,IRAK3,110.8705062866211,10.476006507873535,386
7164,IRAK4,129.49476623535156,74.43130493164062,68
7165,IREB2,134.69647216796875,16.08148193359375,440
7166,IRF1,79.10157012939453,36.08440399169922,264
7167,IRF2,78.67300415039062,36.03947448730469,264
7168,IRF2BP1,72.7067642211914,35.53407669067383,268
7169,IRF2BP2,71.72455596923828,36.380279541015625,268
7170,IRF2BPL,71.26888275146484,36.464595794677734,268
7171,IRF3,79.77472686767578,34.61594009399414,264
7172,IRF4,79.32142639160156,34.995750427246094,264
7173,IRF5,79.764892578125,34.400543212890625,264
7174,IRF6,79.37777709960938,35.066593170166016,264
7175,IRF7,80.18204498291016,34.98768615722656,264
7176,IRF8,79.50287628173828,35.22011947631836,264
7177,IRF9,79.94210052490234,34.75251770019531,264
7178,IRGC,118.61336517333984,5.94583797454834,207
7179,IRGM,121.98892211914062,20.905168533325195,470
7180,IRGQ,94.11392211914062,30.883487701416016,321
7181,IRS1,82.41069030761719,23.47974967956543,281
7182,IRS2,82.8250732421875,25.67905616760254,349
7183,IRX1,68.11392211914062,45.251914978027344,261
7184,IRX2,67.78492736816406,45.612632751464844,261
7185,IRX3,67.71111297607422,45.44190979003906,261
7186,IRX4,67.82643127441406,45.720359802246094,261
7187,IRX5,67.54896545410156,45.397315979003906,261
7188,IRX6,67.49850463867188,46.18244171142578,261
7189,ISCA1,129.58950805664062,31.244556427001953,330
7190,ISCA2,128.95132446289062,31.011714935302734,330
7191,ISCU,132.2452392578125,31.66335105895996,183
7192,ISG15,115.88016510009766,28.934711456298828,348
7193,ISG20,118.61216735839844,24.833744049072266,372
7194,ISG20L2,112.75689697265625,27.031566619873047,377
7195,ISL1,65.06890106201172,39.715614318847656,177
7196,ISL2,65.38876342773438,40.53188705444336,177
7197,ISLR,157.02047729492188,44.64338684082031,92
7198,ISLR2,157.15664672851562,44.200172424316406,92
7199,ISM1,136.94772338867188,-13.792015075683594,246
7200,ISM2,137.12631225585938,-12.809146881103516,246
7201,ISOC1,121.3243408203125,21.04973602294922,470
7202,ISOC2,127.90606689453125,21.93708038330078,327
7203,IST1,84.3582763671875,26.116703033447266,349
7204,ISX,69.50182342529297,47.296775817871094,261
7205,ISY1,109.29046630859375,31.18572425842285,424
7206,ISYNA1,129.72357177734375,17.27728843688965,457
7207,ITCH,97.71582794189453,7.558564186096191,413
7208,ITFG1,121.07089233398438,-3.036151170730591,191
7209,ITFG2,121.43180084228516,14.380836486816406,455
7210,ITGA1,125.93115234375,-12.321571350097656,217
7211,ITGA10,126.18842315673828,-12.842079162597656,217
7212,ITGA11,125.83499908447266,-12.3887357711792,217
7213,ITGA2,126.08604431152344,-12.681632041931152,217
7214,ITGA2B,125.7192611694336,-12.761978149414062,217
7215,ITGA3,125.82269287109375,-12.327054977416992,217
7216,ITGA4,125.98072052001953,-11.883143424987793,217
7217,ITGA5,125.95738220214844,-12.95277214050293,217
7218,ITGA6,125.98491668701172,-12.036632537841797,217
7219,ITGA7,125.7081298828125,-12.738910675048828,217
7220,ITGA8,126.04240417480469,-12.177888870239258,217
7221,ITGA9,125.61845397949219,-12.209915161132812,217
7222,ITGAD,125.53163146972656,-12.732529640197754,217
7223,ITGAE,125.39063262939453,-12.65717601776123,217
7224,ITGAL,125.66422271728516,-12.730833053588867,217
7225,ITGAM,125.8694839477539,-12.915215492248535,217
7226,ITGAV,126.9209213256836,-11.441886901855469,217
7227,ITGAX,125.75653839111328,-12.840789794921875,217
7228,ITGB1,131.1004180908203,-16.86362075805664,236
7229,ITGB1BP1,99.73040771484375,13.261640548706055,427
7230,ITGB2,131.1057891845703,-16.40738868713379,236
7231,ITGB3,131.50985717773438,-16.828685760498047,236
7232,ITGB3BP,94.6927719116211,25.604440689086914,354
7233,ITGB4,123.00708770751953,-19.5244140625,216
7234,ITGB5,131.43931579589844,-17.23807144165039,236
7235,ITGB6,130.63047790527344,-16.394020080566406,236
7236,ITGB7,131.41879272460938,-16.926563262939453,236
7237,ITGB8,131.44122314453125,-16.28017234802246,236
7238,ITGBL1,133.93772888183594,-20.280593872070312,236
7239,ITIH1,140.33314514160156,-62.81850814819336,71
7240,ITIH2,140.39529418945312,-62.902774810791016,71
7241,ITIH3,140.34283447265625,-62.81257247924805,71
7242,ITIH4,140.13282775878906,-62.20301818847656,71
7243,ITIH5,126.26216125488281,-13.644267082214355,217
7244,ITK,132.7970428466797,73.91650390625,67
7245,ITLN1,141.0452423095703,-13.378698348999023,247
7246,ITLN2,140.87069702148438,-12.901430130004883,247
7247,ITM2B,124.67274475097656,-1.7349462509155273,234
7248,ITM2C,123.79309844970703,-0.9340229034423828,233
7249,ITPA,123.97711944580078,23.368186950683594,464
7250,ITPK1,104.82140350341797,16.980493545532227,324
7251,ITPKA,103.52568817138672,14.529295921325684,353
7252,ITPKB,91.29456329345703,23.70720863342285,415
7253,ITPKC,93.45287322998047,23.424654006958008,421
7254,ITPR1,96.6330795288086,-5.694921016693115,291
7255,ITPR3,98.36726379394531,-6.512827396392822,291
7256,ITPRID1,85.59398651123047,20.06580352783203,418
7257,ITPRID2,86.42330169677734,20.453689575195312,418
7258,ITPRIP,114.55960083007812,7.2524824142456055,214
7259,ITPRIPL1,114.7688217163086,6.784687519073486,214
7260,ITPRIPL2,114.62273406982422,7.018734931945801,214
7261,ITSN2,91.55597686767578,10.991434097290039,379
7262,IVD,136.90325927734375,19.415973663330078,387
7263,IVL,71.39160919189453,9.624737739562988,194
7264,IVNS1ABP,131.9663543701172,-48.618064880371094,50
7265,IWS1,91.7515869140625,26.480024337768555,384
7266,IYD,121.6996841430664,15.528349876403809,455
7267,IZUMO1,137.0472869873047,-9.892610549926758,241
7268,IZUMO1R,142.2523193359375,-16.595136642456055,249
7269,IZUMO2,136.617919921875,-9.490934371948242,241
7270,IZUMO3,137.1366729736328,-9.401875495910645,241
7271,IZUMO4,136.85952758789062,-9.920797348022461,241
7272,JADE1,94.1053695678711,22.31471061706543,423
7273,JADE2,93.32028198242188,22.454652786254883,421
7274,JAG1,132.4461669921875,-20.849414825439453,236
7275,JAG2,131.85850524902344,-21.423852920532227,236
7276,JAGN1,93.2099838256836,-27.759540557861328,158
7277,JAK1,99.90313720703125,7.8035993576049805,413
7278,JAK2,98.44776916503906,7.829140663146973,413
7279,JAK3,132.85670471191406,72.66908264160156,67
7280,JAKMIP1,79.33360290527344,3.618941068649292,210
7281,JAKMIP2,79.645263671875,3.1908047199249268,210
7282,JAKMIP3,79.81243896484375,3.6338934898376465,210
7283,JAM2,100.15525817871094,63.02531433105469,273
7284,JAM3,99.69974517822266,62.96455001831055,273
7285,JAML,96.5506362915039,67.9331283569336,259
7286,JARID2,88.74703216552734,20.489397048950195,414
7287,JAZF1,89.0447998046875,19.99817657470703,414
7288,JCAD,84.33949279785156,24.469345092773438,349
7289,JCHAIN,116.3520736694336,26.64640235900879,361
7290,JDP2,80.27671813964844,39.02272033691406,264
7291,JHY,85.73291015625,20.7738037109375,418
7292,JKAMP,97.56663513183594,-30.176982879638672,167
7293,JMJD1C,78.70133972167969,18.700979232788086,280
7294,JMJD4,121.9911880493164,17.558826446533203,416
7295,JMJD6,98.1890869140625,23.449451446533203,360
7296,JMJD7,125.20378112792969,17.681304931640625,466
7297,JMJD8,124.78291320800781,15.29589557647705,314
7298,JMY,94.86275482177734,19.108718872070312,398
7299,JOSD1,119.8100357055664,23.593952178955078,465
7300,JOSD2,119.10934448242188,24.10042953491211,372
7301,JPH1,93.34661865234375,16.370193481445312,333
7302,JPH2,92.97563171386719,16.487333297729492,333
7303,JPH3,93.30148315429688,16.370765686035156,333
7304,JPH4,93.62452697753906,16.51287841796875,333
7305,JPT1,93.63935852050781,37.093441009521484,342
7306,JPT2,91.59239196777344,40.66979217529297,339
7307,JRK,92.09147644042969,30.834022521972656,321
7308,JRKL,93.73653411865234,31.360063552856445,321
7309,JSRP1,93.78665161132812,38.329795837402344,342
7310,JTB,101.1907958984375,55.95378875732422,253
7311,JUN,77.76321411132812,40.411033630371094,266
7312,JUNB,78.08998107910156,40.55370330810547,266
7313,JUND,77.71292114257812,40.84980010986328,266
7314,JUP,105.26718139648438,0.706701397895813,313
7315,KAAG1,94.76133728027344,46.40864562988281,301
7316,KANK1,88.61946105957031,17.189401626586914,367
7317,KANK2,88.4781494140625,17.785018920898438,367
7318,KANK3,88.34286499023438,17.817258834838867,367
7319,KANK4,88.48662567138672,20.052406311035156,414
7320,KANSL1,83.97705841064453,22.171390533447266,418
7321,KANSL1L,87.28404235839844,20.696258544921875,418
7322,KANSL2,100.40508270263672,23.830184936523438,444
7323,KANSL3,89.00025939941406,20.420780181884766,414
7324,KAT14,98.531494140625,19.203445434570312,404
7325,KAT2A,103.26115417480469,14.016881942749023,353
7326,KAT2B,100.142333984375,15.649553298950195,381
7327,KAT5,101.80201721191406,18.516891479492188,381
7328,KAT6A,77.54935455322266,22.311315536499023,281
7329,KAT6B,77.7853775024414,21.786623001098633,281
7330,KAT7,101.6268539428711,18.006372451782227,381
7331,KAT8,104.1220474243164,19.26620864868164,364
7332,KATNA1,111.8187026977539,15.909462928771973,442
7333,KATNAL1,112.63783264160156,15.6104736328125,442
7334,KATNAL2,110.30318450927734,17.545045852661133,405
7335,KATNB1,124.51079559326172,51.53479766845703,66
7336,KATNBL1,105.35941314697266,17.776458740234375,324
7337,KAZALD1,136.1007537841797,-14.01149845123291,224
7338,KAZN,88.21258544921875,7.481822967529297,370
7339,KBTBD11,92.394775390625,23.384361267089844,421
7340,KBTBD12,131.6233367919922,-48.11124038696289,50
7341,KBTBD13,131.52725219726562,-47.61811065673828,50
7342,KBTBD2,131.6460418701172,-48.141143798828125,50
7343,KBTBD3,131.41802978515625,-47.84519958496094,50
7344,KBTBD4,131.34429931640625,-47.80497741699219,50
7345,KBTBD6,131.5758056640625,-47.9445686340332,50
7346,KBTBD7,131.5814208984375,-47.96836853027344,50
7347,KBTBD8,131.6799774169922,-48.16087341308594,50
7348,KCMF1,101.7073974609375,24.66150665283203,443
7349,KCNA1,107.164306640625,-24.4014892578125,141
7350,KCNA10,107.02973175048828,-24.737396240234375,141
7351,KCNA2,107.09423065185547,-24.594385147094727,141
7352,KCNA3,107.08679962158203,-24.555904388427734,141
7353,KCNA4,107.02472686767578,-24.66028594970703,141
7354,KCNA5,107.0915298461914,-24.73987579345703,141
7355,KCNA6,106.77696228027344,-24.415447235107422,141
7356,KCNA7,107.0162353515625,-24.718231201171875,141
7357,KCNAB1,129.24221801757812,18.084205627441406,457
7358,KCNAB2,130.1092071533203,17.824352264404297,457
7359,KCNAB3,129.02537536621094,18.296873092651367,450
7360,KCNB1,108.05609130859375,-22.97611427307129,144
7361,KCNB2,108.39837646484375,-22.99432945251465,144
7362,KCNC1,107.3189697265625,-24.55899429321289,141
7363,KCNC2,108.208740234375,-24.257869720458984,141
7364,KCNC3,107.44273376464844,-23.602603912353516,141
7365,KCNC4,107.21107482910156,-24.210073471069336,141
7366,KCND2,109.59358215332031,-23.253870010375977,135
7367,KCND3,109.08184051513672,-23.208797454833984,144
7368,KCNE1,100.61181640625,51.93312072753906,263
7369,KCNE2,101.32733154296875,52.074398040771484,263
7370,KCNE3,101.00384521484375,51.75154113769531,263
7371,KCNE4,100.56644439697266,51.120338439941406,263
7372,KCNF1,106.92475128173828,-24.52593231201172,141
7373,KCNG1,106.68533325195312,-24.309770584106445,141
7374,KCNG2,107.13439178466797,-24.428775787353516,141
7375,KCNG3,107.00564575195312,-24.553220748901367,141
7376,KCNG4,107.10697174072266,-24.486703872680664,141
7377,KCNH1,108.2577896118164,-23.00996971130371,144
7378,KCNH2,107.92550659179688,-22.67064094543457,144
7379,KCNH3,108.01828002929688,-22.455432891845703,144
7380,KCNH4,107.57783508300781,-22.357465744018555,144
7381,KCNH5,108.64147186279297,-23.16632843017578,144
7382,KCNH6,108.22113037109375,-22.4834041595459,144
7383,KCNH7,108.42904663085938,-23.15850067138672,144
7384,KCNH8,107.49784851074219,-22.62996482849121,144
7385,KCNIP1,53.683441162109375,-3.4055848121643066,97
7386,KCNIP2,53.51604461669922,-3.5582468509674072,97
7387,KCNIP3,53.442806243896484,-3.6187565326690674,97
7388,KCNIP4,53.81682586669922,-3.2496633529663086,97
7389,KCNJ1,108.03564453125,-21.147613525390625,143
7390,KCNJ10,107.64301300048828,-20.464733123779297,143
7391,KCNJ11,107.80867004394531,-20.87345314025879,143
7392,KCNJ12,107.06535339355469,-21.347187042236328,143
7393,KCNJ13,108.151611328125,-20.777713775634766,143
7394,KCNJ14,107.21122741699219,-20.921680450439453,143
7395,KCNJ15,108.18287658691406,-21.06694793701172,143
7396,KCNJ16,108.12199401855469,-20.899139404296875,143
7397,KCNJ18,107.70292663574219,-20.771799087524414,143
7398,KCNJ2,107.95480346679688,-20.157297134399414,143
7399,KCNJ3,108.07646179199219,-21.924091339111328,144
7400,KCNJ4,107.69468688964844,-20.296916961669922,143
7401,KCNJ5,107.20187377929688,-21.891353607177734,143
7402,KCNJ8,108.00056457519531,-20.985275268554688,143
7403,KCNJ9,107.23092651367188,-21.00651741027832,143
7404,KCNK1,104.04434204101562,-24.136680603027344,136
7405,KCNK10,105.82974243164062,-23.61332130432129,141
7406,KCNK13,104.65728759765625,-23.485706329345703,136
7407,KCNK15,102.64400482177734,-24.755773544311523,136
7408,KCNK16,102.5142822265625,-25.387142181396484,136
7409,KCNK17,102.55779266357422,-25.225997924804688,136
7410,KCNK18,100.84320068359375,-28.35869598388672,156
7411,KCNK2,105.7833480834961,-23.815471649169922,141
7412,KCNK3,105.14466857910156,-23.03421974182129,136
7413,KCNK4,102.73818969726562,-24.563613891601562,136
7414,KCNK5,105.24575805664062,-21.93533706665039,136
7415,KCNK6,100.85478210449219,-27.253799438476562,156
7416,KCNK7,99.80555725097656,-30.258411407470703,156
7417,KCNK9,104.60101318359375,-22.900184631347656,136
7418,KCNMA1,109.64618682861328,-24.42722511291504,135
7419,KCNMB1,121.04808044433594,-3.890500545501709,191
7420,KCNMB2,121.60417175292969,-3.829741954803467,191
7421,KCNMB3,122.1169204711914,-3.1989760398864746,191
7422,KCNMB4,121.98004913330078,-3.9492533206939697,191
7423,KCNN1,106.42050170898438,-23.483413696289062,141
7424,KCNN2,107.724365234375,-23.824935913085938,141
7425,KCNN4,103.17328643798828,-23.784427642822266,136
7426,KCNQ1,107.56084442138672,-22.776626586914062,144
7427,KCNQ2,107.92377471923828,-22.934799194335938,144
7428,KCNQ3,108.67465209960938,-23.076744079589844,144
7429,KCNQ4,107.28430938720703,-23.238122940063477,144
7430,KCNQ5,108.05181884765625,-23.080066680908203,144
7431,KCNRG,108.88764953613281,22.46272850036621,406
7432,KCNS1,106.9534683227539,-24.469860076904297,141
7433,KCNS2,106.65562438964844,-24.74346923828125,141
7434,KCNS3,106.980712890625,-24.84552764892578,141
7435,KCNT1,111.26954650878906,-24.321422576904297,135
7436,KCNT2,111.9097900390625,-26.23896598815918,123
7437,KCNU1,112.32301330566406,-28.122539520263672,123
7438,KCNV1,106.81802368164062,-24.63835906982422,141
7439,KCNV2,106.7958984375,-24.47811508178711,141
7440,KCP,132.02005004882812,-21.795249938964844,236
7441,KCTD1,106.82827758789062,21.102767944335938,406
7442,KCTD10,107.22604370117188,22.206905364990234,406
7443,KCTD11,108.94427490234375,22.670822143554688,406
7444,KCTD12,107.09163665771484,22.851959228515625,406
7445,KCTD13,106.86272430419922,22.765026092529297,406
7446,KCTD14,107.81096649169922,21.911537170410156,406
7447,KCTD15,107.14888000488281,22.32949447631836,406
7448,KCTD17,106.50638580322266,23.32524299621582,406
7449,KCTD18,97.30648803710938,21.19896125793457,393
7450,KCTD19,93.36065673828125,12.70068359375,396
7451,KCTD2,105.04310607910156,26.108924865722656,390
7452,KCTD20,106.62602233886719,23.0233154296875,406
7453,KCTD21,108.56575012207031,22.07674789428711,406
7454,KCTD3,111.51122283935547,15.189900398254395,442
7455,KCTD4,107.54258728027344,22.510578155517578,406
7456,KCTD5,107.65450286865234,23.42372703552246,406
7457,KCTD6,107.61090087890625,22.42326545715332,406
7458,KCTD7,107.84061431884766,22.269851684570312,406
7459,KCTD8,106.14649963378906,22.113771438598633,406
7460,KCTD9,111.00294494628906,18.900861740112305,405
7461,KDELR1,94.85552978515625,-29.57689666748047,159
7462,KDELR2,94.72492980957031,-29.41667938232422,159
7463,KDELR3,95.85407257080078,-30.272510528564453,167
7464,KDF1,93.65373229980469,37.23051452636719,342
7465,KDM1A,110.9217529296875,20.81268310546875,358
7466,KDM1B,109.65776062011719,15.052002906799316,357
7467,KDM2A,93.42913818359375,19.413330078125,398
7468,KDM2B,92.76545715332031,20.456851959228516,423
7469,KDM3A,89.50468444824219,20.2974910736084,414
7470,KDM3B,82.65702819824219,21.644250869750977,281
7471,KDM4A,94.363037109375,19.35993194580078,398
7472,KDM4B,93.6594009399414,21.10686492919922,423
7473,KDM4C,94.65768432617188,17.77935028076172,333
7474,KDM4D,101.72216796875,23.970970153808594,443
7475,KDM4E,113.30284881591797,50.134368896484375,94
7476,KDM5A,86.64630126953125,18.06035614013672,366
7477,KDM5B,88.62580108642578,18.432355880737305,367
7478,KDM6B,79.33905792236328,24.370967864990234,281
7479,KDM7A,92.79064178466797,18.515106201171875,398
7480,KDM8,124.21376037597656,18.28203010559082,466
7481,KDR,136.69390869140625,67.7718734741211,43
7482,KDSR,134.82711791992188,11.75132942199707,282
7483,KEAP1,131.7638702392578,-48.294464111328125,50
7484,KEL,132.36700439453125,2.5253610610961914,252
7485,KERA,156.57167053222656,47.3401985168457,105
7486,KHDC1,99.75326538085938,37.0518913269043,341
7487,KHDC1L,99.36927795410156,36.85514831542969,341
7488,KHDC3L,97.78446197509766,38.177974700927734,341
7489,KHDC4,74.5516128540039,25.052818298339844,281
7490,KHDRBS1,70.72257232666016,23.083240509033203,278
7491,KHDRBS2,70.80747985839844,22.56747055053711,278
7492,KHDRBS3,70.9564437866211,22.676925659179688,278
7493,KHK,131.08035278320312,19.304195404052734,449
7494,KHNYN,93.3115463256836,21.820899963378906,423
7495,KHSRP,71.34074401855469,24.407995223999023,278
7496,KIAA0040,101.05686950683594,52.080745697021484,263
7497,KIAA0100,98.6068344116211,-6.005303859710693,291
7498,KIAA0232,83.12728118896484,18.439830780029297,318
7499,KIAA0319,125.04454040527344,-14.075093269348145,217
7500,KIAA0319L,124.91465759277344,-14.014516830444336,217
7501,KIAA0408,85.37499237060547,18.975597381591797,418
7502,KIAA0513,105.67485046386719,22.91549301147461,406
7503,KIAA0586,83.75965118408203,17.5727481842041,318
7504,KIAA0753,83.13800048828125,14.861072540283203,307
7505,KIAA0825,102.50064849853516,0.674696683883667,308
7506,KIAA0895,93.60523986816406,21.020206451416016,423
7507,KIAA0895L,119.16205596923828,14.575762748718262,383
7508,KIAA0930,96.28173065185547,9.560809135437012,435
7509,KIAA1143,107.61358642578125,33.208168029785156,425
7510,KIAA1191,95.50920104980469,36.16070556640625,338
7511,KIAA1217,86.82513427734375,10.476490020751953,369
7512,KIAA1328,83.50798034667969,16.140026092529297,307
7513,KIAA1522,84.51972961425781,27.127872467041016,349
7514,KIAA1586,92.67678833007812,31.489288330078125,321
7515,KIAA1614,85.65620422363281,24.96946144104004,349
7516,KIAA1671,84.73881530761719,21.910093307495117,418
7517,KIAA1755,93.81124877929688,14.528488159179688,396
7518,KIAA1958,86.97341918945312,24.151004791259766,411
7519,KIAA2012,81.01603698730469,12.814395904541016,198
7520,KIAA2013,130.68292236328125,1.8685779571533203,251
7521,KIAA2026,78.35960388183594,24.268943786621094,281
7522,KIDINS220,94.95152282714844,-1.224133014678955,290
7523,KIF11,87.63725280761719,23.980979919433594,411
7524,KIF12,98.573974609375,8.332934379577637,413
7525,KIF13A,91.47679138183594,2.3204479217529297,265
7526,KIF13B,91.59908294677734,0.9075863361358643,265
7527,KIF14,87.55772399902344,25.38956642150879,411
7528,KIF15,74.6041259765625,3.121335506439209,232
7529,KIF16B,83.0860824584961,2.6317591667175293,211
7530,KIF17,82.4368667602539,6.885615348815918,227
7531,KIF18A,87.98371887207031,25.29973793029785,411
7532,KIF18B,88.51924896240234,26.26949119567871,412
7533,KIF19,81.82640075683594,7.2820143699646,227
7534,KIF1A,87.9445571899414,2.821074962615967,113
7535,KIF1B,88.9761734008789,2.262481689453125,265
7536,KIF1C,82.90658569335938,7.125761032104492,227
7537,KIF20A,87.85195922851562,25.27696418762207,411
7538,KIF20B,74.48143768310547,2.848958730697632,232
7539,KIF21A,82.71632385253906,2.955673933029175,211
7540,KIF21B,82.54144287109375,3.8535449504852295,211
7541,KIF22,89.29920959472656,25.55926513671875,412
7542,KIF23,87.89350891113281,25.2562255859375,411
7543,KIF24,86.63761138916016,18.366064071655273,366
7544,KIF25,128.23260498046875,13.763986587524414,289
7545,KIF26A,84.40130615234375,17.36221694946289,318
7546,KIF27,79.07513427734375,7.355990409851074,227
7547,KIF2A,101.53663635253906,14.911995887756348,353
7548,KIF2B,97.71704864501953,22.274803161621094,360
7549,KIF2C,89.46456146240234,24.666366577148438,412
7550,KIF3A,81.90406036376953,2.9901037216186523,211
7551,KIF3B,81.79183197021484,5.192797660827637,227
7552,KIF3C,81.65290069580078,5.343203544616699,227
7553,KIF4B,76.69596862792969,6.925251007080078,215
7554,KIF5A,81.03079223632812,3.507722854614258,211
7555,KIF5B,80.62504577636719,2.2454628944396973,193
7556,KIF5C,81.45201873779297,1.959766149520874,211
7557,KIF6,80.53096008300781,7.254736423492432,227
7558,KIF7,78.78890228271484,6.224599838256836,227
7559,KIF9,79.79342651367188,7.605071544647217,227
7560,KIFAP3,105.90818786621094,5.782012939453125,299
7561,KIFC1,89.84771728515625,25.373380661010742,412
7562,KIFC2,97.37594604492188,8.74062728881836,413
7563,KIFC3,81.71210479736328,5.576176166534424,227
7564,KIN,107.30007934570312,31.381742477416992,426
7565,KIR2DL1,91.83816528320312,78.00090026855469,160
7566,KIR2DL3,91.5909652709961,78.26361846923828,160
7567,KIR2DL4,91.64808654785156,77.95060729980469,160
7568,KIR3DL1,91.69558715820312,77.9878921508789,160
7569,KIR3DL2,91.7668228149414,78.0697021484375,160
7570,KIR3DL3,91.85347747802734,77.89271545410156,160
7571,KIRREL1,122.96566772460938,-15.125187873840332,219
7572,KIRREL2,99.56485748291016,68.23529052734375,255
7573,KIRREL3,121.80326843261719,-16.414403915405273,220
7574,KISS1,154.35183715820312,-19.776630401611328,133
7575,KISS1R,6.817185878753662,-25.29576301574707,17
7576,KIT,136.6973876953125,67.39920806884766,43
7577,KITLG,105.23825073242188,60.30476379394531,273
7578,KIZ,86.7298812866211,20.064167022705078,418
7579,KL,133.11871337890625,1.218750238418579,252
7580,KLB,133.54286193847656,2.012667655944824,252
7581,KLC1,91.99893188476562,7.970995903015137,380
7582,KLC2,92.273193359375,8.764031410217285,380
7583,KLC3,92.502685546875,8.261929512023926,380
7584,KLC4,92.29969024658203,8.181822776794434,380
7585,KLF1,62.96446990966797,35.880859375,178
7586,KLF10,62.52729797363281,35.199459075927734,178
7587,KLF11,62.015357971191406,34.521732330322266,178
7588,KLF12,61.62723922729492,32.254119873046875,176
7589,KLF13,63.302406311035156,35.065975189208984,178
7590,KLF14,63.80790328979492,35.485565185546875,178
7591,KLF15,62.19117736816406,34.30487060546875,178
7592,KLF16,63.56182098388672,35.04520797729492,178
7593,KLF17,89.62637329101562,39.57355499267578,331
7594,KLF18,74.33854675292969,9.944784164428711,215
7595,KLF2,65.67662048339844,37.222381591796875,179
7596,KLF3,62.27645492553711,35.18132400512695,178
7597,KLF4,64.17389678955078,37.147247314453125,179
7598,KLF5,63.44331741333008,36.47407531738281,179
7599,KLF6,62.68014907836914,35.006874084472656,178
7600,KLF7,62.0988655090332,34.99928283691406,178
7601,KLF9,62.219276428222656,34.795448303222656,178
7602,KLHDC1,111.44542694091797,9.580997467041016,386
7603,KLHDC10,112.53587341308594,10.472402572631836,389
7604,KLHDC2,113.54531860351562,12.733619689941406,447
7605,KLHDC3,124.02884674072266,50.39824676513672,66
7606,KLHDC4,111.81224060058594,37.12556457519531,284
7607,KLHDC7A,91.36244201660156,26.323022842407227,384
7608,KLHDC7B,92.01264953613281,26.56121253967285,384
7609,KLHDC8A,120.36087036132812,15.67989444732666,459
7610,KLHDC8B,120.04936218261719,15.777027130126953,459
7611,KLHDC9,120.33023071289062,17.448986053466797,459
7612,KLHL1,131.73687744140625,-48.364749908447266,50
7613,KLHL10,131.74395751953125,-48.297035217285156,50
7614,KLHL11,131.59512329101562,-47.86195373535156,50
7615,KLHL12,132.0921173095703,-48.67140197753906,50
7616,KLHL14,131.69061279296875,-48.192420959472656,50
7617,KLHL17,131.78009033203125,-48.282264709472656,50
7618,KLHL18,131.836669921875,-48.36835861206055,50
7619,KLHL2,132.068115234375,-48.676876068115234,50
7620,KLHL20,131.900146484375,-48.49646759033203,50
7621,KLHL21,131.6731719970703,-48.043983459472656,50
7622,KLHL22,131.74530029296875,-48.27556610107422,50
7623,KLHL23,131.69528198242188,-48.24034118652344,50
7624,KLHL24,131.97250366210938,-48.4959716796875,50
7625,KLHL25,131.73367309570312,-48.21830749511719,50
7626,KLHL26,131.64312744140625,-48.04332733154297,50
7627,KLHL28,131.7602996826172,-48.31011199951172,50
7628,KLHL29,131.74449157714844,-48.17519760131836,50
7629,KLHL3,132.11134338378906,-48.72888946533203,50
7630,KLHL30,131.5716552734375,-47.87120819091797,50
7631,KLHL31,131.70196533203125,-48.27314758300781,50
7632,KLHL32,131.7147216796875,-48.272396087646484,50
7633,KLHL33,130.70361328125,-46.48858642578125,50
7634,KLHL35,131.55770874023438,-47.952247619628906,50
7635,KLHL36,131.53993225097656,-47.92768859863281,50
7636,KLHL38,131.6336212158203,-48.10895538330078,50
7637,KLHL40,131.60665893554688,-48.08012008666992,50
7638,KLHL41,131.62240600585938,-48.11578369140625,50
7639,KLHL42,131.54100036621094,-47.71015548706055,50
7640,KLHL5,131.9073028564453,-48.55337142944336,50
7641,KLHL6,131.72674560546875,-48.249324798583984,50
7642,KLHL7,131.66131591796875,-48.21354293823242,50
7643,KLHL8,131.95291137695312,-48.59382247924805,50
7644,KLHL9,131.70797729492188,-48.165924072265625,50
7645,KLK1,141.06967163085938,-35.25236892700195,62
7646,KLK10,139.78350830078125,-33.00811004638672,61
7647,KLK11,140.53128051757812,-34.38594055175781,61
7648,KLK12,140.67391967773438,-34.59683609008789,61
7649,KLK13,140.3244171142578,-34.10805130004883,61
7650,KLK14,140.5298614501953,-34.387062072753906,61
7651,KLK15,140.43826293945312,-34.252952575683594,61
7652,KLK2,139.99632263183594,-33.32865524291992,61
7653,KLK3,140.64450073242188,-34.30341339111328,61
7654,KLK4,140.19410705566406,-33.772125244140625,61
7655,KLK5,140.450927734375,-34.262298583984375,61
7656,KLK6,140.60665893554688,-34.471160888671875,61
7657,KLK7,140.38064575195312,-34.1826171875,61
7658,KLK8,140.47235107421875,-34.40690612792969,61
7659,KLK9,140.35272216796875,-34.18128204345703,61
7660,KLKB1,136.5353546142578,-23.85076332092285,146
7661,KLLN,94.3984375,46.601165771484375,301
7662,KLRB1,70.59748077392578,-43.91090774536133,56
7663,KLRC1,70.21043395996094,-44.29706954956055,57
7664,KLRC2,70.16377258300781,-44.34596252441406,57
7665,KLRC3,70.07029724121094,-44.44511413574219,57
7666,KLRC4,70.17938995361328,-44.336090087890625,57
7667,KLRF1,70.27754211425781,-44.239410400390625,57
7668,KLRF2,69.95191955566406,-44.56929016113281,57
7669,KLRG1,70.35050201416016,-44.17047119140625,57
7670,KLRG2,102.42022705078125,41.86123275756836,199
7671,KLRK1,70.18828582763672,-44.334835052490234,57
7672,KMO,135.210693359375,10.674744606018066,282
7673,KMT2B,79.5982666015625,21.35577964782715,281
7674,KMT2E,77.4637451171875,21.3359375,281
7675,KMT5A,98.5746841430664,25.8237361907959,439
7676,KMT5B,86.4503402709961,23.11400604248047,418
7677,KMT5C,85.04566955566406,39.857173919677734,302
7678,KNCN,96.88764953613281,43.904327392578125,300
7679,KNDC1,93.95193481445312,13.469781875610352,396
7680,KNG1,138.9482421875,-12.179468154907227,246
7681,KNL1,87.09548950195312,23.787445068359375,411
7682,KNOP1,112.18679809570312,32.321327209472656,391
7683,KNSTRN,90.40397644042969,25.96027183532715,412
7684,KNTC1,99.61576843261719,-3.406310558319092,291
7685,KPNA1,105.4281005859375,0.36445048451423645,313
7686,KPNA2,105.97748565673828,0.5720536708831787,313
7687,KPNA3,105.89366149902344,0.9399977922439575,313
7688,KPNA4,105.58534240722656,0.6035477519035339,313
7689,KPNA5,106.03379821777344,0.7457670569419861,313
7690,KPNA6,105.89958190917969,1.1583402156829834,313
7691,KPNA7,106.01691436767578,0.4377298951148987,313
7692,KPNB1,104.4622802734375,-0.995665431022644,308
7693,KPRP,87.19336700439453,41.37300491333008,302
7694,KPTN,119.6336441040039,14.733437538146973,383
7695,KRAS,76.06906127929688,-70.22587585449219,96
7696,KRBA1,85.77178192138672,30.32066535949707,349
7697,KRBOX1,31.468242645263672,-44.65718078613281,78
7698,KRCC1,72.35504913330078,17.989925384521484,120
7699,KREMEN1,133.460205078125,-16.791034698486328,236
7700,KREMEN2,133.6458740234375,-16.73919105529785,236
7701,KRI1,110.96428680419922,33.37089538574219,391
7702,KRIT1,99.16114807128906,12.632047653198242,427
7703,KRR1,113.80066680908203,33.07219696044922,401
7704,KRT1,207.67120361328125,24.210147857666016,20
7705,KRT10,207.59576416015625,24.270660400390625,20
7706,KRT12,206.93321228027344,25.008869171142578,20
7707,KRT13,206.96142578125,24.856035232543945,20
7708,KRT14,206.92933654785156,24.874343872070312,20
7709,KRT15,206.84915161132812,24.934925079345703,20
7710,KRT16,206.9033966064453,24.903636932373047,20
7711,KRT17,206.75057983398438,25.015262603759766,20
7712,KRT18,206.6139373779297,25.088598251342773,20
7713,KRT19,206.5912628173828,25.11289405822754,20
7714,KRT2,207.6453857421875,24.235746383666992,20
7715,KRT20,206.52305603027344,25.22840690612793,20
7716,KRT222,80.9886474609375,7.911571979522705,227
7717,KRT23,206.51084899902344,25.227035522460938,20
7718,KRT24,206.88958740234375,24.933452606201172,20
7719,KRT25,206.59735107421875,25.177736282348633,20
7720,KRT26,206.5926513671875,25.17184829711914,20
7721,KRT27,206.5897216796875,25.17706871032715,20
7722,KRT28,206.50550842285156,25.254318237304688,20
7723,KRT3,207.65541076660156,24.225187301635742,20
7724,KRT31,206.38328552246094,25.37380599975586,20
7725,KRT32,206.48989868164062,25.278303146362305,20
7726,KRT33A,206.43850708007812,25.337066650390625,20
7727,KRT33B,206.33969116210938,25.443721771240234,20
7728,KRT34,206.37796020507812,25.33877944946289,20
7729,KRT35,206.41885375976562,25.32032012939453,20
7730,KRT36,206.44712829589844,25.341882705688477,20
7731,KRT37,206.46917724609375,25.305519104003906,20
7732,KRT38,206.52891540527344,25.212711334228516,20
7733,KRT39,206.05523681640625,25.71157455444336,20
7734,KRT4,207.3523712158203,24.46296501159668,20
7735,KRT40,206.40768432617188,25.366498947143555,20
7736,KRT5,207.52154541015625,24.338428497314453,20
7737,KRT6A,207.49864196777344,24.35851287841797,20
7738,KRT6B,207.41156005859375,24.424535751342773,20
7739,KRT6C,207.69024658203125,24.172805786132812,20
7740,KRT7,206.74295043945312,24.960107803344727,20
7741,KRT71,207.11676025390625,24.627971649169922,20
7742,KRT72,206.89857482910156,24.79770851135254,20
7743,KRT73,206.98312377929688,24.769981384277344,20
7744,KRT74,206.68630981445312,25.03380584716797,20
7745,KRT75,207.23297119140625,24.583349227905273,20
7746,KRT76,207.9788055419922,23.900634765625,20
7747,KRT77,207.68968200683594,24.18077278137207,20
7748,KRT78,207.17063903808594,24.5599365234375,20
7749,KRT79,207.22866821289062,24.532297134399414,20
7750,KRT8,206.70921325683594,24.952110290527344,20
7751,KRT80,206.20111083984375,25.421165466308594,20
7752,KRT81,206.73416137695312,25.00143814086914,20
7753,KRT82,206.68775939941406,25.052671432495117,20
7754,KRT83,206.34219360351562,25.36880111694336,20
7755,KRT84,206.98915100097656,24.772287368774414,20
7756,KRT85,206.65078735351562,25.071470260620117,20
7757,KRT86,206.42837524414062,25.408966064453125,20
7758,KRT9,207.62515258789062,24.252689361572266,20
7759,KRTAP1-1,38.7048454284668,-95.9501953125,6
7760,KRTAP1-3,38.814823150634766,-96.10411071777344,6
7761,KRTAP1-4,38.15189743041992,-95.47158813476562,6
7762,KRTAP1-5,38.711204528808594,-96.0053939819336,6
7763,KRTAP10-1,173.32786560058594,99.31194305419922,1
7764,KRTAP10-10,173.3267059326172,99.31412506103516,1
7765,KRTAP10-11,173.32638549804688,99.31439971923828,1
7766,KRTAP10-12,173.3319091796875,99.32076263427734,1
7767,KRTAP10-2,173.3311309814453,99.3182373046875,1
7768,KRTAP10-3,173.33425903320312,99.31455993652344,1
7769,KRTAP10-4,173.3291015625,99.30542755126953,1
7770,KRTAP10-5,173.3373260498047,99.31658935546875,1
7771,KRTAP10-6,173.33506774902344,99.3142318725586,1
7772,KRTAP10-7,173.33169555664062,99.31742095947266,1
7773,KRTAP10-8,173.3389434814453,99.31694030761719,1
7774,KRTAP10-9,173.3271026611328,99.30464935302734,1
7775,KRTAP11-1,38.05584716796875,-95.56004333496094,6
7776,KRTAP12-1,38.47978973388672,-95.74937438964844,6
7777,KRTAP12-2,38.41136169433594,-95.68197631835938,6
7778,KRTAP12-3,38.49116897583008,-95.74955749511719,6
7779,KRTAP12-4,38.5783805847168,-95.83836364746094,6
7780,KRTAP13-1,37.8228645324707,-95.64224243164062,6
7781,KRTAP13-2,37.816829681396484,-95.5976791381836,6
7782,KRTAP13-3,37.601287841796875,-95.62801361083984,6
7783,KRTAP13-4,37.7232780456543,-95.53861999511719,6
7784,KRTAP15-1,37.67562484741211,-95.60260772705078,6
7785,KRTAP16-1,38.743614196777344,-95.52789306640625,6
7786,KRTAP17-1,35.62510681152344,-92.66609191894531,2
7787,KRTAP19-1,32.91840744018555,-96.42916107177734,4
7788,KRTAP19-2,32.98717498779297,-96.44512176513672,4
7789,KRTAP19-3,32.90597915649414,-96.42008972167969,4
7790,KRTAP19-4,32.88499069213867,-96.4371566772461,4
7791,KRTAP19-5,32.9073371887207,-96.43580627441406,4
7792,KRTAP19-6,32.89920425415039,-96.43882751464844,4
7793,KRTAP19-7,32.92267608642578,-96.42923736572266,4
7794,KRTAP19-8,32.90058898925781,-96.43634796142578,4
7795,KRTAP2-1,38.921302795410156,-96.17875671386719,6
7796,KRTAP2-2,38.625892639160156,-95.88443756103516,6
7797,KRTAP2-3,38.4498291015625,-95.71908569335938,6
7798,KRTAP2-4,38.758056640625,-96.03209686279297,6
7799,KRTAP20-1,32.833621978759766,-96.58309173583984,4
7800,KRTAP20-2,32.92674255371094,-96.45639038085938,4
7801,KRTAP20-3,32.98262405395508,-96.45735168457031,4
7802,KRTAP20-4,95.3047103881836,45.530513763427734,301
7803,KRTAP21-1,32.81190490722656,-96.60758209228516,4
7804,KRTAP21-2,32.906089782714844,-96.44330596923828,4
7805,KRTAP21-3,33.10623550415039,-96.4329605102539,4
7806,KRTAP22-1,33.136695861816406,-96.42922973632812,4
7807,KRTAP22-2,33.340843200683594,-96.39751434326172,4
7808,KRTAP23-1,35.210140228271484,-96.0317611694336,4
7809,KRTAP24-1,37.9051399230957,-95.46083068847656,6
7810,KRTAP25-1,91.13732147216797,39.404483795166016,331
7811,KRTAP26-1,38.06397247314453,-95.50588989257812,6
7812,KRTAP27-1,89.70646667480469,38.91478729248047,331
7813,KRTAP29-1,38.27705383300781,-95.5753402709961,6
7814,KRTAP3-1,38.186866760253906,-95.50830841064453,6
7815,KRTAP3-2,38.23896026611328,-95.52982330322266,6
7816,KRTAP3-3,38.22087860107422,-95.53416442871094,6
7817,KRTAP4-1,40.071929931640625,-97.2763442993164,7
7818,KRTAP4-11,40.57804489135742,-97.77396392822266,7
7819,KRTAP4-12,40.34311294555664,-97.57621765136719,7
7820,KRTAP4-2,40.24245834350586,-97.4794692993164,7
7821,KRTAP4-3,40.373016357421875,-97.60655212402344,7
7822,KRTAP4-4,40.37007141113281,-97.56550598144531,7
7823,KRTAP4-5,40.45928192138672,-97.69212341308594,7
7824,KRTAP4-6,40.32989501953125,-97.522216796875,7
7825,KRTAP4-7,40.210208892822266,-97.69114685058594,7
7826,KRTAP4-8,40.42234420776367,-97.65206146240234,7
7827,KRTAP4-9,40.368099212646484,-97.6218032836914,7
7828,KRTAP5-1,35.492881774902344,-92.10215759277344,2
7829,KRTAP5-10,35.57401657104492,-92.22090148925781,2
7830,KRTAP5-11,35.578792572021484,-92.23151397705078,2
7831,KRTAP5-2,35.57191467285156,-92.22660064697266,2
7832,KRTAP5-3,35.279029846191406,-91.92263793945312,2
7833,KRTAP5-4,35.55289077758789,-92.19252014160156,2
7834,KRTAP5-5,35.52312469482422,-92.1585693359375,2
7835,KRTAP5-6,35.4757080078125,-92.11347961425781,2
7836,KRTAP5-7,35.561485290527344,-92.231689453125,2
7837,KRTAP5-8,35.56761932373047,-92.22869110107422,2
7838,KRTAP5-9,35.69182586669922,-92.3958740234375,2
7839,KRTAP6-1,32.949241638183594,-96.44418334960938,4
7840,KRTAP6-2,32.92620086669922,-96.4607162475586,4
7841,KRTAP6-3,32.97370910644531,-96.3414077758789,4
7842,KRTAP7-1,33.143680572509766,-96.42280578613281,4
7843,KRTAP8-1,33.016563415527344,-96.44479370117188,4
7844,KRTAP9-1,40.14206314086914,-97.34337615966797,7
7845,KRTAP9-2,40.131561279296875,-97.33547973632812,7
7846,KRTAP9-3,40.04883575439453,-97.27752685546875,7
7847,KRTAP9-4,40.10289001464844,-97.33329772949219,7
7848,KRTAP9-6,40.16333770751953,-97.37458801269531,7
7849,KRTAP9-7,40.14154052734375,-97.34615325927734,7
7850,KRTAP9-8,40.157958984375,-97.39219665527344,7
7851,KRTAP9-9,40.06996536254883,-97.29080200195312,7
7852,KRTCAP2,91.96261596679688,-27.24915313720703,158
7853,KRTCAP3,86.03720092773438,-30.56210708618164,124
7854,KRTDAP,107.39741516113281,54.30807113647461,112
7855,KSR1,91.62629699707031,8.36839485168457,380
7856,KTI12,108.82318115234375,28.454612731933594,419
7857,KTN1,74.70126342773438,2.697765588760376,232
7858,KXD1,108.80929565429688,31.05298614501953,424
7859,KY,124.37136840820312,4.196183204650879,200
7860,KYAT1,135.2265625,15.981529235839844,440
7861,KYAT3,134.3525390625,17.135255813598633,440
7862,L1TD1,91.74493408203125,36.88970184326172,331
7863,L2HGDH,128.72366333007812,21.14797592163086,327
7864,L3HYPDH,125.5057601928711,20.328981399536133,468
7865,L3MBTL1,97.2743148803711,19.561059951782227,404
7866,L3MBTL2,96.61053466796875,20.884111404418945,393
7867,L3MBTL3,95.91739654541016,19.96982765197754,399
7868,L3MBTL4,95.98127746582031,19.708236694335938,399
7869,LACC1,123.35419464111328,17.435672760009766,420
7870,LACRT,107.20137023925781,53.99675750732422,112
7871,LACTB,126.36044311523438,3.5279111862182617,200
7872,LACTB2,126.23711395263672,19.957916259765625,467
7873,LACTBL1,139.21835327148438,1.5904754400253296,239
7874,LAD1,87.10757446289062,31.04598617553711,317
7875,LAG3,98.06398010253906,67.52157592773438,259
7876,LAIR1,94.5118408203125,69.69396209716797,259
7877,LAIR2,93.42705535888672,74.75886535644531,160
7878,LALBA,140.9499969482422,-14.977617263793945,249
7879,LAMA1,126.10905456542969,-22.433982849121094,202
7880,LAMA2,126.37762451171875,-22.52718734741211,202
7881,LAMA3,126.16627502441406,-22.350099563598633,202
7882,LAMA4,126.26728057861328,-22.5218563079834,202
7883,LAMA5,125.81352233886719,-22.333600997924805,202
7884,LAMB1,128.12181091308594,-22.65155029296875,202
7885,LAMB2,127.24948120117188,-22.556690216064453,202
7886,LAMB3,127.93580627441406,-22.66190528869629,202
7887,LAMB4,128.144287109375,-22.507518768310547,202
7888,LAMC1,127.84069061279297,-22.710479736328125,202
7889,LAMC2,127.85625457763672,-22.69770050048828,202
7890,LAMC3,128.28668212890625,-22.39209747314453,202
7891,LAMP1,126.24877166748047,-3.845054864883423,234
7892,LAMP3,92.45103454589844,55.83332443237305,147
7893,LAMP5,99.83586120605469,59.967132568359375,242
7894,LAMTOR1,105.60032653808594,34.158103942871094,284
7895,LAMTOR2,119.8264389038086,33.982627868652344,316
7896,LAMTOR3,119.05586242675781,31.46184730529785,347
7897,LAMTOR4,120.04718017578125,33.30949783325195,316
7898,LAMTOR5,120.1673583984375,33.99901580810547,316
7899,LANCL1,116.90605926513672,11.406393051147461,319
7900,LANCL2,116.47868347167969,12.340194702148438,319
7901,LAP3,137.91212463378906,18.851558685302734,387
7902,LAPTM4A,86.7440185546875,-28.894498825073242,124
7903,LAPTM4B,88.98789978027344,-24.467529296875,158
7904,LAPTM5,85.99185180664062,-28.754653930664062,124
7905,LARGE1,141.17196655273438,1.0262941122055054,239
7906,LARGE2,138.9935302734375,0.9780675172805786,239
7907,LARP1,79.03849792480469,23.32693862915039,281
7908,LARP1B,79.34809112548828,21.75979232788086,281
7909,LARP4,78.59336853027344,23.95496368408203,281
7910,LARP4B,78.33740997314453,23.913469314575195,281
7911,LARP6,97.32315063476562,28.45062255859375,439
7912,LARP7,111.3881607055664,32.935611724853516,391
7913,LARS2,125.59467315673828,13.13016128540039,314
7914,LASP1,97.19939422607422,17.210086822509766,407
7915,LAT,94.67453002929688,63.2289924621582,250
7916,LAT2,94.95733642578125,63.29093933105469,250
7917,LATS1,78.51274108886719,25.23988914489746,281
7918,LATS2,82.76890563964844,21.403221130371094,318
7919,LAX1,95.58749389648438,61.31792449951172,250
7920,LAYN,99.42771911621094,59.063724517822266,242
7921,LBH,99.01908874511719,38.051761627197266,341
7922,LBHD1,95.29019165039062,40.03330612182617,344
7923,LBHD2,98.15193176269531,37.818058013916016,341
7924,LBP,72.11302947998047,-20.51276969909668,64
7925,LBR,98.1570816040039,-31.989788055419922,171
7926,LBX1,67.91515350341797,46.73008728027344,261
7927,LBX2,68.64755249023438,47.37126922607422,261
7928,LCA5,79.97721099853516,9.055074691772461,227
7929,LCA5L,80.07191467285156,9.420055389404297,198
7930,LCAT,135.9234161376953,1.02861750125885,240
7931,LCE1A,8.79755973815918,-70.92144775390625,24
7932,LCE1B,8.60080337524414,-71.1251220703125,24
7933,LCE1C,8.935818672180176,-70.79292297363281,24
7934,LCE1D,8.963407516479492,-70.76615142822266,24
7935,LCE1E,8.883013725280762,-70.83929443359375,24
7936,LCE1F,8.897644996643066,-70.82938385009766,24
7937,LCE2A,8.973175048828125,-70.75682067871094,24
7938,LCE2B,8.973552703857422,-70.74835205078125,24
7939,LCE2C,8.974953651428223,-70.74856567382812,24
7940,LCE2D,8.95718002319336,-70.76763916015625,24
7941,LCE3A,8.963020324707031,-70.76732635498047,24
7942,LCE3B,8.958342552185059,-70.76004028320312,24
7943,LCE3C,9.14365291595459,-70.59925842285156,24
7944,LCE3D,9.04242992401123,-70.66448211669922,24
7945,LCE3E,9.037546157836914,-70.67757415771484,24
7946,LCE4A,8.971526145935059,-70.75686645507812,24
7947,LCE5A,9.036896705627441,-70.6698226928711,24
7948,LCE6A,9.694878578186035,-69.80712890625,25
7949,LCK,132.41160583496094,74.45728302001953,67
7950,LCLAT1,128.1783447265625,9.66964340209961,196
7951,LCMT1,121.53797912597656,21.55031967163086,470
7952,LCMT2,118.87020111083984,16.754039764404297,460
7953,LCN1,76.33507537841797,-19.044593811035156,81
7954,LCN10,77.02000427246094,-18.972017288208008,82
7955,LCN12,76.42642974853516,-18.88299560546875,81
7956,LCN15,76.31977081298828,-18.96354866027832,81
7957,LCN2,76.31053924560547,-19.121984481811523,81
7958,LCN6,75.8874740600586,-19.298320770263672,81
7959,LCN8,76.42243957519531,-18.815053939819336,81
7960,LCN9,76.32968139648438,-19.006282806396484,81
7961,LCNL1,77.03329467773438,-18.168333053588867,82
7962,LCORL,72.03863525390625,23.95536231994629,279
7963,LCP1,103.82666778564453,14.013981819152832,353
7964,LCP2,86.70228576660156,16.72047233581543,367
7965,LCT,132.08714294433594,0.6082048416137695,252
7966,LCTL,133.13478088378906,1.5993235111236572,252
7967,LDAH,127.09123229980469,12.41501235961914,196
7968,LDB1,81.74642944335938,29.04533576965332,188
7969,LDB2,80.59391784667969,30.213775634765625,188
7970,LDB3,93.42835998535156,26.511119842529297,354
7971,LDHA,134.9298553466797,20.934782028198242,387
7972,LDHAL6A,131.84527587890625,19.939571380615234,458
7973,LDHAL6B,132.04855346679688,20.536489486694336,458
7974,LDHB,135.3895263671875,22.002460479736328,387
7975,LDHC,132.84091186523438,19.363845825195312,458
7976,LDHD,132.82583618164062,18.280494689941406,458
7977,LDLR,133.28472900390625,-20.166725158691406,236
7978,LDLRAD1,139.0720977783203,-15.498770713806152,230
7979,LDLRAD2,135.9852294921875,-10.890853881835938,241
7980,LDLRAD3,98.42744445800781,54.7734375,262
7981,LDLRAD4,97.69673156738281,55.18722152709961,262
7982,LDLRAP1,96.91494750976562,16.179113388061523,407
7983,LEAP2,144.47535705566406,-20.722354888916016,221
7984,LECT2,139.43295288085938,-10.857128143310547,246
7985,LEF1,69.75543212890625,39.289581298828125,254
7986,LEFTY1,143.60498046875,-9.084153175354004,212
7987,LEFTY2,144.41259765625,-9.94184684753418,212
7988,LEKR1,74.94696807861328,4.234118938446045,232
7989,LELP1,9.67293930053711,-69.8445816040039,25
7990,LEMD1,100.55873107910156,41.57435989379883,294
7991,LEMD2,105.17161560058594,15.358427047729492,324
7992,LEMD3,96.56970977783203,26.141754150390625,434
7993,LENEP,97.95121002197266,46.763858795166016,245
7994,LENG1,106.98733520507812,33.48828125,425
7995,LENG8,77.53531646728516,26.221343994140625,281
7996,LENG9,100.11310577392578,31.055866241455078,346
7997,LEO1,93.279296875,27.584707260131836,384
7998,LEP,112.59994506835938,60.955318450927734,117
7999,LEPR,102.42599487304688,66.00404357910156,270
8000,LEPROT,91.51404571533203,-27.731849670410156,158
8001,LEPROTL1,91.57111358642578,-27.729507446289062,158
8002,LETM1,114.64192199707031,18.231473922729492,463
8003,LETM2,111.71977233886719,22.626216888427734,358
8004,LETMD1,129.08189392089844,27.991085052490234,330
8005,LEUTX,71.16119384765625,46.00044631958008,261
8006,LEXM,87.27476501464844,43.1435546875,305
8007,LFNG,140.72256469726562,0.017442811280488968,239
8008,LGALS1,156.6427001953125,1.6453356742858887,73
8009,LGALS12,156.3465576171875,1.3102850914001465,73
8010,LGALS13,156.511474609375,1.5239179134368896,73
8011,LGALS14,156.5955810546875,1.5125417709350586,73
8012,LGALS16,156.53799438476562,1.597282886505127,73
8013,LGALS2,156.64419555664062,1.2847509384155273,73
8014,LGALS3,79.00260162353516,31.240554809570312,277
8015,LGALS3BP,134.7688751220703,2.2327513694763184,252
8016,LGALS4,156.6921844482422,1.7501646280288696,73
8017,LGALS7,156.67776489257812,1.4135236740112305,73
8018,LGALS7B,156.6950225830078,1.4016236066818237,73
8019,LGALS8,156.57705688476562,1.7099299430847168,73
8020,LGALS9,156.7125701904297,1.877825379371643,73
8021,LGALS9B,156.66458129882812,1.7919342517852783,73
8022,LGALS9C,156.69871520996094,1.9352586269378662,73
8023,LGALSL,156.37669372558594,1.6676619052886963,73
8024,LGI1,128.10086059570312,-24.738187789916992,190
8025,LGI2,128.44097900390625,-23.752635955810547,190
8026,LGI3,128.6331024169922,-23.995092391967773,190
8027,LGI4,128.8620147705078,-23.93050765991211,190
8028,LGMN,133.492919921875,-0.8067358136177063,252
8029,LGR4,127.41813659667969,-26.307056427001953,190
8030,LGR5,127.49356079101562,-26.225175857543945,190
8031,LGR6,127.6016616821289,-26.257556915283203,190
8032,LGSN,116.2038803100586,16.036705017089844,452
8033,LHB,146.9913787841797,-17.992862701416016,206
8034,LHCGR,127.55062866210938,-26.171504974365234,190
8035,LHFPL2,84.68247985839844,-32.237464904785156,125
8036,LHFPL3,85.37318420410156,-31.24008560180664,125
8037,LHFPL4,85.20789337158203,-31.430322647094727,125
8038,LHFPL5,85.35514831542969,-31.36188507080078,125
8039,LHFPL6,84.31306457519531,-32.40801239013672,125
8040,LHPP,126.7995834350586,20.189414978027344,467
8041,LHX1,65.6541519165039,40.65875244140625,177
8042,LHX2,64.81697082519531,39.405242919921875,177
8043,LHX3,65.45014190673828,40.55931854248047,177
8044,LHX4,65.52031707763672,40.37250518798828,177
8045,LHX5,65.45408630371094,40.501556396484375,177
8046,LHX6,65.49958038330078,39.82360076904297,177
8047,LHX8,65.29618072509766,40.24241638183594,177
8048,LHX9,65.0056381225586,39.727272033691406,177
8049,LIAS,129.11288452148438,20.476871490478516,450
8050,LIF,113.07316589355469,61.14569854736328,117
8051,LIFR,102.61298370361328,66.31629180908203,270
8052,LIG1,111.01521301269531,14.895380973815918,442
8053,LIG3,110.99101257324219,13.964544296264648,357
8054,LIG4,115.19828033447266,16.394800186157227,448
8055,LILRA1,92.35977172851562,76.79881286621094,160
8056,LILRA2,92.74893951416016,76.11479187011719,160
8057,LILRA4,92.24839782714844,76.98500061035156,160
8058,LILRA5,92.39363861083984,76.76270294189453,160
8059,LILRA6,92.23204803466797,77.01180267333984,160
8060,LILRB1,92.0631332397461,77.33287048339844,160
8061,LILRB2,92.00179290771484,77.46720886230469,160
8062,LILRB3,91.97235870361328,77.54248046875,160
8063,LILRB4,92.02368927001953,77.44760131835938,160
8064,LILRB5,91.8508071899414,77.28260803222656,160
8065,LIM2,84.22431945800781,-32.58615493774414,125
8066,LIMA1,87.67538452148438,15.677118301391602,367
8067,LIMCH1,86.43635559082031,10.059710502624512,370
8068,LIMD1,93.91932678222656,23.499601364135742,421
8069,LIMD2,98.14291381835938,26.586402893066406,439
8070,LIME1,97.08074951171875,57.285118103027344,242
8071,LIMK1,130.0314178466797,74.81111145019531,68
8072,LIMK2,130.2529296875,74.51636505126953,68
8073,LIMS1,97.73639678955078,26.054306030273438,434
8074,LIMS2,97.27725982666016,26.57512664794922,434
8075,LIMS3,99.94209289550781,25.568408966064453,439
8076,LIMS4,99.96592712402344,25.836944580078125,439
8077,LIN28A,103.08623504638672,29.74696159362793,382
8078,LIN28B,103.07575225830078,26.230438232421875,433
8079,LIN37,100.40940856933594,35.660518646240234,341
8080,LIN52,107.21871948242188,29.25010871887207,430
8081,LIN54,72.81932067871094,27.887239456176758,281
8082,LIN7A,103.2167739868164,16.517108917236328,324
8083,LIN7B,104.16693878173828,20.855371475219727,364
8084,LIN7C,102.88375854492188,17.33063316345215,381
8085,LIN9,96.67510223388672,18.828369140625,407
8086,LINGO1,157.589599609375,44.81938934326172,92
8087,LINGO3,157.2534637451172,44.69559097290039,92
8088,LINGO4,156.7126007080078,45.38810729980469,105
8089,LINS1,106.06492614746094,7.313595771789551,299
8090,LIPA,133.63356018066406,-0.5445853471755981,252
8091,LIPC,133.7550811767578,-4.464615345001221,235
8092,LIPE,115.00167083740234,13.319330215454102,447
8093,LIPF,133.503173828125,-1.4247714281082153,252
8094,LIPG,134.59439086914062,-5.775339603424072,235
8095,LIPH,133.65444946289062,-4.88738489151001,235
8096,LIPI,133.95193481445312,-4.2296953201293945,235
8097,LIPJ,133.35794067382812,-1.8824074268341064,252
8098,LIPK,134.2149200439453,-1.9672517776489258,252
8099,LIPM,134.30027770996094,-1.0090309381484985,252
8100,LIPN,131.55108642578125,-2.5751819610595703,252
8101,LIPT1,121.43222045898438,21.732933044433594,470
8102,LIPT2,121.15052795410156,23.118694305419922,465
8103,LITAF,96.96903228759766,48.054443359375,245
8104,LITAFD,95.07113647460938,-22.239177703857422,155
8105,LIX1,107.59716033935547,25.162002563476562,322
8106,LIX1L,106.34825134277344,25.849166870117188,390
8107,LKAAEAR1,104.71062469482422,36.011207580566406,284
8108,LLCFC1,95.24736022949219,45.9187126159668,301
8109,LLGL1,122.1890640258789,48.14872741699219,66
8110,LLGL2,121.30660247802734,48.46401596069336,66
8111,LLPH,112.91299438476562,33.74216079711914,401
8112,LMAN1,127.54398345947266,-3.851226806640625,234
8113,LMAN1L,127.09205627441406,-4.24614953994751,234
8114,LMAN2,127.60015869140625,-4.1549906730651855,234
8115,LMAN2L,127.97183227539062,-4.851588249206543,234
8116,LMBR1,95.04501342773438,-28.327234268188477,159
8117,LMBR1L,96.89439392089844,-30.0529842376709,167
8118,LMBRD1,94.29053497314453,-28.061922073364258,159
8119,LMBRD2,95.73924255371094,-28.692598342895508,161
8120,LMCD1,97.83756256103516,25.966379165649414,439
8121,LMF1,101.51400756835938,-29.668655395507812,156
8122,LMF2,100.40032958984375,-29.002826690673828,156
8123,LMLN,123.42192077636719,8.559907913208008,296
8124,LMLN2,124.40447998046875,-4.455808162689209,234
8125,LMNA,205.9825897216797,25.275249481201172,20
8126,LMNB1,205.84246826171875,25.313194274902344,20
8127,LMNB2,205.62442016601562,25.253055572509766,20
8128,LMNTD1,89.02436065673828,11.907350540161133,369
8129,LMNTD2,88.7308120727539,19.599626541137695,414
8130,LMO1,97.5031967163086,27.172119140625,436
8131,LMO2,97.80361938476562,26.985998153686523,436
8132,LMO3,98.70460510253906,26.68452262878418,439
8133,LMO4,97.48057556152344,27.338611602783203,436
8134,LMO7,86.6578598022461,9.928999900817871,370
8135,LMOD1,96.13616180419922,31.19805145263672,321
8136,LMOD2,95.39926147460938,30.74576187133789,321
8137,LMOD3,96.72481536865234,31.59030532836914,337
8138,LMTK2,86.05531311035156,15.702605247497559,365
8139,LMTK3,85.52008819580078,15.869043350219727,365
8140,LMX1A,65.17796325683594,40.323707580566406,177
8141,LMX1B,65.31055450439453,40.29218673706055,177
8142,LNP1,97.08008575439453,42.01939010620117,298
8143,LNPEP,130.23193359375,2.7224161624908447,251
8144,LNPK,105.97224426269531,-11.896991729736328,107
8145,LNX1,99.56193542480469,15.880590438842773,381
8146,LNX2,99.54713439941406,16.72966766357422,381
8147,LONP1,117.99742126464844,15.051883697509766,383
8148,LONP2,116.263916015625,13.549666404724121,319
8149,LONRF1,106.71430969238281,17.61124038696289,375
8150,LOX,138.63955688476562,-8.326147079467773,228
8151,LOXHD1,99.67698669433594,-9.119232177734375,288
8152,LOXL1,137.79005432128906,-7.868935585021973,228
8153,LOXL2,133.01231384277344,-18.667964935302734,236
8154,LOXL3,133.80873107910156,-17.701932907104492,236
8155,LOXL4,133.6682891845703,-18.110816955566406,236
8156,LPA,126.41305541992188,-20.4564208984375,202
8157,LPAR1,4.8439741134643555,-23.86847686767578,17
8158,LPAR2,5.254592418670654,-24.55385398864746,17
8159,LPAR3,4.16483211517334,-23.134994506835938,17
8160,LPAR5,2.3586554527282715,-25.320566177368164,17
8161,LPAR6,0.8546247482299805,-22.58878517150879,17
8162,LPCAT1,124.15052795410156,7.471012115478516,204
8163,LPCAT2,126.38878631591797,8.92753791809082,196
8164,LPCAT3,100.25798034667969,-31.6190185546875,171
8165,LPCAT4,120.64250183105469,3.930959463119507,157
8166,LPGAT1,127.10257720947266,9.877289772033691,196
8167,LPIN1,97.8934326171875,13.40144157409668,431
8168,LPIN2,97.11636352539062,13.146475791931152,431
8169,LPIN3,98.27325439453125,14.347139358520508,410
8170,LPL,134.20877075195312,-4.938350677490234,235
8171,LPO,133.3096160888672,-1.836703896522522,252
8172,LPXN,95.4962158203125,26.36487579345703,354
8173,LRAT,115.93832397460938,23.342758178710938,363
8174,LRATD1,104.08517456054688,22.576982498168945,406
8175,LRATD2,103.60289764404297,21.843341827392578,406
8176,LRBA,95.60652923583984,-3.2403085231781006,290
8177,LRCH1,95.11527252197266,13.170303344726562,396
8178,LRCH3,97.95071411132812,13.581871032714844,431
8179,LRCH4,100.3084716796875,8.322851181030273,413
8180,LRCOL1,144.08056640625,-19.94623565673828,221
8181,LRFN1,157.28273010253906,44.46460723876953,92
8182,LRFN2,158.03024291992188,44.180397033691406,92
8183,LRFN3,157.04795837402344,44.28120422363281,92
8184,LRFN4,157.24375915527344,44.452396392822266,92
8185,LRFN5,158.04393005371094,45.12091827392578,92
8186,LRG1,156.2509765625,46.615150451660156,105
8187,LRGUK,152.22727966308594,45.383026123046875,101
8188,LRIF1,82.99304962158203,24.505695343017578,281
8189,LRIG1,127.1175308227539,-26.167238235473633,190
8190,LRIG2,127.63900756835938,-25.642494201660156,190
8191,LRIG3,127.27652740478516,-26.08963394165039,190
8192,LRIT1,157.19033813476562,43.963356018066406,92
8193,LRIT2,156.6693572998047,44.33132553100586,92
8194,LRIT3,156.1864471435547,43.14855194091797,92
8195,LRMDA,153.6636962890625,45.61416244506836,101
8196,LRP10,130.46702575683594,-14.66561222076416,223
8197,LRP11,128.8925323486328,-10.44235610961914,223
8198,LRP12,120.7998046875,-12.22191333770752,219
8199,LRP2BP,111.1215591430664,0.791563093662262,293
8200,LRP3,131.83851623535156,-15.191487312316895,236
8201,LRP4,125.98165893554688,-21.38011932373047,202
8202,LRP5,126.2929916381836,-17.84575653076172,202
8203,LRP6,126.09812927246094,-15.976853370666504,217
8204,LRP8,133.2001495361328,-20.192020416259766,236
8205,LRPAP1,128.1741943359375,-3.0048365592956543,234
8206,LRPPRC,111.87272644042969,8.608469009399414,389
8207,LRR1,154.64874267578125,46.332515716552734,104
8208,LRRC1,154.75625610351562,46.81022644042969,104
8209,LRRC10,154.73501586914062,46.518455505371094,104
8210,LRRC10B,154.911376953125,46.068382263183594,104
8211,LRRC14,161.18966674804688,50.349918365478516,44
8212,LRRC14B,157.54469299316406,47.656097412109375,105
8213,LRRC15,156.49911499023438,46.44208526611328,105
8214,LRRC17,156.96261596679688,47.19635772705078,105
8215,LRRC18,154.7832794189453,46.78132629394531,104
8216,LRRC19,156.64857482910156,45.28492736816406,105
8217,LRRC2,154.2029266357422,46.206275939941406,104
8218,LRRC20,154.7361602783203,46.24233627319336,104
8219,LRRC23,154.2916259765625,46.475772857666016,104
8220,LRRC24,156.8915557861328,44.311378479003906,92
8221,LRRC25,95.78987884521484,64.98641204833984,250
8222,LRRC26,157.3410186767578,44.61339569091797,92
8223,LRRC27,82.2198486328125,11.940206527709961,198
8224,LRRC28,154.68331909179688,46.39034652709961,104
8225,LRRC3,156.91893005371094,44.58906555175781,92
8226,LRRC30,154.6892852783203,46.89869689941406,104
8227,LRRC31,153.5608367919922,45.266056060791016,101
8228,LRRC32,156.4466552734375,46.48643112182617,105
8229,LRRC34,152.81765747070312,45.48731231689453,101
8230,LRRC36,85.80747985839844,14.608064651489258,365
8231,LRRC37A,86.9021987915039,40.49997329711914,302
8232,LRRC37A2,87.31627655029297,40.25770568847656,302
8233,LRRC37A3,86.75407409667969,40.52568817138672,302
8234,LRRC37B,87.04304504394531,40.35923767089844,302
8235,LRRC38,156.76300048828125,44.15062713623047,92
8236,LRRC39,154.69525146484375,46.66120147705078,104
8237,LRRC3B,157.40927124023438,44.221187591552734,92
8238,LRRC3C,156.87989807128906,44.435821533203125,92
8239,LRRC4,157.85092163085938,44.91767883300781,92
8240,LRRC40,154.72174072265625,46.805625915527344,104
8241,LRRC41,99.38160705566406,17.96244239807129,381
8242,LRRC42,105.87486267089844,19.542797088623047,395
8243,LRRC43,152.14186096191406,45.50505065917969,101
8244,LRRC45,76.6750717163086,4.984857082366943,231
8245,LRRC46,152.8264617919922,45.41685104370117,101
8246,LRRC47,116.1379165649414,18.66869354248047,461
8247,LRRC49,152.34149169921875,45.37592315673828,101
8248,LRRC4B,157.5596160888672,44.61768341064453,92
8249,LRRC4C,158.42791748046875,45.26942825317383,92
8250,LRRC52,156.94142150878906,44.304176330566406,92
8251,LRRC53,85.62529754638672,25.576953887939453,349
8252,LRRC55,157.188232421875,44.304588317871094,92
8253,LRRC56,153.68106079101562,44.480369567871094,101
8254,LRRC57,155.1403350830078,46.90570831298828,104
8255,LRRC58,155.60177612304688,46.59010314941406,104
8256,LRRC59,154.6006622314453,43.325233459472656,101
8257,LRRC61,153.80044555664062,45.154998779296875,101
8258,LRRC63,89.793701171875,10.996623992919922,371
8259,LRRC66,86.87896728515625,23.1460018157959,411
8260,LRRC69,154.934814453125,46.748809814453125,104
8261,LRRC70,156.6639404296875,45.63365936279297,105
8262,LRRC71,151.96966552734375,45.47907257080078,101
8263,LRRC72,153.18740844726562,45.58483123779297,101
8264,LRRC73,153.44049072265625,45.451194763183594,101
8265,LRRC74A,153.2035675048828,45.43998336791992,101
8266,LRRC74B,152.660888671875,45.232940673828125,101
8267,LRRC75A,121.10723876953125,27.583770751953125,373
8268,LRRC75B,152.88902282714844,44.1533317565918,101
8269,LRRC8A,156.1287841796875,45.390037536621094,105
8270,LRRC8B,156.03033447265625,45.40159225463867,105
8271,LRRC8C,156.07785034179688,45.2587890625,105
8272,LRRC8D,156.19393920898438,45.343849182128906,105
8273,LRRC8E,156.00985717773438,45.36334228515625,105
8274,LRRC9,152.7294464111328,45.48097229003906,101
8275,LRRCC1,74.68278503417969,3.52439284324646,232
8276,LRRD1,155.18698120117188,46.649810791015625,104
8277,LRRFIP1,81.02052307128906,7.839145183563232,227
8278,LRRFIP2,82.10620880126953,6.894809722900391,227
8279,LRRIQ1,81.98860931396484,9.395825386047363,226
8280,LRRIQ3,80.95325469970703,10.525819778442383,198
8281,LRRIQ4,155.03125,46.726497650146484,104
8282,LRRK2,99.70834350585938,-5.234410762786865,291
8283,LRRN1,157.83154296875,45.00049591064453,92
8284,LRRN2,157.40093994140625,45.1181755065918,92
8285,LRRN3,158.23947143554688,45.47878646850586,92
8286,LRRN4,157.0521240234375,44.25178909301758,92
8287,LRRN4CL,135.5314483642578,-13.438896179199219,224
8288,LRRTM1,157.9196319580078,44.67413330078125,92
8289,LRRTM2,157.91729736328125,45.076454162597656,92
8290,LRRTM3,158.42410278320312,45.325721740722656,92
8291,LRRTM4,158.71185302734375,44.792869567871094,92
8292,LRSAM1,74.38639831542969,5.870441436767578,208
8293,LRTM1,157.3822479248047,44.57066345214844,92
8294,LRTM2,157.25942993164062,44.3895378112793,92
8295,LRWD1,125.14441680908203,49.356689453125,66
8296,LSAMP,121.22981262207031,-17.55336570739746,220
8297,LSG1,112.31527709960938,31.448570251464844,401
8298,LSM1,120.5026626586914,35.144981384277344,315
8299,LSM10,121.10636901855469,32.31467819213867,316
8300,LSM11,98.89733123779297,27.98065185546875,439
8301,LSM12,110.21808624267578,29.415180206298828,419
8302,LSM14A,70.11841583251953,22.29599380493164,278
8303,LSM14B,71.7403564453125,22.627681732177734,278
8304,LSM2,120.74127960205078,35.439727783203125,315
8305,LSM3,120.57809448242188,35.671234130859375,315
8306,LSM4,120.81378936767578,36.124717712402344,315
8307,LSM5,121.48631286621094,35.89092254638672,315
8308,LSM6,121.09657287597656,36.131473541259766,315
8309,LSM7,120.96276092529297,36.07845687866211,315
8310,LSMEM1,99.46849060058594,48.126625061035156,263
8311,LSMEM2,100.24363708496094,47.52983474731445,263
8312,LSP1,92.75212097167969,34.982696533203125,338
8313,LSR,100.20658874511719,60.93576431274414,273
8314,LSS,123.61039733886719,11.395366668701172,296
8315,LST1,95.03276824951172,64.63410186767578,250
8316,LTA,156.650146484375,-7.5850958824157715,100
8317,LTA4H,130.31663513183594,3.6742606163024902,251
8318,LTB,156.10568237304688,-7.886208534240723,100
8319,LTB4R,3.2258338928222656,-24.908763885498047,17
8320,LTB4R2,3.8261423110961914,-25.05010986328125,17
8321,LTBP1,132.04408264160156,-20.754098892211914,236
8322,LTBP2,131.6963348388672,-22.118663787841797,236
8323,LTBP3,131.70448303222656,-22.191675186157227,236
8324,LTBP4,132.12033081054688,-22.126937866210938,236
8325,LTBR,98.50741577148438,58.836463928222656,242
8326,LTC4S,94.62008666992188,-32.09941482543945,166
8327,LTF,134.37026977539062,-7.4007720947265625,235
8328,LTK,137.05789184570312,67.55633544921875,43
8329,LTN1,98.72624206542969,-2.983562707901001,291
8330,LTO1,121.63380432128906,19.160362243652344,416
8331,LTV1,111.60015106201172,33.102237701416016,391
8332,LUC7L,68.26544189453125,17.215087890625,120
8333,LUC7L2,68.44699096679688,17.326793670654297,120
8334,LUC7L3,69.79935455322266,17.65875244140625,120
8335,LUM,156.28001403808594,47.650299072265625,105
8336,LURAP1,92.8993911743164,34.70891571044922,338
8337,LURAP1L,88.76596069335938,31.38054084777832,321
8338,LUZP1,82.15223693847656,11.266770362854004,198
8339,LUZP2,81.79646301269531,6.2686052322387695,227
8340,LVRN,130.6374969482422,2.3925118446350098,251
8341,LXN,116.92505645751953,24.062185287475586,372
8342,LY6D,145.2425994873047,-20.3861141204834,221
8343,LY6E,145.6089324951172,-20.564674377441406,221
8344,LY6G5B,142.1205291748047,-15.622293472290039,249
8345,LY6G5C,143.36611938476562,-17.4327392578125,249
8346,LY6G6C,145.22195434570312,-20.345191955566406,221
8347,LY6G6D,144.97592163085938,-19.876249313354492,221
8348,LY6G6F,95.4246597290039,68.80525207519531,259
8349,LY6H,145.18594360351562,-20.310321807861328,221
8350,LY6K,145.08038330078125,-19.96010398864746,221
8351,LY6L,144.7371826171875,-19.915340423583984,221
8352,LY75,129.6342010498047,-17.758989334106445,236
8353,LY86,131.62075805664062,-8.863166809082031,224
8354,LY9,94.47945404052734,70.91502380371094,258
8355,LY96,132.20591735839844,-8.992172241210938,224
8356,LYAR,113.50416564941406,32.86449432373047,401
8357,LYG1,140.06858825683594,-11.141077041625977,246
8358,LYG2,139.419921875,-10.34495735168457,246
8359,LYL1,78.61479949951172,42.115177154541016,266
8360,LYN,133.2514190673828,74.0450439453125,67
8361,LYNX1,144.8939666748047,-19.98780632019043,221
8362,LYPD1,144.8334197998047,-19.889875411987305,221
8363,LYPD2,145.38973999023438,-20.483991622924805,221
8364,LYPD3,145.03195190429688,-20.10507583618164,221
8365,LYPD4,144.68736267089844,-19.464527130126953,221
8366,LYPD5,144.96408081054688,-19.94629669189453,221
8367,LYPD6,144.6120147705078,-19.659503936767578,221
8368,LYPD6B,145.04742431640625,-19.97816276550293,221
8369,LYPD8,145.17544555664062,-20.259090423583984,221
8370,LYPLA1,125.38340759277344,19.092065811157227,468
8371,LYPLA2,125.1990966796875,18.880064010620117,468
8372,LYPLAL1,127.071044921875,18.820510864257812,451
8373,LYRM1,129.39947509765625,37.96686553955078,283
8374,LYRM2,129.9632568359375,37.961387634277344,283
8375,LYRM4,129.92945861816406,37.69136047363281,283
8376,LYRM7,130.28250122070312,37.700279235839844,283
8377,LYRM9,129.91552734375,37.445594787597656,283
8378,LYSMD1,97.44059753417969,33.33944320678711,337
8379,LYSMD2,104.15805053710938,31.22972869873047,382
8380,LYSMD3,99.42098999023438,32.88505935668945,346
8381,LYSMD4,100.60469055175781,33.61431884765625,345
8382,LYVE1,92.90242004394531,56.389198303222656,147
8383,LYZ,141.24525451660156,-14.054875373840332,249
8384,LYZL1,141.6341552734375,-14.743785858154297,249
8385,LYZL2,141.36599731445312,-14.331707000732422,249
8386,LYZL4,141.6733856201172,-14.826704025268555,249
8387,LYZL6,141.6727294921875,-14.721303939819336,249
8388,LZIC,111.18427276611328,31.820701599121094,391
8389,LZTFL1,79.078125,6.398863792419434,227
8390,LZTR1,110.1949691772461,7.195374965667725,306
8391,LZTS1,79.58808135986328,6.2586517333984375,227
8392,LZTS2,79.31133270263672,6.631450176239014,227
8393,LZTS3,79.44922637939453,7.031109809875488,227
8394,M1AP,107.41581726074219,14.559549331665039,351
8395,M6PR,127.21045684814453,-4.012414932250977,234
8396,MAB21L1,107.84652709960938,21.90902328491211,406
8397,MAB21L2,107.69662475585938,20.052955627441406,395
8398,MAB21L3,114.99769592285156,6.8051581382751465,214
8399,MAB21L4,114.546875,7.363452434539795,214
8400,MACC1,101.36154174804688,8.095914840698242,297
8401,MACO1,85.38523864746094,5.030326843261719,201
8402,MACROD1,133.79238891601562,22.363405227661133,387
8403,MACROD2,126.08501434326172,14.424799919128418,314
8404,MAD1L1,76.24793243408203,4.490856170654297,231
8405,MAD2L1,113.54537200927734,26.024749755859375,377
8406,MAD2L1BP,114.06932067871094,24.415376663208008,362
8407,MAD2L2,115.00247955322266,25.82805824279785,361
8408,MADCAM1,97.25279235839844,67.82223510742188,259
8409,MADD,95.83316040039062,-0.2991838753223419,290
8410,MAEA,108.59391021728516,25.55221176147461,322
8411,MAEL,110.63433837890625,22.19409942626953,358
8412,MAF,71.97005462646484,42.04208755493164,254
8413,MAF1,111.42825317382812,26.297895431518555,377
8414,MAFA,71.66738891601562,42.84255599975586,254
8415,MAFB,73.70895385742188,42.153900146484375,254
8416,MAFF,79.99800109863281,41.02775192260742,266
8417,MAFG,81.25923156738281,40.18730163574219,266
8418,MAFK,80.25936889648438,41.18645095825195,266
8419,MAG,99.52086639404297,68.61238861083984,255
8420,MAGEF1,99.93785858154297,32.663578033447266,346
8421,MAGEL2,85.57545471191406,37.10842514038086,287
8422,MAGI1,88.47980499267578,8.6964750289917,370
8423,MAGI2,88.19223022460938,9.538827896118164,370
8424,MAGI3,89.6262435913086,8.512340545654297,370
8425,MAGOH,119.78130340576172,33.79620361328125,316
8426,MAGOHB,118.64193725585938,32.21361541748047,347
8427,MAIP1,130.23184204101562,29.27051544189453,330
8428,MAJIN,94.13878631591797,39.23630142211914,344
8429,MAK,126.761962890625,77.14093017578125,68
8430,MAK16,110.98135375976562,33.23600769042969,391
8431,MAL,86.00901794433594,-29.10283851623535,124
8432,MAL2,86.73231506347656,-29.012907028198242,124
8433,MALL,86.66351318359375,-29.980579376220703,124
8434,MALRD1,125.3146743774414,-21.042118072509766,202
8435,MALSU1,129.9535369873047,29.626352310180664,330
8436,MALT1,112.93061065673828,12.066642761230469,389
8437,MAMDC2,131.13877868652344,-16.48006820678711,236
8438,MAMDC4,131.947509765625,-18.819351196289062,236
8439,MAML1,75.73128509521484,27.101781845092773,281
8440,MAML2,74.50270080566406,28.04169464111328,281
8441,MAML3,75.08956146240234,27.48379898071289,281
8442,MAMSTR,91.17328643798828,34.1522102355957,336
8443,MAN1A1,137.76808166503906,-0.03538321331143379,240
8444,MAN1A2,136.67095947265625,0.1362433284521103,240
8445,MAN1B1,137.1039276123047,-0.12635257840156555,240
8446,MAN1C1,138.52395629882812,0.05593917518854141,240
8447,MAN2A1,133.1793975830078,1.5572476387023926,252
8448,MAN2A2,134.62228393554688,1.1350332498550415,252
8449,MAN2B1,134.81417846679688,1.9305479526519775,252
8450,MAN2B2,134.1563720703125,1.1702171564102173,252
8451,MAN2C1,116.76947784423828,7.763944625854492,214
8452,MANBA,132.99349975585938,0.7655390501022339,252
8453,MANBAL,104.2733383178711,45.96343231201172,294
8454,MANEA,134.50656127929688,1.0006005764007568,252
8455,MANEAL,138.4593963623047,1.0254985094070435,239
8456,MANF,128.1815948486328,-2.635103464126587,234
8457,MANSC1,92.08613586425781,55.10552215576172,147
8458,MANSC4,92.91291809082031,55.523109436035156,147
8459,MAP10,87.1574478149414,33.02648162841797,317
8460,MAP1A,82.2981948852539,19.297321319580078,318
8461,MAP1B,83.45440673828125,17.738309860229492,318
8462,MAP1LC3A,120.60328674316406,35.84656524658203,315
8463,MAP1LC3B,120.86027526855469,35.3159294128418,315
8464,MAP1LC3B2,120.17913818359375,34.699073791503906,315
8465,MAP1LC3C,120.86783599853516,34.5172004699707,315
8466,MAP1S,85.48487854003906,16.348684310913086,366
8467,MAP2,83.9066162109375,20.475303649902344,318
8468,MAP2K1,129.2752685546875,75.50645446777344,68
8469,MAP2K2,128.95323181152344,76.1228256225586,68
8470,MAP2K3,128.786865234375,76.41131591796875,68
8471,MAP2K4,129.03028869628906,75.08737182617188,68
8472,MAP2K5,129.31390380859375,74.76730346679688,68
8473,MAP2K7,128.99957275390625,75.95913696289062,68
8474,MAP3K1,90.63835906982422,13.283394813537598,356
8475,MAP3K10,85.68017578125,12.196513175964355,369
8476,MAP3K11,85.45264434814453,12.520695686340332,369
8477,MAP3K12,85.96775817871094,11.78504753112793,369
8478,MAP3K13,86.03594970703125,13.147492408752441,369
8479,MAP3K14,91.94955444335938,21.56555938720703,422
8480,MAP3K19,84.99230194091797,21.80219841003418,418
8481,MAP3K2,128.96258544921875,74.24626159667969,68
8482,MAP3K20,128.89720153808594,73.9658432006836,68
8483,MAP3K21,88.20027160644531,13.57827091217041,369
8484,MAP3K3,128.54959106445312,74.94542694091797,68
8485,MAP3K4,89.73074340820312,10.04055118560791,371
8486,MAP3K5,94.39523315429688,4.653995990753174,320
8487,MAP3K6,94.51597595214844,5.991274833679199,320
8488,MAP3K7,129.24046325683594,74.74039459228516,68
8489,MAP3K7CL,105.32054901123047,32.03135681152344,426
8490,MAP3K8,127.60601806640625,75.5993423461914,68
8491,MAP3K9,86.80426788330078,13.142433166503906,369
8492,MAP4,86.43275451660156,28.906654357910156,350
8493,MAP4K1,129.31088256835938,74.2439956665039,68
8494,MAP4K2,128.5322265625,74.07331848144531,68
8495,MAP4K3,129.22018432617188,74.40325927734375,68
8496,MAP4K4,85.119384765625,6.854207515716553,201
8497,MAP4K5,129.1590118408203,74.37078857421875,68
8498,MAP6,87.12217712402344,36.19062805175781,287
8499,MAP6D1,94.06816101074219,33.62057113647461,335
8500,MAP7,83.48995208740234,11.0068941116333,198
8501,MAP7D1,80.75541687011719,9.961864471435547,198
8502,MAP9,81.05513000488281,12.802978515625,198
8503,MAPK1,128.3389892578125,76.83838653564453,68
8504,MAPK10,129.04824829101562,76.97802734375,68
8505,MAPK11,128.11434936523438,77.36395263671875,68
8506,MAPK12,128.53890991210938,77.60289764404297,68
8507,MAPK13,128.3468780517578,77.64146423339844,68
8508,MAPK14,128.50387573242188,77.03108978271484,68
8509,MAPK15,127.12416076660156,76.87287139892578,68
8510,MAPK1IP1L,76.15784454345703,25.229751586914062,281
8511,MAPK3,128.2112274169922,77.29299926757812,68
8512,MAPK4,126.80470275878906,76.45997619628906,68
8513,MAPK6,126.57203674316406,76.1419677734375,68
8514,MAPK7,84.20903015136719,13.34051513671875,307
8515,MAPK8,128.34475708007812,77.13066864013672,68
8516,MAPK8IP1,92.6915283203125,18.229463577270508,422
8517,MAPK8IP2,92.49041748046875,17.52618980407715,378
8518,MAPK8IP3,85.15137481689453,4.927648067474365,201
8519,MAPK9,129.208251953125,77.69480895996094,68
8520,MAPKAP1,99.26387786865234,14.311500549316406,428
8521,MAPKAPK2,128.26797485351562,76.78585052490234,68
8522,MAPKAPK3,128.35459899902344,77.01966094970703,68
8523,MAPKAPK5,128.2857666015625,75.90530395507812,68
8524,MAPKBP1,87.02471923828125,16.204212188720703,367
8525,MAPRE1,101.53242492675781,21.841007232666016,432
8526,MAPRE2,99.90635681152344,20.407819747924805,402
8527,MAPRE3,100.34236907958984,21.89130973815918,403
8528,MAPT,85.65910339355469,25.253488540649414,349
8529,MARCKS,97.61231994628906,39.04206848144531,341
8530,MARCKSL1,100.92631530761719,39.67550277709961,292
8531,MARCO,162.85704040527344,-12.51123046875,99
8532,MARCOL,86.25206756591797,42.41470718383789,305
8533,MARF1,91.38871765136719,9.619773864746094,380
8534,MARK1,129.5796356201172,74.84935760498047,68
8535,MARK2,128.66256713867188,74.9463119506836,68
8536,MARK3,129.23793029785156,74.66085052490234,68
8537,MARK4,128.72708129882812,74.67031860351562,68
8538,MARS2,120.34471130371094,17.225067138671875,459
8539,MARVELD1,86.788818359375,-30.25161361694336,124
8540,MARVELD2,101.40606689453125,-22.958154678344727,149
8541,MARVELD3,91.88539123535156,-24.87014389038086,158
8542,MAS1,3.9917590618133545,-23.45111656188965,17
8543,MAS1L,-0.9731035232543945,-25.777189254760742,17
8544,MASP1,136.55804443359375,-23.67274284362793,146
8545,MASP2,136.79568481445312,-23.519771575927734,146
8546,MAST1,87.14277648925781,12.137006759643555,369
8547,MAST2,86.41526794433594,12.011408805847168,369
8548,MAST3,88.1235122680664,10.999473571777344,369
8549,MAST4,86.26822662353516,11.374105453491211,369
8550,MASTL,88.71530151367188,23.697799682617188,411
8551,MAT1A,136.95166015625,15.98218822479248,440
8552,MAT2A,137.3628387451172,20.242633819580078,387
8553,MAT2B,127.73515319824219,19.78864288330078,467
8554,MATK,132.80455017089844,73.84614562988281,67
8555,MATN1,134.03524780273438,-14.61427116394043,224
8556,MATN2,133.41146850585938,-18.84490394592285,236
8557,MATN3,134.13404846191406,-16.423030853271484,236
8558,MATN4,132.9556121826172,-17.87275505065918,236
8559,MAU2,109.91065979003906,1.831956148147583,293
8560,MAVS,92.12207794189453,41.429439544677734,339
8561,MAX,84.14592742919922,33.197845458984375,168
8562,MAZ,64.47872924804688,35.56160354614258,178
8563,MB,49.478946685791016,-9.038256645202637,60
8564,MB21D2,115.05684661865234,6.454452991485596,214
8565,MBD1,98.34626007080078,25.758087158203125,439
8566,MBD2,102.12240600585938,27.962505340576172,429
8567,MBD3,102.61911010742188,34.00495147705078,332
8568,MBD3L1,89.85431671142578,47.25715637207031,150
8569,MBD3L2,89.85348510742188,47.30498504638672,150
8570,MBD3L2B,89.64104461669922,47.394287109375,150
8571,MBD3L3,89.74120330810547,47.49714660644531,150
8572,MBD3L4,89.4296646118164,47.541542053222656,150
8573,MBD3L5,89.55450439453125,47.415470123291016,150
8574,MBD4,94.35745239257812,23.567001342773438,421
8575,MBD5,75.53221893310547,25.302837371826172,281
8576,MBD6,80.23677062988281,26.65753936767578,281
8577,MBIP,104.34320068359375,18.126724243164062,364
8578,MBL2,155.52249145507812,-10.722025871276855,100
8579,MBLAC1,119.15571594238281,23.22714614868164,465
8580,MBLAC2,121.11067199707031,20.16049575805664,416
8581,MBNL1,70.06196594238281,31.391218185424805,275
8582,MBNL2,70.52921295166016,30.897319793701172,275
8583,MBOAT1,99.04736328125,-30.91718292236328,171
8584,MBOAT2,97.4208984375,-32.49707794189453,171
8585,MBOAT4,98.86219787597656,-30.376253128051758,171
8586,MBOAT7,98.74065399169922,-31.570932388305664,171
8587,MBP,94.51766204833984,38.18098068237305,342
8588,MBTD1,95.53262329101562,19.030567169189453,399
8589,MBTPS1,128.6953887939453,-8.818099975585938,223
8590,MC1R,6.169979095458984,-22.964176177978516,17
8591,MC2R,5.957727432250977,-22.84589385986328,17
8592,MC3R,6.088502407073975,-22.86676597595215,17
8593,MC4R,6.518619060516357,-22.597675323486328,17
8594,MC5R,6.216219902038574,-22.885475158691406,17
8595,MCAM,99.45701599121094,67.44876098632812,255
8596,MCAT,127.33085632324219,21.527694702148438,327
8597,MCC,82.0411376953125,5.709042072296143,227
8598,MCCC1,136.06829833984375,19.845930099487305,387
8599,MCCC2,137.21397399902344,19.76878547668457,387
8600,MCCD1,97.17245483398438,43.493995666503906,300
8601,MCEE,128.80691528320312,27.07009506225586,330
8602,MCEMP1,94.96420288085938,65.25666809082031,250
8603,MCF2L,93.51438903808594,7.873852729797363,380
8604,MCF2L2,93.30766296386719,7.902093410491943,380
8605,MCFD2,128.11618041992188,-4.774290084838867,234
8606,MCHR1,6.303739547729492,-23.416833877563477,17
8607,MCHR2,5.674234390258789,-24.18216896057129,17
8608,MCIDAS,91.00867462158203,30.935287475585938,321
8609,MCL1,95.67849731445312,30.669437408447266,321
8610,MCM10,92.48870086669922,22.321348190307617,423
8611,MCM2,115.91329956054688,17.441497802734375,452
8612,MCM3,115.77818298339844,17.50496482849121,452
8613,MCM3AP,99.79318237304688,-1.8169938325881958,291
8614,MCM4,115.52506256103516,17.127370834350586,463
8615,MCM5,116.30325317382812,16.917661666870117,452
8616,MCM6,116.57904815673828,17.427120208740234,452
8617,MCM7,116.5650634765625,18.525354385375977,461
8618,MCM8,113.71776580810547,13.278072357177734,447
8619,MCM9,89.83015441894531,17.506919860839844,378
8620,MCMBP,114.84104919433594,18.73436164855957,463
8621,MCMDC2,114.10576629638672,10.629754066467285,389
8622,MCOLN1,107.5316162109375,-29.683189392089844,132
8623,MCOLN2,108.16761779785156,-29.396059036254883,132
8624,MCOLN3,108.0433578491211,-29.689067840576172,132
8625,MCPH1,88.77330017089844,22.54326820373535,417
8626,MCRIP1,104.19303894042969,33.79820251464844,382
8627,MCRIP2,103.85189056396484,36.14204025268555,332
8628,MCRS1,105.31497955322266,16.642009735107422,324
8629,MCTP1,98.42479705810547,5.109109878540039,368
8630,MCTP2,97.71331787109375,4.452991962432861,368
8631,MCU,127.20050811767578,24.256990432739258,329
8632,MCUB,125.51815795898438,24.126617431640625,464
8633,MCUR1,110.9169921875,29.018768310546875,419
8634,MDC1,86.97037506103516,34.542755126953125,286
8635,MDFI,100.57595825195312,42.422176361083984,294
8636,MDFIC,101.1299057006836,40.539546966552734,292
8637,MDFIC2,101.3288803100586,43.178401947021484,294
8638,MDGA1,123.11946105957031,-15.303546905517578,219
8639,MDGA2,121.66991424560547,-16.693649291992188,220
8640,MDH1,137.32118225097656,22.421016693115234,387
8641,MDH1B,106.4310073852539,15.903297424316406,324
8642,MDH2,136.91026306152344,24.291898727416992,387
8643,MDK,139.1309814453125,-19.06620216369629,244
8644,MDM1,85.28514099121094,19.43072509765625,418
8645,MDM2,98.63257598876953,22.703262329101562,360
8646,MDM4,98.57300567626953,22.74428939819336,360
8647,MDP1,121.79808044433594,23.766822814941406,465
8648,ME1,136.762451171875,16.45718765258789,440
8649,ME2,136.01754760742188,17.096229553222656,440
8650,MEA1,102.09220123291016,35.099212646484375,332
8651,MEAF6,101.29241943359375,30.69089698791504,346
8652,MEAK7,116.99791717529297,15.872623443603516,452
8653,MECOM,63.188865661621094,28.607467651367188,176
8654,MECR,127.26790618896484,16.97446632385254,451
8655,MED1,81.86904907226562,23.57762336730957,281
8656,MED10,111.62174224853516,33.60901641845703,391
8657,MED11,111.14363098144531,33.820274353027344,391
8658,MED12L,94.75880432128906,-3.248889446258545,290
8659,MED13,94.93672180175781,-2.47584867477417,290
8660,MED13L,94.68258666992188,-2.6519381999969482,290
8661,MED15,73.15459442138672,29.24917221069336,281
8662,MED16,109.294677734375,7.204823970794678,306
8663,MED17,105.77526092529297,17.11948013305664,324
8664,MED18,112.2714614868164,26.515727996826172,377
8665,MED19,95.34512329101562,24.840171813964844,354
8666,MED20,112.58162689208984,23.207725524902344,359
8667,MED21,109.49427795410156,30.964290618896484,424
8668,MED22,110.04876708984375,29.918895721435547,419
8669,MED24,103.20741271972656,-0.33043888211250305,308
8670,MED25,75.35395812988281,25.857925415039062,281
8671,MED26,86.53060913085938,28.28448486328125,350
8672,MED27,108.06114196777344,26.32485580444336,322
8673,MED28,107.93966674804688,29.624406814575195,419
8674,MED29,106.52901458740234,31.19610023498535,426
8675,MED30,108.57524871826172,29.567386627197266,419
8676,MED31,110.47955322265625,29.951988220214844,419
8677,MED4,108.49897766113281,29.49047088623047,419
8678,MED6,109.88648223876953,29.470951080322266,419
8679,MED7,108.57048034667969,28.954668045043945,419
8680,MED8,109.19183349609375,30.215471267700195,419
8681,MED9,105.03399658203125,31.25938606262207,382
8682,MEDAG,106.01525115966797,26.82938575744629,390
8683,MEF2A,76.29473114013672,31.852012634277344,277
8684,MEF2B,75.9433822631836,38.080039978027344,267
8685,MEF2C,75.88562774658203,31.916790008544922,277
8686,MEF2D,76.66758728027344,31.20728302001953,277
8687,MEFV,38.68238830566406,17.376277923583984,53
8688,MEGF10,132.36016845703125,-21.415630340576172,236
8689,MEGF11,133.60882568359375,-21.605260848999023,236
8690,MEGF6,131.92405700683594,-21.83647346496582,236
8691,MEGF8,124.47631072998047,-21.266366958618164,202
8692,MEGF9,132.98779296875,-17.89280891418457,236
8693,MEI1,104.36088562011719,0.5393292903900146,308
8694,MEI4,103.59771728515625,17.43128204345703,364
8695,MEIG1,101.89140319824219,35.474151611328125,332
8696,MEIKIN,89.80266571044922,30.672840118408203,321
8697,MEIOB,113.71341705322266,11.186477661132812,389
8698,MEIOC,85.38692474365234,22.18106460571289,418
8699,MEIS1,71.94479370117188,34.21101379394531,268
8700,MEIS2,71.86225891113281,35.10540008544922,268
8701,MEIS3,73.4775161743164,35.02987289428711,268
8702,MELK,126.11349487304688,75.40764617919922,68
8703,MELTF,134.0171356201172,-7.512974262237549,235
8704,MEMO1,122.4050064086914,12.037071228027344,296
8705,MEN1,100.54119873046875,16.79042625427246,381
8706,MEOX1,65.94966888427734,47.22416305541992,261
8707,MEOX2,66.3944091796875,45.450496673583984,261
8708,MEP1A,132.56259155273438,-11.856098175048828,224
8709,MEP1B,131.95802307128906,-7.8934783935546875,224
8710,MEPCE,93.28108978271484,26.836341857910156,354
8711,MEPE,87.2195816040039,41.49101638793945,302
8712,MERTK,136.64862060546875,68.00157165527344,43
8713,MESD,127.69807434082031,-3.137456178665161,234
8714,MESP1,79.76597595214844,41.97324752807617,266
8715,MESP2,79.61592102050781,41.84062957763672,266
8716,MEST,129.2451171875,7.514496803283691,196
8717,MET,136.8872833251953,67.08702087402344,43
8718,METAP1,125.81122589111328,21.012285232543945,468
8719,METAP1D,126.61986541748047,21.856334686279297,468
8720,METAP2,112.11597442626953,28.1962890625,388
8721,METRN,138.7790985107422,-9.806049346923828,246
8722,METRNL,141.03929138183594,-11.42926025390625,246
8723,METTL1,122.5693359375,23.91958999633789,465
8724,METTL14,109.60362243652344,21.496707916259766,406
8725,METTL15,127.06109619140625,20.394275665283203,467
8726,METTL16,116.05967712402344,22.86859130859375,363
8727,METTL17,124.7149658203125,24.01801109313965,464
8728,METTL18,120.85883331298828,22.111351013183594,465
8729,METTL21A,124.02986145019531,21.95012092590332,470
8730,METTL21C,123.5555191040039,21.18067169189453,469
8731,METTL22,116.8424072265625,18.508991241455078,461
8732,METTL23,125.04534912109375,20.475040435791016,468
8733,METTL24,141.345703125,1.270924687385559,239
8734,METTL25,114.09864807128906,18.841941833496094,456
8735,METTL26,128.73406982421875,22.795257568359375,327
8736,METTL27,127.11384582519531,18.284082412719727,451
8737,METTL2A,117.69236755371094,22.423952102661133,446
8738,METTL2B,117.4751968383789,21.738506317138672,446
8739,METTL3,117.56979370117188,18.645456314086914,461
8740,METTL4,110.41388702392578,17.726064682006836,405
8741,METTL5,123.10143280029297,24.387142181396484,465
8742,METTL6,120.81932067871094,21.63142204284668,446
8743,METTL7A,129.666015625,11.036712646484375,196
8744,METTL7B,130.62245178222656,10.419313430786133,196
8745,METTL8,118.56257629394531,21.693866729736328,446
8746,METTL9,122.74517822265625,16.141183853149414,455
8747,MEX3A,82.5918960571289,33.969085693359375,168
8748,MEX3B,83.32915496826172,33.57066345214844,168
8749,MEX3C,90.71280670166016,30.162107467651367,321
8750,MEX3D,84.01991271972656,33.806427001953125,168
8751,MFAP1,109.50572204589844,33.27346420288086,425
8752,MFAP2,141.8192138671875,-17.21245765686035,248
8753,MFAP3,107.74430084228516,-13.094853401184082,107
8754,MFAP3L,107.18170928955078,-14.685803413391113,107
8755,MFAP4,140.52743530273438,-11.723825454711914,246
8756,MFAP5,142.7364959716797,-18.039440155029297,221
8757,MFF,98.220458984375,22.175493240356445,360
8758,MFGE8,132.50912475585938,-15.454317092895508,236
8759,MFHAS1,155.7587432861328,45.1781120300293,105
8760,MFN1,109.58705139160156,9.206806182861328,306
8761,MFN2,110.09394836425781,12.12228012084961,386
8762,MFNG,141.02001953125,0.33733931183815,239
8763,MFRP,133.2877655029297,-16.376216888427734,236
8764,MFSD1,100.1906967163086,-38.20099639892578,153
8765,MFSD10,99.45072937011719,-39.76527786254883,153
8766,MFSD11,100.08187103271484,-40.1578483581543,153
8767,MFSD12,99.44544982910156,-39.4467887878418,153
8768,MFSD13A,99.25682067871094,-34.027565002441406,170
8769,MFSD14A,99.66786193847656,-37.94798278808594,153
8770,MFSD14B,99.77195739746094,-38.234596252441406,153
8771,MFSD2A,100.15247344970703,-40.85105895996094,153
8772,MFSD2B,99.29183197021484,-36.60889434814453,162
8773,MFSD3,99.47456359863281,-37.2629508972168,153
8774,MFSD4A,99.64454650878906,-40.569793701171875,153
8775,MFSD5,99.49691009521484,-32.450164794921875,170
8776,MFSD6,102.49177551269531,-38.90060043334961,154
8777,MFSD6L,99.49493408203125,-38.76064682006836,153
8778,MFSD8,100.19834899902344,-38.67859649658203,153
8779,MFSD9,99.10598754882812,-38.172637939453125,153
8780,MGA,78.4517822265625,19.26972007751465,280
8781,MGAM,131.22560119628906,0.7758764028549194,251
8782,MGAM2,130.44297790527344,-1.6317452192306519,252
8783,MGARP,91.49529266357422,39.952640533447266,331
8784,MGAT1,142.587158203125,0.8156546950340271,239
8785,MGAT2,144.2320098876953,0.9033293128013611,239
8786,MGAT3,141.8062744140625,0.8769511580467224,239
8787,MGAT4A,140.37835693359375,0.13863149285316467,239
8788,MGAT4B,140.4281005859375,-0.09433046728372574,239
8789,MGAT4D,141.01492309570312,0.5394623279571533,239
8790,MGAT5,141.24452209472656,2.2979416847229004,239
8791,MGAT5B,140.67515563964844,0.7861005663871765,239
8792,MGLL,126.93292236328125,17.786258697509766,451
8793,MGME1,118.95281982421875,20.49129295349121,446
8794,MGMT,125.21772766113281,22.796714782714844,464
8795,MGP,152.31985473632812,-18.8304443359375,133
8796,MGRN1,96.72358703613281,19.857446670532227,399
8797,MGST1,96.14753723144531,-31.053030014038086,166
8798,MGST2,95.0802230834961,-31.713932037353516,166
8799,MGST3,95.03581237792969,-31.56200408935547,166
8800,MIA,145.50408935546875,-21.627700805664062,222
8801,MIA2,99.7330551147461,-55.798397064208984,48
8802,MIA3,81.96058654785156,14.519743919372559,307
8803,MIB1,137.32037353515625,52.719573974609375,89
8804,MIB2,137.30519104003906,52.813446044921875,89
8805,MICA,83.39846801757812,96.31904602050781,34
8806,MICAL1,96.06578826904297,6.760599136352539,320
8807,MICAL2,89.54902648925781,6.516386985778809,370
8808,MICAL3,87.73291015625,9.081096649169922,370
8809,MICALL1,87.86299133300781,24.16965103149414,411
8810,MICALL2,87.1805648803711,25.056079864501953,411
8811,MICB,83.29432678222656,96.4358139038086,34
8812,MICOS10,136.2120361328125,39.17943572998047,271
8813,MICOS13,135.90220642089844,38.76395797729492,271
8814,MICU1,54.92204666137695,-2.6366517543792725,63
8815,MICU2,55.634761810302734,-2.164879322052002,63
8816,MICU3,56.18523025512695,-1.8669533729553223,63
8817,MIDN,86.33773040771484,31.961811065673828,317
8818,MIEF1,114.76063537597656,17.14788055419922,463
8819,MIEF2,114.59339141845703,6.874151229858398,214
8820,MIEN1,121.32757568359375,32.95618438720703,316
8821,MIER1,97.74043273925781,27.355525970458984,436
8822,MIER2,93.26300811767578,26.36046600341797,354
8823,MIER3,95.23464965820312,27.349597930908203,354
8824,MIF,123.82278442382812,31.808826446533203,192
8825,MIF4GD,111.13299560546875,18.046293258666992,405
8826,MIGA1,104.16061401367188,11.88712215423584,326
8827,MIGA2,103.07853698730469,11.387787818908691,326
8828,MIIP,93.975830078125,34.07903289794922,338
8829,MILR1,94.91139221191406,66.33229064941406,250
8830,MINAR1,87.07733154296875,22.536191940307617,418
8831,MINAR2,100.91494750976562,43.5075798034668,294
8832,MINDY1,106.50119018554688,22.945697784423828,406
8833,MINDY2,104.22550964355469,24.127899169921875,406
8834,MINDY3,113.423583984375,14.51723861694336,448
8835,MINDY4,96.35853576660156,14.835881233215332,385
8836,MINDY4B,108.85789489746094,18.0856876373291,375
8837,MINK1,84.73723602294922,6.708532333374023,201
8838,MINPP1,130.7852325439453,7.4241042137146,196
8839,MIOS,123.76720428466797,49.92694854736328,66
8840,MIOX,127.93270111083984,17.811662673950195,451
8841,MIP,63.32368850708008,-22.695999145507812,55
8842,MIPEP,122.84542083740234,12.364799499511719,296
8843,MIPOL1,76.6654281616211,5.400906085968018,231
8844,MIS12,105.46992492675781,27.566347122192383,430
8845,MIS18A,109.91229248046875,26.640674591064453,323
8846,MIS18BP1,89.4655990600586,21.82117462158203,417
8847,MISP,86.21617126464844,27.704504013061523,349
8848,MISP3,97.07125854492188,35.07491683959961,338
8849,MITD1,120.72205352783203,22.747207641601562,465
8850,MITF,78.45160675048828,33.93080520629883,264
8851,MIXL1,70.44911193847656,46.294776916503906,261
8852,MKKS,118.76708984375,15.07806396484375,383
8853,MKLN1,104.74563598632812,10.55583381652832,297
8854,MKNK1,129.13427734375,75.63257598876953,68
8855,MKNK2,128.26942443847656,76.11001586914062,68
8856,MKRN1,100.70426177978516,23.866348266601562,444
8857,MKRN2,100.98685455322266,23.541141510009766,444
8858,MKRN2OS,119.89818572998047,21.614479064941406,446
8859,MKRN3,99.30867004394531,24.439437866210938,439
8860,MKS1,113.60169982910156,14.820894241333008,448
8861,MKX,78.13106536865234,41.272125244140625,266
8862,MLANA,98.36587524414062,53.639610290527344,262
8863,MLC1,86.63440704345703,-28.176082611083984,121
8864,MLEC,127.02447509765625,-3.900702953338623,234
8865,MLF1,101.71833801269531,28.891040802001953,429
8866,MLF2,102.77659606933594,28.1256103515625,429
8867,MLH1,111.47960662841797,17.49245834350586,405
8868,MLH3,86.95527648925781,21.118026733398438,418
8869,MLIP,85.85818481445312,24.36700439453125,411
8870,MLKL,114.52766418457031,5.70705509185791,213
8871,MLLT1,90.32609558105469,28.080759048461914,350
8872,MLLT10,76.72753143310547,24.40801429748535,281
8873,MLLT11,101.93152618408203,37.707298278808594,295
8874,MLLT3,88.60037994384766,28.72250747680664,350
8875,MLLT6,79.19021606445312,23.50786590576172,281
8876,MLN,154.03433227539062,-19.846677780151367,133
8877,MLNR,6.174783706665039,-24.375532150268555,17
8878,MLPH,91.01927185058594,12.014928817749023,376
8879,MLST8,124.57359313964844,51.61103057861328,66
8880,MLX,106.2613525390625,30.722684860229492,426
8881,MLXIP,80.70730590820312,31.32709312438965,188
8882,MLXIPL,82.6089859008789,31.729467391967773,188
8883,MMAA,128.31407165527344,24.66741943359375,329
8884,MMAB,127.22766876220703,25.853721618652344,329
8885,MMACHC,119.56295013427734,19.47030258178711,460
8886,MMADHC,130.18527221679688,28.811439514160156,330
8887,MMD,94.51502990722656,-33.99177932739258,175
8888,MMD2,94.33998107910156,-33.98158645629883,175
8889,MME,131.1949920654297,2.480576515197754,251
8890,MMEL1,131.7969207763672,2.642861843109131,251
8891,MMP1,136.92428588867188,-10.34394359588623,241
8892,MMP10,137.15219116210938,-10.408557891845703,241
8893,MMP11,136.32150268554688,-9.752304077148438,241
8894,MMP12,136.99522399902344,-10.282461166381836,241
8895,MMP13,136.93980407714844,-9.831684112548828,241
8896,MMP14,136.31617736816406,-10.271163940429688,241
8897,MMP15,135.91781616210938,-9.597395896911621,241
8898,MMP16,136.04739379882812,-9.80126953125,241
8899,MMP17,136.0263214111328,-9.211524963378906,241
8900,MMP19,136.56640625,-9.870553016662598,241
8901,MMP2,135.82334899902344,-10.734175682067871,241
8902,MMP20,137.22509765625,-10.111388206481934,241
8903,MMP21,136.1278533935547,-9.534281730651855,241
8904,MMP23B,136.0631103515625,-9.294962882995605,241
8905,MMP24,135.56919860839844,-10.09305477142334,241
8906,MMP24OS,103.98370361328125,33.43754577636719,382
8907,MMP25,136.07041931152344,-9.864727020263672,241
8908,MMP26,137.2920379638672,-9.275152206420898,241
8909,MMP27,136.9709930419922,-10.195526123046875,241
8910,MMP28,136.56576538085938,-10.001113891601562,241
8911,MMP3,137.09127807617188,-10.228944778442383,241
8912,MMP7,136.68588256835938,-10.145469665527344,241
8913,MMP8,136.739013671875,-9.759913444519043,241
8914,MMP9,136.07064819335938,-9.701623916625977,241
8915,MMRN1,148.9388427734375,-10.329421997070312,134
8916,MMRN2,150.01919555664062,-10.397502899169922,100
8917,MMS19,105.37606811523438,1.8924152851104736,313
8918,MMS22L,102.55374908447266,-1.276110291481018,308
8919,MMUT,137.7108154296875,19.41546058654785,387
8920,MN1,76.02008056640625,26.65205955505371,281
8921,MNAT1,106.19943237304688,29.316932678222656,430
8922,MND1,108.15469360351562,27.6486759185791,430
8923,MNDA,110.1603012084961,10.80714225769043,386
8924,MNS1,75.20687866210938,7.86063289642334,215
8925,MNT,74.16704559326172,27.954378128051758,281
8926,MNX1,67.26138305664062,45.27097702026367,261
8927,MOAP1,100.3587646484375,32.441768646240234,346
8928,MOB1A,105.7906265258789,13.308479309082031,352
8929,MOB1B,105.90950775146484,13.057522773742676,352
8930,MOB2,105.2109146118164,12.837076187133789,352
8931,MOB3A,105.48617553710938,13.089475631713867,352
8932,MOB3B,106.07666015625,12.868106842041016,352
8933,MOB3C,104.85938262939453,12.22363567352295,352
8934,MOB4,109.739501953125,13.176511764526367,357
8935,MOBP,93.77842712402344,41.38309860229492,343
8936,MOCOS,126.54564666748047,9.504950523376465,196
8937,MOCS1,128.7858428955078,19.414548873901367,450
8938,MOCS2,123.55848693847656,26.915929794311523,325
8939,MOCS3,118.5380859375,18.952499389648438,460
8940,MOG,96.11962890625,72.72115325927734,163
8941,MOGAT1,130.46231079101562,10.03656005859375,196
8942,MOGAT2,129.55992126464844,9.65726089477539,196
8943,MOGAT3,130.32009887695312,9.5148286819458,196
8944,MOGS,136.7689208984375,1.1649119853973389,240
8945,MOK,127.0195083618164,77.4356689453125,68
8946,MON1A,104.8724365234375,13.80073356628418,353
8947,MON1B,106.5843276977539,13.262243270874023,351
8948,MORC1,96.08990478515625,20.047645568847656,399
8949,MORC2,95.81707763671875,21.013813018798828,393
8950,MORC3,92.9971694946289,20.1980037689209,423
8951,MORF4L1,110.75633239746094,24.714946746826172,359
8952,MORN1,110.96051025390625,10.907726287841797,386
8953,MORN2,110.82504272460938,11.16125202178955,386
8954,MORN3,110.51316833496094,10.75432014465332,386
8955,MORN4,111.92399597167969,11.731767654418945,386
8956,MORN5,110.27556610107422,11.117888450622559,386
8957,MOS,127.9458236694336,76.58635711669922,68
8958,MOSMO,84.62759399414062,-32.161109924316406,125
8959,MOSPD3,103.87749481201172,37.689178466796875,332
8960,MOV10,113.89118194580078,8.192957878112793,214
8961,MOV10L1,110.12982177734375,12.15672492980957,386
8962,MOXD1,134.59307861328125,-3.088700532913208,235
8963,MPC1,135.8812713623047,38.54011154174805,271
8964,MPC2,136.38479614257812,38.337860107421875,271
8965,MPDU1,95.43128204345703,-31.214763641357422,166
8966,MPDZ,89.05226135253906,7.31900691986084,370
8967,MPEG1,135.01907348632812,-3.080873727798462,243
8968,MPG,123.35916137695312,24.010486602783203,465
8969,MPHOSPH10,111.96719360351562,33.06440353393555,391
8970,MPHOSPH6,109.7438735961914,33.6568603515625,425
8971,MPHOSPH8,94.22053527832031,26.987627029418945,354
8972,MPHOSPH9,86.34959411621094,19.978012084960938,418
8973,MPI,123.14683532714844,17.199552536010742,420
8974,MPIG6B,95.98687744140625,67.59049224853516,259
8975,MPL,101.28173065185547,65.16537475585938,269
8976,MPLKIP,76.0240707397461,28.123706817626953,281
8977,MPND,102.06282806396484,27.432241439819336,429
8978,MPO,132.7891845703125,-1.8042800426483154,252
8979,MPP2,101.24691009521484,13.79583740234375,408
8980,MPP3,98.9731216430664,11.861455917358398,431
8981,MPP4,99.97772216796875,11.173877716064453,431
8982,MPP7,98.22608947753906,10.638164520263672,438
8983,MPPE1,127.1549301147461,11.309699058532715,196
8984,MPPED1,124.38152313232422,18.598478317260742,466
8985,MPPED2,114.67957305908203,13.534883499145508,447
8986,MPST,130.0726318359375,22.820833206176758,327
8987,MPV17,98.59214782714844,-22.937715530395508,149
8988,MPV17L,96.71349334716797,-29.993104934692383,167
8989,MPV17L2,98.66227722167969,-23.20615005493164,149
8990,MPZ,99.65140533447266,62.466651916503906,273
8991,MPZL1,99.63326263427734,62.447200775146484,273
8992,MPZL2,99.87469482421875,62.929893493652344,273
8993,MPZL3,98.99317932128906,63.15018081665039,273
8994,MR1,83.3548355102539,96.34248352050781,34
8995,MRAP,99.97270202636719,51.93351745605469,263
8996,MRAP2,99.99136352539062,52.63260269165039,263
8997,MRAS,76.33230590820312,-69.83392333984375,84
8998,MRC1,130.69886779785156,-16.875141143798828,236
8999,MRC2,131.90621948242188,-18.87259864807129,236
9000,MRE11,94.26359558105469,19.230762481689453,398
9001,MREG,107.03025817871094,28.001731872558594,430
9002,MRFAP1,101.91963195800781,36.63320541381836,295
9003,MRFAP1L1,103.07565307617188,35.955894470214844,332
9004,MRGBP,101.9284439086914,27.83759117126465,429
9005,MRGPRD,-0.6013886332511902,-25.661457061767578,17
9006,MRGPRE,3.01259183883667,-24.821157455444336,17
9007,MRGPRF,1.555994987487793,-25.055721282958984,17
9008,MRGPRG,-0.8148754835128784,-25.997392654418945,17
9009,MRGPRX1,-1.8068660497665405,-26.265411376953125,17
9010,MRGPRX2,-1.21519136428833,-25.824338912963867,17
9011,MRGPRX3,-1.0007654428482056,-25.76422119140625,17
9012,MRGPRX4,-1.471699595451355,-25.961654663085938,17
9013,MRI1,131.2752685546875,18.716156005859375,457
9014,MRLN,100.49002838134766,50.15803527832031,263
9015,MRM1,122.92686462402344,21.41087532043457,470
9016,MRM2,124.62901306152344,24.015817642211914,464
9017,MRM3,124.4913330078125,23.4592227935791,464
9018,MRNIP,92.19380187988281,33.4968147277832,336
9019,MRO,109.27000427246094,20.593406677246094,395
9020,MROH1,101.5348892211914,-1.77397620677948,291
9021,MROH2A,101.06744384765625,-1.8996936082839966,291
9022,MROH2B,101.22346496582031,-1.5365780591964722,291
9023,MROH5,101.70264434814453,-1.2907730340957642,291
9024,MROH6,110.37008666992188,7.165048599243164,306
9025,MROH7,101.43578338623047,0.07869057357311249,308
9026,MROH8,102.9251708984375,-0.5463418960571289,308
9027,MROH9,103.15985870361328,0.4969358742237091,308
9028,MRPL1,131.49514770507812,33.38006591796875,328
9029,MRPL10,129.49481201171875,30.343120574951172,330
9030,MRPL11,131.722900390625,34.89805603027344,328
9031,MRPL12,130.5514678955078,30.747100830078125,330
9032,MRPL13,131.46270751953125,34.943023681640625,328
9033,MRPL14,131.96458435058594,35.069515228271484,328
9034,MRPL15,131.18612670898438,34.044410705566406,328
9035,MRPL16,131.79107666015625,34.01087188720703,328
9036,MRPL17,130.86480712890625,34.86495590209961,328
9037,MRPL18,131.35919189453125,34.98810577392578,328
9038,MRPL19,131.35726928710938,33.3077392578125,328
9039,MRPL2,131.70870971679688,34.43500518798828,328
9040,MRPL20,131.55401611328125,35.44826889038086,328
9041,MRPL21,131.393798828125,33.492530822753906,328
9042,MRPL22,131.42919921875,34.24888229370117,328
9043,MRPL23,131.6822509765625,34.81425857543945,328
9044,MRPL24,130.65538024902344,34.58051681518555,328
9045,MRPL27,131.76666259765625,35.21419906616211,328
9046,MRPL28,131.54957580566406,34.607139587402344,328
9047,MRPL3,131.47657775878906,33.52562713623047,328
9048,MRPL30,131.11529541015625,33.988929748535156,328
9049,MRPL32,131.1141815185547,33.165592193603516,328
9050,MRPL33,130.8844451904297,36.57434844970703,328
9051,MRPL34,131.3697052001953,34.88813781738281,328
9052,MRPL35,131.34832763671875,34.106292724609375,328
9053,MRPL36,131.4329833984375,35.297428131103516,328
9054,MRPL37,124.91592407226562,25.00554656982422,464
9055,MRPL38,127.27305603027344,24.821697235107422,329
9056,MRPL39,128.71461486816406,28.192855834960938,330
9057,MRPL4,131.21823120117188,33.55363464355469,328
9058,MRPL40,131.37771606445312,34.549072265625,328
9059,MRPL41,131.21913146972656,36.166908264160156,328
9060,MRPL43,127.96774291992188,35.77411651611328,283
9061,MRPL44,119.30902099609375,23.856027603149414,372
9062,MRPL45,131.01316833496094,30.86494255065918,330
9063,MRPL46,127.79430389404297,27.42262840270996,330
9064,MRPL47,131.36328125,34.24578857421875,328
9065,MRPL48,131.38079833984375,33.3687744140625,328
9066,MRPL49,128.64263916015625,30.29302215576172,330
9067,MRPL50,130.3177947998047,32.51377487182617,328
9068,MRPL51,131.98971557617188,36.17934799194336,328
9069,MRPL52,131.34298706054688,35.64313507080078,328
9070,MRPL53,129.54957580566406,37.011329650878906,283
9071,MRPL54,131.35426330566406,34.6354866027832,328
9072,MRPL55,131.46693420410156,34.527427673339844,328
9073,MRPL57,130.7825469970703,35.981773376464844,328
9074,MRPL58,130.35894775390625,31.669212341308594,330
9075,MRPL9,131.35731506347656,33.80830383300781,328
9076,MRPS10,131.4065399169922,34.078407287597656,328
9077,MRPS11,131.52920532226562,34.40143966674805,328
9078,MRPS12,132.09683227539062,34.970977783203125,328
9079,MRPS14,131.41725158691406,34.65660858154297,328
9080,MRPS15,131.75038146972656,34.2161865234375,328
9081,MRPS16,131.92031860351562,34.930023193359375,328
9082,MRPS17,131.04830932617188,34.621639251708984,328
9083,MRPS18A,131.2461700439453,33.5535888671875,328
9084,MRPS18B,131.37779235839844,32.83297348022461,328
9085,MRPS18C,131.37979125976562,33.34967803955078,328
9086,MRPS2,131.43399047851562,32.935760498046875,328
9087,MRPS21,131.54617309570312,35.56064224243164,328
9088,MRPS22,131.01132202148438,32.61941909790039,328
9089,MRPS23,131.59852600097656,35.73997116088867,328
9090,MRPS24,129.21690368652344,29.31747055053711,330
9091,MRPS25,131.32260131835938,36.20619201660156,328
9092,MRPS26,129.4056396484375,34.643550872802734,328
9093,MRPS27,112.59911346435547,12.102144241333008,389
9094,MRPS28,129.46353149414062,29.259326934814453,330
9095,MRPS30,124.36140441894531,24.26427459716797,464
9096,MRPS31,130.12570190429688,32.282554626464844,328
9097,MRPS33,131.44468688964844,36.77503967285156,328
9098,MRPS34,125.68233489990234,31.800514221191406,192
9099,MRPS35,131.4065399169922,32.92720031738281,328
9100,MRPS36,131.1107635498047,34.97898864746094,328
9101,MRPS5,130.34434509277344,31.489961624145508,330
9102,MRPS6,130.75247192382812,35.763519287109375,328
9103,MRPS7,131.64764404296875,33.87458801269531,328
9104,MRPS9,131.44497680664062,33.37498092651367,328
9105,MRRF,128.82864379882812,26.460702896118164,330
9106,MRS2,127.49427032470703,24.7640438079834,329
9107,MRTFA,76.79216766357422,26.897485733032227,281
9108,MRTFB,76.24012756347656,26.593503952026367,281
9109,MRTO4,118.11222076416016,31.764663696289062,348
9110,MS4A1,85.30061340332031,-27.82335662841797,121
9111,MS4A10,86.3877944946289,-27.63099479675293,121
9112,MS4A12,84.89775085449219,-27.440702438354492,121
9113,MS4A13,85.66284942626953,-28.0018310546875,121
9114,MS4A14,87.3416748046875,39.286766052246094,302
9115,MS4A15,84.89295959472656,-27.336990356445312,121
9116,MS4A18,85.25987243652344,-26.17208480834961,121
9117,MS4A2,85.17623138427734,-27.655990600585938,121
9118,MS4A3,85.05937194824219,-27.47980499267578,121
9119,MS4A4A,84.88066864013672,-27.484073638916016,121
9120,MS4A4E,84.98654174804688,-27.367717742919922,121
9121,MS4A5,85.28225708007812,-27.683507919311523,121
9122,MS4A6A,84.54497528076172,-27.2777099609375,121
9123,MS4A6E,84.85116577148438,-27.460311889648438,121
9124,MS4A7,84.86933898925781,-27.612573623657227,121
9125,MS4A8,84.72786712646484,-27.154056549072266,121
9126,MSANTD1,97.14498901367188,32.390411376953125,337
9127,MSANTD2,99.76188659667969,28.81195831298828,439
9128,MSANTD3,99.03181457519531,32.311370849609375,346
9129,MSANTD4,102.6845474243164,31.79715919494629,382
9130,MSC,77.52774810791016,43.16412353515625,266
9131,MSGN1,77.60474395751953,43.16387176513672,266
9132,MSH2,111.70219421386719,14.041205406188965,448
9133,MSH3,107.938232421875,13.315956115722656,351
9134,MSH4,106.84272003173828,14.231976509094238,351
9135,MSH5,114.72846984863281,14.071520805358887,447
9136,MSH6,109.77810668945312,14.262646675109863,357
9137,MSI1,69.89409637451172,31.72808074951172,275
9138,MSI2,70.06526184082031,32.65020751953125,275
9139,MSL1,94.70994567871094,30.53963851928711,321
9140,MSL2,66.03487396240234,28.13393783569336,176
9141,MSLN,115.667724609375,4.285210609436035,213
9142,MSLNL,113.33858489990234,5.322962760925293,214
9143,MSMB,145.8123321533203,-21.557430267333984,222
9144,MSMO1,93.56551361083984,-34.794437408447266,164
9145,MSMP,144.4167938232422,-19.207237243652344,221
9146,MSR1,155.28958129882812,-10.684709548950195,100
9147,MSRA,114.66545104980469,24.707429885864258,361
9148,MSRB1,121.44548034667969,29.999767303466797,347
9149,MSRB2,128.77780151367188,28.63675308227539,330
9150,MSRB3,128.16143798828125,26.325437545776367,330
9151,MSS51,114.5883560180664,18.799957275390625,456
9152,MST1,136.70953369140625,-24.11552619934082,146
9153,MST1R,137.01036071777344,67.55599212646484,43
9154,MSTN,144.62770080566406,-10.266495704650879,212
9155,MSTO1,117.8154067993164,15.630966186523438,383
9156,MSX1,67.97398376464844,46.5507926940918,261
9157,MSX2,68.54582214355469,47.035606384277344,261
9158,MT1A,68.37603759765625,-124.31973266601562,14
9159,MT1B,68.38253784179688,-124.32511138916016,14
9160,MT1E,68.38118743896484,-124.31829071044922,14
9161,MT1F,68.3843002319336,-124.32401275634766,14
9162,MT1G,68.37976837158203,-124.3285140991211,14
9163,MT1H,68.37825012207031,-124.321533203125,14
9164,MT1HL1,68.37673950195312,-124.32738494873047,14
9165,MT1M,68.37613677978516,-124.32279205322266,14
9166,MT1X,68.3761978149414,-124.3219223022461,14
9167,MT2A,68.37516784667969,-124.3257827758789,14
9168,MT3,68.38392639160156,-124.32492065429688,14
9169,MT4,68.37480926513672,-124.32378387451172,14
9170,MTA1,94.62409973144531,22.833431243896484,421
9171,MTA2,93.85870361328125,22.08346939086914,423
9172,MTA3,95.76551818847656,22.14141082763672,393
9173,MTAP,129.58779907226562,20.034107208251953,450
9174,MTBP,105.14374542236328,14.57807731628418,324
9175,MTCH1,112.93646240234375,-59.55968475341797,48
9176,MTCH2,113.30279541015625,-60.46111297607422,48
9177,MTCL1,82.26852416992188,6.267448425292969,227
9178,MTDH,87.96934509277344,24.2103214263916,411
9179,MTERF1,118.76992797851562,17.635005950927734,460
9180,MTERF2,118.7149658203125,18.356714248657227,460
9181,MTERF3,120.8736801147461,21.591655731201172,470
9182,MTERF4,114.18849182128906,24.356287002563477,362
9183,MTF1,62.889373779296875,29.32887840270996,176
9184,MTF2,96.63031768798828,22.969097137451172,360
9185,MTFMT,125.64495849609375,20.84226417541504,468
9186,MTFP1,99.18539428710938,-24.5413875579834,161
9187,MTFR1,83.51567077636719,14.553176879882812,307
9188,MTFR1L,93.78657531738281,35.72365951538086,338
9189,MTFR2,84.20441436767578,14.703827857971191,307
9190,MTG1,125.60630798339844,21.256580352783203,468
9191,MTG2,127.90656280517578,21.997404098510742,327
9192,MTHFD1,134.12533569335938,18.95940589904785,458
9193,MTHFD1L,134.42279052734375,18.807050704956055,440
9194,MTHFD2,131.45010375976562,21.301822662353516,458
9195,MTHFD2L,130.9937744140625,21.45608139038086,449
9196,MTHFR,123.09391021728516,11.892395973205566,296
9197,MTHFS,124.2905044555664,21.601516723632812,469
9198,MTHFSD,124.13921356201172,20.926799774169922,469
9199,MTIF2,123.8531494140625,20.204044342041016,469
9200,MTIF3,130.0172119140625,31.217666625976562,330
9201,MTLN,102.98616027832031,48.5408935546875,263
9202,MTMR10,108.89013671875,12.20737361907959,357
9203,MTMR11,114.3772201538086,7.3098859786987305,214
9204,MTMR12,107.45655059814453,11.859542846679688,351
9205,MTMR14,99.8587417602539,18.135860443115234,381
9206,MTMR2,104.82086944580078,11.012298583984375,326
9207,MTMR3,90.2718276977539,14.219250679016113,356
9208,MTMR4,90.90875244140625,14.17538070678711,356
9209,MTMR6,108.9137191772461,13.137808799743652,357
9210,MTMR7,98.31430053710938,12.016009330749512,438
9211,MTMR9,107.41191864013672,11.839498519897461,351
9212,MTNR1A,4.788046836853027,-23.128032684326172,17
9213,MTNR1B,6.2417988777160645,-23.92674446105957,17
9214,MTO1,121.01889038085938,16.074235916137695,459
9215,MTOR,98.12248229980469,-4.1288275718688965,291
9216,MTPAP,114.10765838623047,19.25762367248535,456
9217,MTPN,137.61749267578125,52.87330627441406,90
9218,MTR,136.15582275390625,18.22007942199707,440
9219,MTRES1,129.57525634765625,29.75912857055664,330
9220,MTREX,111.40606689453125,11.776317596435547,386
9221,MTRF1,128.07843017578125,25.72479248046875,329
9222,MTRF1L,128.70022583007812,27.256175994873047,330
9223,MTRR,113.42529296875,16.067731857299805,448
9224,MTSS1,89.81326293945312,10.86375617980957,371
9225,MTSS2,91.45561981201172,10.782008171081543,379
9226,MTTP,134.26637268066406,7.920709133148193,169
9227,MTURN,109.51362609863281,27.175798416137695,323
9228,MTUS1,84.43401336669922,16.647192001342773,318
9229,MTUS2,83.63677978515625,16.660789489746094,318
9230,MTX1,126.59342956542969,24.098310470581055,329
9231,MTX2,115.47936248779297,22.812969207763672,363
9232,MTX3,114.40296936035156,21.42790985107422,362
9233,MUC1,92.72508239746094,56.20443344116211,147
9234,MUC13,92.33837890625,55.59734344482422,147
9235,MUC15,92.87220001220703,55.44801712036133,147
9236,MUC2,126.5859146118164,-20.71570587158203,202
9237,MUC20,91.43683624267578,54.945465087890625,147
9238,MUC21,91.44694519042969,55.10283660888672,147
9239,MUC22,91.3468017578125,55.05860900878906,147
9240,MUC3A,91.32865142822266,54.65534591674805,147
9241,MUC6,128.03973388671875,-19.34425163269043,202
9242,MUC7,88.98776245117188,52.173851013183594,139
9243,MUCL1,107.0156021118164,53.97791290283203,112
9244,MUCL3,90.80403137207031,54.156917572021484,147
9245,MUL1,100.9141616821289,-15.918787956237793,148
9246,MUS81,119.16755676269531,16.81894874572754,460
9247,MUSK,136.6514892578125,67.76325225830078,43
9248,MUSTN1,100.63003540039062,39.84379577636719,292
9249,MUTYH,119.78215026855469,16.312353134155273,459
9250,MVB12A,100.69403076171875,16.169889450073242,381
9251,MVB12B,99.07290649414062,16.342390060424805,407
9252,MVD,130.00326538085938,16.794960021972656,453
9253,MVK,130.27780151367188,16.953794479370117,454
9254,MVP,122.53279876708984,9.82223892211914,296
9255,MX1,116.33204650878906,2.376276969909668,209
9256,MX2,115.68019104003906,2.905365228652954,213
9257,MXD1,84.2313003540039,33.87230682373047,168
9258,MXD3,81.62390899658203,38.24994659423828,264
9259,MXD4,81.09849548339844,38.11394119262695,264
9260,MXI1,84.3819808959961,33.38262939453125,168
9261,MXRA7,99.82084655761719,34.682838439941406,345
9262,MXRA8,98.66729736328125,65.46342468261719,272
9263,MYADM,86.40110778808594,-30.085830688476562,124
9264,MYADML2,86.7554931640625,-30.13779640197754,124
9265,MYB,86.16510009765625,27.000226974487305,349
9266,MYBBP1A,106.3494873046875,6.446744918823242,299
9267,MYBL1,90.01406860351562,23.77346420288086,415
9268,MYBL2,88.4549789428711,26.427928924560547,412
9269,MYBPC1,113.5159912109375,-13.600156784057617,85
9270,MYBPC2,113.2843017578125,-13.423213958740234,85
9271,MYBPC3,113.08826446533203,-13.469862937927246,85
9272,MYBPH,113.186279296875,-12.85322380065918,85
9273,MYBPHL,112.87677001953125,-12.832335472106934,85
9274,MYC,81.52787017822266,36.889774322509766,264
9275,MYCBP,113.2957763671875,28.311100006103516,388
9276,MYCBPAP,84.6602554321289,10.572431564331055,369
9277,MYCL,81.2111587524414,37.99953079223633,264
9278,MYCN,81.43234252929688,38.02524948120117,264
9279,MYCT1,98.83100891113281,53.73033142089844,262
9280,MYD88,109.8990707397461,19.048343658447266,375
9281,MYDGF,128.69058227539062,-2.761622905731201,234
9282,MYEF2,70.8812255859375,23.62911605834961,278
9283,MYEOV,94.49321746826172,46.567745208740234,301
9284,MYF5,77.80859375,42.49143981933594,266
9285,MYF6,77.92499542236328,42.2877082824707,266
9286,MYH1,88.01873016357422,-10.223129272460938,111
9287,MYH10,88.39425659179688,-10.067289352416992,111
9288,MYH11,88.1800765991211,-10.230815887451172,111
9289,MYH13,88.00589752197266,-10.296112060546875,111
9290,MYH14,88.60950469970703,-9.995529174804688,111
9291,MYH15,88.02101135253906,-10.169611930847168,111
9292,MYH2,88.0645751953125,-10.057085990905762,111
9293,MYH3,87.88664245605469,-10.163773536682129,111
9294,MYH4,88.10696411132812,-10.106433868408203,111
9295,MYH6,87.57936096191406,-10.641685485839844,111
9296,MYH7,87.84272003173828,-10.386053085327148,111
9297,MYH7B,87.98231506347656,-10.232917785644531,111
9298,MYH8,87.94085693359375,-10.369264602661133,111
9299,MYH9,88.5246353149414,-10.06196403503418,111
9300,MYL1,52.49690246582031,-4.390953540802002,98
9301,MYL10,53.136314392089844,-3.815185785293579,98
9302,MYL12A,53.01939010620117,-3.943890333175659,98
9303,MYL12B,52.95657730102539,-3.996786117553711,98
9304,MYL2,52.68669509887695,-4.276612281799316,98
9305,MYL3,52.65773010253906,-4.251749515533447,98
9306,MYL4,52.635826110839844,-4.277734756469727,98
9307,MYL5,52.641334533691406,-4.316263675689697,98
9308,MYL6,52.7890625,-4.18572998046875,98
9309,MYL6B,52.487125396728516,-4.431257724761963,98
9310,MYL7,52.518043518066406,-4.4029130935668945,98
9311,MYL9,52.803768157958984,-4.144821643829346,98
9312,MYLIP,102.05137634277344,17.6142520904541,381
9313,MYLK,112.99813079833984,-13.31781005859375,85
9314,MYLK2,127.74329376220703,76.10995483398438,68
9315,MYLK3,127.53582763671875,75.54130554199219,68
9316,MYLK4,127.56704711914062,76.77949523925781,68
9317,MYLPF,52.7115478515625,-4.208982944488525,98
9318,MYMK,94.20101928710938,-32.90629959106445,175
9319,MYMX,99.17682647705078,47.14244079589844,245
9320,MYNN,60.93848419189453,28.693201065063477,176
9321,MYO10,89.45036315917969,-0.927595853805542,113
9322,MYO15A,99.22759246826172,-7.301143646240234,288
9323,MYO15B,97.75048065185547,-6.627721786499023,291
9324,MYO16,92.17491912841797,3.7781100273132324,374
9325,MYO18A,88.13591003417969,-10.251431465148926,111
9326,MYO18B,88.02117919921875,-10.051912307739258,111
9327,MYO19,117.75340270996094,11.349930763244629,319
9328,MYO1A,90.32228088378906,-1.8866536617279053,113
9329,MYO1B,89.99915313720703,-1.3743243217468262,113
9330,MYO1C,90.17915344238281,-1.7207616567611694,113
9331,MYO1D,90.23323822021484,-1.7828943729400635,113
9332,MYO1E,89.99679565429688,-1.215593695640564,113
9333,MYO1F,90.333984375,-1.5823163986206055,113
9334,MYO1G,90.39771270751953,-1.6662013530731201,113
9335,MYO1H,90.25323486328125,-1.2871705293655396,113
9336,MYO3A,90.56805419921875,1.0043575763702393,265
9337,MYO3B,91.07205200195312,1.8319886922836304,265
9338,MYO5A,87.61978912353516,-0.48662570118904114,113
9339,MYO5B,88.7748031616211,-1.3216228485107422,113
9340,MYO5C,87.67787170410156,-1.0574356317520142,113
9341,MYO6,87.22698974609375,-0.30967116355895996,113
9342,MYO7A,97.19005584716797,-5.357124328613281,291
9343,MYO7B,95.8451156616211,-6.0781426429748535,290
9344,MYO9B,93.99364471435547,-2.9412105083465576,290
9345,MYOC,142.66238403320312,-9.121909141540527,212
9346,MYOCD,77.8514633178711,27.237712860107422,281
9347,MYOCOS,96.01930236816406,40.76217269897461,343
9348,MYOD1,77.67131805419922,42.48651123046875,266
9349,MYOF,98.99038696289062,-8.127540588378906,288
9350,MYOG,78.10108184814453,41.89705276489258,266
9351,MYOM1,112.86546325683594,-13.325651168823242,85
9352,MYOM2,113.11912536621094,-13.453054428100586,85
9353,MYOM3,113.15547180175781,-13.492650032043457,85
9354,MYORG,137.3077392578125,1.1997172832489014,240
9355,MYOT,88.03172302246094,15.143836975097656,367
9356,MYOZ1,92.48728942871094,33.45696258544922,336
9357,MYOZ2,90.94712829589844,34.825435638427734,336
9358,MYOZ3,91.46790313720703,33.562503814697266,336
9359,MYPN,88.51953125,15.192208290100098,367
9360,MYPOP,88.9900131225586,34.80192184448242,286
9361,MYRF,78.76549530029297,26.884944915771484,281
9362,MYRFL,98.40888977050781,14.559854507446289,410
9363,MYRIP,90.57870483398438,11.742277145385742,376
9364,MYSM1,94.32556915283203,19.16887664794922,398
9365,MYT1,91.72486114501953,21.102508544921875,422
9366,MYT1L,88.94270324707031,19.437305450439453,414
9367,MYZAP,78.27339935302734,5.254990577697754,225
9368,MZB1,128.94969177246094,-2.813509941101074,234
9369,MZF1,31.30289077758789,-37.91395950317383,27
9370,MZT1,110.56437683105469,27.879831314086914,323
9371,MZT2A,103.62612915039062,34.607093811035156,332
9372,MZT2B,103.70904541015625,33.998291015625,332
9373,N4BP1,88.09152221679688,22.380203247070312,417
9374,N4BP2,86.05186462402344,20.762420654296875,418
9375,N4BP2L1,103.93578338623047,21.51665496826172,364
9376,N4BP2L2,87.03148651123047,21.246231079101562,418
9377,N4BP3,79.90177917480469,6.838957786560059,227
9378,N6AMT1,123.7002944946289,22.14025115966797,470
9379,NAA11,110.20988464355469,25.35184669494629,322
9380,NAA15,110.9599380493164,1.0622941255569458,293
9381,NAA16,111.259033203125,0.8792250752449036,293
9382,NAA20,117.65006256103516,27.73567008972168,355
9383,NAA25,107.7682113647461,2.1890382766723633,311
9384,NAA30,103.77769470214844,25.879947662353516,433
9385,NAA35,104.27417755126953,6.086211204528809,299
9386,NAA38,118.53596496582031,33.16331481933594,316
9387,NAA40,114.9803466796875,20.156349182128906,462
9388,NAA50,114.52705383300781,22.384918212890625,362
9389,NAA60,117.54363250732422,20.319522857666016,441
9390,NAA80,115.71453857421875,20.20266342163086,462
9391,NAAA,134.219482421875,-0.13554921746253967,252
9392,NAALAD2,132.3140106201172,-0.723431408405304,252
9393,NAALADL1,133.61587524414062,0.521992027759552,252
9394,NAALADL2,131.88458251953125,0.7886720299720764,251
9395,NAB1,87.8702163696289,29.93384552001953,350
9396,NAB2,89.84050750732422,26.91927719116211,412
9397,NABP1,70.97478485107422,24.646656036376953,278
9398,NABP2,120.17935943603516,23.169431686401367,465
9399,NACA,122.99468994140625,35.7115364074707,315
9400,NACA2,118.1075439453125,37.47807312011719,186
9401,NACAD,86.7823715209961,35.34342956542969,286
9402,NACC1,62.27005386352539,30.219972610473633,176
9403,NACC2,61.30796813964844,30.240360260009766,176
9404,NADK,128.54583740234375,18.312850952148438,450
9405,NADK2,125.86831665039062,15.14151382446289,314
9406,NADSYN1,133.26658630371094,16.800392150878906,440
9407,NAE1,113.94471740722656,14.868465423583984,448
9408,NAF1,104.38682556152344,25.8223934173584,433
9409,NAGA,134.80685424804688,-0.48342809081077576,252
9410,NAGK,130.74819946289062,17.190868377685547,454
9411,NAGLU,136.83865356445312,1.2724320888519287,240
9412,NAGPA,133.5126953125,-11.046780586242676,224
9413,NAGS,129.04904174804688,18.771385192871094,450
9414,NAIF1,96.74214172363281,32.83108901977539,337
9415,NAIP,60.123817443847656,-23.03786849975586,54
9416,NALCN,115.72345733642578,-29.33509635925293,115
9417,NAMPT,130.18304443359375,16.25189208984375,453
9418,NANOG,72.215087890625,44.93496322631836,254
9419,NANOGNB,96.36320495605469,39.79232406616211,341
9420,NANOGP8,70.15383911132812,46.210845947265625,261
9421,NANOS1,92.53031921386719,33.18196105957031,336
9422,NANOS2,100.98338317871094,28.530580520629883,429
9423,NANOS3,100.66156005859375,30.132160186767578,346
9424,NANP,122.57289123535156,20.937942504882812,470
9425,NANS,129.7728729248047,20.020830154418945,450
9426,NAP1L4,110.06468200683594,33.58961868286133,425
9427,NAP1L5,102.31159210205078,34.63290786743164,332
9428,NAPA,111.17619323730469,1.3395898342132568,293
9429,NAPB,111.56714630126953,1.1637202501296997,293
9430,NAPEPLD,119.68223571777344,13.354040145874023,455
9431,NAPG,112.05428314208984,0.964381754398346,293
9432,NAPRT,130.77041625976562,14.863486289978027,453
9433,NAPSA,136.51893615722656,-5.14838171005249,229
9434,NARF,121.10694122314453,16.228185653686523,459
9435,NARS2,122.13019561767578,16.041362762451172,455
9436,NASP,100.58055114746094,31.35681915283203,346
9437,NAT1,122.67891693115234,19.13483238220215,416
9438,NAT10,114.20770263671875,14.991999626159668,448
9439,NAT14,102.90937805175781,32.544673919677734,382
9440,NAT16,109.17701721191406,24.92633628845215,322
9441,NAT2,124.19219970703125,19.73583984375,469
9442,NAT8,129.83993530273438,8.899981498718262,196
9443,NAT8L,104.61399841308594,27.517375946044922,429
9444,NAT9,124.49110412597656,21.545387268066406,469
9445,NATD1,118.74754333496094,27.401208877563477,373
9446,NAV2,88.25762939453125,7.654809474945068,370
9447,NAV3,88.43697357177734,5.82826566696167,370
9448,NAXD,126.82046508789062,17.8176326751709,451
9449,NAXE,128.640625,27.11789321899414,330
9450,NBAS,98.79279327392578,-3.9924514293670654,291
9451,NBEA,95.56037902832031,-4.188534736633301,290
9452,NBEAL2,98.05683135986328,-6.153599739074707,291
9453,NBL1,143.0797576904297,-15.623987197875977,238
9454,NBN,92.96482849121094,20.66707420349121,423
9455,NBPF1,86.9886703491211,45.419281005859375,304
9456,NBPF11,87.03306579589844,45.41485595703125,304
9457,NBPF12,86.62006378173828,45.658878326416016,304
9458,NBPF14,86.87903594970703,45.50920104980469,304
9459,NBPF15,87.02942657470703,45.56410217285156,304
9460,NBPF26,86.77668762207031,45.870758056640625,304
9461,NBPF3,87.89599609375,43.136993408203125,305
9462,NBPF4,88.67176055908203,40.32642364501953,302
9463,NBPF6,87.8824234008789,43.07859802246094,305
9464,NBPF9,86.86908721923828,45.45978546142578,304
9465,NBR1,99.85911560058594,22.949844360351562,444
9466,NCALD,53.80933380126953,-3.296891689300537,97
9467,NCAM1,121.2923583984375,-17.146129608154297,220
9468,NCAM2,121.54670715332031,-17.506561279296875,220
9469,NCAN,133.24935913085938,-12.294349670410156,224
9470,NCAPD2,101.66931915283203,0.6413886547088623,308
9471,NCAPD3,102.0137710571289,1.0533416271209717,308
9472,NCAPG,91.96456909179688,19.553625106811523,422
9473,NCAPG2,102.9848403930664,0.6782382726669312,308
9474,NCAPH,90.418701171875,26.836929321289062,412
9475,NCAPH2,92.63665008544922,27.46489715576172,384
9476,NCBP1,106.86522674560547,6.6470489501953125,299
9477,NCBP2,117.41455841064453,35.34367370605469,195
9478,NCBP2AS2,123.2352523803711,30.886009216308594,192
9479,NCCRP1,107.11925506591797,27.922380447387695,430
9480,NCDN,107.61176300048828,4.147637367248535,310
9481,NCEH1,131.97088623046875,4.888791084289551,251
9482,NCF1,99.0555419921875,17.263423919677734,407
9483,NCF2,94.78555297851562,13.70528793334961,396
9484,NCF4,99.5132827758789,14.182114601135254,428
9485,NCK1,99.32203674316406,15.72242259979248,410
9486,NCK2,99.27010345458984,14.220138549804688,428
9487,NCKAP1L,101.12631225585938,3.049673080444336,309
9488,NCKAP5,83.58784484863281,17.049631118774414,318
9489,NCKAP5L,84.13639068603516,26.34695053100586,349
9490,NCKIPSD,99.4773178100586,11.768577575683594,431
9491,NCL,106.09613037109375,36.963924407958984,284
9492,NCLN,132.17811584472656,0.403920978307724,252
9493,NCMAP,100.45014953613281,52.953189849853516,263
9494,NCOA1,75.31124877929688,26.509986877441406,281
9495,NCOA2,75.40055847167969,26.698089599609375,281
9496,NCOA3,74.98995971679688,26.22991180419922,281
9497,NCOA4,92.10399627685547,25.225265502929688,384
9498,NCOA5,73.14042663574219,24.024303436279297,279
9499,NCOA6,74.95085144042969,26.99375343322754,281
9500,NCOA7,95.47024536132812,11.79794692993164,435
9501,NCOR1,77.95170593261719,19.396739959716797,280
9502,NCOR2,78.63551330566406,19.323848724365234,280
9503,NCR1,92.34614562988281,76.85809326171875,160
9504,NCR2,94.03916931152344,71.2347640991211,258
9505,NCR3,95.07782745361328,69.03482818603516,259
9506,NCR3LG1,98.72486877441406,64.29563903808594,272
9507,NCS1,53.65327453613281,-3.44355845451355,97
9508,NCSTN,132.0019073486328,-0.7282235622406006,252
9509,NDC1,99.6517562866211,-26.478134155273438,161
9510,NDC80,80.4659423828125,6.47451639175415,227
9511,NDE1,82.73907470703125,7.012684345245361,227
9512,NDEL1,84.2215805053711,7.030216217041016,201
9513,NDFIP1,96.07066345214844,-24.969619750976562,155
9514,NDFIP2,96.53587341308594,-24.465787887573242,155
9515,NDN,100.66856384277344,32.3981819152832,346
9516,NDNF,138.03866577148438,-6.165355682373047,228
9517,NDOR1,117.55961608886719,13.322303771972656,319
9518,NDRG1,119.1207046508789,9.777386665344238,296
9519,NDRG2,119.42465209960938,10.035487174987793,296
9520,NDRG3,118.87071228027344,10.236196517944336,296
9521,NDRG4,118.7843017578125,10.089042663574219,296
9522,NDST1,139.2369842529297,1.4293551445007324,239
9523,NDST2,137.76693725585938,1.2213428020477295,240
9524,NDST3,137.47775268554688,1.552504062652588,240
9525,NDST4,135.89962768554688,2.3108811378479004,240
9526,NDUFA10,127.97794342041016,24.80521011352539,329
9527,NDUFA11,136.56768798828125,38.8558464050293,271
9528,NDUFA12,130.280517578125,35.75322723388672,328
9529,NDUFA13,135.21739196777344,38.895233154296875,271
9530,NDUFA2,130.84669494628906,37.63387680053711,283
9531,NDUFA3,135.91098022460938,39.312252044677734,271
9532,NDUFA4,135.51779174804688,38.67766571044922,271
9533,NDUFA4L2,135.8050994873047,38.994850158691406,271
9534,NDUFA5,131.45143127441406,38.052589416503906,283
9535,NDUFA6,131.81703186035156,37.82868576049805,283
9536,NDUFA7,130.26991271972656,35.52655029296875,328
9537,NDUFA8,126.8484115600586,38.17559814453125,184
9538,NDUFA9,129.6932373046875,25.824291229248047,330
9539,NDUFAB1,133.36239624023438,31.677513122558594,183
9540,NDUFAF1,127.27391052246094,26.394874572753906,329
9541,NDUFAF2,129.9716033935547,35.73615646362305,328
9542,NDUFAF3,128.28228759765625,30.324371337890625,330
9543,NDUFAF4,128.85301208496094,33.83626937866211,328
9544,NDUFAF5,126.28382873535156,24.165287017822266,329
9545,NDUFAF6,127.92909240722656,22.986249923706055,327
9546,NDUFAF7,126.1812515258789,17.629432678222656,451
9547,NDUFAF8,127.16508483886719,36.81737518310547,184
9548,NDUFB1,136.0706787109375,39.30552291870117,271
9549,NDUFB10,128.87149047851562,38.73390197753906,283
9550,NDUFB2,135.62123107910156,38.12522506713867,271
9551,NDUFB3,135.74609375,39.26226806640625,271
9552,NDUFB4,135.59397888183594,39.23417663574219,271
9553,NDUFB5,134.07962036132812,33.21995162963867,183
9554,NDUFB6,134.6581268310547,39.35254669189453,271
9555,NDUFB7,128.93243408203125,38.6972541809082,283
9556,NDUFB8,135.34471130371094,37.38428497314453,271
9557,NDUFB9,131.35890197753906,38.24546813964844,283
9558,NDUFC1,135.78677368164062,39.23615264892578,271
9559,NDUFC2,135.80120849609375,39.31930160522461,271
9560,NDUFC2-KCTD14,136.86878967285156,40.22789001464844,271
9561,NDUFS1,137.09161376953125,19.809730529785156,387
9562,NDUFS2,137.6661834716797,21.726688385009766,387
9563,NDUFS3,134.534912109375,30.14035415649414,183
9564,NDUFS4,130.9153594970703,32.256813049316406,328
9565,NDUFS5,128.48045349121094,38.74088668823242,283
9566,NDUFS6,133.69546508789062,33.647369384765625,328
9567,NDUFS7,134.39646911621094,30.422286987304688,183
9568,NDUFS8,134.24607849121094,29.97328758239746,183
9569,NDUFV1,138.13336181640625,20.779207229614258,387
9570,NDUFV2,132.94874572753906,30.19084930419922,183
9571,NDUFV3,132.66793823242188,34.21418380737305,328
9572,NEBL,92.73089599609375,3.558933973312378,374
9573,NECAB1,106.63619232177734,23.6099796295166,406
9574,NECAB2,106.05250549316406,22.855817794799805,406
9575,NECAB3,104.68136596679688,24.668323516845703,406
9576,NECAP1,100.13092803955078,24.53496742248535,443
9577,NECAP2,99.25930786132812,22.451284408569336,403
9578,NECTIN1,99.77288818359375,63.517051696777344,273
9579,NECTIN2,99.37659454345703,64.76222229003906,272
9580,NECTIN3,102.20013427734375,62.70127868652344,269
9581,NECTIN4,99.50459289550781,64.86373138427734,272
9582,NEDD1,123.69032287597656,50.73432922363281,66
9583,NEDD4,98.95921325683594,8.831111907958984,413
9584,NEDD4L,94.8994369506836,7.7850446701049805,320
9585,NEDD8,120.7552490234375,36.26865768432617,315
9586,NEDD9,91.22297668457031,16.223934173583984,378
9587,NEFH,89.841796875,37.025264739990234,331
9588,NEFL,205.822998046875,25.426433563232422,20
9589,NEFM,89.85458374023438,37.77265930175781,331
9590,NEIL1,102.55875396728516,16.57300567626953,381
9591,NEIL2,118.72227478027344,20.144834518432617,446
9592,NEIL3,92.40657043457031,22.89780616760254,423
9593,NEK1,83.73119354248047,12.8871488571167,307
9594,NEK10,94.84671020507812,5.305972099304199,320
9595,NEK11,82.80235290527344,11.669572830200195,198
9596,NEK2,126.44441223144531,76.58243560791016,68
9597,NEK3,127.03331756591797,76.9685287475586,68
9598,NEK4,85.67462158203125,14.220369338989258,365
9599,NEK5,82.4636459350586,12.324508666992188,198
9600,NEK6,130.0459442138672,75.45198059082031,68
9601,NEK7,128.99179077148438,75.66374969482422,68
9602,NEK8,127.63180541992188,76.57786560058594,68
9603,NEK9,111.64078521728516,14.420062065124512,442
9604,NELFA,81.51434326171875,25.241241455078125,281
9605,NELFB,105.33430480957031,6.742245674133301,299
9606,NELFCD,107.62620544433594,6.867306709289551,310
9607,NELFE,84.31842041015625,27.810914993286133,349
9608,NELL1,132.72169494628906,-20.027294158935547,236
9609,NELL2,132.60702514648438,-19.96309471130371,236
9610,NEMF,106.38286590576172,24.822105407714844,390
9611,NEMP1,101.24702453613281,-25.989543914794922,136
9612,NEMP2,99.5919418334961,-26.66693878173828,161
9613,NENF,128.03189086914062,-1.4668066501617432,234
9614,NEO1,122.26325225830078,-16.357131958007812,219
9615,NEPRO,104.254150390625,16.364206314086914,324
9616,NES,86.49383544921875,32.88652038574219,317
9617,NET1,94.76907348632812,11.547676086425781,435
9618,NETO1,121.52078247070312,-13.239489555358887,219
9619,NETO2,122.0938949584961,-12.514570236206055,219
9620,NEU1,134.33119201660156,-0.3299693465232849,252
9621,NEU2,117.97847747802734,14.928386688232422,383
9622,NEU3,117.17090606689453,14.881806373596191,319
9623,NEU4,116.85807800292969,14.494023323059082,319
9624,NEURL1,105.61691284179688,16.54168128967285,324
9625,NEURL1B,106.63346862792969,15.694474220275879,324
9626,NEURL2,116.95999145507812,22.09721565246582,446
9627,NEURL3,105.85565185546875,18.689483642578125,395
9628,NEURL4,112.57341003417969,5.375527381896973,214
9629,NEUROD1,76.35700988769531,42.78119659423828,266
9630,NEUROD2,75.0676040649414,42.944000244140625,266
9631,NEUROD4,76.75609588623047,42.52417755126953,266
9632,NEUROD6,75.69290161132812,42.3121337890625,266
9633,NEUROG1,77.97859191894531,43.059661865234375,266
9634,NEUROG2,77.28639221191406,42.87916564941406,266
9635,NEUROG3,77.73787689208984,43.409690856933594,266
9636,NEXN,86.83161926269531,16.432920455932617,367
9637,NF2,80.88939666748047,4.882907867431641,211
9638,NFAM1,96.04354095458984,67.68214416503906,259
9639,NFASC,121.5597915649414,-16.91519546508789,220
9640,NFATC1,75.55081176757812,33.54292297363281,277
9641,NFATC2,75.9644775390625,32.991668701171875,277
9642,NFATC2IP,97.35906982421875,22.834331512451172,360
9643,NFATC3,76.91743469238281,31.82974624633789,277
9644,NFATC4,79.26638793945312,31.501808166503906,277
9645,NFE2,79.02789306640625,39.510948181152344,264
9646,NFE2L1,80.87283325195312,36.58790969848633,264
9647,NFE2L2,81.18417358398438,36.30117416381836,264
9648,NFE2L3,91.94805908203125,28.878585815429688,321
9649,NFIA,74.67549133300781,32.71700668334961,277
9650,NFIB,74.72937774658203,33.75623321533203,277
9651,NFIC,76.59385681152344,33.68804931640625,277
9652,NFIL3,83.91694641113281,35.51130294799805,168
9653,NFIX,75.2461166381836,33.9376106262207,277
9654,NFKB1,137.31655883789062,52.75936508178711,89
9655,NFKB2,136.87008666992188,52.47343444824219,89
9656,NFKBIA,137.7823028564453,53.17162322998047,90
9657,NFKBIB,137.69818115234375,53.094520568847656,90
9658,NFKBID,137.84532165527344,53.228721618652344,90
9659,NFKBIE,137.6431884765625,53.058387756347656,90
9660,NFKBIL1,105.58843994140625,33.86338424682617,284
9661,NFKBIZ,137.6525115966797,53.12534713745117,90
9662,NFRKB,80.63331604003906,23.23861312866211,281
9663,NFS1,135.1417694091797,20.62289810180664,387
9664,NFU1,129.77764892578125,29.955162048339844,330
9665,NFX1,102.63176727294922,21.88481330871582,432
9666,NFXL1,103.63796997070312,22.315664291381836,406
9667,NFYA,70.9723129272461,30.044055938720703,275
9668,NFYB,106.03620910644531,28.976125717163086,430
9669,NFYC,71.13287353515625,30.01400375366211,275
9670,NGB,107.35700988769531,30.266096115112305,426
9671,NGDN,112.55953979492188,31.812734603881836,401
9672,NGEF,93.97972106933594,12.97258186340332,396
9673,NGF,144.60704040527344,-12.224077224731445,212
9674,NGFR,98.63015747070312,57.73117446899414,242
9675,NGLY1,109.91925048828125,17.132068634033203,405
9676,NGRN,126.49037170410156,30.788036346435547,192
9677,NHEJ1,108.11328887939453,20.401718139648438,395
9678,NHLH1,77.67755126953125,43.395633697509766,266
9679,NHLH2,77.69485473632812,43.34727478027344,266
9680,NHLRC1,119.85453796386719,18.88713836669922,460
9681,NHLRC2,116.27546691894531,10.485593795776367,389
9682,NHLRC3,130.71493530273438,0.7589462399482727,251
9683,NHLRC4,121.62960052490234,19.321393966674805,416
9684,NHP2,121.34880828857422,34.32233810424805,315
9685,NHSL1,83.79859161376953,18.309179306030273,318
9686,NIBAN1,94.85829162597656,10.40401840209961,435
9687,NIBAN2,97.18678283691406,10.774569511413574,437
9688,NIBAN3,104.9154281616211,7.366900444030762,299
9689,NICN1,119.59841918945312,20.729501724243164,446
9690,NID1,130.97682189941406,-18.932453155517578,236
9691,NID2,131.2191619873047,-19.54532241821289,236
9692,NIF3L1,122.6414566040039,21.19034767150879,470
9693,NIFK,113.85903930664062,32.820594787597656,401
9694,NIM1K,126.85223388671875,77.8541259765625,68
9695,NIN,75.30426788330078,2.5536231994628906,232
9696,NINJ1,98.78463745117188,-27.93720054626465,161
9697,NINJ2,96.84622192382812,-26.736469268798828,161
9698,NINL,75.40487670898438,3.7823305130004883,232
9699,NIP7,118.57386779785156,27.263296127319336,373
9700,NIPA1,98.25650024414062,-33.332984924316406,170
9701,NIPA2,99.90242004394531,-35.03144836425781,162
9702,NIPAL1,100.40711212158203,-35.4123420715332,162
9703,NIPAL2,98.82810974121094,-33.38070297241211,170
9704,NIPAL3,99.2996826171875,-34.06632614135742,170
9705,NIPAL4,101.3900146484375,-35.51628494262695,162
9706,NIPBL,78.88188171386719,18.37786865234375,280
9707,NIPSNAP1,129.13623046875,25.279264450073242,330
9708,NIPSNAP2,129.19851684570312,25.701494216918945,330
9709,NIPSNAP3A,130.0064697265625,25.7816219329834,330
9710,NIPSNAP3B,130.11611938476562,25.11235809326172,330
9711,NISCH,98.43716430664062,2.8211541175842285,285
9712,NIT1,126.41435241699219,20.033903121948242,467
9713,NIT2,130.78428649902344,19.72304916381836,449
9714,NKAIN1,85.0180892944336,-30.288318634033203,124
9715,NKAIN2,85.92288970947266,-29.49336051940918,124
9716,NKAIN4,86.38443756103516,-28.992393493652344,124
9717,NKAPD1,72.11958312988281,17.84903907775879,120
9718,NKAPL,71.68916320800781,17.570327758789062,120
9719,NKD2,88.67835998535156,24.87915802001953,412
9720,NKG7,85.08879852294922,-32.37113952636719,125
9721,NKIRAS1,77.34990692138672,-69.07366943359375,84
9722,NKIRAS2,77.33545684814453,-69.0700454711914,84
9723,NKPD1,115.70265197753906,6.599427223205566,214
9724,NKTR,69.18741607666016,17.256134033203125,120
9725,NKX1-1,68.34562683105469,46.63018035888672,261
9726,NKX1-2,68.47228240966797,47.27130126953125,261
9727,NKX2-1,68.69683837890625,43.71993637084961,260
9728,NKX2-2,68.17574310302734,47.06597900390625,261
9729,NKX2-3,67.16585540771484,46.236419677734375,261
9730,NKX2-4,67.54950714111328,45.165306091308594,261
9731,NKX2-5,67.28518676757812,46.913089752197266,261
9732,NKX2-6,68.47256469726562,47.476524353027344,261
9733,NKX2-8,68.9557876586914,47.57765197753906,261
9734,NKX3-1,68.91835021972656,47.50232696533203,261
9735,NKX3-2,68.18975067138672,47.30192565917969,261
9736,NKX6-1,67.16181945800781,45.62824630737305,261
9737,NKX6-2,67.99594116210938,45.745906829833984,261
9738,NKX6-3,67.46870422363281,46.04888153076172,261
9739,NLE1,124.828857421875,51.842376708984375,66
9740,NLGN2,131.60414123535156,-11.651448249816895,224
9741,NLK,128.56239318847656,76.47625732421875,68
9742,NLN,127.87275695800781,6.139004707336426,205
9743,NLRC3,59.88831329345703,-23.175098419189453,54
9744,NLRC4,59.94212341308594,-23.146076202392578,54
9745,NLRC5,59.95133590698242,-23.138160705566406,54
9746,NLRP1,60.474571228027344,-22.72904396057129,54
9747,NLRP10,113.4276123046875,5.317659378051758,214
9748,NLRP11,59.98810577392578,-23.108200073242188,54
9749,NLRP12,59.90629196166992,-23.136091232299805,54
9750,NLRP13,59.949581146240234,-23.127286911010742,54
9751,NLRP14,60.09929656982422,-22.978904724121094,54
9752,NLRP2,59.948997497558594,-23.133291244506836,54
9753,NLRP3,59.61147689819336,-23.198516845703125,54
9754,NLRP4,59.93473434448242,-23.106462478637695,54
9755,NLRP5,59.943912506103516,-23.134111404418945,54
9756,NLRP6,59.923255920410156,-23.13450813293457,54
9757,NLRP7,59.937557220458984,-23.1354923248291,54
9758,NLRP8,59.9732780456543,-23.10976791381836,54
9759,NLRP9,59.92920684814453,-23.159832000732422,54
9760,NLRX1,60.13748550415039,-23.02676010131836,54
9761,NMB,154.33050537109375,-19.698816299438477,133
9762,NMBR,6.2304205894470215,-23.141857147216797,17
9763,NMD3,110.2536392211914,23.529138565063477,359
9764,NME1,122.51982116699219,33.46339416503906,315
9765,NME2,124.2371826171875,31.89132308959961,192
9766,NME3,125.88069152832031,26.930347442626953,325
9767,NME4,126.24087524414062,28.72351837158203,192
9768,NME5,115.37590026855469,29.183767318725586,388
9769,NME6,122.55035400390625,24.16696548461914,465
9770,NME7,121.7784423828125,23.028518676757812,465
9771,NME8,111.30939483642578,18.379878997802734,405
9772,NME9,117.57423400878906,23.495677947998047,372
9773,NMI,111.94752502441406,12.965909957885742,448
9774,NMNAT1,124.66960144042969,21.350061416625977,469
9775,NMNAT2,124.04095458984375,20.596355438232422,469
9776,NMNAT3,124.70895385742188,20.776126861572266,469
9777,NMRAL1,128.85946655273438,19.368099212646484,450
9778,NMRK1,121.22718811035156,19.169519424438477,416
9779,NMRK2,118.17406463623047,19.83740997314453,441
9780,NMS,153.90066528320312,-19.357351303100586,133
9781,NMT1,111.1465072631836,20.866260528564453,358
9782,NMT2,108.98445129394531,22.276901245117188,406
9783,NMU,153.97032165527344,-19.5021915435791,133
9784,NMUR1,5.138946056365967,-24.481491088867188,17
9785,NMUR2,5.7422895431518555,-23.66230010986328,17
9786,NNAT,95.65338897705078,46.7531623840332,301
9787,NNMT,124.78843688964844,19.064556121826172,468
9788,NNT,137.56105041503906,20.65056037902832,387
9789,NOA1,122.21907806396484,24.857702255249023,465
9790,NOB1,115.49391174316406,31.13681983947754,401
9791,NOBOX,74.61344909667969,43.27046203613281,266
9792,NOC2L,113.66563415527344,32.07588577270508,401
9793,NOC3L,113.40477752685547,31.52022361755371,400
9794,NOC4L,114.52894592285156,23.165950775146484,362
9795,NOCT,113.80490112304688,23.68437957763672,362
9796,NOD1,59.98151397705078,-23.112247467041016,54
9797,NOD2,59.955787658691406,-23.12160873413086,54
9798,NODAL,144.50418090820312,-10.248602867126465,212
9799,NOG,145.15353393554688,-11.756339073181152,212
9800,NOL10,121.15520477294922,45.73635482788086,66
9801,NOL11,110.2291488647461,9.199275016784668,306
9802,NOL12,111.57406616210938,33.951419830322266,391
9803,NOL3,98.30545043945312,30.809101104736328,337
9804,NOL4,78.94882202148438,31.14539909362793,277
9805,NOL4L,76.98106384277344,31.695632934570312,277
9806,NOL6,113.5641860961914,9.86632251739502,389
9807,NOL7,110.18765258789062,33.789791107177734,391
9808,NOL8,100.26997375488281,27.836130142211914,429
9809,NOL9,114.9770736694336,19.126651763916016,463
9810,NOLC1,98.89773559570312,31.767824172973633,346
9811,NOM1,113.74327087402344,28.93248748779297,388
9812,NOMO1,121.79585266113281,-9.757360458374023,182
9813,NOMO2,123.33305358886719,-10.761624336242676,182
9814,NOMO3,121.79502868652344,-9.553929328918457,182
9815,NOP10,97.34915924072266,45.43211364746094,300
9816,NOP14,113.26911926269531,31.24942398071289,400
9817,NOP16,126.49629211425781,34.13648986816406,192
9818,NOP2,114.1239242553711,26.39845085144043,388
9819,NOP53,113.20648193359375,32.32810592651367,401
9820,NOP56,113.65251159667969,30.947521209716797,400
9821,NOP58,113.887451171875,30.41985321044922,400
9822,NOP9,108.20173645019531,8.923198699951172,306
9823,NOS1,115.4384994506836,6.342010974884033,214
9824,NOS1AP,93.47248077392578,13.903669357299805,396
9825,NOS2,116.28428649902344,6.556670665740967,214
9826,NOS3,115.11102294921875,7.214829444885254,214
9827,NOSIP,107.46476745605469,28.656291961669922,430
9828,NOSTRIN,93.74205017089844,6.477725505828857,320
9829,NOTCH1,126.03945922851562,-22.014019012451172,202
9830,NOTCH2,126.46755981445312,-21.763668060302734,202
9831,NOTCH2NLA,135.2998809814453,-18.822778701782227,236
9832,NOTCH2NLB,135.39675903320312,-18.455575942993164,236
9833,NOTCH2NLC,134.70095825195312,-18.76957130432129,236
9834,NOTCH3,127.02247619628906,-22.15675163269043,202
9835,NOTCH4,130.33932495117188,-21.777084350585938,236
9836,NOTO,68.94306182861328,47.028831481933594,261
9837,NOTUM,135.35276794433594,-3.1286816596984863,243
9838,NOVA1,70.3165283203125,31.271514892578125,275
9839,NOVA2,72.12403869628906,30.82305908203125,274
9840,NOX3,116.82505798339844,2.2524003982543945,209
9841,NOX4,115.83956909179688,1.8477287292480469,209
9842,NOX5,115.87557983398438,4.985240936279297,213
9843,NOXA1,98.36894989013672,14.734746932983398,410
9844,NOXO1,100.66841125488281,18.251543045043945,381
9845,NOXRED1,110.99285888671875,18.842422485351562,405
9846,NPAP1,85.34353637695312,37.15720748901367,287
9847,NPAS1,97.76663970947266,12.812763214111328,431
9848,NPAS2,76.74491119384766,26.360671997070312,281
9849,NPAS3,88.62374114990234,13.250454902648926,369
9850,NPAS4,84.35474395751953,29.651395797729492,349
9851,NPAT,85.5579833984375,21.72532844543457,418
9852,NPB,154.5279083251953,-19.894617080688477,133
9853,NPBWR1,6.153609752655029,-23.977210998535156,17
9854,NPBWR2,4.934008598327637,-24.18423843383789,17
9855,NPC1,110.20706176757812,-31.067829132080078,126
9856,NPC1L1,110.68153381347656,-29.092124938964844,123
9857,NPC2,132.97552490234375,-3.4143173694610596,235
9858,NPDC1,100.33637237548828,56.09392166137695,253
9859,NPEPL1,133.11643981933594,18.99321174621582,458
9860,NPEPPS,128.64089965820312,5.337093353271484,205
9861,NPFF,154.20773315429688,-19.640413284301758,133
9862,NPFFR1,5.8719377517700195,-23.992860794067383,17
9863,NPFFR2,6.1032843589782715,-23.251728057861328,17
9864,NPHP1,83.50987243652344,9.14078140258789,226
9865,NPHP3,109.45440673828125,1.0048036575317383,293
9866,NPHP4,90.4709701538086,6.238553047180176,374
9867,NPHS1,99.45205688476562,68.28289794921875,255
9868,NPHS2,122.9560775756836,9.223958969116211,296
9869,NPIPA1,95.20418548583984,-115.88426208496094,29
9870,NPIPA2,95.21236419677734,-115.87269592285156,29
9871,NPIPA3,95.21419525146484,-115.8910903930664,29
9872,NPIPA5,95.21113586425781,-115.89069366455078,29
9873,NPIPA7,95.20396423339844,-115.88719940185547,29
9874,NPIPA8,95.20942687988281,-115.88907623291016,29
9875,NPIPB11,95.2115707397461,-115.90663146972656,29
9876,NPIPB12,95.21464538574219,-115.9151382446289,29
9877,NPIPB13,95.20746612548828,-115.91413879394531,29
9878,NPIPB15,95.20252990722656,-115.89080047607422,29
9879,NPIPB2,95.19974517822266,-115.89215850830078,29
9880,NPIPB3,95.20939636230469,-115.91304016113281,29
9881,NPIPB4,95.21167755126953,-115.91702270507812,29
9882,NPIPB5,95.20065307617188,-115.90739440917969,29
9883,NPIPB6,95.20606994628906,-115.89300537109375,29
9884,NPIPB7,95.19735717773438,-115.89301300048828,29
9885,NPIPB8,95.20037078857422,-115.89527130126953,29
9886,NPIPB9,95.19914245605469,-115.89857482910156,29
9887,NPL,131.19046020507812,17.12584686279297,454
9888,NPLOC4,105.31417083740234,9.849416732788086,297
9889,NPM1,118.56101989746094,35.73264694213867,195
9890,NPM2,112.18827056884766,35.173179626464844,391
9891,NPM3,117.9738998413086,33.62145233154297,195
9892,NPNT,134.40591430664062,-19.737071990966797,236
9893,NPPA,154.63687133789062,-19.92400360107422,133
9894,NPPB,154.4204864501953,-19.77872085571289,133
9895,NPPC,154.25074768066406,-19.704418182373047,133
9896,NPR1,137.14877319335938,66.82830047607422,43
9897,NPR2,114.34506225585938,-20.70916175842285,122
9898,NPR3,129.684814453125,-9.656509399414062,223
9899,NPRL2,114.7452621459961,24.84962272644043,361
9900,NPRL3,109.9209976196289,17.562536239624023,405
9901,NPS,153.67791748046875,-19.433181762695312,133
9902,NPSR1,5.698761463165283,-23.499267578125,17
9903,NPTN,99.83576965332031,62.38188934326172,273
9904,NPTX1,142.50537109375,-7.6214799880981445,212
9905,NPTX2,143.14112854003906,-8.929509162902832,212
9906,NPTXR,141.72506713867188,-6.997467994689941,212
9907,NPVF,154.02078247070312,-19.595670700073242,133
9908,NPW,154.76480102539062,-20.073379516601562,133
9909,NPY,155.08331298828125,-20.217079162597656,133
9910,NPY1R,5.208113670349121,-23.896011352539062,17
9911,NPY2R,6.06707763671875,-24.037294387817383,17
9912,NPY4R,3.9889302253723145,-24.050506591796875,17
9913,NPY4R2,3.2978854179382324,-24.03732681274414,17
9914,NPY5R,6.096248149871826,-21.9476318359375,17
9915,NQO1,134.9461669921875,16.90070343017578,440
9916,NQO2,132.58432006835938,19.019039154052734,458
9917,NR0B2,98.07701873779297,37.29759979248047,341
9918,NR1D1,57.284297943115234,38.662559509277344,86
9919,NR1D2,57.53246307373047,38.380123138427734,86
9920,NR1H2,56.82779312133789,38.69183349609375,86
9921,NR1H3,56.291526794433594,38.37429428100586,86
9922,NR1H4,57.117462158203125,38.6515998840332,86
9923,NR1I2,57.05928039550781,38.73080825805664,86
9924,NR1I3,56.917362213134766,38.65242385864258,86
9925,NR2C1,57.76972198486328,38.07929229736328,86
9926,NR2C2,68.54267883300781,31.968639373779297,275
9927,NR2C2AP,122.83984375,23.555339813232422,465
9928,NR2E1,57.26213455200195,38.68042755126953,86
9929,NR2E3,56.67670440673828,38.287349700927734,86
9930,NR2F1,59.857479095458984,38.83940124511719,86
9931,NR2F2,59.476165771484375,38.68533706665039,86
9932,NR2F6,100.6632308959961,31.49582290649414,346
9933,NR3C1,88.35689544677734,21.876279830932617,417
9934,NR3C2,86.1104736328125,20.546783447265625,418
9935,NR4A1,65.51502227783203,37.4901008605957,179
9936,NR4A2,65.23263549804688,36.96611022949219,179
9937,NR4A3,66.42192077636719,37.38421630859375,179
9938,NR5A1,57.11548614501953,38.60293197631836,86
9939,NR5A2,57.507137298583984,38.35599899291992,86
9940,NR6A1,57.72692108154297,38.212562561035156,86
9941,NRAP,92.43583679199219,1.2056467533111572,265
9942,NRARP,137.78355407714844,53.125213623046875,90
9943,NRAS,75.29084777832031,-71.10101318359375,95
9944,NRBF2,103.38387298583984,25.936880111694336,433
9945,NRBP1,105.88036346435547,10.595346450805664,297
9946,NRBP2,99.1805191040039,12.695585250854492,427
9947,NRCAM,121.37922668457031,-17.26059913635254,220
9948,NRDC,116.07417297363281,10.175589561462402,389
9949,NREP,94.55062103271484,46.586158752441406,301
9950,NRF1,70.73401641845703,31.213790893554688,275
9951,NRG1,120.16478729248047,-14.321614265441895,219
9952,NRG2,119.52175903320312,-13.253305435180664,219
9953,NRG3,121.31106567382812,-14.005948066711426,219
9954,NRG4,101.15092468261719,52.90031814575195,263
9955,NRGN,98.1684799194336,38.04096984863281,341
9956,NRIP1,78.50186157226562,21.33993911743164,281
9957,NRIP2,96.73587799072266,38.17608642578125,340
9958,NRIP3,96.18804168701172,36.62636184692383,338
9959,NRL,80.76221466064453,40.59348678588867,266
9960,NRM,98.03055572509766,-30.330238342285156,171
9961,NRN1,143.2264404296875,-18.39181137084961,221
9962,NRN1L,144.44569396972656,-19.196718215942383,221
9963,NRP1,130.50811767578125,-16.716840744018555,236
9964,NRP2,130.88128662109375,-16.345504760742188,236
9965,NRROS,156.74496459960938,46.19232177734375,105
9966,NRSN1,100.51681518554688,49.99065017700195,263
9967,NRSN2,100.39259338378906,49.180599212646484,263
9968,NRTN,144.29763793945312,-10.55160903930664,212
9969,NRXN1,119.59530639648438,-20.35935401916504,220
9970,NRXN2,119.34912109375,-20.952659606933594,216
9971,NRXN3,120.84525299072266,-19.675025939941406,220
9972,NSA2,114.35664367675781,33.30781936645508,401
9973,NSD2,93.22898864746094,21.034448623657227,423
9974,NSD3,88.55803680419922,20.667478561401367,414
9975,NSF,115.51619720458984,12.991643905639648,447
9976,NSFL1C,105.53923034667969,23.76537322998047,406
9977,NSG1,99.92046356201172,53.92164611816406,263
9978,NSG2,99.85174560546875,54.095455169677734,263
9979,NSMAF,123.03684997558594,49.063819885253906,66
9980,NSMCE1,112.09332275390625,25.86553382873535,359
9981,NSMCE2,105.10459899902344,27.950130462646484,430
9982,NSMCE3,100.59629821777344,31.756301879882812,346
9983,NSMCE4A,110.38811492919922,26.158296585083008,323
9984,NSMF,94.33302307128906,17.1654052734375,333
9985,NSRP1,71.67085266113281,18.34468650817871,120
9986,NSUN2,115.32035827636719,20.02140998840332,462
9987,NSUN3,121.27213287353516,19.898181915283203,416
9988,NSUN4,121.6256103515625,21.61119270324707,470
9989,NSUN5,121.75401306152344,20.76852035522461,470
9990,NSUN6,125.29466247558594,18.171960830688477,468
9991,NSUN7,103.69744873046875,16.84166717529297,324
9992,NT5C,125.72306823730469,23.94048500061035,464
9993,NT5C1A,123.19889831542969,21.31670379638672,470
9994,NT5C1B,98.16886138916016,20.214969635009766,404
9995,NT5C2,122.90095520019531,13.26722240447998,296
9996,NT5C3A,122.68411254882812,20.756793975830078,470
9997,NT5C3B,123.03826141357422,19.61869239807129,416
9998,NT5DC1,120.69987487792969,18.417951583862305,416
9999,NT5DC2,122.41448974609375,14.71731948852539,455
10000,NT5DC3,120.12928009033203,14.53776741027832,455
10001,NT5DC4,123.92203521728516,14.427574157714844,314
10002,NT5E,133.77537536621094,-2.1478774547576904,252
10003,NT5M,111.45170593261719,28.442373275756836,388
10004,NTAN1,114.85991668701172,17.990949630737305,463
10005,NTF3,144.7964324951172,-12.020776748657227,212
10006,NTF4,145.17567443847656,-11.88990592956543,212
10007,NTHL1,126.18785858154297,26.111034393310547,325
10008,NTM,121.36619567871094,-17.118688583374023,220
10009,NTMT1,122.14230346679688,22.908634185791016,465
10010,NTN1,132.3572998046875,-18.106319427490234,236
10011,NTN3,134.3861083984375,-17.46770477294922,236
10012,NTN4,133.34877014160156,-19.36473274230957,236
10013,NTN5,135.71067810058594,-17.223941802978516,236
10014,NTNG1,131.68565368652344,-18.542484283447266,236
10015,NTNG2,131.99853515625,-17.711755752563477,236
10016,NTPCR,125.00672149658203,20.513601303100586,468
10017,NTRK1,136.92027282714844,67.7051010131836,43
10018,NTRK2,137.0922088623047,67.42533111572266,43
10019,NTS,154.0928497314453,-19.467737197875977,133
10020,NTSR1,5.94644832611084,-23.27397918701172,17
10021,NTSR2,4.9176506996154785,-24.122840881347656,17
10022,NUAK1,127.16386413574219,75.7462387084961,68
10023,NUAK2,126.6801528930664,76.40957641601562,68
10024,NUB1,109.25911712646484,16.669132232666016,375
10025,NUBP1,126.57164001464844,19.74296760559082,467
10026,NUBP2,127.24852752685547,20.624666213989258,467
10027,NUBPL,128.9508514404297,21.559463500976562,327
10028,NUCB1,128.02066040039062,-4.127086639404297,234
10029,NUCB2,128.14364624023438,-4.268927097320557,234
10030,NUCKS1,105.8779296875,36.27489471435547,284
10031,NUDC,112.16744232177734,28.407438278198242,388
10032,NUDCD1,112.39619445800781,12.417149543762207,389
10033,NUDCD2,116.74653625488281,26.38330841064453,361
10034,NUDCD3,108.94563293457031,26.480817794799805,323
10035,NUDT1,123.34880828857422,25.551025390625,465
10036,NUDT12,122.57560729980469,18.96636199951172,416
10037,NUDT13,125.7387924194336,19.34209442138672,468
10038,NUDT14,124.51618194580078,23.171947479248047,464
10039,NUDT15,123.33502960205078,25.109233856201172,465
10040,NUDT16,122.53068542480469,25.334074020385742,465
10041,NUDT16L1,122.0802230834961,24.227821350097656,465
10042,NUDT17,119.47195434570312,21.63326072692871,446
10043,NUDT18,119.82939147949219,21.841279983520508,446
10044,NUDT19,121.5738754272461,22.273426055908203,465
10045,NUDT2,124.90177917480469,24.972780227661133,464
10046,NUDT21,117.66519165039062,25.137752532958984,372
10047,NUDT22,118.83966064453125,21.033859252929688,446
10048,NUDT3,122.35099029541016,25.744192123413086,465
10049,NUDT4,122.27980041503906,25.503568649291992,465
10050,NUDT4B,122.7822036743164,27.11482810974121,465
10051,NUDT5,125.01468658447266,25.355533599853516,464
10052,NUDT6,127.16242980957031,26.045434951782227,329
10053,NUDT7,123.87691497802734,24.488143920898438,464
10054,NUDT8,125.89363861083984,26.807926177978516,325
10055,NUDT9,125.63134002685547,24.912960052490234,329
10056,NUF2,80.92396545410156,6.691524982452393,227
10057,NUFIP1,104.76920318603516,27.68138885498047,430
10058,NUFIP2,77.18406677246094,26.56988525390625,281
10059,NUGGC,117.04239654541016,2.9237871170043945,209
10060,NUMA1,75.7691650390625,3.0494978427886963,232
10061,NUMB,79.77713775634766,24.58942222595215,281
10062,NUMBL,80.47532653808594,25.26723861694336,281
10063,NUP107,106.58531188964844,2.407738208770752,313
10064,NUP133,106.64566040039062,0.3294852674007416,313
10065,NUP153,79.19606018066406,24.452884674072266,281
10066,NUP155,106.55974578857422,0.15635281801223755,313
10067,NUP160,106.85881805419922,-0.5035140514373779,313
10068,NUP188,102.35606384277344,-1.4618463516235352,308
10069,NUP205,99.71859741210938,-3.6908113956451416,291
10070,NUP210,123.1439208984375,-15.483312606811523,219
10071,NUP210L,123.39878845214844,-14.689435958862305,219
10072,NUP214,79.40100860595703,24.436260223388672,281
10073,NUP35,94.96112823486328,21.450828552246094,393
10074,NUP37,124.43962860107422,50.93950653076172,66
10075,NUP42,79.14588928222656,24.685590744018555,281
10076,NUP43,124.56086730957031,51.36780548095703,66
10077,NUP50,100.04171752929688,29.91016387939453,346
10078,NUP54,79.79755401611328,24.602149963378906,281
10079,NUP58,79.40052032470703,24.50029182434082,281
10080,NUP62,76.98342895507812,26.57229995727539,281
10081,NUP85,106.46900177001953,1.5932481288909912,311
10082,NUP88,108.089599609375,7.929422378540039,306
10083,NUP93,105.85746002197266,3.187265634536743,313
10084,NUP98,79.54943084716797,24.009689331054688,281
10085,NUPR1,99.85806274414062,37.71204376220703,341
10086,NUPR2,100.64241027832031,38.75776672363281,292
10087,NUS1,122.86194610595703,13.83059024810791,314
10088,NUSAP1,89.95674896240234,26.01258087158203,412
10089,NUTF2,121.19989013671875,29.610546112060547,347
10090,NUTM1,85.22038269042969,29.620880126953125,349
10091,NUTM2A,85.69775390625,30.892681121826172,349
10092,NUTM2B,85.080078125,29.673725128173828,349
10093,NUTM2D,85.63915252685547,28.99407958984375,349
10094,NUTM2E,85.04517364501953,28.77312469482422,349
10095,NUTM2F,85.48143005371094,29.859745025634766,349
10096,NUTM2G,85.46532440185547,29.300573348999023,349
10097,NVL,113.06651306152344,13.61326789855957,448
10098,NWD1,100.40099334716797,-3.6996498107910156,291
10099,NWD2,103.21684265136719,-1.3586013317108154,308
10100,NXF1,103.92487335205078,19.943126678466797,364
10101,NXN,120.14881896972656,18.1788330078125,460
10102,NXNL1,119.28102111816406,17.483135223388672,460
10103,NXNL2,120.5851058959961,16.333778381347656,459
10104,NXPE1,137.70654296875,-0.18606247007846832,240
10105,NXPE2,139.5641632080078,0.13821296393871307,239
10106,NXPE3,140.19183349609375,1.7960526943206787,239
10107,NXPE4,138.25167846679688,0.4004315733909607,240
10108,NXPH1,142.36575317382812,-10.593852043151855,212
10109,NXPH2,143.26873779296875,-10.27514362335205,212
10110,NXPH3,144.2709197998047,-10.44210433959961,212
10111,NXPH4,144.4785919189453,-10.288363456726074,212
10112,NXT1,122.36243438720703,29.303245544433594,347
10113,NYAP1,86.4322738647461,27.953214645385742,350
10114,NYAP2,83.82101440429688,18.581769943237305,318
10115,NYNRIN,90.94913482666016,31.530838012695312,321
10116,OAF,138.55307006835938,-10.168960571289062,246
10117,OARD1,122.59056854248047,22.925926208496094,465
10118,OAS1,115.40528869628906,5.621583938598633,213
10119,OAS2,115.45447540283203,4.626003742218018,213
10120,OAS3,114.98368835449219,5.050745487213135,213
10121,OASL,114.94027709960938,5.077016353607178,213
10122,OAT,137.1311798095703,18.950925827026367,387
10123,OAZ1,99.57633972167969,43.594783782958984,294
10124,OAZ2,100.18838500976562,43.252403259277344,294
10125,OAZ3,99.80012512207031,44.610652923583984,294
10126,OBI1,91.22578430175781,22.044635772705078,415
10127,OBP2A,76.2046127319336,-19.09217071533203,81
10128,OBP2B,76.18315124511719,-19.01095199584961,81
10129,OBSL1,113.12675476074219,-13.666376113891602,85
10130,OC90,139.41091918945312,-12.877126693725586,246
10131,OCA2,103.87667846679688,-37.25873565673828,154
10132,OCEL1,95.39385986328125,36.19124984741211,338
10133,OCIAD1,136.16497802734375,38.494422912597656,271
10134,OCIAD2,136.16390991210938,38.453147888183594,271
10135,OCLN,101.36844635009766,-22.786956787109375,149
10136,OCM,53.30488586425781,-3.698255777359009,97
10137,OCM2,53.46356964111328,-3.5588910579681396,97
10138,OCSTAMP,101.60182189941406,-25.007633209228516,136
10139,ODAM,89.04251861572266,48.62245559692383,150
10140,ODAPH,89.61357879638672,46.94452667236328,150
10141,ODC1,130.28610229492188,16.339488983154297,453
10142,ODF1,38.00968551635742,-95.3988265991211,6
10143,ODF2,74.08635711669922,2.756706476211548,232
10144,ODF2L,74.74150848388672,3.5917181968688965,232
10145,ODF3,87.20221710205078,43.854820251464844,304
10146,ODF3B,86.99909210205078,43.774139404296875,304
10147,ODF3L1,86.8741683959961,43.756980895996094,304
10148,ODF3L2,87.7284164428711,44.04335403442383,304
10149,ODF4,85.2109375,-31.916912078857422,125
10150,ODR4,110.35653686523438,14.160122871398926,357
10151,OGA,100.2011947631836,13.07850456237793,427
10152,OGDH,137.6986541748047,18.276714324951172,387
10153,OGDHL,136.84222412109375,17.39708709716797,440
10154,OGFOD1,117.53361511230469,17.333415985107422,445
10155,OGFOD2,122.10221099853516,17.987979888916016,416
10156,OGFOD3,135.5040740966797,1.8410768508911133,252
10157,OGFR,96.5438003540039,23.00713539123535,360
10158,OGFRL1,102.67302703857422,23.29068374633789,432
10159,OGG1,126.59061431884766,17.84331703186035,451
10160,OGN,156.76710510253906,47.44236755371094,105
10161,OIP5,110.13087463378906,26.995012283325195,323
10162,OIT3,133.940185546875,-19.69131088256836,236
10163,OLA1,118.89517211914062,15.444114685058594,383
10164,OLAH,128.10293579101562,11.285200119018555,196
10165,OLFM1,142.3253173828125,-8.781062126159668,212
10166,OLFM2,142.54293823242188,-9.109953880310059,212
10167,OLFM3,142.23805236816406,-8.213186264038086,212
10168,OLFM4,141.95066833496094,-9.353302001953125,212
10169,OLFML1,141.05099487304688,-6.893341541290283,212
10170,OLFML2A,140.20567321777344,-8.708818435668945,212
10171,OLFML2B,140.48927307128906,-8.689726829528809,212
10172,OLFML3,141.88514709472656,-7.941629409790039,212
10173,OLIG1,78.03327178955078,42.37533950805664,266
10174,OLIG2,74.69676208496094,42.17344665527344,266
10175,OLIG3,76.93014526367188,41.701255798339844,266
10176,OLR1,70.49905395507812,-43.95478057861328,56
10177,OMA1,126.38502502441406,25.242393493652344,329
10178,OMD,156.85284423828125,47.38435745239258,105
10179,OMG,157.56907653808594,44.68896484375,92
10180,OMP,105.88489532470703,36.5114631652832,284
10181,ONECUT1,68.22456359863281,42.45731735229492,256
10182,ONECUT3,68.36131286621094,43.543357849121094,260
10183,OOEP,101.06205749511719,36.04861068725586,341
10184,OOSP1,130.36358642578125,-8.301121711730957,224
10185,OOSP2,129.99331665039062,-8.826126098632812,223
10186,OOSP3,130.4644012451172,-8.238651275634766,224
10187,OOSP4A,130.23672485351562,-8.277929306030273,224
10188,OOSP4B,130.18772888183594,-7.896819591522217,224
10189,OPA1,111.28656005859375,10.298351287841797,386
10190,OPA3,122.2425537109375,17.323631286621094,416
10191,OPALIN,97.86834716796875,50.80242919921875,263
10192,OPCML,121.62252807617188,-17.023929595947266,220
10193,OPLAH,121.65402221679688,9.282791137695312,296
10194,OPN1SW,6.470618724822998,-23.590980529785156,17
10195,OPN3,6.569486141204834,-23.726099014282227,17
10196,OPN4,6.141914367675781,-24.314355850219727,17
10197,OPN5,6.149569034576416,-23.79778289794922,17
10198,OPRD1,6.052822589874268,-23.490407943725586,17
10199,OPRK1,6.1788554191589355,-23.432340621948242,17
10200,OPRL1,5.8430094718933105,-23.740943908691406,17
10201,OPRPN,88.6427993774414,51.191978454589844,139
10202,OPTC,156.63381958007812,47.28721618652344,105
10203,OPTN,77.76953887939453,5.015176773071289,225
10204,OR10A2,-34.940006256103516,10.833207130432129,108
10205,OR10A3,-36.08475875854492,12.674705505371094,108
10206,OR10A4,-35.842288970947266,12.321319580078125,108
10207,OR10A5,-36.14384078979492,11.751481056213379,108
10208,OR10A6,-35.6876335144043,12.34253978729248,108
10209,OR10A7,-36.4416618347168,12.140499114990234,108
10210,OR10AD1,-37.3085823059082,12.121021270751953,108
10211,OR10AG1,-34.95892333984375,11.339303970336914,108
10212,OR10C1,-35.81515121459961,12.674156188964844,108
10213,OR10D3,-35.685516357421875,12.793741226196289,108
10214,OR10G2,-36.05225372314453,12.609170913696289,108
10215,OR10G3,-35.874114990234375,12.804560661315918,108
10216,OR10G4,-35.22294616699219,11.501728057861328,108
10217,OR10G6,-36.198299407958984,13.090442657470703,108
10218,OR10G7,-35.27307891845703,11.429509162902832,108
10219,OR10G8,-35.81318664550781,12.316852569580078,108
10220,OR10G9,-35.71709060668945,12.694015502929688,108
10221,OR10H1,-36.009925842285156,13.256427764892578,108
10222,OR10H2,-37.6478271484375,14.415145874023438,108
10223,OR10H3,-36.79611587524414,13.517817497253418,108
10224,OR10H4,-36.98854064941406,13.874554634094238,108
10225,OR10H5,-35.4964485168457,12.746252059936523,108
10226,OR10J1,-37.31161880493164,13.750358581542969,108
10227,OR10J3,-35.977821350097656,12.795042991638184,108
10228,OR10J5,-36.65690231323242,12.762913703918457,108
10229,OR10K1,-35.07429504394531,11.707209587097168,108
10230,OR10K2,-35.01456832885742,12.420334815979004,108
10231,OR10P1,-35.89278793334961,12.741758346557617,108
10232,OR10Q1,-35.64039993286133,12.51191520690918,108
10233,OR10R2,-36.35505676269531,12.25330924987793,108
10234,OR10S1,-35.803611755371094,12.414978981018066,108
10235,OR10T2,-36.29841995239258,12.238485336303711,108
10236,OR10V1,-35.78300857543945,12.27878189086914,108
10237,OR10W1,-35.60207748413086,12.069598197937012,108
10238,OR10X1,-36.18183517456055,12.57927417755127,108
10239,OR10Z1,-35.531620025634766,12.698307037353516,108
10240,OR11A1,-35.89533996582031,12.60865592956543,108
10241,OR11G2,-35.42839813232422,12.348764419555664,108
10242,OR11H1,-35.69178009033203,12.370765686035156,108
10243,OR11H12,-35.85322952270508,12.666913986206055,108
10244,OR11H2,-35.77085876464844,13.288680076599121,108
10245,OR11H4,-35.80019760131836,12.900824546813965,108
10246,OR11H6,-34.930545806884766,11.934167861938477,108
10247,OR11L1,-35.935882568359375,12.455095291137695,108
10248,OR12D2,-35.47906494140625,11.826891899108887,108
10249,OR12D3,-35.06973648071289,12.215396881103516,108
10250,OR13A1,-35.95450973510742,12.376479148864746,108
10251,OR13C2,-36.329463958740234,13.05118179321289,108
10252,OR13C3,-36.52786636352539,13.67943286895752,108
10253,OR13C4,-36.25526428222656,12.84378433227539,108
10254,OR13C5,-35.735626220703125,13.121233940124512,108
10255,OR13C8,-36.50345993041992,12.61941146850586,108
10256,OR13C9,-36.45258331298828,12.987195014953613,108
10257,OR13D1,-36.69257354736328,13.44003677368164,108
10258,OR13F1,-36.40763473510742,13.020029067993164,108
10259,OR13G1,-35.272605895996094,11.729690551757812,108
10260,OR13J1,-34.002471923828125,11.85484504699707,108
10261,OR14A16,-33.40279006958008,11.31299114227295,87
10262,OR14A2,-33.547828674316406,10.759066581726074,87
10263,OR14C36,-33.47340774536133,11.39776611328125,87
10264,OR14I1,-34.472938537597656,11.334715843200684,108
10265,OR14J1,-33.95586395263672,10.65162181854248,109
10266,OR14K1,-35.17765426635742,12.077847480773926,108
10267,OR1A1,-35.33272171020508,10.22127914428711,109
10268,OR1A2,-35.47886276245117,9.50119400024414,109
10269,OR1B1,-35.73311996459961,12.569131851196289,108
10270,OR1C1,-34.734458923339844,11.117242813110352,108
10271,OR1D2,-36.25248336791992,8.557219505310059,5
10272,OR1D5,-36.52111053466797,8.51806926727295,5
10273,OR1E1,-37.13041687011719,7.691020488739014,5
10274,OR1E2,-37.28488540649414,7.6249542236328125,5
10275,OR1F1,-36.00906753540039,10.18220329284668,109
10276,OR1G1,-36.66841506958008,8.116357803344727,5
10277,OR1I1,-36.337860107421875,8.550046920776367,5
10278,OR1J1,-35.7325325012207,9.32357120513916,109
10279,OR1J2,-36.73039627075195,7.855247974395752,5
10280,OR1J4,-37.424102783203125,7.209771156311035,5
10281,OR1K1,-36.07771301269531,13.359675407409668,108
10282,OR1L1,-35.44204330444336,10.97577953338623,108
10283,OR1L3,-36.564125061035156,11.336941719055176,108
10284,OR1L4,-34.62330627441406,9.480875968933105,109
10285,OR1L6,-35.56885528564453,11.55491828918457,108
10286,OR1L8,-34.84576416015625,9.78994083404541,109
10287,OR1M1,-35.6668815612793,10.491257667541504,109
10288,OR1N1,-36.7193489074707,7.941074848175049,5
10289,OR1N2,-37.06290817260742,9.285356521606445,5
10290,OR1Q1,-35.468017578125,9.961894989013672,109
10291,OR1S1,-37.08427047729492,7.479151725769043,5
10292,OR1S2,-37.11461639404297,7.554355621337891,5
10293,OR2A1,-35.40229415893555,12.5147705078125,108
10294,OR2A12,-35.170963287353516,12.217426300048828,108
10295,OR2A14,-35.09740447998047,11.986026763916016,108
10296,OR2A2,-35.54974365234375,12.341504096984863,108
10297,OR2A25,-35.34663772583008,12.279377937316895,108
10298,OR2A4,-36.314231872558594,13.090533256530762,108
10299,OR2A42,-35.35557174682617,12.715739250183105,108
10300,OR2A5,-34.78113555908203,12.440210342407227,108
10301,OR2A7,-36.49882125854492,13.213810920715332,108
10302,OR2AE1,-35.801517486572266,12.853717803955078,108
10303,OR2AG1,-35.623077392578125,13.014711380004883,108
10304,OR2AG2,-35.782264709472656,12.706059455871582,108
10305,OR2AJ1,-35.81195068359375,11.788191795349121,108
10306,OR2AK2,-36.1780891418457,12.963397979736328,108
10307,OR2AP1,-36.829002380371094,12.700952529907227,108
10308,OR2AT4,-35.64518356323242,12.825153350830078,108
10309,OR2B11,-35.59830856323242,12.972794532775879,108
10310,OR2B2,-36.25815963745117,12.95047378540039,108
10311,OR2B3,-36.569374084472656,13.269411087036133,108
10312,OR2B6,-35.59360122680664,12.728256225585938,108
10313,OR2C1,-35.389564514160156,12.874898910522461,108
10314,OR2C3,-35.16765594482422,13.201950073242188,108
10315,OR2D2,-35.982826232910156,12.757964134216309,108
10316,OR2D3,-35.831398010253906,12.470474243164062,108
10317,OR2F1,-34.835365295410156,11.914872169494629,108
10318,OR2F2,-36.100852966308594,12.851526260375977,108
10319,OR2G2,-36.12614440917969,13.142959594726562,108
10320,OR2G3,-36.153968811035156,12.273534774780273,108
10321,OR2G6,-35.77791976928711,13.218201637268066,108
10322,OR2H1,-35.83705139160156,13.031312942504883,108
10323,OR2H2,-35.630767822265625,12.941828727722168,108
10324,OR2I1P,-36.454933166503906,13.981634140014648,108
10325,OR2J1,-35.63655090332031,12.692415237426758,108
10326,OR2J2,-35.08083724975586,12.966775894165039,108
10327,OR2J3,-33.21015167236328,12.038459777832031,87
10328,OR2K2,-36.673255920410156,13.112630844116211,108
10329,OR2L13,-36.44728469848633,13.02584457397461,108
10330,OR2L2,-34.099796295166016,11.168407440185547,108
10331,OR2L3,-33.7938117980957,10.813985824584961,109
10332,OR2L5,-34.03590774536133,11.11756706237793,108
10333,OR2L8,-36.037906646728516,12.705448150634766,108
10334,OR2M2,-36.584774017333984,12.603036880493164,108
10335,OR2M3,-34.47065734863281,10.372214317321777,109
10336,OR2M4,-34.78644561767578,11.254439353942871,108
10337,OR2M5,-36.674415588378906,12.992757797241211,108
10338,OR2M7,-36.50404357910156,12.28573989868164,108
10339,OR2S2,-36.710113525390625,13.372352600097656,108
10340,OR2T1,-36.13024139404297,12.530143737792969,108
10341,OR2T10,-35.27670669555664,11.924497604370117,108
10342,OR2T11,-35.504051208496094,12.121816635131836,108
10343,OR2T12,-36.271278381347656,13.710323333740234,108
10344,OR2T2,-36.121280670166016,12.74006462097168,108
10345,OR2T27,-36.97140884399414,12.960906982421875,108
10346,OR2T29,-35.46025085449219,12.394832611083984,108
10347,OR2T3,-36.790382385253906,13.095349311828613,108
10348,OR2T33,-35.72151565551758,13.318374633789062,108
10349,OR2T34,-36.60399627685547,12.144176483154297,108
10350,OR2T35,-36.01414108276367,12.606200218200684,108
10351,OR2T4,-36.07981491088867,12.226900100708008,108
10352,OR2T5,-35.74688720703125,12.2735595703125,108
10353,OR2T6,-35.546974182128906,12.292414665222168,108
10354,OR2T8,-36.4723014831543,13.584284782409668,108
10355,OR2V1,-36.194297790527344,13.468804359436035,108
10356,OR2V2,-35.674163818359375,13.421319961547852,108
10357,OR2W1,-36.718475341796875,13.257441520690918,108
10358,OR2W3,-35.62004089355469,13.140695571899414,108
10359,OR2Y1,-36.03837966918945,13.07550048828125,108
10360,OR2Z1,-36.470252990722656,13.41214370727539,108
10361,OR3A1,-36.10460662841797,12.995599746704102,108
10362,OR3A2,-35.88601303100586,12.420220375061035,108
10363,OR3A3,-36.166168212890625,13.224568367004395,108
10364,OR4A15,-32.10447692871094,11.5458402633667,87
10365,OR4A16,-31.315292358398438,11.047654151916504,87
10366,OR4A47,-30.899675369262695,11.45952320098877,87
10367,OR4A5,-30.898616790771484,11.298136711120605,87
10368,OR4B1,-31.18789291381836,11.434908866882324,87
10369,OR4C11,-31.824234008789062,11.369089126586914,87
10370,OR4C12,-30.818370819091797,11.214387893676758,87
10371,OR4C13,-31.094135284423828,11.31382942199707,87
10372,OR4C15,-30.920812606811523,11.32153034210205,87
10373,OR4C16,-31.376972198486328,11.4161376953125,87
10374,OR4C3,-30.948888778686523,11.29280948638916,87
10375,OR4C45,-31.870763778686523,11.109162330627441,87
10376,OR4C46,-31.0654296875,10.890695571899414,87
10377,OR4C5,-31.427133560180664,11.12539291381836,87
10378,OR4C6,-30.729475021362305,11.409112930297852,87
10379,OR4D1,-33.06422424316406,11.824088096618652,87
10380,OR4D10,-32.09885025024414,11.409768104553223,87
10381,OR4D11,-32.10445785522461,11.973304748535156,87
10382,OR4D2,-33.45631790161133,11.713533401489258,87
10383,OR4D5,-31.1933536529541,11.3612060546875,87
10384,OR4D6,-31.192415237426758,10.958632469177246,87
10385,OR4D9,-32.99718475341797,11.30451774597168,87
10386,OR4E1,-31.584430694580078,11.639535903930664,87
10387,OR4E2,-32.36412048339844,11.385929107666016,87
10388,OR4F15,-31.713226318359375,11.430656433105469,87
10389,OR4F16,-30.856962203979492,11.50727367401123,87
10390,OR4F17,-31.274192810058594,11.376680374145508,87
10391,OR4F21,-30.4155330657959,11.359296798706055,87
10392,OR4F29,-30.651521682739258,11.427054405212402,87
10393,OR4F3,-30.548364639282227,11.353279113769531,87
10394,OR4F4,-31.24272346496582,11.52423095703125,87
10395,OR4F5,-31.66358757019043,11.471409797668457,87
10396,OR4F6,-30.599685668945312,11.297542572021484,87
10397,OR4K1,-30.35401153564453,11.009434700012207,87
10398,OR4K13,-31.95077133178711,11.309471130371094,87
10399,OR4K14,-30.6306095123291,11.168965339660645,87
10400,OR4K15,-34.796722412109375,12.61989688873291,108
10401,OR4K17,-32.2360954284668,11.680326461791992,87
10402,OR4K2,-32.70250701904297,11.25965690612793,87
10403,OR4K5,-31.321125030517578,11.310395240783691,87
10404,OR4L1,-30.811567306518555,11.431047439575195,87
10405,OR4M1,-32.50212860107422,11.676091194152832,87
10406,OR4M2,-31.536653518676758,11.27724552154541,87
10407,OR4N2,-31.720827102661133,11.424285888671875,87
10408,OR4N4,-32.33366394042969,12.465020179748535,87
10409,OR4N5,-31.914657592773438,11.358651161193848,87
10410,OR4P4,-31.103378295898438,11.534530639648438,87
10411,OR4Q2,-32.7066535949707,12.114490509033203,87
10412,OR4Q3,-31.959075927734375,12.097211837768555,87
10413,OR4S1,-30.829792022705078,10.95189094543457,87
10414,OR4S2,-31.306312561035156,11.682497024536133,87
10415,OR4X1,-32.17374038696289,12.056130409240723,87
10416,OR4X2,-32.27074432373047,11.195566177368164,87
10417,OR51A2,-31.487789154052734,37.52833557128906,0
10418,OR51A4,-31.548250198364258,37.45690155029297,0
10419,OR51A7,-31.480424880981445,37.57213592529297,0
10420,OR51B2,-31.515941619873047,37.52171325683594,0
10421,OR51B4,-31.708637237548828,37.342041015625,0
10422,OR51B5,-31.503692626953125,37.5333251953125,0
10423,OR51B6,-31.486698150634766,37.584110260009766,0
10424,OR51D1,-31.521902084350586,37.549442291259766,0
10425,OR51E1,-31.496440887451172,37.59214401245117,0
10426,OR51E2,-31.52163314819336,37.619632720947266,0
10427,OR51F1,-31.540813446044922,37.18340301513672,0
10428,OR51F2,-31.495594024658203,37.533573150634766,0
10429,OR51G1,-31.487049102783203,37.55294418334961,0
10430,OR51G2,-31.53650665283203,37.53509521484375,0
10431,OR51I1,-31.488101959228516,37.54505920410156,0
10432,OR51I2,-31.846914291381836,37.187782287597656,0
10433,OR51L1,-31.574983596801758,37.476097106933594,0
10434,OR51M1,-31.633350372314453,37.41761016845703,0
10435,OR51Q1,-31.547813415527344,37.493743896484375,0
10436,OR51S1,-31.501771926879883,37.54934310913086,0
10437,OR51T1,-31.5006160736084,37.54253005981445,0
10438,OR51V1,-31.525672912597656,37.49262237548828,0
10439,OR52A1,-31.570505142211914,37.50697326660156,0
10440,OR52A5,-31.55769157409668,37.52682113647461,0
10441,OR52B2,-31.525901794433594,37.52232360839844,0
10442,OR52B4,-31.508522033691406,37.52416229248047,0
10443,OR52B6,-31.471084594726562,37.576438903808594,0
10444,OR52D1,-31.513790130615234,37.54188919067383,0
10445,OR52E2,-31.51580047607422,37.531917572021484,0
10446,OR52E4,-31.59210205078125,37.477012634277344,0
10447,OR52E5,-31.56554412841797,37.503360748291016,0
10448,OR52E6,-31.34921646118164,37.77337646484375,0
10449,OR52E8,-31.666996002197266,37.39616012573242,0
10450,OR52H1,-31.526582717895508,37.545127868652344,0
10451,OR52I1,-31.544784545898438,37.52777862548828,0
10452,OR52I2,-31.580860137939453,37.50459671020508,0
10453,OR52J3,-31.474567413330078,37.58414840698242,0
10454,OR52K1,-31.73306655883789,37.32770538330078,0
10455,OR52K2,-31.486059188842773,37.56613540649414,0
10456,OR52L1,-31.503154754638672,37.5526008605957,0
10457,OR52M1,-31.48379135131836,37.57302474975586,0
10458,OR52N1,-31.581361770629883,37.43898010253906,0
10459,OR52N2,-31.5281925201416,37.52644348144531,0
10460,OR52N4,-31.56217384338379,37.51576614379883,0
10461,OR52N5,-31.566923141479492,37.47711181640625,0
10462,OR52R1,-31.490753173828125,37.565589904785156,0
10463,OR52W1,-31.52515411376953,37.544830322265625,0
10464,OR56A1,-31.634761810302734,37.41918182373047,0
10465,OR56A3,-31.642608642578125,37.34092330932617,0
10466,OR56A4,-31.646732330322266,37.341575622558594,0
10467,OR56A5,-31.625225067138672,37.37950897216797,0
10468,OR56B1,-31.540817260742188,37.52573776245117,0
10469,OR56B4,-31.49854850769043,37.55250549316406,0
10470,OR5A1,-34.68175506591797,10.429370880126953,109
10471,OR5A2,-35.26801681518555,12.064369201660156,108
10472,OR5AC2,-34.494407653808594,9.952444076538086,109
10473,OR5AK2,-34.85707473754883,9.829217910766602,109
10474,OR5AN1,-35.00004577636719,9.755285263061523,109
10475,OR5AP2,-34.88182830810547,9.063579559326172,109
10476,OR5AR1,-35.16515350341797,9.611654281616211,109
10477,OR5AS1,-33.29669189453125,10.498677253723145,87
10478,OR5AU1,-34.397178649902344,8.997629165649414,109
10479,OR5B12,-34.17677307128906,8.301912307739258,109
10480,OR5B17,-34.7032470703125,9.701375007629395,109
10481,OR5B2,-34.99403381347656,10.92721176147461,108
10482,OR5B21,-35.10451126098633,10.463787078857422,108
10483,OR5B3,-34.523189544677734,9.636331558227539,109
10484,OR5C1,-35.933616638183594,12.546775817871094,108
10485,OR5D13,-34.46513748168945,9.730298042297363,109
10486,OR5D14,-34.994773864746094,9.54504108428955,109
10487,OR5D16,-34.743045806884766,9.533560752868652,109
10488,OR5D18,-34.91813659667969,9.710899353027344,109
10489,OR5F1,-35.63693618774414,9.883294105529785,109
10490,OR5H1,-32.75588607788086,10.951309204101562,87
10491,OR5H14,-33.560264587402344,11.134761810302734,87
10492,OR5H15,-33.312870025634766,10.323256492614746,109
10493,OR5H2,-33.4449462890625,10.274206161499023,109
10494,OR5H6,-34.03912353515625,9.895722389221191,109
10495,OR5I1,-35.51449966430664,9.696076393127441,109
10496,OR5J2,-35.19556427001953,9.849772453308105,109
10497,OR5K1,-34.07349395751953,10.022622108459473,109
10498,OR5K2,-34.03372573852539,10.455545425415039,109
10499,OR5K3,-34.744140625,9.469114303588867,109
10500,OR5K4,-34.96087646484375,9.986180305480957,109
10501,OR5L1,-35.39955520629883,9.209218978881836,109
10502,OR5L2,-36.637939453125,11.148977279663086,108
10503,OR5M1,-34.859432220458984,10.755816459655762,108
10504,OR5M10,-34.93486022949219,9.58675479888916,109
10505,OR5M11,-35.02330017089844,9.881250381469727,109
10506,OR5M3,-35.014312744140625,9.656282424926758,109
10507,OR5M8,-35.45539093017578,11.451814651489258,108
10508,OR5M9,-36.49185562133789,10.777824401855469,108
10509,OR5P2,-36.224971771240234,10.753820419311523,108
10510,OR5P3,-36.605079650878906,10.29145622253418,109
10511,OR5T1,-34.54322052001953,9.08042049407959,109
10512,OR5T2,-34.45374298095703,10.132104873657227,109
10513,OR5T3,-35.10856246948242,9.375899314880371,109
10514,OR5V1,-34.94105911254883,9.56429672241211,109
10515,OR5W2,-34.84794235229492,9.550643920898438,109
10516,OR6A2,-35.20880889892578,11.577167510986328,108
10517,OR6B1,-34.930057525634766,12.503202438354492,108
10518,OR6B2,-35.56327438354492,12.193052291870117,108
10519,OR6B3,-35.389713287353516,12.475004196166992,108
10520,OR6C1,-35.68099594116211,11.115355491638184,108
10521,OR6C2,-36.02261734008789,12.000686645507812,108
10522,OR6C3,-37.417694091796875,13.351502418518066,108
10523,OR6C4,-34.413291931152344,11.03909683227539,108
10524,OR6C6,-37.334251403808594,12.651891708374023,108
10525,OR6C65,-37.18134307861328,13.036956787109375,108
10526,OR6C68,-37.10639572143555,12.834858894348145,108
10527,OR6C70,-37.60340118408203,13.366717338562012,108
10528,OR6C74,-34.854042053222656,11.612918853759766,108
10529,OR6C75,-34.96260070800781,11.253738403320312,108
10530,OR6C76,-37.160335540771484,12.502086639404297,108
10531,OR6F1,-36.92914581298828,11.205358505249023,108
10532,OR6J1,-36.13628005981445,13.439875602722168,108
10533,OR6K2,-35.52345275878906,13.083917617797852,108
10534,OR6K3,-33.68327331542969,11.638035774230957,87
10535,OR6K6,-34.58846664428711,12.446294784545898,108
10536,OR6M1,-36.08073806762695,12.706761360168457,108
10537,OR6N1,-34.96208572387695,11.791205406188965,108
10538,OR6N2,-35.47710037231445,12.132030487060547,108
10539,OR6P1,-35.956077575683594,12.68276309967041,108
10540,OR6Q1,-35.52678680419922,12.37211799621582,108
10541,OR6S1,-35.7974967956543,11.916671752929688,108
10542,OR6T1,-35.8841667175293,13.370561599731445,108
10543,OR6V1,-35.76481628417969,12.7186861038208,108
10544,OR6X1,-35.20448684692383,12.446144104003906,108
10545,OR6Y1,-35.72564697265625,12.661815643310547,108
10546,OR7A10,-37.220375061035156,7.443786144256592,5
10547,OR7A17,-36.903900146484375,7.534201622009277,5
10548,OR7A5,-37.13270568847656,7.386350154876709,5
10549,OR7C1,-36.97618865966797,7.626638889312744,5
10550,OR7C2,-37.188941955566406,7.493247032165527,5
10551,OR7D2,-37.0399055480957,7.605310440063477,5
10552,OR7D4,-36.18056869506836,7.584628582000732,5
10553,OR7E24,-37.33482360839844,7.21233606338501,5
10554,OR7G1,-37.09535598754883,7.494257926940918,5
10555,OR7G2,-37.268394470214844,7.304152965545654,5
10556,OR7G3,-37.440711975097656,7.205955982208252,5
10557,OR8A1,-34.795005798339844,8.109589576721191,109
10558,OR8B12,-34.69476318359375,9.646333694458008,109
10559,OR8B2,-34.886863708496094,8.994778633117676,109
10560,OR8B3,-34.286773681640625,7.993790626525879,109
10561,OR8B4,-34.69733810424805,8.966638565063477,109
10562,OR8B8,-34.528358459472656,9.684151649475098,109
10563,OR8D1,-34.55153274536133,9.576314926147461,109
10564,OR8D2,-35.15006637573242,9.174098014831543,109
10565,OR8D4,-34.341552734375,10.434327125549316,109
10566,OR8G1,-35.190364837646484,8.561969757080078,109
10567,OR8G5,-34.84614944458008,9.120437622070312,109
10568,OR8H1,-36.180511474609375,11.692512512207031,108
10569,OR8H2,-35.035884857177734,9.985817909240723,109
10570,OR8H3,-35.29123306274414,9.782913208007812,109
10571,OR8I2,-35.148216247558594,9.577381134033203,109
10572,OR8J1,-36.43373107910156,12.714622497558594,108
10573,OR8J3,-34.5215950012207,9.969000816345215,109
10574,OR8K1,-34.5216064453125,9.390522003173828,109
10575,OR8K3,-34.63468933105469,9.8597993850708,109
10576,OR8K5,-34.54154586791992,9.412315368652344,109
10577,OR8S1,-35.057220458984375,12.11639404296875,108
10578,OR8U1,-34.87765121459961,9.623698234558105,109
10579,OR9A2,-36.749595642089844,11.996155738830566,108
10580,OR9A4,-35.386566162109375,13.027281761169434,108
10581,OR9G1,-34.27204132080078,10.280311584472656,109
10582,OR9G4,-35.32352066040039,11.941681861877441,108
10583,OR9I1,-35.86164093017578,11.354755401611328,108
10584,OR9K2,-34.392005920410156,10.421677589416504,109
10585,OR9Q1,-35.689903259277344,10.82625961303711,108
10586,OR9Q2,-35.37335205078125,12.022891998291016,108
10587,ORAI1,99.04906463623047,-22.715633392333984,149
10588,ORAI2,99.15165710449219,-22.829700469970703,149
10589,ORAI3,98.41757202148438,-22.981595993041992,149
10590,ORC1,93.95658874511719,22.167373657226562,423
10591,ORC2,101.78761291503906,17.190763473510742,381
10592,ORC3,105.61408233642578,3.7742981910705566,312
10593,ORC4,108.1980209350586,6.318184852600098,310
10594,ORC5,107.11078643798828,5.768832683563232,310
10595,ORC6,113.30384063720703,24.85618782043457,362
10596,ORM1,76.20989227294922,-19.1539306640625,81
10597,ORM2,76.2083511352539,-19.195430755615234,81
10598,ORMDL1,92.32038879394531,-27.741071701049805,158
10599,ORMDL2,92.4470443725586,-27.34459686279297,158
10600,ORMDL3,92.0584716796875,-28.002891540527344,158
10601,OS9,127.99952697753906,-4.119434356689453,234
10602,OSBP,101.16114807128906,23.784875869750977,443
10603,OSBP2,97.13648986816406,11.857072830200195,438
10604,OSBPL10,97.69544982910156,13.000890731811523,431
10605,OSBPL11,99.07698059082031,13.618988037109375,428
10606,OSBPL1A,97.54662322998047,11.740145683288574,438
10607,OSBPL2,97.951416015625,12.084046363830566,438
10608,OSBPL3,98.05329895019531,11.974742889404297,438
10609,OSBPL5,95.80463409423828,11.064676284790039,435
10610,OSBPL6,97.7070541381836,11.258567810058594,438
10611,OSBPL7,97.07173156738281,10.350330352783203,437
10612,OSBPL8,98.10202026367188,10.938783645629883,438
10613,OSBPL9,97.44886779785156,11.653350830078125,438
10614,OSCAR,94.586669921875,72.50837707519531,257
10615,OSCP1,103.1973876953125,19.291187286376953,364
10616,OSER1,89.41792297363281,33.383995056152344,336
10617,OSGEP,130.1417236328125,18.25582504272461,457
10618,OSGEPL1,124.13024139404297,16.651342391967773,420
10619,OSGIN1,127.6161880493164,15.058640480041504,314
10620,OSGIN2,121.75051879882812,16.05202865600586,459
10621,OSM,112.6636962890625,60.90568923950195,117
10622,OSMR,102.3885498046875,66.04638671875,270
10623,OSR1,63.251068115234375,37.208194732666016,179
10624,OSR2,62.86037826538086,36.3291130065918,178
10625,OST4,90.92633056640625,-25.20391082763672,158
10626,OSTC,92.10649108886719,-27.29943084716797,158
10627,OSTF1,137.06068420410156,52.364288330078125,89
10628,OSTM1,127.83517456054688,-3.9062187671661377,234
10629,OSTN,154.20184326171875,-19.61716079711914,133
10630,OTOA,110.43209838867188,4.266729831695557,293
10631,OTOF,98.99581909179688,-8.119674682617188,288
10632,OTOG,125.66519165039062,-21.43120765686035,202
10633,OTOGL,129.0894775390625,-20.95304298400879,202
10634,OTOL1,163.22312927246094,-12.613004684448242,99
10635,OTOP1,98.6439437866211,-33.82796859741211,170
10636,OTOP2,97.84705352783203,-34.779056549072266,170
10637,OTOP3,100.19759368896484,-37.29973220825195,153
10638,OTOR,114.03923034667969,6.806321144104004,214
10639,OTOS,153.514892578125,-18.709266662597656,133
10640,OTP,67.68037414550781,46.36661148071289,261
10641,OTUB1,112.97068786621094,19.27184295654297,456
10642,OTUB2,113.93618774414062,18.079578399658203,463
10643,OTUD1,93.75221252441406,32.2963752746582,321
10644,OTUD3,99.78541564941406,21.84718132019043,403
10645,OTUD4,78.83545684814453,23.856847763061523,281
10646,OTUD6B,112.94723510742188,29.668807983398438,400
10647,OTUD7A,91.66397094726562,16.860591888427734,378
10648,OTUD7B,91.54002380371094,18.028942108154297,378
10649,OTULIN,120.26722717285156,23.95370101928711,465
10650,OTULINL,121.15311431884766,19.419004440307617,416
10651,OTX1,67.94149780273438,44.51961135864258,261
10652,OTX2,67.74666595458984,46.22776794433594,261
10653,OVCA2,120.421630859375,23.733617782592773,465
10654,OVCH1,134.07737731933594,-22.379676818847656,236
10655,OVCH2,136.18850708007812,-24.676130294799805,146
10656,OVGP1,129.5802459716797,-7.449377059936523,224
10657,OVOL1,61.46759796142578,33.96054458618164,178
10658,OVOL2,61.74121856689453,33.41518783569336,178
10659,OVOL3,60.55339050292969,32.915733337402344,176
10660,OXA1L,131.2029266357422,30.302169799804688,330
10661,OXCT1,135.79849243164062,19.76845932006836,387
10662,OXCT2,135.82373046875,20.335886001586914,387
10663,OXER1,3.3838417530059814,-25.019819259643555,17
10664,OXGR1,1.8159877061843872,-23.05744171142578,17
10665,OXLD1,128.42001342773438,30.967214584350586,330
10666,OXNAD1,126.79680633544922,25.023508071899414,329
10667,OXR1,93.63867950439453,10.15185546875,392
10668,OXSM,132.3154296875,17.831974029541016,458
10669,OXSR1,129.1658935546875,74.99236297607422,68
10670,OXT,144.50393676757812,-19.613277435302734,221
10671,OXTR,5.955434322357178,-24.114398956298828,17
10672,P2RX1,123.95023345947266,-8.47873592376709,197
10673,P2RX2,124.47525024414062,-8.208660125732422,197
10674,P2RX3,124.12486267089844,-8.540803909301758,197
10675,P2RX4,124.07643127441406,-8.222243309020996,197
10676,P2RX5,123.93340301513672,-8.30997371673584,197
10677,P2RX6,124.24017333984375,-8.691672325134277,197
10678,P2RX7,124.07569122314453,-8.5198392868042,197
10679,P2RY1,2.3886325359344482,-23.558307647705078,17
10680,P2RY11,3.5747642517089844,-25.01949119567871,17
10681,P2RY12,1.1798057556152344,-23.067567825317383,17
10682,P2RY13,1.3622500896453857,-22.89324951171875,17
10683,P2RY14,1.6865665912628174,-23.350234985351562,17
10684,P2RY2,3.3277320861816406,-25.121583938598633,17
10685,P2RY6,3.326140880584717,-25.067184448242188,17
10686,P3H1,136.6925048828125,-2.4887747764587402,243
10687,P3H2,136.909423828125,-2.755814552307129,243
10688,P3H3,136.54649353027344,-2.5148749351501465,243
10689,P3H4,137.1073760986328,-2.6691601276397705,243
10690,P3R3URF,95.3538589477539,45.28589630126953,301
10691,P4HA1,138.47097778320312,-1.3157703876495361,243
10692,P4HA2,138.55166625976562,-2.2125916481018066,243
10693,P4HA3,136.1972198486328,-2.624058485031128,243
10694,P4HB,127.2690200805664,-0.11345627903938293,233
10695,P4HTM,136.18313598632812,-2.6365110874176025,243
10696,PA2G4,116.11107635498047,26.569900512695312,361
10697,PAAF1,124.50829315185547,50.718955993652344,66
10698,PABPC1,69.98240661621094,26.96706771850586,276
10699,PABPC1L,70.08037567138672,28.223554611206055,276
10700,PABPC3,70.12076568603516,27.926681518554688,276
10701,PABPC4,70.2320556640625,27.832441329956055,276
10702,PABPC4L,70.43323516845703,27.569944381713867,276
10703,PABPN1,70.81745910644531,23.10112762451172,278
10704,PABPN1L,97.39251708984375,33.157955169677734,337
10705,PACC1,124.0643310546875,-3.726743698120117,234
10706,PACRG,96.07638549804688,38.31575012207031,340
10707,PACRGL,109.82908630371094,15.173089981079102,375
10708,PACS1,96.72406005859375,11.46334171295166,437
10709,PACS2,96.0050277709961,13.05596923828125,396
10710,PACSIN1,92.02391052246094,5.641807556152344,374
10711,PACSIN2,92.07725524902344,5.579165935516357,374
10712,PACSIN3,92.34062194824219,5.968502044677734,374
10713,PADI1,124.95964813232422,6.001629829406738,204
10714,PADI2,124.70272827148438,5.922958850860596,204
10715,PADI3,124.88180541992188,6.207403182983398,204
10716,PADI4,125.29641723632812,5.582613945007324,204
10717,PADI6,124.17293548583984,5.937004566192627,204
10718,PAEP,76.34370422363281,-18.985307693481445,81
10719,PAF1,105.14151000976562,30.103378295898438,382
10720,PAFAH1B1,124.39688110351562,51.67369079589844,66
10721,PAFAH1B2,108.96908569335938,20.56382179260254,395
10722,PAFAH1B3,127.40438842773438,21.764612197875977,327
10723,PAFAH2,129.5408935546875,10.32349681854248,196
10724,PAG1,95.29652404785156,61.81621170043945,250
10725,PAGR1,100.55561065673828,34.635467529296875,345
10726,PAH,133.2942657470703,15.614236831665039,440
10727,PAICS,120.76732635498047,18.46381378173828,416
10728,PAIP1,106.30810546875,23.722427368164062,406
10729,PAIP2,97.58059692382812,35.95948028564453,338
10730,PAIP2B,98.03643035888672,35.37196731567383,338
10731,PAK1,129.16830444335938,75.38306427001953,68
10732,PAK1IP1,123.82777404785156,50.28605651855469,66
10733,PAK2,129.16094970703125,75.13658142089844,68
10734,PAK4,128.60079956054688,75.41996765136719,68
10735,PAK5,128.47531127929688,75.24596405029297,68
10736,PAK6,127.81906127929688,75.51671600341797,68
10737,PALB2,85.94734191894531,21.561758041381836,418
10738,PALD1,99.3730239868164,9.26229190826416,413
10739,PALLD,87.40677642822266,14.90999698638916,367
10740,PALM,94.87074279785156,12.690811157226562,396
10741,PALM3,87.2526626586914,34.42784118652344,286
10742,PALMD,87.3567123413086,13.978320121765137,369
10743,PAM,128.93910217285156,-8.21139144897461,223
10744,PAM16,131.0889434814453,35.60090637207031,328
10745,PAMR1,136.61878967285156,-23.36012077331543,146
10746,PAN2,109.95555877685547,6.166833877563477,306
10747,PAN3,77.6518783569336,28.21233367919922,281
10748,PANK1,129.34527587890625,17.51181983947754,457
10749,PANK2,127.20379638671875,18.05042266845703,451
10750,PANK3,129.67735290527344,17.621782302856445,457
10751,PANK4,121.61985778808594,14.92347526550293,455
10752,PANO1,94.32586669921875,45.812225341796875,301
10753,PANX1,99.87419891357422,-22.095333099365234,149
10754,PANX2,104.00883483886719,-20.20642852783203,148
10755,PANX3,98.91804504394531,-25.157493591308594,161
10756,PAOX,127.6194839477539,15.530099868774414,314
10757,PAPLN,131.26031494140625,-19.01202964782715,236
10758,PAPOLA,98.18108367919922,19.983203887939453,404
10759,PAPOLB,99.96757507324219,19.54350471496582,402
10760,PAPOLG,96.91368103027344,18.60895347595215,407
10761,PAPPA,131.20909118652344,-19.376134872436523,236
10762,PAPPA2,130.43984985351562,-20.170185089111328,236
10763,PAPSS1,130.23748779296875,16.467588424682617,453
10764,PAPSS2,133.39480590820312,15.67328929901123,440
10765,PAQR3,95.01632690429688,-33.681312561035156,175
10766,PAQR4,94.38663482666016,-33.76748275756836,175
10767,PAQR5,94.52091979980469,-33.72636032104492,175
10768,PAQR6,95.59541320800781,-33.10057067871094,174
10769,PAQR7,94.40371704101562,-33.53207015991211,175
10770,PAQR8,94.49573516845703,-33.74112319946289,175
10771,PAQR9,95.36136627197266,-33.11016845703125,174
10772,PARD3,88.02044677734375,8.81846809387207,370
10773,PARD3B,88.19805908203125,9.676319122314453,370
10774,PARD6A,101.4699478149414,20.071914672851562,364
10775,PARD6B,101.43925476074219,18.815570831298828,381
10776,PARD6G,101.35707092285156,18.648372650146484,381
10777,PARG,88.29450988769531,21.54959487915039,417
10778,PARK7,131.13955688476562,25.822294235229492,330
10779,PARL,129.6514892578125,27.6230525970459,330
10780,PARM1,92.61237335205078,55.719757080078125,147
10781,PARN,112.22068786621094,15.763628005981445,442
10782,PARP1,96.03703308105469,20.965864181518555,393
10783,PARP10,98.30607604980469,21.347293853759766,360
10784,PARP11,118.7645263671875,18.089345932006836,460
10785,PARP12,103.02351379394531,21.436521530151367,406
10786,PARP14,115.0992660522461,4.184945583343506,213
10787,PARP15,115.7541732788086,5.65641975402832,213
10788,PARP16,118.14872741699219,16.96657371520996,445
10789,PARP2,112.30348205566406,15.094575881958008,442
10790,PARP3,114.95274353027344,14.561530113220215,448
10791,PARP4,119.06170654296875,-4.705244064331055,191
10792,PARP6,110.25481414794922,12.625709533691406,357
10793,PARP8,98.0533676147461,8.155189514160156,413
10794,PARP9,115.21533203125,4.255352973937988,213
10795,PARPBP,93.36148071289062,21.164554595947266,423
10796,PARS2,120.28237915039062,17.0208683013916,459
10797,PARVA,105.18059539794922,15.348970413208008,324
10798,PARVB,104.470458984375,13.652037620544434,353
10799,PARVG,104.35685729980469,14.233988761901855,353
10800,PASK,89.35893249511719,15.16463851928711,334
10801,PATE1,144.8979949951172,-19.89216423034668,221
10802,PATE2,145.06539916992188,-19.952585220336914,221
10803,PATE3,145.68092346191406,-20.77022361755371,221
10804,PATE4,145.87747192382812,-21.217342376708984,221
10805,PATJ,89.22096252441406,7.990816116333008,370
10806,PATL1,76.5177230834961,24.949357986450195,281
10807,PATL2,107.96222686767578,9.761292457580566,297
10808,PATZ1,60.511260986328125,29.353073120117188,176
10809,PAWR,96.57931518554688,26.326576232910156,434
10810,PAX1,72.46814727783203,38.67249298095703,268
10811,PAX2,69.96420288085938,38.01936340332031,268
10812,PAX3,68.33879852294922,41.926719665527344,256
10813,PAX4,71.79641723632812,44.94038391113281,254
10814,PAX5,70.45223999023438,36.49138641357422,268
10815,PAX6,68.8160400390625,40.408329010009766,256
10816,PAX7,67.86980438232422,42.11688995361328,256
10817,PAX8,71.37122344970703,37.33528137207031,268
10818,PAX9,71.5406723022461,37.04279708862305,268
10819,PAXBP1,95.65804290771484,23.242761611938477,421
10820,PAXIP1,73.6123046875,28.056642532348633,281
10821,PAXX,100.05135345458984,34.516902923583984,345
10822,PBK,97.18749237060547,26.74630355834961,434
10823,PBLD,130.979736328125,18.512386322021484,457
10824,PBOV1,95.7078628540039,44.46288299560547,300
10825,PBRM1,80.04356384277344,18.493610382080078,280
10826,PBX1,73.3247299194336,33.88069152832031,277
10827,PBX2,73.40106201171875,34.381431579589844,277
10828,PBX3,72.79752349853516,34.577049255371094,268
10829,PBX4,73.55853271484375,34.30977249145508,277
10830,PBXIP1,93.45388793945312,38.46923828125,342
10831,PC,135.8405303955078,17.4110107421875,440
10832,PCARE,85.2358169555664,27.417102813720703,349
10833,PCBD1,127.20222473144531,27.710086822509766,330
10834,PCBD2,128.21913146972656,29.063045501708984,330
10835,PCBP1,70.13158416748047,28.68002700805664,276
10836,PCBP2,70.06912994384766,28.69930076599121,276
10837,PCBP3,70.24779510498047,29.040081024169922,276
10838,PCBP4,69.11787414550781,29.975292205810547,275
10839,PCCA,136.43414306640625,20.393505096435547,387
10840,PCCB,137.438232421875,21.1468505859375,387
10841,PCDH1,123.10042572021484,-44.49669647216797,51
10842,PCDH10,183.6268768310547,63.79798889160156,9
10843,PCDH12,182.775146484375,62.978878021240234,9
10844,PCDH15,122.70430755615234,-43.776798248291016,51
10845,PCDH17,183.56675720214844,63.643470764160156,9
10846,PCDH18,183.42347717285156,63.56718444824219,9
10847,PCDH20,183.6595001220703,63.8676643371582,9
10848,PCDH7,122.75554656982422,-43.9093017578125,51
10849,PCDH8,183.52357482910156,63.65557861328125,9
10850,PCDH9,123.12678527832031,-43.3112678527832,51
10851,PCDHA1,184.69720458984375,64.99494171142578,10
10852,PCDHA10,184.5270538330078,64.81522369384766,10
10853,PCDHA11,184.58538818359375,64.88034057617188,10
10854,PCDHA12,184.56251525878906,64.86040496826172,10
10855,PCDHA13,184.47633361816406,64.75593566894531,10
10856,PCDHA2,184.67156982421875,64.97897338867188,10
10857,PCDHA3,184.61737060546875,64.91310119628906,10
10858,PCDHA4,184.58717346191406,64.89359283447266,10
10859,PCDHA5,184.6006622314453,64.89564514160156,10
10860,PCDHA6,184.47206115722656,64.75104522705078,10
10861,PCDHA7,184.73684692382812,65.03913116455078,10
10862,PCDHA8,184.64048767089844,64.94153594970703,10
10863,PCDHA9,184.59275817871094,64.8835678100586,10
10864,PCDHAC1,184.31460571289062,64.5640640258789,10
10865,PCDHAC2,184.203857421875,64.43965911865234,10
10866,PCDHB1,183.50404357910156,63.74052429199219,9
10867,PCDHB10,183.64773559570312,63.858726501464844,9
10868,PCDHB11,183.58688354492188,63.80348205566406,9
10869,PCDHB12,183.49819946289062,63.7104606628418,9
10870,PCDHB13,183.59393310546875,63.805641174316406,9
10871,PCDHB14,183.6342010498047,63.84026336669922,9
10872,PCDHB15,183.63693237304688,63.84626007080078,9
10873,PCDHB16,183.63238525390625,63.846256256103516,9
10874,PCDHB2,183.59878540039062,63.81190872192383,9
10875,PCDHB3,183.68466186523438,63.899837493896484,9
10876,PCDHB4,183.63230895996094,63.840702056884766,9
10877,PCDHB5,183.62960815429688,63.8441047668457,9
10878,PCDHB6,183.6810302734375,63.90059280395508,9
10879,PCDHB7,183.63986206054688,63.86648178100586,9
10880,PCDHB8,183.67726135253906,63.89393615722656,9
10881,PCDHB9,183.63255310058594,63.851226806640625,9
10882,PCDHGA1,126.43724822998047,-116.31217956542969,8
10883,PCDHGA10,126.44745635986328,-116.29920196533203,8
10884,PCDHGA11,126.44306945800781,-116.3028564453125,8
10885,PCDHGA12,126.44050598144531,-116.30638885498047,8
10886,PCDHGA2,126.44000244140625,-116.30780792236328,8
10887,PCDHGA3,126.43171691894531,-116.31563568115234,8
10888,PCDHGA4,126.4320297241211,-116.316162109375,8
10889,PCDHGA5,126.43832397460938,-116.3098373413086,8
10890,PCDHGA6,126.43634033203125,-116.30765533447266,8
10891,PCDHGA7,126.43624877929688,-116.31240844726562,8
10892,PCDHGA8,126.43515014648438,-116.31439208984375,8
10893,PCDHGA9,126.43929290771484,-116.30765533447266,8
10894,PCDHGB1,126.4328384399414,-116.3100814819336,8
10895,PCDHGB2,126.38179779052734,-116.35132598876953,8
10896,PCDHGB3,126.42727661132812,-116.31871795654297,8
10897,PCDHGB4,126.44115447998047,-116.31065368652344,8
10898,PCDHGB5,126.43517303466797,-116.31778717041016,8
10899,PCDHGB6,126.4400863647461,-116.30972290039062,8
10900,PCDHGB7,126.44004821777344,-116.31326293945312,8
10901,PCDHGC3,183.97540283203125,64.19168853759766,10
10902,PCDHGC4,184.06927490234375,64.28466033935547,10
10903,PCDHGC5,184.20277404785156,64.43280029296875,10
10904,PCED1A,81.70897674560547,30.660497665405273,188
10905,PCED1B,82.45501708984375,30.771543502807617,188
10906,PCF11,74.87480926513672,21.467016220092773,279
10907,PCGF1,100.59601593017578,23.678808212280273,444
10908,PCGF2,93.75602722167969,23.017009735107422,421
10909,PCGF3,100.47087097167969,22.8746395111084,444
10910,PCGF5,100.01160430908203,22.785127639770508,403
10911,PCGF6,105.00567626953125,25.761049270629883,390
10912,PCID2,110.55636596679688,2.4454569816589355,293
10913,PCIF1,105.67198944091797,16.58709716796875,324
10914,PCK1,136.7547607421875,15.861246109008789,440
10915,PCK2,136.5788116455078,15.648611068725586,440
10916,PCLAF,91.52236938476562,26.74271011352539,384
10917,PCM1,78.8921127319336,18.967575073242188,280
10918,PCMT1,120.51583099365234,17.647079467773438,459
10919,PCMTD1,108.64056396484375,20.037071228027344,395
10920,PCMTD2,106.97052001953125,21.545555114746094,406
10921,PCNA,115.77375793457031,23.692115783691406,363
10922,PCNP,103.64111328125,31.471616744995117,382
10923,PCNT,74.8056640625,2.3290035724639893,232
10924,PCNX2,96.71086120605469,-3.9149763584136963,290
10925,PCNX3,98.1507797241211,-4.755519390106201,291
10926,PCOLCE,134.57518005371094,-13.169000625610352,224
10927,PCOLCE2,134.98228454589844,-14.834585189819336,224
10928,PCP2,97.42646789550781,37.09199142456055,341
10929,PCP4,102.4734878540039,38.66419982910156,295
10930,PCP4L1,101.89297485351562,39.06185531616211,295
10931,PCSK1,133.5679473876953,-8.518510818481445,224
10932,PCSK2,133.3711700439453,-9.06333065032959,224
10933,PCSK4,133.86907958984375,-9.288540840148926,224
10934,PCSK5,130.81895446777344,-20.045028686523438,236
10935,PCSK6,132.0676727294922,-16.41048240661621,236
10936,PCSK7,133.13206481933594,-9.62613296508789,224
10937,PCSK9,134.64501953125,-14.931674003601074,224
10938,PCTP,122.86894989013672,21.540897369384766,470
10939,PCYOX1,132.2125244140625,5.308663845062256,251
10940,PCYOX1L,133.0663604736328,5.7614970207214355,169
10941,PCYT1A,125.36347961425781,21.08478355407715,468
10942,PCYT2,130.447265625,19.779125213623047,449
10943,PDAP1,108.31034851074219,34.381813049316406,425
10944,PDC,112.15239715576172,31.13692283630371,401
10945,PDCD1,95.64502716064453,67.8006591796875,259
10946,PDCD10,109.4142837524414,28.230531692504883,419
10947,PDCD11,113.54570007324219,19.2123966217041,456
10948,PDCD1LG2,97.26426696777344,67.3060531616211,259
10949,PDCD2,112.94120788574219,25.037067413330078,359
10950,PDCD2L,114.5461196899414,22.52283477783203,362
10951,PDCD4,109.62591552734375,11.508800506591797,386
10952,PDCD5,113.28376770019531,37.855560302734375,180
10953,PDCD6,55.48757553100586,-1.9928936958312988,63
10954,PDCD6IP,92.13191223144531,8.27538013458252,380
10955,PDCD7,97.43046569824219,31.953998565673828,337
10956,PDCL,111.107177734375,31.052547454833984,419
10957,PDCL2,110.99305725097656,31.291141510009766,419
10958,PDCL3,111.60514831542969,31.897192001342773,391
10959,PDE10A,103.73835754394531,6.626034259796143,297
10960,PDE12,115.22418975830078,18.83355712890625,463
10961,PDE1A,102.79244232177734,6.802725315093994,297
10962,PDE1B,102.7652816772461,7.114091396331787,297
10963,PDE1C,102.47928619384766,6.781704425811768,297
10964,PDE2A,105.81523895263672,5.868426322937012,299
10965,PDE3B,97.3836669921875,8.827198028564453,413
10966,PDE4A,101.81768798828125,7.169290542602539,297
10967,PDE4B,102.44820404052734,6.71286153793335,297
10968,PDE4C,102.03024291992188,6.928002834320068,297
10969,PDE4D,101.85553741455078,6.698237419128418,297
10970,PDE4DIP,75.5216064453125,2.740312099456787,232
10971,PDE5A,105.51641845703125,8.204833030700684,299
10972,PDE6A,106.15044403076172,7.357578754425049,299
10973,PDE6B,106.10585021972656,6.9560346603393555,299
10974,PDE6C,105.3753662109375,5.769386291503906,299
10975,PDE6D,109.84664916992188,24.674060821533203,359
10976,PDE6G,100.6959228515625,39.11005783081055,292
10977,PDE6H,98.72000122070312,40.02811813354492,298
10978,PDE7A,102.62264251708984,7.005005836486816,297
10979,PDE7B,103.69673156738281,6.652942657470703,297
10980,PDE8A,102.33143615722656,7.1756415367126465,297
10981,PDE8B,101.21994018554688,7.284582138061523,297
10982,PDE9A,103.05043029785156,7.481273651123047,297
10983,PDF,125.32455444335938,26.992521286010742,325
10984,PDGFA,144.5868682861328,-15.061335563659668,238
10985,PDGFB,144.6268768310547,-15.531070709228516,238
10986,PDGFC,141.21588134765625,-14.0254545211792,249
10987,PDGFD,140.6427764892578,-14.093339920043945,247
10988,PDGFRA,136.98219299316406,67.56364440917969,43
10989,PDGFRB,137.04119873046875,67.5180892944336,43
10990,PDGFRL,133.09376525878906,-12.937490463256836,224
10991,PDHA2,137.4161834716797,22.390655517578125,387
10992,PDHB,136.9208221435547,22.739521026611328,387
10993,PDHX,133.28860473632812,21.557334899902344,458
10994,PDIA2,128.19314575195312,0.22513099014759064,233
10995,PDIA3,127.31700897216797,0.007719965651631355,233
10996,PDIA4,127.04840087890625,0.17808321118354797,233
10997,PDIA5,127.45879364013672,-0.6280794739723206,233
10998,PDIA6,127.0479736328125,-0.345625638961792,233
10999,PDIK1L,127.61443328857422,76.41952514648438,68
11000,PDILT,127.56570434570312,0.059065405279397964,233
11001,PDK2,123.8450927734375,11.559040069580078,296
11002,PDK4,123.85993957519531,11.347246170043945,296
11003,PDLIM1,95.06546783447266,26.300561904907227,354
11004,PDLIM2,94.66606140136719,26.393569946289062,354
11005,PDLIM3,95.2196044921875,27.12921142578125,354
11006,PDLIM4,94.76220703125,26.850603103637695,354
11007,PDLIM5,94.48413848876953,26.29960823059082,354
11008,PDLIM7,93.93403625488281,26.793563842773438,354
11009,PDP1,107.23939514160156,14.191905975341797,351
11010,PDP2,107.95539855957031,14.572495460510254,351
11011,PDPK1,128.55178833007812,75.19888305664062,68
11012,PDPN,94.00727081298828,55.60224914550781,147
11013,PDPR,130.68344116210938,15.366361618041992,453
11014,PDRG1,114.82166290283203,32.098854064941406,401
11015,PDS5A,100.33934783935547,1.3047550916671753,285
11016,PDS5B,99.93341064453125,2.0004262924194336,285
11017,PDSS1,127.94426727294922,22.522384643554688,327
11018,PDSS2,126.72230529785156,19.027976989746094,451
11019,PDX1,66.60395812988281,46.75730895996094,261
11020,PDXDC1,127.12777709960938,12.92595100402832,314
11021,PDXK,123.95433044433594,19.07009506225586,466
11022,PDXP,103.9247817993164,32.5248908996582,382
11023,PDYN,154.3321533203125,-19.852516174316406,133
11024,PDZD2,83.9186782836914,16.99844741821289,318
11025,PDZD3,98.52702331542969,13.043420791625977,431
11026,PDZD7,90.57826232910156,14.954997062683105,334
11027,PDZD8,97.8097915649414,17.337278366088867,407
11028,PDZD9,104.17877960205078,22.425399780273438,406
11029,PDZK1,101.90017700195312,17.506576538085938,381
11030,PDZK1IP1,99.93766784667969,53.08167266845703,263
11031,PDZRN3,88.23502349853516,11.869174003601074,369
11032,PDZRN4,89.40766143798828,11.410177230834961,371
11033,PEA15,108.41564178466797,17.89162254333496,375
11034,PEAK1,87.75898742675781,17.992454528808594,367
11035,PEAK3,111.4322280883789,8.1668119430542,306
11036,PEAR1,131.8909149169922,-21.66522216796875,236
11037,PEBP1,128.7411651611328,23.191862106323242,327
11038,PEBP4,130.22994995117188,0.9477324485778809,251
11039,PECAM1,97.5142822265625,67.68952178955078,259
11040,PECR,136.052490234375,15.770539283752441,440
11041,PEF1,78.15251159667969,29.34478759765625,281
11042,PEG10,91.18531036376953,28.090110778808594,384
11043,PEG3,31.932580947875977,-37.764923095703125,27
11044,PELI1,105.38479614257812,18.527584075927734,395
11045,PELI2,105.4640884399414,20.186813354492188,364
11046,PELI3,105.74817657470703,19.111682891845703,395
11047,PELO,115.62307739257812,25.469255447387695,361
11048,PELP1,103.03569030761719,8.470446586608887,297
11049,PEMT,95.50576782226562,-32.2923583984375,166
11050,PENK,154.6522979736328,-19.924543380737305,133
11051,PEPD,133.83445739746094,17.61971092224121,440
11052,PER1,81.3960189819336,22.481414794921875,281
11053,PER2,80.67765045166016,24.488107681274414,281
11054,PER3,80.21514129638672,22.328222274780273,281
11055,PERM1,86.35527038574219,34.32601547241211,286
11056,PERP,84.88432312011719,-31.910743713378906,125
11057,PES1,112.83578491210938,31.87474822998047,401
11058,PET100,135.94842529296875,39.3249626159668,271
11059,PET117,135.12747192382812,39.221885681152344,271
11060,PEX1,111.71276092529297,12.856841087341309,386
11061,PEX10,100.20513916015625,-17.80541229248047,148
11062,PEX11A,98.5612564086914,-21.232219696044922,149
11063,PEX11B,98.8890380859375,-19.38886070251465,149
11064,PEX11G,98.30184936523438,-21.344987869262695,149
11065,PEX12,99.89525604248047,-17.004657745361328,148
11066,PEX13,102.33258056640625,20.814191818237305,364
11067,PEX14,102.46577453613281,20.05892562866211,364
11068,PEX16,99.4478530883789,-18.76941680908203,148
11069,PEX19,105.2933578491211,25.192174911499023,390
11070,PEX2,100.47785949707031,-16.205718994140625,148
11071,PEX3,108.93377685546875,11.071120262145996,386
11072,PEX5,109.19180297851562,19.006296157836914,375
11073,PEX5L,95.5215072631836,12.8218355178833,396
11074,PEX6,117.86363220214844,13.627471923828125,319
11075,PEX7,125.15292358398438,52.14373779296875,66
11076,PF4,163.05325317382812,-40.50891876220703,46
11077,PF4V1,162.88339233398438,-40.31523895263672,46
11078,PFAS,119.32733154296875,9.121838569641113,207
11079,PFDN1,113.60958099365234,38.01205062866211,180
11080,PFDN2,114.70341491699219,38.27876281738281,180
11081,PFDN4,113.9607162475586,35.588294982910156,401
11082,PFDN5,115.5208969116211,37.83796310424805,185
11083,PFDN6,114.3497085571289,37.361183166503906,180
11084,PFKFB2,124.23411560058594,17.262678146362305,420
11085,PFKFB3,125.3221435546875,15.614166259765625,314
11086,PFKFB4,123.88385772705078,15.445934295654297,314
11087,PFKL,135.91407775878906,17.587072372436523,440
11088,PFKM,136.67437744140625,18.71170425415039,387
11089,PFKP,137.19332885742188,19.592430114746094,387
11090,PFN1,121.22516632080078,32.80790328979492,316
11091,PFN2,120.38379669189453,31.458147048950195,347
11092,PFN3,100.2186279296875,28.91089630126953,429
11093,PFN4,119.05457305908203,26.58778953552246,373
11094,PGA3,135.77621459960938,-4.883004665374756,229
11095,PGA4,135.7459716796875,-4.738614082336426,229
11096,PGA5,135.96421813964844,-5.333099365234375,229
11097,PGAM1,133.7099609375,23.60081672668457,387
11098,PGAM2,132.10336303710938,23.132709503173828,327
11099,PGAM5,112.57386779785156,27.02367401123047,377
11100,PGAP1,120.81965637207031,0.7054648399353027,157
11101,PGAP2,93.08020782470703,-33.48844528198242,165
11102,PGAP3,94.63069915771484,-33.56768035888672,175
11103,PGBD1,31.534503936767578,-37.45570373535156,27
11104,PGBD2,93.135498046875,31.18982696533203,321
11105,PGBD4,94.13081359863281,31.055561065673828,321
11106,PGBD5,122.28511047363281,8.6808500289917,296
11107,PGC,136.02609252929688,-5.129626274108887,229
11108,PGD,137.6502227783203,20.363006591796875,387
11109,PGF,144.83543395996094,-15.35234546661377,238
11110,PGGHG,123.13858032226562,9.598007202148438,296
11111,PGGT1B,116.43158721923828,12.987275123596191,319
11112,PGK2,135.9364471435547,23.067798614501953,387
11113,PGLS,129.2210693359375,23.6397762298584,327
11114,PGLYRP1,139.8109893798828,-11.339225769042969,246
11115,PGLYRP2,133.26512145996094,-0.9200507402420044,252
11116,PGLYRP3,139.36871337890625,-10.932673454284668,246
11117,PGLYRP4,138.82798767089844,-10.16602611541748,246
11118,PGM1,136.8382110595703,19.285476684570312,387
11119,PGM2,130.1429443359375,16.316242218017578,453
11120,PGM2L1,130.06008911132812,16.009347915649414,453
11121,PGM3,129.34019470214844,14.954153060913086,453
11122,PGM5,134.5902862548828,16.776830673217773,440
11123,PGP,106.33273315429688,32.33868408203125,425
11124,PGPEP1,126.23829650878906,18.70206642150879,451
11125,PGPEP1L,124.10661315917969,18.106321334838867,466
11126,PGRMC2,126.47499084472656,1.3088312149047852,233
11127,PGS1,123.14981079101562,15.372086524963379,455
11128,PHACTR1,86.27012634277344,20.245891571044922,418
11129,PHACTR2,87.73140716552734,19.355854034423828,414
11130,PHACTR3,86.34872436523438,19.925806045532227,418
11131,PHACTR4,86.26074981689453,19.575773239135742,418
11132,PHAX,107.10873413085938,31.310548782348633,426
11133,PHB2,132.6945037841797,21.9949951171875,458
11134,PHC1,73.31175231933594,28.672016143798828,281
11135,PHC2,73.96407318115234,28.410255432128906,281
11136,PHETA1,91.17109680175781,28.247182846069336,384
11137,PHETA2,95.60511779785156,29.67728614807129,321
11138,PHF1,98.48457336425781,26.53217315673828,439
11139,PHF10,100.46218872070312,26.572439193725586,439
11140,PHF11,100.69141387939453,24.564010620117188,443
11141,PHF12,91.27772521972656,22.544538497924805,415
11142,PHF13,93.91228485107422,25.71129608154297,354
11143,PHF14,83.7779312133789,20.838777542114258,318
11144,PHF19,96.35417938232422,23.2197208404541,360
11145,PHF2,91.14947509765625,22.01032829284668,415
11146,PHF20,89.95170593261719,21.95339012145996,415
11147,PHF20L1,87.59548950195312,21.4830379486084,417
11148,PHF21A,73.89260864257812,28.526897430419922,281
11149,PHF21B,76.07240295410156,28.78586196899414,281
11150,PHF23,89.4358901977539,28.120342254638672,350
11151,PHF24,104.02314758300781,26.322755813598633,433
11152,PHF5A,120.39785766601562,35.170204162597656,315
11153,PHF7,102.85342407226562,24.081666946411133,432
11154,PHGDH,132.343505859375,18.61382293701172,458
11155,PHGR1,91.896484375,47.799400329589844,150
11156,PHIP,87.33658599853516,16.936609268188477,367
11157,PHKB,103.59737396240234,4.507297992706299,309
11158,PHKG1,127.69889831542969,76.7259750366211,68
11159,PHKG2,127.48849487304688,76.75210571289062,68
11160,PHLDA1,94.74464416503906,27.759632110595703,354
11161,PHLDA2,98.05965423583984,28.302974700927734,439
11162,PHLDA3,99.88189697265625,28.68627166748047,439
11163,PHLDB1,80.39505767822266,7.698722839355469,227
11164,PHLDB2,82.08186340332031,7.217626094818115,227
11165,PHLDB3,81.01214599609375,7.286779403686523,227
11166,PHLPP1,95.64173889160156,12.132905960083008,435
11167,PHLPP2,94.32868194580078,13.412019729614258,396
11168,PHOSPHO1,122.47470092773438,22.349302291870117,470
11169,PHOSPHO2,121.50985717773438,23.550703048706055,465
11170,PHOX2A,67.21643829345703,46.24919891357422,261
11171,PHOX2B,67.41938781738281,45.55632019042969,261
11172,PHPT1,120.03238677978516,32.030357360839844,347
11173,PHRF1,75.027587890625,19.400442123413086,120
11174,PHTF1,99.83670043945312,7.224534034729004,413
11175,PHTF2,100.74897003173828,9.508286476135254,326
11176,PHYH,127.87171936035156,19.85569190979004,450
11177,PHYHD1,127.28150939941406,20.721221923828125,467
11178,PHYHIP,108.63272094726562,21.056995391845703,406
11179,PHYHIPL,108.42295837402344,21.534425735473633,406
11180,PHYKPL,134.544189453125,16.743120193481445,440
11181,PI15,138.73899841308594,-13.502185821533203,246
11182,PI16,131.92079162597656,-9.69803237915039,224
11183,PI3,146.1187744140625,-22.510881423950195,222
11184,PI4K2A,104.20767211914062,23.41693687438965,406
11185,PI4K2B,115.13121032714844,18.626447677612305,463
11186,PI4KA,95.93201446533203,-3.623739719390869,290
11187,PI4KB,105.25269317626953,12.454142570495605,352
11188,PIANP,100.13843536376953,49.49900817871094,263
11189,PIAS1,94.78277587890625,24.13018798828125,421
11190,PIAS2,94.64744567871094,23.99655532836914,421
11191,PIAS3,93.7979965209961,23.875913619995117,421
11192,PIAS4,96.26101684570312,23.577083587646484,360
11193,PIBF1,73.68372344970703,2.563754081726074,232
11194,PICALM,80.91212463378906,23.221662521362305,281
11195,PICK1,96.43136596679688,6.823673725128174,320
11196,PID1,109.95178985595703,16.324026107788086,375
11197,PIDD1,105.41384887695312,8.101439476013184,299
11198,PIEZO1,98.8626937866211,-7.505302429199219,288
11199,PIEZO2,114.03626251220703,-27.517719268798828,123
11200,PIF1,118.87669372558594,17.177387237548828,460
11201,PIFO,86.63761901855469,43.469024658203125,304
11202,PIGB,100.65444946289062,-29.944517135620117,156
11203,PIGBOS1,135.72698974609375,39.32822036743164,271
11204,PIGC,95.40542602539062,-25.76272201538086,155
11205,PIGF,96.58023071289062,-30.636377334594727,167
11206,PIGG,102.8950424194336,-29.282028198242188,156
11207,PIGH,118.40159606933594,24.94169044494629,372
11208,PIGK,126.80690002441406,-2.6923725605010986,234
11209,PIGL,125.97054290771484,13.776799201965332,314
11210,PIGM,97.39836120605469,-31.402111053466797,171
11211,PIGN,101.3425064086914,-29.39803695678711,156
11212,PIGO,100.40717315673828,-29.06159210205078,156
11213,PIGP,92.30845642089844,-26.731050491333008,158
11214,PIGQ,104.57843017578125,-29.555278778076172,156
11215,PIGR,98.39096069335938,65.74778747558594,259
11216,PIGS,133.1575469970703,-0.5570181608200073,252
11217,PIGT,126.95873260498047,-3.1992151737213135,234
11218,PIGU,98.95999908447266,-31.032588958740234,171
11219,PIGV,98.93492126464844,-30.37009048461914,171
11220,PIGW,98.05546569824219,-30.770139694213867,171
11221,PIGX,126.18225860595703,11.772699356079102,196
11222,PIGY,100.62805938720703,47.77980041503906,263
11223,PIGZ,99.96257781982422,-29.642108917236328,156
11224,PIH1D1,117.41084289550781,27.1058292388916,355
11225,PIH1D2,89.8842544555664,37.91946029663086,331
11226,PIK3AP1,95.60957336425781,12.83774471282959,396
11227,PIK3C2A,98.62629699707031,5.989574432373047,413
11228,PIK3C2B,101.0380630493164,6.1623854637146,297
11229,PIK3C2G,101.45420837402344,4.277163505554199,309
11230,PIK3C3,102.19612884521484,4.971606731414795,309
11231,PIK3CA,99.73267364501953,5.9919209480285645,413
11232,PIK3CB,100.97952270507812,5.6685919761657715,297
11233,PIK3CD,99.63749694824219,6.8876190185546875,413
11234,PIK3CG,100.84199523925781,7.43791389465332,297
11235,PIK3IP1,99.89324951171875,55.56732177734375,253
11236,PIK3R1,96.25205993652344,11.533808708190918,435
11237,PIK3R2,97.94650268554688,13.001493453979492,431
11238,PIK3R3,96.81703186035156,11.163300514221191,437
11239,PIK3R4,103.9170913696289,0.6052587032318115,308
11240,PIK3R5,98.55027770996094,13.33337688446045,431
11241,PIK3R6,100.70162963867188,10.916298866271973,326
11242,PIKFYVE,95.9983901977539,-1.5003050565719604,290
11243,PILRA,94.25587463378906,71.34616088867188,258
11244,PILRB,94.50438690185547,70.37140655517578,258
11245,PIM1,127.73921966552734,76.37179565429688,68
11246,PIM3,127.47631072998047,76.62738037109375,68
11247,PIMREG,91.52113342285156,31.4261474609375,321
11248,PIN1,101.96122741699219,38.150352478027344,295
11249,PINK1,106.51957702636719,28.631946563720703,430
11250,PINLYP,144.28668212890625,-19.155296325683594,221
11251,PIP,76.93814086914062,-17.764190673828125,82
11252,PIP4K2A,105.24723815917969,12.3760986328125,352
11253,PIP4K2B,105.41619110107422,13.445267677307129,352
11254,PIP4K2C,103.8353042602539,12.890509605407715,352
11255,PIP4P1,101.49111938476562,23.96479034423828,443
11256,PIP4P2,101.68171691894531,23.429672241210938,432
11257,PIP5K1A,101.43515014648438,12.963252067565918,408
11258,PIP5K1B,100.312255859375,11.874438285827637,431
11259,PIP5K1C,102.065673828125,10.83802318572998,326
11260,PIP5KL1,107.31478881835938,15.363736152648926,324
11261,PIPOX,130.68777465820312,17.26984214782715,454
11262,PIRT,100.86732482910156,49.28239440917969,263
11263,PISD,128.22157287597656,20.990991592407227,327
11264,PITHD1,116.47810363769531,25.308109283447266,361
11265,PITPNA,110.73580932617188,23.533708572387695,359
11266,PITPNB,110.4533462524414,23.920642852783203,359
11267,PITPNC1,106.91592407226562,19.344532012939453,395
11268,PITPNM1,98.49398803710938,8.381518363952637,413
11269,PITPNM2,95.9941177368164,7.414200305938721,320
11270,PITPNM3,97.49246215820312,8.91859245300293,413
11271,PITRM1,122.30075073242188,8.349392890930176,296
11272,PITX1,67.65670013427734,46.539710998535156,261
11273,PITX2,67.33490753173828,45.266265869140625,261
11274,PITX3,67.54537963867188,46.804656982421875,261
11275,PIWIL1,109.87474060058594,13.278703689575195,357
11276,PIWIL2,108.65253448486328,14.74260425567627,357
11277,PIWIL3,109.06830596923828,13.997291564941406,357
11278,PIWIL4,109.22952270507812,14.32004451751709,357
11279,PJA2,91.93528747558594,29.697452545166016,321
11280,PJVK,117.67169189453125,5.428098678588867,214
11281,PKD1L1,119.4325942993164,-20.023784637451172,220
11282,PKD1L2,121.34951782226562,-21.797683715820312,216
11283,PKD1L3,116.85206604003906,-21.31977081298828,122
11284,PKD2,107.0406494140625,-27.050384521484375,132
11285,PKD2L1,107.52483367919922,-28.042125701904297,132
11286,PKD2L2,107.8856201171875,-29.505836486816406,132
11287,PKDCC,138.80206298828125,-2.652052640914917,243
11288,PKDREJ,117.30125427246094,-20.064411163330078,122
11289,PKIA,99.27155303955078,38.53026580810547,341
11290,PKIB,97.63818359375,39.042640686035156,341
11291,PKIG,97.05838012695312,38.97943115234375,341
11292,PKLR,131.72894287109375,19.60257339477539,458
11293,PKM,137.70350646972656,23.320024490356445,387
11294,PKMYT1,98.25603485107422,26.54727554321289,439
11295,PKN1,129.59341430664062,75.06915283203125,68
11296,PKN2,129.52159118652344,73.898193359375,68
11297,PKN3,130.02149963378906,74.6601791381836,68
11298,PKNOX1,70.28019714355469,31.2545223236084,275
11299,PKNOX2,73.45537567138672,31.392532348632812,274
11300,PKP1,89.26575469970703,10.555208206176758,371
11301,PKP2,89.2305679321289,10.314608573913574,371
11302,PKP3,90.28121185302734,9.752532958984375,371
11303,PKP4,87.7285385131836,8.873013496398926,370
11304,PLA1A,133.54116821289062,-4.909756660461426,235
11305,PLA2G10,142.80247497558594,-16.026559829711914,249
11306,PLA2G12A,132.7156982421875,-4.9819416999816895,235
11307,PLA2G12B,139.782470703125,-12.035771369934082,246
11308,PLA2G15,134.4903564453125,0.6245120763778687,252
11309,PLA2G1B,141.92147827148438,-15.063238143920898,249
11310,PLA2G2A,141.80548095703125,-15.357871055603027,249
11311,PLA2G2C,142.1723175048828,-15.931539535522461,249
11312,PLA2G2D,142.2408447265625,-15.539743423461914,249
11313,PLA2G2E,141.91732788085938,-15.279972076416016,249
11314,PLA2G2F,141.9824676513672,-15.461738586425781,249
11315,PLA2G3,140.6294403076172,-12.420004844665527,246
11316,PLA2G4A,122.578857421875,8.44008731842041,296
11317,PLA2G4B,126.02661895751953,6.811826705932617,205
11318,PLA2G4C,125.97677612304688,7.987710952758789,205
11319,PLA2G4D,126.32279968261719,6.947994709014893,205
11320,PLA2G4E,125.87047576904297,7.3276286125183105,205
11321,PLA2G4F,126.88619995117188,7.741875171661377,205
11322,PLA2G5,142.03073120117188,-15.03528118133545,249
11323,PLA2G6,137.82553100585938,53.35588073730469,90
11324,PLA2G7,130.82345581054688,8.452171325683594,196
11325,PLAA,110.7197494506836,16.334590911865234,375
11326,PLAAT1,117.97759246826172,25.39118766784668,372
11327,PLAAT2,119.17005920410156,25.56690216064453,372
11328,PLAAT3,118.88162231445312,25.631919860839844,372
11329,PLAAT4,118.79920196533203,25.447696685791016,372
11330,PLAAT5,110.22093200683594,22.68926239013672,359
11331,PLAC8,100.26959228515625,46.28266143798828,245
11332,PLAC8L1,101.585693359375,45.34229278564453,294
11333,PLAC9,107.60504913330078,52.125335693359375,112
11334,PLAG1,62.186317443847656,29.70198631286621,176
11335,PLAGL1,62.304931640625,29.769969940185547,176
11336,PLAGL2,62.54560089111328,30.14681053161621,176
11337,PLAT,137.03993225097656,-24.725677490234375,146
11338,PLAU,137.10116577148438,-24.844852447509766,146
11339,PLAUR,144.93374633789062,-19.89883804321289,221
11340,PLB1,132.3921356201172,0.19762805104255676,252
11341,PLBD1,134.06393432617188,-0.2901918292045593,252
11342,PLBD2,134.0858612060547,0.08231599628925323,252
11343,PLCB1,92.38098907470703,5.509116172790527,374
11344,PLCB2,94.73534393310547,5.735426425933838,320
11345,PLCB3,94.13288116455078,6.3159637451171875,320
11346,PLCB4,94.5353775024414,4.764041900634766,320
11347,PLCD1,109.71987915039062,6.235551357269287,306
11348,PLCD3,103.93780517578125,7.473969459533691,297
11349,PLCD4,110.36774444580078,6.063531875610352,306
11350,PLCG1,99.62162017822266,6.589470386505127,413
11351,PLCG2,99.52357482910156,6.953635215759277,413
11352,PLCH1,92.22163391113281,12.400375366210938,397
11353,PLCH2,91.89865112304688,13.507145881652832,394
11354,PLCL1,99.08963012695312,13.81607437133789,428
11355,PLCL2,99.38723754882812,14.076047897338867,428
11356,PLCXD2,117.36779022216797,13.918054580688477,319
11357,PLCXD3,120.4296875,14.893245697021484,455
11358,PLCZ1,122.61260223388672,9.755647659301758,296
11359,PLD1,121.92245483398438,5.338080406188965,157
11360,PLD2,114.7409896850586,7.635573387145996,214
11361,PLD3,135.55752563476562,-1.0765306949615479,252
11362,PLD4,135.75132751464844,-0.8346086740493774,252
11363,PLD5,129.77774047851562,-6.1997528076171875,224
11364,PLD6,118.83029174804688,24.163494110107422,372
11365,PLEK,99.2195053100586,13.720315933227539,428
11366,PLEK2,99.69890594482422,13.316905975341797,427
11367,PLEKHA1,98.2706527709961,14.88089656829834,410
11368,PLEKHA2,97.70356750488281,14.47784423828125,409
11369,PLEKHA4,87.92277526855469,15.985260009765625,367
11370,PLEKHA5,87.5137710571289,8.822432518005371,370
11371,PLEKHA6,87.39521026611328,10.186967849731445,370
11372,PLEKHA7,87.46802520751953,9.571991920471191,370
11373,PLEKHA8,101.22100067138672,16.028610229492188,381
11374,PLEKHB1,99.44947052001953,47.45867919921875,245
11375,PLEKHB2,96.9952392578125,47.73035430908203,245
11376,PLEKHD1,78.03764343261719,5.217048645019531,225
11377,PLEKHF1,102.0887451171875,18.46656036376953,381
11378,PLEKHF2,103.41888427734375,18.168193817138672,364
11379,PLEKHG1,87.26809692382812,16.096010208129883,367
11380,PLEKHG2,87.31117248535156,16.756820678710938,367
11381,PLEKHG3,88.58590698242188,13.998476028442383,369
11382,PLEKHG4,94.58624267578125,14.280754089355469,396
11383,PLEKHG5,93.01814270019531,10.643692016601562,392
11384,PLEKHG6,95.45835876464844,10.381946563720703,435
11385,PLEKHH1,91.4170913696289,9.501108169555664,380
11386,PLEKHH2,91.7207260131836,8.021003723144531,380
11387,PLEKHH3,96.21665954589844,12.382441520690918,438
11388,PLEKHJ1,100.38288879394531,14.026914596557617,408
11389,PLEKHM1,95.09954833984375,16.634763717651367,333
11390,PLEKHM2,94.03304290771484,13.083621978759766,396
11391,PLEKHM3,98.89647674560547,19.054458618164062,404
11392,PLEKHN1,98.26363372802734,13.17564582824707,431
11393,PLEKHO1,94.96133422851562,17.25708770751953,333
11394,PLEKHO2,89.83021545410156,34.17606735229492,336
11395,PLEKHS1,98.03226470947266,13.48934268951416,431
11396,PLET1,115.12145233154297,25.09385108947754,361
11397,PLG,136.86155700683594,-24.386377334594727,146
11398,PLGLB1,143.4757537841797,-19.60881805419922,221
11399,PLGLB2,144.24554443359375,-19.82056427001953,221
11400,PLGRKT,135.5607452392578,39.06437301635742,271
11401,PLIN1,103.78792572021484,40.63264846801758,199
11402,PLIN2,105.17362976074219,40.11836242675781,199
11403,PLIN3,104.61639404296875,41.27986145019531,199
11404,PLIN4,85.94137573242188,38.43830871582031,287
11405,PLIN5,104.49425506591797,42.228675842285156,199
11406,PLK1,126.74589538574219,76.67819213867188,68
11407,PLK2,126.77618408203125,76.67263793945312,68
11408,PLK3,126.71653747558594,76.4723129272461,68
11409,PLK4,126.21479034423828,74.83155822753906,68
11410,PLK5,106.5289306640625,19.019065856933594,395
11411,PLLP,86.4665298461914,-29.424123764038086,124
11412,PLN,100.5869369506836,49.63330841064453,263
11413,PLOD1,139.28665161132812,-0.12814974784851074,239
11414,PLOD2,139.06033325195312,-0.4423084855079651,239
11415,PLOD3,139.93353271484375,0.476863831281662,239
11416,PLPBP,125.15811920166016,22.494709014892578,468
11417,PLPP1,96.59165954589844,-28.126461029052734,161
11418,PLPP2,96.43603515625,-27.661293029785156,161
11419,PLPP3,96.41127014160156,-28.422908782958984,161
11420,PLPP4,96.53126525878906,-28.125057220458984,161
11421,PLPP5,96.86470031738281,-29.29511070251465,161
11422,PLPP6,95.89454650878906,-31.46310043334961,166
11423,PLPP7,97.0484848022461,-31.212129592895508,171
11424,PLPPR1,96.88961791992188,-27.667362213134766,161
11425,PLPPR2,97.58358001708984,-26.68720245361328,161
11426,PLPPR3,103.54374694824219,-19.953035354614258,148
11427,PLPPR4,103.37501525878906,-23.68484115600586,136
11428,PLPPR5,97.60830688476562,-27.452796936035156,161
11429,PLRG1,124.49610900878906,51.49250030517578,66
11430,PLS1,102.07296752929688,12.4149808883667,326
11431,PLSCR1,98.50933837890625,47.060546875,245
11432,PLSCR2,99.2582778930664,46.68488311767578,245
11433,PLSCR3,98.34559631347656,46.14527130126953,245
11434,PLSCR4,98.3639907836914,47.27149200439453,245
11435,PLSCR5,99.23119354248047,46.8495979309082,245
11436,PLTP,72.09095764160156,-20.5303955078125,64
11437,PLVAP,76.41217803955078,5.317094802856445,231
11438,PLXDC1,132.0026397705078,-11.264001846313477,224
11439,PLXDC2,131.19041442871094,-10.899986267089844,224
11440,PLXNA1,122.45421600341797,-19.871261596679688,216
11441,PLXNA2,122.89109802246094,-19.07216453552246,216
11442,PLXNB1,122.85152435302734,-20.30965805053711,216
11443,PLXNB2,122.59542846679688,-20.060325622558594,216
11444,PLXNC1,125.20379638671875,-12.407856941223145,217
11445,PLXND1,122.6561050415039,-19.939796447753906,216
11446,PM20D1,132.72328186035156,3.4493634700775146,252
11447,PM20D2,125.0053482055664,20.999650955200195,468
11448,PMAIP1,96.06819152832031,44.97541427612305,300
11449,PMCH,153.87249755859375,-19.346023559570312,133
11450,PMEL,92.54493713378906,52.191925048828125,147
11451,PMEPA1,97.6677017211914,54.54621124267578,262
11452,PMF1,108.1071548461914,31.341205596923828,424
11453,PMFBP1,74.1280288696289,2.9259321689605713,232
11454,PMIS2,93.01872253417969,41.968894958496094,339
11455,PML,41.52412796020508,17.059696197509766,53
11456,PMM1,125.50125885009766,20.37419319152832,468
11457,PMM2,123.69340515136719,20.24125862121582,469
11458,PMP2,-15.168195724487305,-63.911598205566406,18
11459,PMP22,85.22328186035156,-31.861480712890625,125
11460,PMPCA,129.8916015625,22.382431030273438,327
11461,PMPCB,134.1297149658203,25.58300018310547,387
11462,PMS1,93.21427917480469,20.104694366455078,423
11463,PMS2,105.93196105957031,17.1540470123291,324
11464,PMVK,125.19728088378906,22.36290740966797,468
11465,PNISR,70.07010650634766,17.895523071289062,120
11466,PNKD,128.16197204589844,27.576045989990234,330
11467,PNKP,122.5416488647461,17.82561492919922,416
11468,PNLDC1,113.9841079711914,15.225467681884766,448
11469,PNLIP,134.231689453125,-5.180293083190918,235
11470,PNLIPRP1,133.74697875976562,-5.966902732849121,235
11471,PNLIPRP2,133.9013214111328,-5.251097679138184,235
11472,PNLIPRP3,133.79678344726562,-5.010189533233643,235
11473,PNMA1,100.24323272705078,32.35883712768555,346
11474,PNMA2,100.44538879394531,32.82152557373047,346
11475,PNMA8A,95.45475006103516,34.173892974853516,338
11476,PNMA8B,92.0522689819336,33.30951690673828,336
11477,PNMA8C,100.43312072753906,32.52448654174805,346
11478,PNMT,123.36959075927734,22.026607513427734,470
11479,PNN,70.80670928955078,18.164993286132812,120
11480,PNO1,116.73590087890625,31.069929122924805,348
11481,PNOC,154.92633056640625,-20.165729522705078,133
11482,PNP,129.68641662597656,19.823688507080078,450
11483,PNPLA1,98.32398223876953,19.03562355041504,404
11484,PNPLA2,129.0533905029297,9.598910331726074,196
11485,PNPLA3,128.5177001953125,10.259562492370605,196
11486,PNPLA5,129.09173583984375,10.851985931396484,196
11487,PNPLA6,98.44505310058594,4.565008163452148,368
11488,PNPLA7,98.46831512451172,3.8334755897521973,368
11489,PNPLA8,89.46127319335938,20.21968650817871,414
11490,PNPO,122.49563598632812,19.747844696044922,416
11491,PNPT1,120.40496826171875,13.979148864746094,455
11492,PNRC1,94.92249298095703,32.72687530517578,335
11493,PNRC2,96.1716079711914,34.28646469116211,338
11494,POC1A,125.37367248535156,52.625980377197266,66
11495,POC1B,124.99983978271484,52.26108169555664,66
11496,POC5,92.34013366699219,14.471582412719727,394
11497,PODN,156.20037841796875,46.99453353881836,105
11498,PODNL1,156.26870727539062,46.72814178466797,105
11499,PODXL,92.41363525390625,55.37213897705078,147
11500,PODXL2,93.03040313720703,18.100736618041992,398
11501,POFUT1,140.09664916992188,0.46474379301071167,239
11502,POFUT2,140.50685119628906,0.8611152172088623,239
11503,POGK,33.36859130859375,-35.48048400878906,27
11504,POGLUT1,140.23480224609375,0.9048512578010559,239
11505,POGLUT2,139.08181762695312,0.34329795837402344,239
11506,POGLUT3,137.6005859375,-0.8142459988594055,240
11507,POGZ,68.50389862060547,26.31859016418457,276
11508,POLA2,115.80874633789062,15.619651794433594,448
11509,POLB,119.2117919921875,19.615848541259766,446
11510,POLD1,113.2789535522461,13.424217224121094,447
11511,POLD2,120.02363586425781,18.522729873657227,460
11512,POLD3,92.09984588623047,26.45738983154297,384
11513,POLD4,103.6961441040039,34.432289123535156,332
11514,POLDIP2,128.91473388671875,27.564300537109375,330
11515,POLDIP3,92.98544311523438,29.529342651367188,321
11516,POLE,98.4619140625,-5.1756672859191895,291
11517,POLE2,114.88661193847656,15.237251281738281,448
11518,POLE3,109.59303283691406,34.57609558105469,425
11519,POLE4,114.90049743652344,31.89680290222168,401
11520,POLG,114.25140380859375,11.489713668823242,389
11521,POLG2,123.00823211669922,17.215389251708984,420
11522,POLH,91.81029510498047,21.660768508911133,422
11523,POLI,95.8441162109375,21.272342681884766,393
11524,POLK,94.1007080078125,19.58448028564453,398
11525,POLL,119.50067138671875,17.659671783447266,460
11526,POLM,120.60542297363281,16.05604362487793,459
11527,POLN,113.02611541748047,13.076421737670898,447
11528,POLQ,89.73400115966797,20.655229568481445,414
11529,POLR1B,113.88411712646484,12.076513290405273,389
11530,POLR1C,118.27320098876953,26.337379455566406,372
11531,POLR1D,112.14295959472656,29.16080665588379,388
11532,POLR1E,114.31959533691406,21.81279945373535,362
11533,POLR2A,112.95672607421875,9.788475036621094,389
11534,POLR2B,113.063720703125,11.582473754882812,389
11535,POLR2C,116.1430435180664,27.589412689208984,361
11536,POLR2D,110.55644226074219,27.933015823364258,323
11537,POLR2E,118.53783416748047,31.4150333404541,347
11538,POLR2F,113.89771270751953,32.906524658203125,401
11539,POLR2G,119.72785949707031,30.328598022460938,347
11540,POLR2H,117.83257293701172,31.34783172607422,348
11541,POLR2I,120.57896423339844,35.1651611328125,315
11542,POLR2J,118.46485137939453,33.811092376708984,316
11543,POLR2J2,118.42718505859375,32.41156005859375,347
11544,POLR2K,121.58929443359375,36.096702575683594,315
11545,POLR2L,120.27415466308594,36.303565979003906,315
11546,POLR2M,97.27508544921875,32.38762283325195,337
11547,POLR3A,112.90828704833984,11.711614608764648,389
11548,POLR3B,113.6424331665039,11.333860397338867,389
11549,POLR3C,112.62516784667969,16.211992263793945,442
11550,POLR3D,106.78826141357422,30.99428367614746,426
11551,POLR3E,112.04736328125,16.956621170043945,405
11552,POLR3F,113.15239715576172,23.95585823059082,362
11553,POLR3G,108.57858276367188,35.938255310058594,284
11554,POLR3GL,106.72247314453125,35.23422622680664,284
11555,POLR3H,119.74773406982422,27.657825469970703,373
11556,POLR3K,119.76245880126953,34.45867156982422,316
11557,POLRMT,114.17160034179688,11.33430290222168,389
11558,POM121,80.06936645507812,25.62455177307129,281
11559,POM121C,79.47262573242188,25.057371139526367,281
11560,POM121L12,92.58763122558594,41.05892562866211,339
11561,POM121L2,85.36002349853516,36.96698760986328,287
11562,POMC,149.37686157226562,-16.19624900817871,134
11563,POMGNT1,139.68077087402344,1.3080062866210938,239
11564,POMGNT2,141.0643768310547,0.43890053033828735,239
11565,POMK,138.8197479248047,-1.0201138257980347,239
11566,POMP,119.55879974365234,33.822837829589844,316
11567,POMT1,101.94268035888672,-30.172237396240234,156
11568,POMT2,103.0362548828125,-29.56930923461914,156
11569,POMZP3,94.26457214355469,46.037452697753906,301
11570,PON1,131.47991943359375,6.3429999351501465,251
11571,PON2,131.4270477294922,7.572960376739502,196
11572,PON3,131.34400939941406,6.475624084472656,251
11573,POP1,114.84101867675781,18.16107177734375,463
11574,POP4,118.05308532714844,28.384998321533203,355
11575,POP5,126.04178619384766,34.75050354003906,184
11576,POP7,122.06777954101562,30.919902801513672,347
11577,POPDC2,105.47209167480469,-22.224082946777344,136
11578,POPDC3,106.55897521972656,-22.196874618530273,143
11579,POR,135.17681884765625,15.467370986938477,440
11580,POSTN,131.64785766601562,-11.170729637145996,224
11581,POT1,112.92449951171875,11.186986923217773,389
11582,POTEB,66.6824951171875,-2.6952502727508545,77
11583,POTEB2,66.67700958251953,-2.711613416671753,77
11584,POTEB3,66.34148406982422,-3.0112721920013428,77
11585,POTEC,66.61798858642578,-2.79166841506958,77
11586,POTED,66.53104400634766,-2.8386826515197754,77
11587,POTEE,66.54984283447266,-2.86094331741333,77
11588,POTEF,66.50422668457031,-2.9272987842559814,77
11589,POTEG,66.43707275390625,-2.9398860931396484,77
11590,POTEH,66.437255859375,-2.934988498687744,77
11591,POTEI,66.46931457519531,-2.930635929107666,77
11592,POTEJ,66.56974792480469,-2.871098756790161,77
11593,POTEM,66.52130126953125,-2.8389384746551514,77
11594,POU1F1,68.24122619628906,44.693275451660156,261
11595,POU2AF1,72.58355712890625,37.82370376586914,268
11596,POU2F2,71.19178009033203,35.90161895751953,268
11597,POU2F3,70.36966705322266,38.79582977294922,268
11598,POU3F1,69.22333526611328,43.21470260620117,260
11599,POU3F2,68.53791046142578,43.57698059082031,260
11600,POU3F3,69.05428314208984,43.59746551513672,260
11601,POU4F1,69.17838287353516,43.10926055908203,260
11602,POU4F2,69.00540924072266,42.054603576660156,256
11603,POU4F3,68.30847930908203,41.963138580322266,256
11604,POU5F1,70.73340606689453,44.7008171081543,260
11605,POU5F1B,72.80049133300781,43.505645751953125,254
11606,POU5F2,74.39691925048828,43.45412826538086,266
11607,POU6F1,73.42574310302734,29.48943328857422,274
11608,POU6F2,73.30549621582031,29.85029411315918,274
11609,PP2D1,111.85688781738281,20.266084671020508,358
11610,PPA1,126.7509765625,18.59756088256836,451
11611,PPA2,128.1080780029297,21.792335510253906,327
11612,PPAN,116.23976135253906,31.64654541015625,348
11613,PPARA,57.10199737548828,38.79229736328125,86
11614,PPARD,57.33405303955078,38.52011489868164,86
11615,PPARG,56.958560943603516,38.58284378051758,86
11616,PPARGC1A,83.4620590209961,22.303882598876953,281
11617,PPARGC1B,87.06314849853516,20.75528907775879,418
11618,PPAT,124.95800018310547,15.562333106994629,314
11619,PPBP,162.7843475341797,-40.16785430908203,46
11620,PPCDC,126.53413391113281,20.223590850830078,467
11621,PPCS,126.0173110961914,23.004154205322266,468
11622,PPDPF,100.77763366699219,34.872314453125,345
11623,PPDPFL,95.59334564208984,37.150733947753906,338
11624,PPEF2,106.03224182128906,6.492989540100098,299
11625,PPFIA1,81.55297088623047,4.18840217590332,211
11626,PPFIA2,81.46460723876953,3.8216712474823,211
11627,PPFIA3,81.75454711914062,3.8398542404174805,211
11628,PPFIA4,81.77590942382812,3.9848062992095947,211
11629,PPFIBP1,86.08989715576172,8.134451866149902,201
11630,PPFIBP2,85.0272445678711,7.426900386810303,201
11631,PPHLN1,69.72026824951172,18.14946174621582,120
11632,PPIA,136.04946899414062,29.388505935668945,142
11633,PPIAL4A,137.27305603027344,29.436721801757812,142
11634,PPIAL4C,137.28140258789062,29.41738510131836,142
11635,PPIAL4D,137.61338806152344,29.761615753173828,142
11636,PPIAL4E,137.55856323242188,29.214252471923828,142
11637,PPIAL4F,137.68251037597656,29.51190185546875,142
11638,PPIAL4G,137.41891479492188,29.375656127929688,142
11639,PPIAL4H,137.42459106445312,29.463905334472656,142
11640,PPIB,136.13076782226562,26.696584701538086,142
11641,PPIC,131.4053192138672,-2.142036199569702,252
11642,PPID,118.7180404663086,11.717348098754883,319
11643,PPIE,124.11082458496094,23.618528366088867,464
11644,PPIF,129.4125213623047,25.251983642578125,330
11645,PPIG,70.31800842285156,17.858671188354492,120
11646,PPIH,131.28201293945312,26.677413940429688,330
11647,PPIL1,127.95101928710938,24.81264305114746,329
11648,PPIL2,108.5722427368164,24.997516632080078,322
11649,PPIL3,128.60833740234375,26.205074310302734,330
11650,PPIL4,74.00382232666016,19.16665267944336,120
11651,PPIL6,117.55318450927734,25.771560668945312,372
11652,PPIP5K1,101.01571655273438,13.375221252441406,408
11653,PPL,90.90087127685547,-8.755952835083008,110
11654,PPM1A,106.89250946044922,14.32666015625,351
11655,PPM1B,106.08890533447266,15.472099304199219,324
11656,PPM1D,97.41535186767578,23.057973861694336,360
11657,PPM1E,99.58557891845703,18.498308181762695,402
11658,PPM1F,107.6778335571289,15.734410285949707,324
11659,PPM1G,108.79698181152344,33.97323226928711,425
11660,PPM1H,107.59172058105469,14.633526802062988,351
11661,PPM1J,108.66107177734375,15.901437759399414,375
11662,PPM1K,106.53535461425781,14.486255645751953,351
11663,PPM1L,106.61038208007812,14.437517166137695,351
11664,PPM1M,108.7186050415039,15.793560028076172,375
11665,PPM1N,101.93978118896484,32.020713806152344,346
11666,PPME1,116.08369445800781,18.140487670898438,461
11667,PPOX,129.06863403320312,18.26970672607422,450
11668,PPP1CA,114.11711883544922,10.635376930236816,389
11669,PPP1CB,113.81625366210938,10.236261367797852,389
11670,PPP1CC,113.45771789550781,10.199111938476562,389
11671,PPP1R10,71.68669891357422,22.63065528869629,278
11672,PPP1R11,102.86441040039062,34.88809585571289,332
11673,PPP1R12A,83.23249816894531,17.845352172851562,318
11674,PPP1R12C,88.1878662109375,16.828706741333008,367
11675,PPP1R13B,85.3543930053711,11.528665542602539,369
11676,PPP1R13L,89.37733459472656,21.00472640991211,414
11677,PPP1R14A,101.53924560546875,34.03675079345703,332
11678,PPP1R14B,103.30775451660156,31.85481834411621,382
11679,PPP1R14C,101.56898498535156,28.30063819885254,429
11680,PPP1R14D,99.35741424560547,35.90427017211914,341
11681,PPP1R15A,87.95726013183594,34.950347900390625,286
11682,PPP1R15B,91.30797576904297,27.193004608154297,384
11683,PPP1R16A,137.09536743164062,52.679115295410156,89
11684,PPP1R16B,136.58132934570312,52.359764099121094,89
11685,PPP1R17,93.51631164550781,40.36368942260742,339
11686,PPP1R18,87.67566680908203,34.1962890625,286
11687,PPP1R1A,97.98101806640625,37.41252899169922,341
11688,PPP1R1B,99.90682983398438,36.618167877197266,341
11689,PPP1R1C,96.6824722290039,37.92511749267578,340
11690,PPP1R2,103.98173522949219,33.554866790771484,382
11691,PPP1R21,98.85089111328125,4.814946174621582,368
11692,PPP1R26,84.83686828613281,26.720077514648438,349
11693,PPP1R27,138.4462890625,53.64924621582031,90
11694,PPP1R2B,101.38410949707031,34.195220947265625,345
11695,PPP1R32,86.9966049194336,42.752288818359375,305
11696,PPP1R35,100.64690399169922,34.336517333984375,345
11697,PPP1R36,89.81784057617188,36.373504638671875,336
11698,PPP1R37,95.6520767211914,14.70292854309082,385
11699,PPP1R3A,84.63394165039062,21.507286071777344,418
11700,PPP1R3B,97.15777587890625,30.621307373046875,337
11701,PPP1R3C,94.8263168334961,32.23809814453125,335
11702,PPP1R3D,96.74400329589844,31.43022918701172,337
11703,PPP1R3E,96.6776123046875,33.4892578125,338
11704,PPP1R3G,95.70057678222656,32.93168640136719,335
11705,PPP1R42,152.9700164794922,45.67914962768555,101
11706,PPP1R7,154.3729248046875,46.6021728515625,104
11707,PPP1R8,106.35993957519531,26.541587829589844,390
11708,PPP1R9A,87.53105163574219,10.290777206420898,370
11709,PPP1R9B,88.95184326171875,17.520389556884766,367
11710,PPP2CA,113.67662048339844,10.00683307647705,389
11711,PPP2CB,113.57756042480469,9.941760063171387,389
11712,PPP2R1A,106.30180358886719,1.4937913417816162,311
11713,PPP2R1B,105.88200378417969,1.1543667316436768,313
11714,PPP2R2A,123.1947021484375,49.98899459838867,66
11715,PPP2R2B,122.7938003540039,49.7889289855957,66
11716,PPP2R2C,122.99507904052734,49.97679138183594,66
11717,PPP2R2D,123.08625793457031,49.8137092590332,66
11718,PPP2R3A,88.80685424804688,16.83643913269043,367
11719,PPP2R3C,54.64892578125,-2.7675435543060303,97
11720,PPP2R5A,106.36175537109375,3.074185609817505,313
11721,PPP2R5B,104.86845397949219,4.11296272277832,312
11722,PPP2R5C,106.11524963378906,2.846061944961548,313
11723,PPP2R5D,105.60874938964844,3.469123601913452,312
11724,PPP2R5E,106.49435424804688,2.45143461227417,313
11725,PPP3CA,110.2571029663086,7.606311798095703,306
11726,PPP3CB,111.11715698242188,7.801970958709717,306
11727,PPP3CC,111.2303237915039,7.968764305114746,306
11728,PPP3R1,54.04581069946289,-3.041422128677368,97
11729,PPP3R2,53.38483810424805,-3.6893811225891113,97
11730,PPP4C,113.65508270263672,9.776545524597168,389
11731,PPP4R1,97.55473327636719,1.5022304058074951,285
11732,PPP4R2,98.94085693359375,29.27271842956543,439
11733,PPP4R3A,106.44493103027344,4.278388023376465,310
11734,PPP4R3B,106.02462768554688,3.813063621520996,312
11735,PPP4R4,94.97477722167969,6.289177417755127,320
11736,PPP5C,114.72795104980469,14.215099334716797,448
11737,PPP6C,114.00875854492188,10.231119155883789,389
11738,PPP6R1,103.54747009277344,4.758045196533203,309
11739,PPP6R2,103.46783447265625,3.6615540981292725,309
11740,PPP6R3,103.2044677734375,3.6697278022766113,309
11741,PPRC1,77.31454467773438,21.646377563476562,281
11742,PPT1,132.07325744628906,-0.09357768297195435,252
11743,PPT2,133.5676727294922,0.1924169361591339,252
11744,PPTC7,106.86935424804688,14.643035888671875,351
11745,PPWD1,122.53546142578125,48.08198928833008,66
11746,PPY,154.94390869140625,-20.186981201171875,133
11747,PRAC1,94.67588806152344,46.261619567871094,301
11748,PRAC2,94.75350952148438,46.31917953491211,301
11749,PRADC1,125.28667449951172,18.80360984802246,468
11750,PRAG1,88.6935043334961,20.217063903808594,414
11751,PRAM1,86.13404083251953,32.56210708618164,317
11752,PRAME,164.45960998535156,52.94895935058594,44
11753,PRAMEF1,164.3523406982422,52.86068344116211,44
11754,PRAMEF10,164.38697814941406,52.8773078918457,44
11755,PRAMEF11,164.50320434570312,52.97782516479492,44
11756,PRAMEF12,164.28201293945312,52.80552291870117,44
11757,PRAMEF13,164.3386688232422,52.849334716796875,44
11758,PRAMEF14,164.2179718017578,52.74884033203125,44
11759,PRAMEF15,164.47654724121094,52.963958740234375,44
11760,PRAMEF17,164.56275939941406,53.04296112060547,44
11761,PRAMEF18,163.92535400390625,52.509273529052734,44
11762,PRAMEF19,163.8651885986328,52.40107727050781,44
11763,PRAMEF2,164.3743133544922,52.87670135498047,44
11764,PRAMEF20,164.50111389160156,52.97746658325195,44
11765,PRAMEF25,164.5289306640625,53.008018493652344,44
11766,PRAMEF26,164.45204162597656,52.93376922607422,44
11767,PRAMEF27,164.50564575195312,52.988525390625,44
11768,PRAMEF33,164.4629364013672,52.94929122924805,44
11769,PRAMEF4,164.41366577148438,52.90048599243164,44
11770,PRAMEF5,164.49984741210938,52.98472213745117,44
11771,PRAMEF6,164.433349609375,52.918663024902344,44
11772,PRAMEF7,164.1781005859375,52.72142791748047,44
11773,PRAMEF8,164.4412841796875,52.932945251464844,44
11774,PRAMEF9,164.54769897460938,53.02873992919922,44
11775,PRAP1,105.87551879882812,51.07646942138672,112
11776,PRB1,86.68553161621094,51.06319808959961,140
11777,PRB2,86.87874603271484,51.18259048461914,140
11778,PRB3,86.84284973144531,51.34476089477539,140
11779,PRB4,86.9326400756836,51.537330627441406,140
11780,PRC1,85.66056060791016,15.230561256408691,365
11781,PRCC,106.11370849609375,27.264577865600586,390
11782,PRCD,97.787109375,42.06159591674805,298
11783,PRCP,133.39999389648438,-1.4322879314422607,252
11784,PRDM1,63.1798210144043,32.4416389465332,176
11785,PRDM10,62.02104187011719,29.205928802490234,176
11786,PRDM11,92.4380111694336,28.019533157348633,384
11787,PRDM12,65.40339660644531,35.13679885864258,178
11788,PRDM13,67.52189636230469,39.44230651855469,256
11789,PRDM14,61.56581497192383,32.010780334472656,176
11790,PRDM15,61.39459991455078,29.157093048095703,176
11791,PRDM16,62.61468505859375,29.342742919921875,176
11792,PRDM2,75.95631408691406,21.359729766845703,281
11793,PRDM4,60.47882843017578,30.06434440612793,176
11794,PRDM5,61.57838439941406,28.853511810302734,176
11795,PRDM6,69.71379089355469,36.37685012817383,268
11796,PRDM7,97.56877136230469,36.346214294433594,338
11797,PRDM8,70.27911376953125,40.453372955322266,254
11798,PRDM9,33.44353103637695,-43.917903900146484,78
11799,PRDX1,129.7866973876953,28.481027603149414,330
11800,PRDX2,130.51585388183594,28.37977409362793,330
11801,PRDX3,133.3439483642578,30.034151077270508,183
11802,PRDX5,127.71173095703125,29.555267333984375,192
11803,PRDX6,131.1892547607422,26.21520233154297,330
11804,PREB,121.30665588378906,15.41273021697998,459
11805,PRELID1,122.33704376220703,27.245569229125977,465
11806,PRELID2,122.692138671875,25.300113677978516,465
11807,PRELID3A,121.92604064941406,26.25938606262207,465
11808,PRELID3B,121.07107543945312,27.75711441040039,373
11809,PRELP,156.35430908203125,47.844932556152344,105
11810,PREP,120.87569427490234,8.22553539276123,296
11811,PREPL,117.70745086669922,9.116214752197266,214
11812,PREX1,94.65657043457031,-0.12526971101760864,290
11813,PREX2,94.27293395996094,1.8412668704986572,265
11814,PRF1,137.83285522460938,-1.623196005821228,243
11815,PRG2,141.6046600341797,-12.281656265258789,247
11816,PRG3,141.81256103515625,-12.770037651062012,247
11817,PRG4,90.88367462158203,53.78158187866211,147
11818,PRH1,86.75533294677734,51.459068298339844,140
11819,PRH2,86.99260711669922,51.21909713745117,140
11820,PRICKLE1,87.8092041015625,11.814397811889648,369
11821,PRICKLE2,87.6026840209961,11.556333541870117,369
11822,PRICKLE4,97.60678100585938,29.89565086364746,439
11823,PRIM1,112.71699523925781,20.655290603637695,358
11824,PRIM2,110.45793151855469,14.909894943237305,375
11825,PRIMA1,100.88804626464844,55.497467041015625,253
11826,PRIMPOL,112.54212951660156,18.968034744262695,456
11827,PRKAA1,128.56765747070312,75.56527709960938,68
11828,PRKAA2,128.38003540039062,76.0048599243164,68
11829,PRKAB1,118.89385223388672,14.881072998046875,383
11830,PRKAB2,116.03639221191406,12.55708122253418,447
11831,PRKACA,128.962646484375,76.04950714111328,68
11832,PRKACB,129.50860595703125,75.3922348022461,68
11833,PRKACG,128.67648315429688,76.32079315185547,68
11834,PRKAG1,119.30840301513672,21.982107162475586,446
11835,PRKAG2,101.2406234741211,10.231295585632324,326
11836,PRKAG3,93.58802032470703,37.649208068847656,342
11837,PRKAR1A,107.77690124511719,17.874225616455078,375
11838,PRKAR1B,106.84091186523438,17.53775978088379,375
11839,PRKAR2A,108.2863540649414,18.702091217041016,375
11840,PRKAR2B,106.38859558105469,18.612417221069336,395
11841,PRKCA,130.0542755126953,74.59031677246094,68
11842,PRKCB,130.34120178222656,74.48625946044922,68
11843,PRKCD,130.91455078125,74.68346405029297,68
11844,PRKCE,129.9420928955078,74.66144561767578,68
11845,PRKCG,130.2418670654297,75.21968078613281,68
11846,PRKCH,130.94895935058594,74.54410552978516,68
11847,PRKCI,129.53932189941406,75.07177734375,68
11848,PRKCQ,131.3686065673828,74.11953735351562,68
11849,PRKCSH,128.69984436035156,-3.926283836364746,234
11850,PRKCZ,130.01004028320312,75.13207244873047,68
11851,PRKD1,130.26760864257812,74.02975463867188,68
11852,PRKD2,130.49253845214844,74.31079864501953,68
11853,PRKD3,130.5631103515625,73.74955749511719,68
11854,PRKG1,130.47955322265625,73.86366271972656,68
11855,PRKG2,130.8494873046875,74.2280502319336,68
11856,PRKN,101.6500015258789,22.855375289916992,432
11857,PRKRA,116.36730194091797,23.353652954101562,363
11858,PRKRIP1,107.70012664794922,32.969024658203125,425
11859,PRL,113.39201354980469,61.84249496459961,117
11860,PRLH,154.28948974609375,-19.98984146118164,133
11861,PRLHR,5.9801483154296875,-24.24813461303711,17
11862,PRLR,101.56073760986328,64.47579956054688,269
11863,PRM1,68.91401672363281,17.571617126464844,120
11864,PRM2,69.25456237792969,18.011362075805664,120
11865,PRM3,97.75096893310547,40.24711608886719,341
11866,PRMT1,116.53861999511719,20.941967010498047,446
11867,PRMT2,100.8882827758789,13.42609977722168,408
11868,PRMT3,117.94871520996094,17.984439849853516,445
11869,PRMT5,116.84494018554688,16.531230926513672,452
11870,PRMT6,118.14707946777344,19.21059799194336,441
11871,PRMT7,124.80276489257812,15.14940357208252,314
11872,PRMT8,117.72810363769531,22.2441463470459,446
11873,PRMT9,121.2483901977539,16.972061157226562,459
11874,PRND,110.41973876953125,54.949989318847656,112
11875,PRNP,121.5438461303711,10.74234390258789,296
11876,PROB1,86.60708618164062,31.551076889038086,317
11877,PROC,137.19041442871094,-24.692514419555664,146
11878,PROCA1,89.4660873413086,27.04511260986328,350
11879,PROCR,83.37995147705078,96.31773376464844,34
11880,PRODH,125.93028259277344,15.686673164367676,314
11881,PRODH2,129.70945739746094,15.936756134033203,453
11882,PROK1,143.71778869628906,-19.99262046813965,221
11883,PROK2,143.33106994628906,-20.22514533996582,221
11884,PROKR1,5.463082790374756,-23.864120483398438,17
11885,PROKR2,4.9922637939453125,-23.8758544921875,17
11886,PROM1,102.67211151123047,-24.043212890625,136
11887,PROM2,101.23221588134766,-23.00558090209961,149
11888,PROP1,67.82640838623047,47.50600814819336,261
11889,PRORP,116.77952575683594,17.869359970092773,461
11890,PROS1,134.96652221679688,-20.129573822021484,236
11891,PROSER1,79.9302978515625,25.982723236083984,281
11892,PROSER2,90.43842315673828,31.708267211914062,321
11893,PROSER3,86.4552230834961,28.73906135559082,350
11894,PROX1,84.52643585205078,29.349803924560547,349
11895,PROX2,87.94671630859375,32.51552963256836,317
11896,PROZ,137.2295379638672,-24.662368774414062,146
11897,PRPF18,109.8127670288086,29.81644058227539,419
11898,PRPF19,123.65982055664062,50.585792541503906,66
11899,PRPF3,105.78247833251953,28.967912673950195,430
11900,PRPF31,115.16314697265625,20.672622680664062,362
11901,PRPF38A,68.67173767089844,17.285995483398438,120
11902,PRPF38B,70.22737121582031,18.12810516357422,120
11903,PRPF39,110.29713439941406,1.7469124794006348,293
11904,PRPF4,123.67110443115234,50.351226806640625,66
11905,PRPF40A,75.12107849121094,22.25969696044922,279
11906,PRPF40B,76.4097671508789,23.24728775024414,281
11907,PRPF4B,70.96302795410156,17.895343780517578,120
11908,PRPF6,111.05696868896484,16.809415817260742,405
11909,PRPF8,97.03507232666016,-4.027960777282715,290
11910,PRPH,205.9226837158203,25.587451934814453,20
11911,PRPH2,85.42916107177734,-26.81188201904297,121
11912,PRPS1L1,127.94005584716797,19.984527587890625,450
11913,PRPSAP1,127.393798828125,19.014537811279297,451
11914,PRPSAP2,126.66145324707031,19.860715866088867,467
11915,PRR11,89.20597076416016,22.901613235473633,411
11916,PRR12,79.10323333740234,23.482685089111328,281
11917,PRR13,92.53500366210938,47.631195068359375,301
11918,PRR14,86.98681640625,28.99852752685547,350
11919,PRR14L,82.8658218383789,19.66065216064453,318
11920,PRR15,98.55860900878906,38.5537109375,341
11921,PRR15L,98.84354400634766,37.55023193359375,341
11922,PRR16,83.43472290039062,17.129514694213867,318
11923,PRR18,94.85405731201172,35.331825256347656,338
11924,PRR19,92.05818176269531,37.357688903808594,342
11925,PRR20A,92.65155029296875,40.51662826538086,339
11926,PRR20B,92.17537689208984,40.33512878417969,339
11927,PRR20C,93.22574615478516,40.243675231933594,339
11928,PRR20D,92.45466613769531,39.94357681274414,339
11929,PRR20E,93.13606262207031,40.47529602050781,339
11930,PRR20G,92.73062133789062,40.09870529174805,339
11931,PRR22,84.33002471923828,28.78359031677246,349
11932,PRR23A,94.00337982177734,38.68504333496094,342
11933,PRR23B,94.75528717041016,39.399776458740234,344
11934,PRR23C,93.90605926513672,38.0164680480957,342
11935,PRR23D1,91.78986358642578,40.08083724975586,339
11936,PRR23D2,91.69220733642578,40.80553436279297,339
11937,PRR27,88.44161987304688,49.5063362121582,150
11938,PRR29,90.65353393554688,34.60789108276367,336
11939,PRR3,92.17097473144531,39.89104461669922,339
11940,PRR30,87.18074798583984,37.855560302734375,287
11941,PRR33,87.3250732421875,34.4965934753418,286
11942,PRR35,74.97038269042969,39.13703536987305,266
11943,PRR36,86.06797790527344,35.399471282958984,287
11944,PRR4,87.02747344970703,50.979557037353516,140
11945,PRR5,103.70553588867188,19.759239196777344,364
11946,PRR5L,105.40736389160156,19.676877975463867,364
11947,PRR7,97.13072204589844,54.44867706298828,262
11948,PRR9,9.879111289978027,-69.64019012451172,25
11949,PRRC1,78.19197082519531,26.262065887451172,281
11950,PRRC2A,76.99744415283203,22.39753532409668,281
11951,PRRC2B,76.8898696899414,21.650737762451172,281
11952,PRRC2C,77.3371810913086,19.11528778076172,280
11953,PRRG2,98.93803405761719,54.68490982055664,262
11954,PRRG4,98.87327575683594,54.55512619018555,262
11955,PRRT1,97.62088012695312,44.921974182128906,300
11956,PRRT1B,99.28666687011719,45.26220703125,245
11957,PRRT2,96.11636352539062,43.216583251953125,300
11958,PRRT3,87.45490264892578,30.635021209716797,317
11959,PRRT4,111.4181900024414,8.19185733795166,306
11960,PRRX1,70.59332275390625,42.63454055786133,254
11961,PRRX2,68.32268524169922,47.13508605957031,261
11962,PRSS1,141.240234375,-35.53194046020508,62
11963,PRSS12,133.6336669921875,-19.93480110168457,236
11964,PRSS16,130.34524536132812,-1.7779405117034912,234
11965,PRSS2,141.31243896484375,-35.64052963256836,62
11966,PRSS21,139.29342651367188,-31.48438262939453,145
11967,PRSS22,139.23068237304688,-31.35662269592285,145
11968,PRSS23,140.03485107421875,-9.726574897766113,246
11969,PRSS27,139.9663543701172,-33.09783172607422,61
11970,PRSS3,141.1612091064453,-35.409339904785156,62
11971,PRSS33,138.34805297851562,-28.45216941833496,145
11972,PRSS35,143.70436096191406,-9.727755546569824,212
11973,PRSS36,135.6566619873047,-24.05094337463379,146
11974,PRSS37,139.08534240722656,-30.734769821166992,145
11975,PRSS38,138.7003936767578,-30.22243309020996,145
11976,PRSS41,139.09054565429688,-31.02337074279785,145
11977,PRSS48,138.65426635742188,-29.833127975463867,145
11978,PRSS50,138.7760467529297,-30.094676971435547,145
11979,PRSS51,138.85450744628906,-30.15907096862793,145
11980,PRSS53,136.57876586914062,-25.376787185668945,146
11981,PRSS54,138.74351501464844,-29.932132720947266,145
11982,PRSS55,138.75460815429688,-30.125837326049805,145
11983,PRSS56,136.63832092285156,-24.661483764648438,146
11984,PRSS57,140.05816650390625,-33.53371810913086,61
11985,PRSS58,139.815185546875,-32.77641677856445,61
11986,PRSS8,139.26934814453125,-31.392004013061523,145
11987,PRTFDC1,125.75286102294922,20.57773780822754,468
11988,PRTG,122.88611602783203,-15.547260284423828,219
11989,PRTN3,140.34664916992188,-34.2601203918457,61
11990,PRUNE1,108.76837158203125,18.97441864013672,375
11991,PRX,88.28223419189453,33.58034896850586,317
11992,PRXL2A,127.44220733642578,10.540903091430664,196
11993,PRXL2B,122.08013916015625,21.185291290283203,470
11994,PRXL2C,117.36074829101562,26.364288330078125,355
11995,PSAP,138.7459716796875,-9.212373733520508,246
11996,PSAPL1,141.6836395263672,-8.88399600982666,212
11997,PSAT1,135.02455139160156,17.619651794433594,440
11998,PSCA,145.28866577148438,-20.340158462524414,221
11999,PSD,94.1190414428711,12.709857940673828,396
12000,PSD2,93.1937255859375,12.028036117553711,397
12001,PSD3,90.53366088867188,14.001275062561035,356
12002,PSD4,92.27223205566406,14.24138069152832,394
12003,PSEN1,97.0438232421875,-29.280757904052734,161
12004,PSEN2,97.41850280761719,-28.657207489013672,161
12005,PSENEN,92.326416015625,-27.255468368530273,158
12006,PSG1,96.53724670410156,80.4629898071289,80
12007,PSG11,96.51705932617188,80.26541137695312,80
12008,PSG2,96.62373352050781,80.326171875,80
12009,PSG3,96.73336029052734,80.68205261230469,80
12010,PSG4,96.54784393310547,80.54440307617188,80
12011,PSG5,96.54586791992188,80.52676391601562,80
12012,PSG6,96.57805633544922,80.52925109863281,80
12013,PSG7,96.57577514648438,80.44453430175781,80
12014,PSG8,96.57113647460938,80.5198745727539,80
12015,PSG9,96.55885314941406,80.53639221191406,80
12016,PSIP1,95.97879028320312,30.002399444580078,321
12017,PSKH1,127.38525390625,76.95533752441406,68
12018,PSKH2,127.44905090332031,76.86517333984375,68
12019,PSMA1,142.3483428955078,30.315967559814453,88
12020,PSMA2,142.31988525390625,30.39590072631836,88
12021,PSMA3,142.426025390625,30.33987808227539,88
12022,PSMA4,142.4461212158203,30.400543212890625,88
12023,PSMA5,142.21107482910156,30.324735641479492,88
12024,PSMA6,142.03932189941406,30.16094398498535,88
12025,PSMA7,142.20928955078125,30.131729125976562,88
12026,PSMA8,141.9387664794922,29.780513763427734,88
12027,PSMB1,142.79542541503906,30.53853988647461,88
12028,PSMB10,143.12025451660156,30.92867660522461,88
12029,PSMB11,141.44094848632812,30.250246047973633,88
12030,PSMB2,142.4776611328125,30.517131805419922,88
12031,PSMB3,142.86083984375,30.613557815551758,88
12032,PSMB4,142.70680236816406,30.66368293762207,88
12033,PSMB5,142.60719299316406,30.77993392944336,88
12034,PSMB6,142.7786407470703,30.699649810791016,88
12035,PSMB7,142.64569091796875,30.553306579589844,88
12036,PSMB8,142.99168395996094,30.74475860595703,88
12037,PSMB9,143.01339721679688,30.748271942138672,88
12038,PSMC1,116.61476135253906,16.707345962524414,452
12039,PSMC2,117.2811508178711,17.62910270690918,445
12040,PSMC3,116.68778228759766,17.68598175048828,461
12041,PSMC3IP,107.95771789550781,27.98702621459961,430
12042,PSMC4,116.23956298828125,17.25899887084961,452
12043,PSMC5,116.85639953613281,16.93910789489746,452
12044,PSMC6,116.6009521484375,16.264066696166992,452
12045,PSMD1,107.1217269897461,1.3576210737228394,311
12046,PSMD11,110.14923858642578,2.484649658203125,293
12047,PSMD12,110.64378356933594,2.7524735927581787,293
12048,PSMD13,110.80567932128906,2.10178804397583,293
12049,PSMD14,117.83377075195312,16.829036712646484,445
12050,PSMD2,107.30811309814453,1.7420198917388916,311
12051,PSMD3,110.54656982421875,2.180021047592163,293
12052,PSMD4,114.77005004882812,23.452709197998047,362
12053,PSMD5,107.1189193725586,4.787115097045898,310
12054,PSMD6,110.82843780517578,2.0996346473693848,293
12055,PSMD7,116.64273071289062,24.98445701599121,372
12056,PSMD8,110.63450622558594,2.486658811569214,293
12057,PSMD9,109.01361083984375,30.075557708740234,419
12058,PSME1,112.67330169677734,26.08991241455078,377
12059,PSME2,113.12010955810547,27.01521873474121,377
12060,PSME3,112.20313262939453,27.110530853271484,377
12061,PSME4,98.13297271728516,-3.1578640937805176,291
12062,PSMF1,105.98259735107422,24.136005401611328,406
12063,PSMG1,118.32823944091797,24.991966247558594,372
12064,PSMG2,119.58442687988281,22.638444900512695,465
12065,PSMG3,120.24298095703125,23.416057586669922,465
12066,PSMG4,121.16218566894531,26.704181671142578,373
12067,PSORS1C1,94.01679992675781,46.38779067993164,301
12068,PSORS1C2,89.5408706665039,46.83296203613281,150
12069,PSPC1,70.94922637939453,23.64453887939453,278
12070,PSPH,125.1972885131836,19.59188461303711,468
12071,PSPN,145.0633544921875,-12.380788803100586,212
12072,PSRC1,89.6450424194336,27.58676528930664,350
12073,PSTK,114.03536987304688,19.172157287597656,456
12074,PSTPIP1,92.63587188720703,5.978683948516846,374
12075,PSTPIP2,92.47268676757812,5.946063995361328,374
12076,PTAFR,1.410231351852417,-23.608558654785156,17
12077,PTAR1,115.3013687133789,19.468645095825195,462
12078,PTBP1,70.55481719970703,26.870372772216797,276
12079,PTBP2,70.06649017333984,28.418806076049805,276
12080,PTBP3,70.5366439819336,27.94217872619629,276
12081,PTCD1,101.19549560546875,15.900285720825195,381
12082,PTCD2,114.90264129638672,14.983829498291016,448
12083,PTCD3,112.8669662475586,10.124917984008789,389
12084,PTCH1,110.81304931640625,-28.493839263916016,123
12085,PTCH2,112.00486755371094,-30.111339569091797,128
12086,PTCHD3,108.23802185058594,-28.969118118286133,132
12087,PTCRA,99.29890441894531,58.13497543334961,242
12088,PTDSS1,97.23797607421875,-31.519699096679688,171
12089,PTDSS2,96.96824645996094,-31.826622009277344,171
12090,PTEN,107.71450805664062,13.189602851867676,351
12091,PTER,129.80947875976562,17.361886978149414,457
12092,PTF1A,77.65625762939453,42.5787353515625,266
12093,PTGDR,4.515789031982422,-24.047605514526367,17
12094,PTGDR2,3.350130558013916,-24.9483585357666,17
12095,PTGDS,76.32456970214844,-19.04469108581543,81
12096,PTGER1,4.367271900177002,-25.01738739013672,17
12097,PTGER2,5.208497047424316,-23.6986141204834,17
12098,PTGER3,5.859554290771484,-23.875099182128906,17
12099,PTGER4,5.647783279418945,-23.66241455078125,17
12100,PTGES,96.3832778930664,-31.869657516479492,171
12101,PTGES2,130.0908203125,28.91730499267578,330
12102,PTGES3,113.11478424072266,33.2149658203125,401
12103,PTGES3L,118.91072082519531,26.721603393554688,373
12104,PTGFR,5.122825622558594,-24.07305145263672,17
12105,PTGFRN,98.17881774902344,66.46742248535156,259
12106,PTGIR,4.231764316558838,-24.74128532409668,17
12107,PTGIS,157.7183837890625,9.42863941192627,69
12108,PTGR1,139.04296875,17.02488136291504,189
12109,PTGR2,126.828369140625,15.750547409057617,314
12110,PTGS1,133.5965576171875,-0.7059915065765381,252
12111,PTGS2,132.9627685546875,-1.1733636856079102,252
12112,PTH,154.51596069335938,-19.59316062927246,133
12113,PTH1R,110.87164306640625,-31.97076988220215,126
12114,PTH2,154.8568115234375,-20.088756561279297,133
12115,PTH2R,110.9108657836914,-32.07087707519531,126
12116,PTHLH,149.3749542236328,-17.752016067504883,134
12117,PTK2,129.76681518554688,72.12336730957031,68
12118,PTK2B,129.90338134765625,74.06952667236328,68
12119,PTK6,132.61532592773438,73.83531188964844,67
12120,PTK7,123.62506103515625,-15.362741470336914,219
12121,PTMA,107.76427459716797,38.554481506347656,284
12122,PTMS,107.48421478271484,38.617225646972656,284
12123,PTN,139.08773803710938,-18.54072380065918,244
12124,PTOV1,82.503173828125,29.333690643310547,188
12125,PTP4A1,116.22486114501953,23.85927391052246,363
12126,PTP4A2,117.1938247680664,24.68057632446289,372
12127,PTP4A3,117.4497299194336,24.99359893798828,372
12128,PTPA,105.23666381835938,11.703177452087402,352
12129,PTPDC1,91.16194152832031,15.729598999023438,334
12130,PTPMT1,122.93116760253906,27.657678604125977,325
12131,PTPN1,101.15943908691406,14.192983627319336,408
12132,PTPN11,99.8420639038086,11.765209197998047,431
12133,PTPN12,86.8485107421875,17.483001708984375,367
12134,PTPN13,86.9014892578125,12.694064140319824,369
12135,PTPN18,98.01976013183594,15.686202049255371,410
12136,PTPN2,102.05479431152344,14.951515197753906,353
12137,PTPN20,103.61278533935547,17.317659378051758,364
12138,PTPN21,89.92129516601562,13.336447715759277,356
12139,PTPN22,87.47482299804688,17.17814826965332,367
12140,PTPN23,84.601806640625,16.5983943939209,318
12141,PTPN3,97.31587219238281,12.717127799987793,431
12142,PTPN4,96.67742919921875,8.599723815917969,413
12143,PTPN5,98.16497802734375,4.771665573120117,368
12144,PTPN6,100.98263549804688,10.592852592468262,326
12145,PTPN7,99.8421630859375,12.812870025634766,427
12146,PTPN9,100.72300720214844,12.6423921585083,408
12147,PTPRA,99.5847396850586,8.257798194885254,413
12148,PTPRC,98.85726165771484,66.85739135742188,255
12149,PTPRCAP,97.9355697631836,54.7767219543457,262
12150,PTPRD,121.72638702392578,-17.695068359375,220
12151,PTPRE,99.30738830566406,9.79576301574707,413
12152,PTPRF,121.3932113647461,-18.63310432434082,220
12153,PTPRG,120.22039794921875,-13.254125595092773,219
12154,PTPRH,99.39595031738281,65.59471130371094,272
12155,PTPRJ,122.93341064453125,-14.065715789794922,219
12156,PTPRK,121.16165161132812,-14.863186836242676,219
12157,PTPRM,121.24693298339844,-13.942713737487793,219
12158,PTPRN,99.83262634277344,7.134678840637207,413
12159,PTPRN2,97.24749755859375,8.178223609924316,413
12160,PTPRO,122.18638610839844,-14.04177188873291,219
12161,PTPRQ,122.38723754882812,-18.45990753173828,220
12162,PTPRR,98.10112762451172,9.948305130004883,437
12163,PTPRS,121.87506866455078,-17.965261459350586,220
12164,PTPRU,121.40425872802734,-13.88649845123291,219
12165,PTPRZ1,79.62764739990234,18.670413970947266,280
12166,PTRH1,124.39437866210938,24.33803939819336,464
12167,PTRH2,125.90771484375,24.42511558532715,329
12168,PTRHD1,125.8433837890625,30.274656295776367,192
12169,PTS,125.54546356201172,25.891895294189453,325
12170,PTTG1,90.80048370361328,27.47163963317871,384
12171,PTTG1IP,100.68402099609375,56.4812126159668,253
12172,PTTG2,90.59642028808594,31.17976951599121,321
12173,PTX3,143.01907348632812,-9.803144454956055,212
12174,PTX4,140.7077178955078,-7.928009510040283,212
12175,PUF60,70.94772338867188,25.905797958374023,276
12176,PUM1,76.38565063476562,27.414081573486328,281
12177,PUM2,76.81332397460938,27.15193748474121,281
12178,PUM3,113.79885864257812,32.07880401611328,401
12179,PURA,98.26458740234375,29.250892639160156,439
12180,PURB,99.41584777832031,28.21308135986328,439
12181,PURG,99.59121704101562,27.565736770629883,439
12182,PUS1,120.47020721435547,23.734962463378906,465
12183,PUS10,118.71775817871094,18.380083084106445,460
12184,PUS3,119.18855285644531,21.849884033203125,446
12185,PUS7,114.94248962402344,18.309200286865234,463
12186,PUSL1,123.56317138671875,22.90114402770996,464
12187,PVALB,52.841148376464844,-4.005340576171875,98
12188,PVALEF,53.61053466796875,-3.4344043731689453,97
12189,PVR,99.40385437011719,65.16795349121094,272
12190,PVRIG,95.33831787109375,68.47594451904297,259
12191,PWP1,124.29267883300781,49.66701889038086,66
12192,PWP2,123.44699096679688,49.99547576904297,66
12193,PWWP2A,90.7215805053711,25.883466720581055,412
12194,PWWP2B,88.60649871826172,28.186275482177734,350
12195,PWWP3A,91.690185546875,21.788835525512695,422
12196,PXDC1,104.8214111328125,23.165660858154297,406
12197,PXDN,129.40338134765625,-16.294832229614258,236
12198,PXDNL,129.97967529296875,-15.871932983398438,236
12199,PXK,95.4988021850586,13.04189682006836,396
12200,PXMP2,98.93737030029297,-31.37030029296875,171
12201,PXMP4,95.95580291748047,-29.101903915405273,161
12202,PXN,95.38986206054688,26.261749267578125,354
12203,PXT1,96.20549011230469,44.13337707519531,300
12204,PXYLP1,140.37847900390625,0.9637269973754883,239
12205,PYCARD,112.27432250976562,24.873031616210938,359
12206,PYCR1,130.1957550048828,19.184741973876953,449
12207,PYCR2,130.91749572753906,19.0242862701416,449
12208,PYCR3,128.10208129882812,20.23369026184082,450
12209,PYDC1,111.6434555053711,24.769086837768555,359
12210,PYDC2,111.57054901123047,24.411592483520508,359
12211,PYGB,137.8106689453125,18.572370529174805,387
12212,PYGL,137.23472595214844,17.782934188842773,387
12213,PYGM,138.07826232910156,18.430768966674805,387
12214,PYGO1,78.10746002197266,28.60405731201172,281
12215,PYGO2,76.59041595458984,26.918773651123047,281
12216,PYHIN1,109.64817810058594,11.075697898864746,386
12217,PYM1,111.64625549316406,33.81833267211914,391
12218,PYROXD1,123.06298828125,18.750934600830078,416
12219,PYROXD2,129.4935302734375,14.780806541442871,289
12220,PYURF,129.80177307128906,32.36962127685547,328
12221,PYY,154.9474639892578,-20.176660537719727,133
12222,PZP,123.32942962646484,-14.226739883422852,219
12223,QDPR,131.3009033203125,16.139047622680664,454
12224,QKI,72.38232421875,33.31726837158203,268
12225,QPCT,132.28150939941406,-0.2820556163787842,252
12226,QPCTL,133.0165252685547,-0.6567314267158508,252
12227,QPRT,131.5324249267578,19.642221450805664,458
12228,QRFP,153.5513153076172,-19.099037170410156,133
12229,QRFPR,6.219858169555664,-22.54400634765625,17
12230,QRICH1,72.85646057128906,28.536033630371094,281
12231,QRICH2,89.32481384277344,27.029388427734375,350
12232,QRSL1,127.24015808105469,17.148807525634766,451
12233,QSER1,77.45887756347656,25.105188369750977,281
12234,QSOX1,131.9485626220703,-4.411946773529053,235
12235,QSOX2,129.53652954101562,-1.6483289003372192,234
12236,QTRT1,132.0506134033203,18.111982345581055,458
12237,QTRT2,125.28268432617188,18.62377166748047,468
12238,R3HCC1,104.26959228515625,30.347381591796875,382
12239,R3HCC1L,86.76588439941406,20.891618728637695,418
12240,R3HDM1,76.45989990234375,25.378067016601562,281
12241,R3HDM2,76.2221908569336,26.38223648071289,281
12242,R3HDM4,105.06370544433594,27.63524055480957,430
12243,R3HDML,139.742431640625,-13.347301483154297,246
12244,RAB10,75.520263671875,-70.91411590576172,95
12245,RAB11A,75.5923843383789,-70.80400848388672,95
12246,RAB11B,75.21704864501953,-71.2298583984375,95
12247,RAB11FIP1,85.71282196044922,19.967939376831055,418
12248,RAB11FIP2,92.76436614990234,20.325653076171875,423
12249,RAB11FIP3,81.1093521118164,6.427028179168701,227
12250,RAB11FIP4,80.46133422851562,4.823715686798096,211
12251,RAB11FIP5,87.2718734741211,23.00552749633789,411
12252,RAB12,75.9445571899414,-70.44612884521484,96
12253,RAB13,75.07876586914062,-71.36863708496094,95
12254,RAB14,76.06044006347656,-70.32658386230469,96
12255,RAB15,76.22188568115234,-70.16525268554688,96
12256,RAB17,76.24177551269531,-70.2018814086914,96
12257,RAB18,76.037353515625,-70.38632202148438,96
12258,RAB19,75.91891479492188,-70.5218276977539,96
12259,RAB1A,75.66341400146484,-70.7595443725586,95
12260,RAB1B,74.60808563232422,-71.8287582397461,95
12261,RAB20,76.81599426269531,-69.5748062133789,84
12262,RAB22A,76.12120056152344,-70.32196807861328,96
12263,RAB23,76.98129272460938,-69.53659057617188,84
12264,RAB24,76.66051483154297,-69.80512237548828,84
12265,RAB25,75.90104675292969,-70.55133056640625,96
12266,RAB26,76.21604919433594,-70.18627166748047,96
12267,RAB27A,76.7421646118164,-69.69379425048828,84
12268,RAB27B,75.88771057128906,-70.60980224609375,96
12269,RAB28,77.04730224609375,-69.45947265625,84
12270,RAB29,76.07167053222656,-70.36402130126953,96
12271,RAB2A,75.48274230957031,-70.95736694335938,95
12272,RAB2B,75.32441711425781,-71.11174011230469,95
12273,RAB30,75.63310241699219,-70.84974670410156,95
12274,RAB31,75.96095275878906,-70.49022674560547,96
12275,RAB32,76.53144073486328,-69.90899658203125,84
12276,RAB33B,75.97557067871094,-70.38025665283203,96
12277,RAB34,77.09807586669922,-68.85613250732422,84
12278,RAB35,75.34779357910156,-71.06253051757812,95
12279,RAB36,76.88275146484375,-69.15328979492188,84
12280,RAB37,76.00762939453125,-70.42899322509766,96
12281,RAB38,76.55790710449219,-69.90721893310547,84
12282,RAB39A,76.13055419921875,-70.2738037109375,96
12283,RAB3A,75.44322967529297,-71.01260375976562,95
12284,RAB3C,75.25931549072266,-71.2051010131836,95
12285,RAB3D,76.06522369384766,-70.35137939453125,96
12286,RAB3GAP1,101.35038757324219,12.2762451171875,408
12287,RAB3GAP2,105.49457550048828,-0.08572974056005478,313
12288,RAB3IL1,96.64727020263672,26.737089157104492,434
12289,RAB3IP,96.65034484863281,22.930734634399414,360
12290,RAB40B,76.46728515625,-69.87723541259766,84
12291,RAB40C,76.62694549560547,-69.57209014892578,84
12292,RAB42,75.99746704101562,-70.41864776611328,96
12293,RAB43,75.7978286743164,-70.61842346191406,96
12294,RAB44,85.42027282714844,14.605594635009766,365
12295,RAB4A,75.9655532836914,-70.44374084472656,96
12296,RAB4B,75.84297943115234,-70.5716781616211,96
12297,RAB5A,75.51937866210938,-70.94097900390625,95
12298,RAB5B,74.47972106933594,-72.02710723876953,95
12299,RAB5C,74.95633697509766,-71.50267028808594,95
12300,RAB5IF,91.85975646972656,-26.635534286499023,158
12301,RAB6A,74.6865234375,-71.75807189941406,95
12302,RAB6B,75.26763153076172,-70.99366760253906,95
12303,RAB6C,75.75530242919922,-70.62344360351562,96
12304,RAB6D,75.50531005859375,-70.88378143310547,95
12305,RAB7A,75.489990234375,-70.96556091308594,95
12306,RAB7B,75.97516632080078,-70.48625946044922,96
12307,RAB8A,74.80726623535156,-71.63685607910156,95
12308,RAB8B,75.43438720703125,-70.8387680053711,95
12309,RABAC1,93.17506408691406,-27.29349136352539,158
12310,RABEP1,76.34513854980469,3.5581130981445312,232
12311,RABEP2,77.75353240966797,5.271707057952881,225
12312,RABEPK,121.93904113769531,15.509156227111816,455
12313,RABGAP1,91.11339569091797,6.684536457061768,374
12314,RABGAP1L,89.00003051757812,7.111632823944092,370
12315,RABGEF1,100.34790802001953,12.634177207946777,408
12316,RABGGTA,113.89720153808594,7.459226608276367,214
12317,RABGGTB,115.71186065673828,12.433727264404297,447
12318,RABIF,119.75401306152344,30.453536987304688,347
12319,RABL2A,76.6297836303711,-69.70582580566406,84
12320,RABL2B,76.63716125488281,-69.73998260498047,84
12321,RABL3,77.1557388305664,-69.19418334960938,84
12322,RABL6,86.19064331054688,16.98188018798828,366
12323,RAC1,75.20143127441406,-71.15480041503906,95
12324,RAC2,75.1689224243164,-71.18220520019531,95
12325,RAC3,75.03462219238281,-71.32861328125,95
12326,RACGAP1,94.20752716064453,23.524553298950195,421
12327,RACK1,125.34121704101562,52.695030212402344,66
12328,RAD1,114.98755645751953,24.452789306640625,361
12329,RAD17,109.36880493164062,16.305044174194336,375
12330,RAD18,93.6170883178711,23.887210845947266,421
12331,RAD21,92.3929672241211,27.089645385742188,384
12332,RAD21L1,92.6048583984375,27.165756225585938,384
12333,RAD23A,103.93400573730469,26.624622344970703,433
12334,RAD23B,103.04141235351562,27.338756561279297,429
12335,RAD50,78.7840347290039,1.6077042818069458,193
12336,RAD51,117.10417175292969,19.276987075805664,441
12337,RAD51AP1,90.77651977539062,25.8631534576416,412
12338,RAD51AP2,84.35826110839844,21.156749725341797,418
12339,RAD51B,116.28707122802734,20.4121036529541,462
12340,RAD51C,117.51161193847656,21.279312133789062,446
12341,RAD51D,122.28755950927734,20.936790466308594,470
12342,RAD52,104.26019287109375,20.108436584472656,364
12343,RAD54B,97.6461410522461,18.279346466064453,407
12344,RAD54L,108.95178985595703,14.248571395874023,357
12345,RAD54L2,101.34492492675781,14.008749008178711,408
12346,RAD9A,113.90547943115234,24.676467895507812,362
12347,RAD9B,113.86607360839844,23.858097076416016,362
12348,RADIL,97.29724884033203,10.495254516601562,437
12349,RAE1,124.07752990722656,50.9819450378418,66
12350,RAET1E,83.41767120361328,96.27701568603516,34
12351,RAET1G,83.40777587890625,96.26779174804688,34
12352,RAET1L,83.39866638183594,96.29853057861328,34
12353,RAF1,130.2969207763672,73.60523223876953,68
12354,RAG1,94.21090698242188,22.06936264038086,423
12355,RAG2,118.21709442138672,10.950721740722656,319
12356,RAI1,78.33932495117188,23.628751754760742,281
12357,RAI14,75.27301025390625,3.217731475830078,232
12358,RALA,75.9408187866211,-70.44373321533203,96
12359,RALB,75.9375,-70.44954681396484,96
12360,RALBP1,101.40137481689453,25.874820709228516,443
12361,RALGAPA1,95.87727355957031,-3.482053518295288,290
12362,RALGAPA2,96.09130096435547,-0.4118657410144806,290
12363,RALGAPB,96.8807373046875,1.3281424045562744,285
12364,RALGDS,90.76873779296875,11.683143615722656,376
12365,RALGPS1,92.9758071899414,8.93659782409668,380
12366,RALGPS2,94.3680419921875,9.499053955078125,392
12367,RALY,68.02883911132812,20.654216766357422,173
12368,RALYL,67.53079986572266,20.420339584350586,173
12369,RAMAC,73.8083724975586,25.349285125732422,281
12370,RAMP1,101.40945434570312,56.37713623046875,253
12371,RAMP2,101.359130859375,56.6291389465332,253
12372,RAMP3,101.17217254638672,56.74861145019531,253
12373,RAN,75.6876220703125,-70.55032348632812,96
12374,RANBP1,112.50506591796875,30.94072723388672,400
12375,RANBP10,96.89385223388672,17.905996322631836,407
12376,RANBP17,103.70077514648438,-0.35824212431907654,308
12377,RANBP2,92.33405303955078,1.1021747589111328,265
12378,RANBP3,102.7134017944336,23.84123992919922,432
12379,RANBP3L,98.48587036132812,26.92645263671875,439
12380,RANBP6,105.40531158447266,0.6751410961151123,313
12381,RANBP9,99.31120300292969,20.779447555541992,403
12382,RANGAP1,104.72811889648438,4.345921516418457,312
12383,RANGRF,118.45002746582031,24.329635620117188,372
12384,RAP1A,75.86436462402344,-70.56138610839844,96
12385,RAP1GAP,96.87882232666016,9.411382675170898,413
12386,RAP1GAP2,94.91865539550781,9.907649040222168,435
12387,RAP1GDS1,107.07513427734375,4.2734761238098145,310
12388,RAP2A,76.01654815673828,-69.94048309326172,96
12389,RAP2B,75.95259094238281,-70.45309448242188,96
12390,RAPGEF1,93.50261688232422,9.57712459564209,392
12391,RAPGEF2,89.38365936279297,6.9996232986450195,370
12392,RAPGEF3,98.2345199584961,10.009963989257812,437
12393,RAPGEF4,98.44572448730469,7.564996719360352,413
12394,RAPGEF5,96.33741760253906,8.235614776611328,320
12395,RAPGEF6,91.21314239501953,5.813709259033203,374
12396,RAPGEFL1,97.98445129394531,11.24165153503418,438
12397,RAPH1,86.6015625,13.415287017822266,369
12398,RAPSN,110.69491577148438,1.7695934772491455,293
12399,RARA,57.264610290527344,38.931854248046875,86
12400,RARB,57.09415054321289,38.816307067871094,86
12401,RARG,57.09843444824219,38.8243522644043,86
12402,RARRES1,139.32806396484375,-10.222329139709473,246
12403,RARRES2,77.82781982421875,-18.97429084777832,82
12404,RARS2,121.48101806640625,15.735150337219238,459
12405,RASA1,98.89788818359375,8.38701057434082,413
12406,RASA2,99.43531799316406,6.528745651245117,413
12407,RASA3,99.59449768066406,7.584805965423584,413
12408,RASA4,100.31737518310547,8.326191902160645,413
12409,RASA4B,99.17701721191406,8.220871925354004,413
12410,RASAL1,99.80290222167969,7.876755714416504,413
12411,RASAL2,88.33894348144531,8.54190444946289,370
12412,RASAL3,95.37731170654297,11.312912940979004,435
12413,RASD1,76.95913696289062,-69.40840911865234,84
12414,RASD2,76.99702453613281,-69.33341979980469,84
12415,RASEF,85.51651000976562,9.29925537109375,201
12416,RASGEF1A,97.85263061523438,11.60555362701416,438
12417,RASGEF1B,98.9076156616211,10.523775100708008,431
12418,RASGEF1C,97.06073760986328,11.43655014038086,437
12419,RASGRF1,93.3065185546875,7.769646167755127,380
12420,RASGRF2,95.07156372070312,6.875278949737549,320
12421,RASGRP1,94.94210052490234,10.756832122802734,435
12422,RASGRP2,95.46762084960938,8.530112266540527,320
12423,RASGRP3,95.20925903320312,11.264522552490234,435
12424,RASGRP4,97.24433898925781,9.312522888183594,413
12425,RASIP1,94.80277252197266,13.283689498901367,396
12426,RASL10A,77.11304473876953,-69.26512145996094,84
12427,RASL10B,77.01109313964844,-69.34317016601562,84
12428,RASL11A,77.3359603881836,-69.0398178100586,84
12429,RASL11B,77.09217834472656,-69.32503509521484,84
12430,RASL12,77.2458724975586,-69.01070404052734,84
12431,RASSF1,98.51996612548828,12.52188491821289,431
12432,RASSF10,96.72527313232422,28.296642303466797,436
12433,RASSF2,98.98464965820312,15.187047958374023,410
12434,RASSF3,99.72916412353516,14.198789596557617,428
12435,RASSF4,98.79337310791016,13.828132629394531,428
12436,RASSF5,97.157958984375,15.458847045898438,409
12437,RASSF6,98.11797332763672,15.625007629394531,410
12438,RASSF7,94.38137817382812,31.61945152282715,321
12439,RASSF8,81.00914001464844,6.796863079071045,227
12440,RASSF9,93.7015380859375,14.91081714630127,394
12441,RAVER1,96.28300476074219,19.152755737304688,399
12442,RAVER2,77.09187316894531,27.292236328125,281
12443,RAX,67.83733367919922,46.740779876708984,261
12444,RAX2,67.34003448486328,47.51976013183594,261
12445,RB1,97.69951629638672,17.83455467224121,407
12446,RB1CC1,77.14154052734375,3.152672052383423,232
12447,RBAK,29.434965133666992,-46.17206954956055,79
12448,RBBP4,124.27689361572266,51.424583435058594,66
12449,RBBP5,122.73865509033203,49.1840705871582,66
12450,RBBP6,73.06903839111328,18.786052703857422,120
12451,RBBP8,88.00483703613281,23.44971466064453,411
12452,RBBP8NL,85.89358520507812,25.75223731994629,349
12453,RBBP9,128.650634765625,19.398157119750977,450
12454,RBCK1,101.61567687988281,23.551149368286133,443
12455,RBFA,128.8982696533203,29.027597427368164,330
12456,RBFOX1,69.91896057128906,32.629451751708984,275
12457,RBFOX2,70.12117004394531,32.39594268798828,275
12458,RBFOX3,69.99723815917969,32.85377502441406,275
12459,RBIS,118.21774291992188,38.90156173706055,186
12460,RBKS,131.77090454101562,19.393875122070312,458
12461,RBL1,95.05593872070312,18.56769371032715,399
12462,RBL2,97.03317260742188,17.31767463684082,407
12463,RBM11,100.90794372558594,25.608352661132812,443
12464,RBM12,72.92332458496094,24.137344360351562,279
12465,RBM12B,89.45301055908203,18.62692642211914,378
12466,RBM14,71.01606750488281,30.030601501464844,275
12467,RBM15,79.4857406616211,22.07777976989746,281
12468,RBM15B,84.53327178955078,26.293617248535156,349
12469,RBM17,104.8100357055664,30.567733764648438,382
12470,RBM18,107.05250549316406,27.520263671875,430
12471,RBM19,115.1451187133789,27.723892211914062,388
12472,RBM20,82.40116119384766,21.256420135498047,318
12473,RBM22,72.80916595458984,23.979461669921875,279
12474,RBM23,71.24838256835938,22.514507293701172,278
12475,RBM24,69.98974609375,31.395442962646484,275
12476,RBM25,70.9737548828125,18.37822151184082,120
12477,RBM26,74.17693328857422,21.940584182739258,279
12478,RBM27,75.08589172363281,22.20417022705078,279
12479,RBM33,75.13574981689453,23.147796630859375,279
12480,RBM34,113.3125991821289,32.70418930053711,401
12481,RBM38,69.82372283935547,32.16659164428711,275
12482,RBM39,69.86650848388672,18.331254959106445,120
12483,RBM4,69.6800537109375,30.436634063720703,275
12484,RBM42,72.35215759277344,25.087448120117188,279
12485,RBM43,114.25721740722656,6.127479076385498,214
12486,RBM44,86.89659881591797,21.622119903564453,418
12487,RBM45,70.92261505126953,27.340343475341797,276
12488,RBM46,70.05419921875,28.667240142822266,276
12489,RBM47,69.69046783447266,30.148658752441406,275
12490,RBM48,103.58475494384766,25.000829696655273,433
12491,RBM4B,69.71746063232422,30.29364776611328,275
12492,RBM5,77.278564453125,20.64081382751465,281
12493,RBM6,77.40921783447266,19.780517578125,280
12494,RBM7,72.1891098022461,24.114973068237305,279
12495,RBM8A,117.9752197265625,34.7999382019043,195
12496,RBMS1,70.4681167602539,32.568485260009766,275
12497,RBMS2,70.0674819946289,32.22337341308594,275
12498,RBMS3,70.49918365478516,32.44304275512695,275
12499,RBMXL1,69.98114776611328,22.184757232666016,278
12500,RBMXL2,69.6093978881836,22.318729400634766,278
12501,RBP1,-15.176729202270508,-63.91885757446289,18
12502,RBP2,-15.185711860656738,-63.92366409301758,18
12503,RBP3,114.02749633789062,-21.73799705505371,122
12504,RBP4,76.21762084960938,-19.082544326782227,81
12505,RBP5,-15.182051658630371,-63.91499710083008,18
12506,RBP7,-15.177648544311523,-63.91554260253906,18
12507,RBPJ,100.92080688476562,16.056406021118164,381
12508,RBPJL,106.88882446289062,13.721736907958984,351
12509,RBPMS,70.43450927734375,32.77412033081055,275
12510,RBPMS2,70.03658294677734,32.12470626831055,275
12511,RBSN,98.92701721191406,21.984756469726562,360
12512,RBX1,121.11125183105469,36.36006164550781,315
12513,RC3H1,78.18775939941406,25.869810104370117,281
12514,RC3H2,78.14130401611328,25.5988712310791,281
12515,RCAN1,103.47306823730469,24.290958404541016,406
12516,RCAN2,99.74055480957031,19.590059280395508,402
12517,RCAN3,100.61531829833984,21.696805953979492,403
12518,RCBTB1,110.556640625,8.37989616394043,306
12519,RCBTB2,110.63800048828125,8.446460723876953,306
12520,RCC1,120.2293701171875,16.872943878173828,459
12521,RCC1L,120.85247802734375,15.663665771484375,459
12522,RCC2,119.53881072998047,17.055709838867188,460
12523,RCCD1,120.16625213623047,16.94158172607422,459
12524,RCE1,96.46931457519531,-32.04237747192383,172
12525,RCHY1,101.2348861694336,24.937519073486328,443
12526,RCL1,123.9828872680664,18.06129264831543,466
12527,RCN1,128.67514038085938,-4.5255889892578125,234
12528,RCN2,128.57752990722656,-4.620950698852539,234
12529,RCN3,128.58255004882812,-4.769186496734619,234
12530,RCOR1,99.71006774902344,25.68476676940918,439
12531,RCOR2,84.90241241455078,25.017257690429688,349
12532,RCOR3,82.72950744628906,25.558269500732422,281
12533,RCSD1,93.02542114257812,37.56782150268555,342
12534,RCVRN,53.537757873535156,-3.4870588779449463,97
12535,RD3,97.94860076904297,37.55172348022461,341
12536,RD3L,102.13873291015625,35.08296203613281,332
12537,RDH10,134.704345703125,11.613862991333008,282
12538,RDH11,134.254638671875,11.608290672302246,282
12539,RDH12,135.18309020996094,11.545427322387695,282
12540,RDH13,134.360595703125,11.8924560546875,282
12541,RDH14,131.0316162109375,13.89863109588623,289
12542,RDH16,135.36419677734375,11.426496505737305,282
12543,RDH5,134.8024139404297,12.204648971557617,282
12544,RDH8,135.1669464111328,11.401765823364258,282
12545,RDM1,113.6589126586914,22.950199127197266,362
12546,RDX,81.42345428466797,4.241427898406982,211
12547,REC114,111.97441101074219,23.3835506439209,359
12548,REC8,93.07392120361328,28.22562026977539,384
12549,RECK,135.92401123046875,-18.848262786865234,236
12550,RECQL,94.27848815917969,20.330642700195312,423
12551,RECQL4,111.56558990478516,14.512506484985352,442
12552,RECQL5,113.04704284667969,48.703651428222656,94
12553,REELD1,96.23545837402344,46.374202728271484,301
12554,REEP1,96.13230895996094,-25.829578399658203,155
12555,REEP2,96.23651123046875,-25.608936309814453,155
12556,REEP3,96.0359115600586,-25.57765769958496,155
12557,REEP4,96.39149475097656,-25.744781494140625,155
12558,REEP5,95.19229125976562,-25.97216033935547,155
12559,REEP6,96.35456085205078,-28.546724319458008,161
12560,REG1A,141.2354278564453,-12.90707015991211,247
12561,REG1B,141.5924835205078,-12.787603378295898,247
12562,REG3A,141.44189453125,-12.879203796386719,247
12563,REG3G,141.36007690429688,-12.337631225585938,247
12564,REG4,140.982421875,-12.864372253417969,247
12565,REL,78.22969055175781,35.33705139160156,264
12566,RELA,78.97543334960938,33.77251434326172,264
12567,RELB,77.91938018798828,35.553733825683594,264
12568,RELCH,103.66165161132812,4.338273048400879,309
12569,RELL1,99.6500015258789,54.09476852416992,263
12570,RELL2,98.01261901855469,51.88348388671875,262
12571,RELN,125.28606414794922,-21.236745834350586,202
12572,RELT,98.52249908447266,58.30182647705078,242
12573,REM1,77.35722351074219,-68.87212371826172,84
12574,REM2,99.50829315185547,22.646629333496094,403
12575,REN,136.50021362304688,-4.897982597351074,229
12576,REP15,99.07794952392578,41.31584167480469,298
12577,REPIN1,32.25508117675781,-38.1891975402832,27
12578,REPS1,80.67546081542969,23.063268661499023,281
12579,RER1,92.97789764404297,-27.418291091918945,158
12580,RERE,77.8749008178711,23.291349411010742,281
12581,RERG,77.1524887084961,-69.3214111328125,84
12582,RERGL,77.25579833984375,-69.24262237548828,84
12583,RESF1,81.94808959960938,20.22245216369629,318
12584,RESP18,96.32035827636719,44.79622268676758,300
12585,REST,63.097625732421875,28.384891510009766,176
12586,RET,137.01742553710938,67.44984436035156,43
12587,RETN,144.3141632080078,-18.16164207458496,221
12588,RETNLB,142.38238525390625,-15.534934043884277,249
12589,RETREG1,105.62992858886719,-10.171823501586914,107
12590,RETREG2,105.84309387207031,-9.41038990020752,107
12591,RETREG3,105.89712524414062,-10.610499382019043,107
12592,RETSAT,133.38075256347656,9.368929862976074,169
12593,REV1,94.57566833496094,18.652244567871094,398
12594,REV3L,82.39655303955078,19.431537628173828,318
12595,REX1BD,102.38404846191406,34.45416259765625,332
12596,REXO1,85.99266052246094,24.192026138305664,411
12597,REXO2,125.07363891601562,24.426010131835938,464
12598,REXO4,113.08238983154297,31.130950927734375,400
12599,REXO5,114.48356628417969,15.860956192016602,448
12600,RFC1,92.40553283691406,23.007808685302734,423
12601,RFC2,116.0554428100586,19.110652923583984,462
12602,RFC3,115.94465637207031,20.52880096435547,462
12603,RFC4,115.61396789550781,19.172704696655273,462
12604,RFC5,115.93089294433594,19.357131958007812,462
12605,RFESD,124.1428451538086,22.511384963989258,470
12606,RFFL,98.8919677734375,20.81609535217285,404
12607,RFK,122.2952880859375,23.6917781829834,465
12608,RFLNA,93.6360092163086,42.145301818847656,343
12609,RFLNB,97.082763671875,34.41568374633789,338
12610,RFNG,140.87013244628906,-0.12284108996391296,239
12611,RFPL1,39.01442337036133,17.123516082763672,53
12612,RFPL2,38.94529724121094,16.739276885986328,53
12613,RFPL3,39.303504943847656,16.995519638061523,53
12614,RFPL4A,38.93887710571289,17.041566848754883,53
12615,RFPL4AL1,39.051841735839844,17.091754913330078,53
12616,RFPL4B,39.13038635253906,17.016504287719727,53
12617,RFT1,98.4403305053711,-31.461578369140625,171
12618,RFTN1,101.10316467285156,16.483386993408203,381
12619,RFTN2,100.87152099609375,15.572307586669922,381
12620,RFWD3,90.535888671875,22.730449676513672,415
12621,RFX1,74.37809753417969,28.14579963684082,281
12622,RFX2,74.64045715332031,29.103328704833984,274
12623,RFX3,74.31398010253906,29.963825225830078,274
12624,RFX4,71.8092041015625,36.52433776855469,268
12625,RFX5,85.39054870605469,31.108034133911133,349
12626,RFX6,71.94818115234375,36.91212463378906,268
12627,RFX7,76.34575653076172,24.187881469726562,281
12628,RFX8,104.0860824584961,11.829422950744629,326
12629,RFXANK,137.67724609375,53.16879653930664,90
12630,RFXAP,100.56451416015625,28.08761978149414,429
12631,RGCC,98.7816162109375,31.283267974853516,346
12632,RGL1,93.12055969238281,8.539419174194336,380
12633,RGL2,97.34803771972656,8.793463706970215,413
12634,RGL3,97.57308197021484,10.065200805664062,437
12635,RGL4,99.3970947265625,11.785419464111328,431
12636,RGMA,133.49705505371094,-9.70150375366211,224
12637,RGMB,133.20750427246094,-10.888212203979492,224
12638,RGP1,115.52597045898438,16.554922103881836,448
12639,RGPD1,92.54470825195312,0.8654511570930481,265
12640,RGPD2,92.48546600341797,0.7030194401741028,265
12641,RGPD3,92.55882263183594,0.5441404581069946,265
12642,RGPD4,92.79774475097656,0.48414164781570435,265
12643,RGPD5,92.45288848876953,0.7643252611160278,265
12644,RGPD6,92.95577239990234,1.5693367719650269,265
12645,RGPD8,92.63542175292969,0.8636322617530823,265
12646,RGR,5.582460403442383,-24.104625701904297,17
12647,RGS1,116.67098999023438,39.16209411621094,185
12648,RGS10,116.97129821777344,39.306610107421875,185
12649,RGS11,98.96682739257812,11.856417655944824,431
12650,RGS12,91.34135437011719,11.953886985778809,376
12651,RGS13,116.67704772949219,39.24441909790039,185
12652,RGS14,97.68655395507812,9.78883171081543,437
12653,RGS16,116.69293212890625,39.58442687988281,185
12654,RGS17,116.09976196289062,38.59375,185
12655,RGS18,116.98136901855469,38.880165100097656,185
12656,RGS19,116.70330047607422,38.81882095336914,185
12657,RGS2,116.47512817382812,39.07585525512695,185
12658,RGS20,114.1318359375,36.36943435668945,180
12659,RGS21,116.556884765625,38.86155319213867,185
12660,RGS22,87.83428955078125,9.942578315734863,370
12661,RGS3,93.75553894042969,11.498050689697266,397
12662,RGS4,116.76548767089844,39.351383209228516,185
12663,RGS6,96.35090637207031,11.652015686035156,435
12664,RGS7,96.78231811523438,12.629449844360352,438
12665,RGS7BP,95.19593811035156,35.411582946777344,338
12666,RGS8,116.57329559326172,39.6395263671875,185
12667,RGS9,95.24964141845703,10.522628784179688,435
12668,RGS9BP,101.56737518310547,33.64662551879883,332
12669,RGSL1,91.94090270996094,12.772112846374512,356
12670,RHAG,63.685302734375,-22.860340118408203,55
12671,RHBDD1,99.68693542480469,-23.210891723632812,149
12672,RHBDD2,95.36572265625,-27.66046142578125,159
12673,RHBDD3,99.32781219482422,-26.10578727722168,161
12674,RHBDF1,108.0103759765625,-28.9334774017334,132
12675,RHBDF2,107.57318115234375,-29.466278076171875,132
12676,RHBDL1,97.76439666748047,-31.832170486450195,171
12677,RHBDL2,95.5954818725586,-31.89741325378418,166
12678,RHBDL3,99.45272827148438,-31.55071258544922,171
12679,RHBG,63.816226959228516,-22.85232925415039,55
12680,RHCE,63.76445007324219,-22.884746551513672,55
12681,RHCG,63.82905960083008,-22.904644012451172,55
12682,RHD,63.856353759765625,-22.95290184020996,55
12683,RHEB,75.67230224609375,-70.73645782470703,95
12684,RHEBL1,77.5454330444336,-68.8670883178711,84
12685,RHEX,95.18253326416016,63.23810577392578,250
12686,RHNO1,91.38346862792969,33.23329162597656,336
12687,RHO,6.149438858032227,-23.873764038085938,17
12688,RHOA,74.8095703125,-70.13231658935547,95
12689,RHOB,75.67127990722656,-70.57662963867188,96
12690,RHOBTB1,100.94302368164062,17.042024612426758,381
12691,RHOBTB2,101.86961364746094,17.262914657592773,381
12692,RHOBTB3,107.02836608886719,19.264286041259766,395
12693,RHOC,75.56219482421875,-70.69216918945312,95
12694,RHOD,75.96015167236328,-70.46617126464844,96
12695,RHOF,75.78911590576172,-70.44309997558594,96
12696,RHOG,75.14299774169922,-71.25511169433594,95
12697,RHOH,76.71063232421875,-69.76415252685547,84
12698,RHOJ,75.9812240600586,-70.43891143798828,96
12699,RHOQ,75.78915405273438,-70.56880187988281,96
12700,RHOT1,113.15545654296875,9.920440673828125,389
12701,RHOT2,116.51566314697266,9.417369842529297,214
12702,RHOU,76.43267822265625,-69.88139343261719,84
12703,RHOV,76.46981048583984,-69.97310638427734,84
12704,RHPN1,98.25325775146484,8.661195755004883,413
12705,RHPN2,97.08027648925781,8.432297706604004,413
12706,RIBC2,76.09846496582031,9.439764022827148,215
12707,RIC1,105.76561737060547,-0.1181696280837059,313
12708,RIC3,107.41886138916016,-10.790575981140137,107
12709,RIC8A,109.06401062011719,7.521207809448242,306
12710,RIC8B,107.15023803710938,5.942639350891113,310
12711,RICTOR,94.03931427001953,1.1921159029006958,265
12712,RIDA,135.71755981445312,19.22754669189453,387
12713,RIIAD1,114.93528747558594,29.507429122924805,388
12714,RILP,99.19728088378906,33.90187072753906,346
12715,RILPL1,80.74101257324219,7.186927795410156,227
12716,RILPL2,99.08795166015625,33.53469467163086,346
12717,RIMBP2,86.03631591796875,10.225051879882812,369
12718,RIMBP3,82.31934356689453,13.497057914733887,307
12719,RIMBP3B,82.38165283203125,13.658276557922363,307
12720,RIMBP3C,82.5240478515625,14.065378189086914,307
12721,RIMKLA,126.01776885986328,19.116849899291992,468
12722,RIMKLB,127.50263214111328,18.81060028076172,451
12723,RIMS1,88.13563537597656,7.606591701507568,370
12724,RIMS2,88.57261657714844,7.403703689575195,370
12725,RIMS3,98.29829406738281,8.688934326171875,413
12726,RIMS4,97.66932678222656,9.71501636505127,413
12727,RIN1,98.18016815185547,12.50739860534668,431
12728,RIN2,93.81777954101562,10.132949829101562,392
12729,RIN3,94.16129302978516,10.893912315368652,392
12730,RING1,94.77591705322266,23.22647476196289,421
12731,RINL,99.6611328125,22.901897430419922,403
12732,RINT1,103.54783630371094,4.0947585105896,309
12733,RIOK1,113.64986419677734,31.48273277282715,400
12734,RIOK2,112.82121276855469,30.06757926940918,400
12735,RIOK3,107.81525421142578,23.034881591796875,406
12736,RIOX1,119.06355285644531,21.085721969604492,446
12737,RIOX2,121.76228332519531,16.965700149536133,459
12738,RIPK1,127.39828491210938,73.23545837402344,68
12739,RIPK2,127.56355285644531,73.89395141601562,68
12740,RIPK3,128.76829528808594,74.73601531982422,68
12741,RIPK4,138.00599670410156,53.30907440185547,90
12742,RIPOR1,89.91024780273438,15.044245719909668,334
12743,RIPOR2,90.44888305664062,12.236469268798828,376
12744,RIPOR3,93.68470764160156,11.313666343688965,397
12745,RIPPLY2,99.57716369628906,37.236122131347656,341
12746,RIPPLY3,97.83425903320312,37.90337371826172,341
12747,RIT1,76.01677703857422,-70.34538269042969,96
12748,RIT2,76.93827819824219,-69.5329818725586,84
12749,RITA1,91.92048645019531,38.2643928527832,331
12750,RLBP1,105.75138854980469,14.036600112915039,352
12751,RLF,69.88007354736328,24.163681030273438,278
12752,RLN1,153.33883666992188,-19.19367218017578,133
12753,RLN2,153.45455932617188,-19.284255981445312,133
12754,RLN3,152.786376953125,-18.71624183654785,133
12755,RMC1,108.42645263671875,4.594555854797363,310
12756,RMDN1,129.3445587158203,27.442138671875,330
12757,RMDN2,110.3453140258789,4.232008934020996,293
12758,RMDN3,105.98197937011719,8.80128288269043,297
12759,RMI1,91.0858154296875,22.65286636352539,415
12760,RMI2,104.83130645751953,30.627431869506836,382
12761,RMND1,127.96498107910156,24.29823875427246,329
12762,RMND5A,108.0047607421875,25.139713287353516,322
12763,RMND5B,110.17212677001953,24.689990997314453,359
12764,RNASE1,149.98587036132812,-14.342108726501465,134
12765,RNASE10,148.38552856445312,-13.887531280517578,134
12766,RNASE11,148.82159423828125,-14.569443702697754,134
12767,RNASE12,149.61114501953125,-14.338692665100098,134
12768,RNASE13,149.6475830078125,-14.482275009155273,134
12769,RNASE2,149.8345489501953,-14.288302421569824,134
12770,RNASE3,149.80960083007812,-14.395824432373047,134
12771,RNASE4,149.8339385986328,-14.338577270507812,134
12772,RNASE6,150.00006103515625,-14.409794807434082,134
12773,RNASE7,149.58621215820312,-14.416250228881836,134
12774,RNASE8,149.88592529296875,-14.515726089477539,134
12775,RNASE9,149.70684814453125,-14.24755859375,134
12776,RNASEH1,121.65896606445312,25.441408157348633,465
12777,RNASEH2A,117.13882446289062,22.151702880859375,446
12778,RNASEH2B,108.7990951538086,23.29796600341797,406
12779,RNASEH2C,112.57383728027344,28.13980484008789,388
12780,RNASEK,90.88092041015625,-26.620075225830078,158
12781,RNASEL,113.67616271972656,2.7483725547790527,293
12782,RNASET2,133.840576171875,0.10441049933433533,252
12783,RND1,76.91720581054688,-69.52485656738281,84
12784,RND2,76.83134460449219,-69.45867919921875,84
12785,RND3,76.64934539794922,-69.78623962402344,84
12786,RNF10,98.57547760009766,24.22907829284668,439
12787,RNF103,126.47659301757812,0.35100874304771423,233
12788,RNF11,101.81114196777344,23.277910232543945,432
12789,RNF111,78.35470581054688,27.38926887512207,281
12790,RNF112,124.8311996459961,-4.435061931610107,234
12791,RNF113B,97.03712463378906,35.94269943237305,338
12792,RNF114,101.18730163574219,25.171642303466797,443
12793,RNF115,102.7004623413086,25.19669532775879,433
12794,RNF121,99.29244995117188,-24.602909088134766,161
12795,RNF122,101.78419494628906,48.73246765136719,263
12796,RNF123,103.19388580322266,2.239494562149048,309
12797,RNF125,100.44834899902344,24.616003036499023,443
12798,RNF126,102.52117919921875,25.5745906829834,433
12799,RNF13,125.25665283203125,-2.020242929458618,234
12800,RNF130,125.23231506347656,-5.104873180389404,234
12801,RNF133,122.96260833740234,0.972866952419281,157
12802,RNF135,39.7744026184082,17.015819549560547,53
12803,RNF138,101.3626708984375,24.60784149169922,443
12804,RNF139,96.62593841552734,-27.792299270629883,161
12805,RNF14,102.46208953857422,22.79911994934082,432
12806,RNF141,111.06082153320312,21.804645538330078,358
12807,RNF144A,99.3698959350586,25.3432674407959,439
12808,RNF144B,100.91569519042969,25.110158920288086,443
12809,RNF145,99.60855102539062,-29.016115188598633,156
12810,RNF146,99.95270538330078,21.766855239868164,403
12811,RNF148,124.2579574584961,0.7658472657203674,200
12812,RNF149,125.6094970703125,-4.203334331512451,234
12813,RNF150,121.05168151855469,-12.01468563079834,182
12814,RNF151,42.06446075439453,16.95270347595215,53
12815,RNF152,100.82556915283203,43.33217239379883,294
12816,RNF157,94.26184844970703,15.174670219421387,385
12817,RNF165,77.49244689941406,28.270151138305664,281
12818,RNF166,101.00470733642578,25.130855560302734,443
12819,RNF167,126.38141632080078,-2.4106369018554688,234
12820,RNF168,93.830078125,23.89645767211914,421
12821,RNF169,91.54975128173828,26.334442138671875,384
12822,RNF17,107.95896911621094,13.774581909179688,351
12823,RNF170,99.17179870605469,-20.327396392822266,149
12824,RNF175,99.3193130493164,-25.038280487060547,161
12825,RNF180,100.55105590820312,19.613264083862305,402
12826,RNF181,112.88273620605469,30.019729614257812,400
12827,RNF182,100.64299011230469,43.55340576171875,294
12828,RNF183,100.59324645996094,44.01091766357422,294
12829,RNF185,103.189453125,26.120960235595703,433
12830,RNF186,101.11072540283203,43.816368103027344,294
12831,RNF187,99.61027526855469,34.05689239501953,346
12832,RNF19A,106.0380630493164,-15.584465026855469,107
12833,RNF19B,106.14276885986328,-16.515268325805664,107
12834,RNF2,100.38142395019531,23.842992782592773,444
12835,RNF20,79.599365234375,3.2454240322113037,210
12836,RNF207,41.63337326049805,16.975610733032227,53
12837,RNF208,100.4715805053711,38.35222244262695,292
12838,RNF212,94.98465728759766,33.908935546875,335
12839,RNF212B,101.4173812866211,24.936542510986328,443
12840,RNF214,91.13105773925781,20.6569766998291,422
12841,RNF215,122.57261657714844,12.642645835876465,296
12842,RNF216,96.91400146484375,18.50510597229004,407
12843,RNF217,104.37690734863281,24.915807723999023,433
12844,RNF220,97.01778411865234,23.092573165893555,360
12845,RNF222,100.8211898803711,43.163612365722656,294
12846,RNF223,100.33964538574219,42.343692779541016,294
12847,RNF224,100.60536193847656,42.153114318847656,294
12848,RNF225,99.59198760986328,41.25395202636719,294
12849,RNF227,99.53934478759766,32.30828094482422,346
12850,RNF24,101.41427612304688,48.47402572631836,263
12851,RNF25,116.52046203613281,19.61098861694336,462
12852,RNF26,99.01480102539062,-25.780303955078125,161
12853,RNF31,115.8614273071289,9.592890739440918,389
12854,RNF32,97.34486389160156,27.53473472595215,436
12855,RNF34,98.15158081054688,22.17220687866211,360
12856,RNF38,77.67196655273438,28.479406356811523,281
12857,RNF39,41.537384033203125,17.142192840576172,53
12858,RNF4,98.2210464477539,21.95142364501953,360
12859,RNF40,79.60491943359375,3.8493733406066895,210
12860,RNF41,105.79170989990234,21.91451644897461,406
12861,RNF43,100.35163879394531,60.43089294433594,242
12862,RNF44,77.20246124267578,28.284164428710938,281
12863,RNF5,103.30638885498047,29.364856719970703,429
12864,RNF6,97.28556823730469,22.023216247558594,360
12865,RNF7,121.96463012695312,35.77461624145508,315
12866,RNF8,101.9549560546875,23.81742286682129,443
12867,RNFT1,98.29763793945312,-26.935123443603516,161
12868,RNFT2,98.48031616210938,-24.836036682128906,161
12869,RNGTT,104.13516235351562,12.803024291992188,352
12870,RNH1,154.7913818359375,46.59133529663086,104
12871,RNLS,118.73896789550781,18.639310836791992,460
12872,RNMT,113.81316375732422,23.96725845336914,362
12873,RNPC3,98.23841094970703,22.57545280456543,360
12874,RNPEP,128.70489501953125,5.460684776306152,205
12875,RNPEPL1,126.9162826538086,6.22424840927124,205
12876,RNPS1,67.91268920898438,16.873117446899414,120
12877,RO60,114.61376953125,22.70805549621582,362
12878,ROBO1,121.48909759521484,-17.693405151367188,220
12879,ROBO2,121.60195922851562,-17.30860137939453,220
12880,ROBO3,123.05447387695312,-15.217913627624512,219
12881,ROBO4,101.08494567871094,63.695735931396484,269
12882,ROCK1,79.62991333007812,1.8365525007247925,193
12883,ROCK2,80.61758422851562,2.038081169128418,193
12884,ROGDI,108.32843017578125,24.539182662963867,322
12885,ROM1,86.69109344482422,-26.643028259277344,121
12886,ROMO1,136.9545440673828,40.060523986816406,271
12887,ROPN1,112.60211944580078,25.935535430908203,377
12888,ROPN1B,111.58692932128906,25.653732299804688,359
12889,ROPN1L,110.48545837402344,26.37540054321289,323
12890,ROR1,137.06405639648438,67.30583953857422,43
12891,ROR2,137.1361541748047,67.43112182617188,43
12892,RORA,57.33686065673828,38.59193801879883,86
12893,RORB,57.24468994140625,38.738563537597656,86
12894,RORC,56.94528579711914,38.80692672729492,86
12895,ROS1,125.06385803222656,-19.15374755859375,202
12896,RP1,82.19890594482422,20.152158737182617,318
12897,RP1L1,86.49436950683594,30.14255142211914,350
12898,RP9,73.29171752929688,17.751766204833984,120
12899,RPA1,117.0700912475586,19.245222091674805,461
12900,RPA2,116.58820343017578,22.901992797851562,363
12901,RPA3,120.58447265625,34.230560302734375,316
12902,RPAIN,112.17388153076172,29.848804473876953,400
12903,RPAP1,108.20369720458984,4.678170204162598,310
12904,RPAP3,108.5667495727539,17.03893280029297,375
12905,RPE,127.55755615234375,21.66687774658203,327
12906,RPE65,127.46776580810547,5.568561553955078,205
12907,RPEL1,125.4042739868164,21.92816925048828,468
12908,RPF1,116.05328369140625,31.06031036376953,348
12909,RPF2,116.33667755126953,32.41529083251953,195
12910,RPGRIP1,83.34624481201172,8.758790969848633,226
12911,RPGRIP1L,82.60223388671875,8.970277786254883,226
12912,RPH3A,93.0434799194336,11.611128807067871,397
12913,RPH3AL,94.28787231445312,13.384479522705078,396
12914,RPIA,129.2520751953125,21.409940719604492,327
12915,RPL10A,177.9922637939453,25.344745635986328,30
12916,RPL10L,177.33050537109375,25.423080444335938,30
12917,RPL11,177.98129272460938,25.33819580078125,30
12918,RPL12,177.88099670410156,25.356586456298828,30
12919,RPL13,178.08900451660156,25.274126052856445,30
12920,RPL13A,177.95547485351562,25.35306739807129,30
12921,RPL14,177.9585418701172,25.260025024414062,30
12922,RPL15,178.0459747314453,25.275012969970703,30
12923,RPL17,178.443115234375,25.651437759399414,30
12924,RPL18,178.09652709960938,25.31311798095703,30
12925,RPL18A,178.365234375,25.072717666625977,30
12926,RPL19,178.07937622070312,25.282392501831055,30
12927,RPL21,178.0613555908203,25.297365188598633,30
12928,RPL22,177.47772216796875,25.61395263671875,30
12929,RPL22L1,121.92634582519531,36.00090789794922,315
12930,RPL23,177.9218292236328,25.467369079589844,30
12931,RPL23A,177.9141387939453,25.350276947021484,30
12932,RPL24,178.02578735351562,25.24156379699707,30
12933,RPL26,178.30628967285156,25.634605407714844,30
12934,RPL26L1,176.97796630859375,25.856616973876953,30
12935,RPL27,178.05764770507812,25.306241989135742,30
12936,RPL27A,177.97329711914062,25.326818466186523,30
12937,RPL28,178.09646606445312,25.26934814453125,30
12938,RPL29,177.98194885253906,25.270187377929688,30
12939,RPL3,177.84396362304688,25.422012329101562,30
12940,RPL30,177.90626525878906,25.39352035522461,30
12941,RPL31,177.853271484375,25.40436553955078,30
12942,RPL32,178.00454711914062,25.28050422668457,30
12943,RPL34,178.0079345703125,25.27877426147461,30
12944,RPL35,178.13986206054688,25.39706039428711,30
12945,RPL35A,178.00209045410156,25.302160263061523,30
12946,RPL36,178.055419921875,25.3398494720459,30
12947,RPL36AL,177.9278564453125,25.327959060668945,30
12948,RPL37,177.94595336914062,25.29777717590332,30
12949,RPL37A,177.86923217773438,25.19305419921875,30
12950,RPL38,177.77175903320312,25.41845703125,30
12951,RPL39L,118.88748931884766,38.2127799987793,186
12952,RPL3L,135.77691650390625,24.859750747680664,387
12953,RPL4,178.02752685546875,25.27789878845215,30
12954,RPL41,177.92237854003906,25.29108428955078,30
12955,RPL5,177.6976318359375,25.00581932067871,30
12956,RPL6,177.9890594482422,25.293739318847656,30
12957,RPL7,177.9564208984375,25.337383270263672,30
12958,RPL7A,177.99700927734375,25.293779373168945,30
12959,RPL7L1,115.31399536132812,32.803550720214844,195
12960,RPL8,178.229736328125,25.01010513305664,30
12961,RPL9,177.7516326904297,25.596088409423828,30
12962,RPLP0,177.68667602539062,25.246198654174805,30
12963,RPLP1,177.40457153320312,25.204256057739258,30
12964,RPLP2,177.79190063476562,25.199392318725586,30
12965,RPN1,127.31607055664062,-3.0901525020599365,234
12966,RPN2,126.93233489990234,-3.338071346282959,234
12967,RPP14,119.40804290771484,23.94586181640625,372
12968,RPP21,107.43809509277344,32.89077377319336,425
12969,RPP25,109.42528533935547,30.65944480895996,419
12970,RPP25L,121.8393783569336,28.804073333740234,347
12971,RPP30,118.46424865722656,24.98409652709961,372
12972,RPP38,112.3552017211914,31.863513946533203,401
12973,RPP40,117.85173034667969,20.08506965637207,441
12974,RPRD1A,107.76060485839844,27.740798950195312,430
12975,RPRD1B,107.99114227294922,28.140718460083008,430
12976,RPRD2,78.2193832397461,22.551557540893555,281
12977,RPRM,99.95893859863281,52.57810592651367,263
12978,RPRML,100.79353332519531,51.72869110107422,263
12979,RPS10,177.9730987548828,25.29638671875,30
12980,RPS11,178.04562377929688,25.30596923828125,30
12981,RPS12,177.76434326171875,25.254291534423828,30
12982,RPS13,178.12628173828125,25.39271354675293,30
12983,RPS14,177.68234252929688,24.944190979003906,30
12984,RPS15,178.19830322265625,25.398056030273438,30
12985,RPS15A,177.95089721679688,25.3933048248291,30
12986,RPS16,178.03225708007812,25.3243465423584,30
12987,RPS17,177.93634033203125,25.347862243652344,30
12988,RPS18,178.08840942382812,25.373180389404297,30
12989,RPS19,178.25025939941406,24.975379943847656,30
12990,RPS19BP1,113.2330322265625,34.70754623413086,401
12991,RPS2,177.77357482910156,25.258922576904297,30
12992,RPS20,177.94891357421875,25.402822494506836,30
12993,RPS21,177.6283416748047,25.491405487060547,30
12994,RPS23,178.012451171875,25.31306266784668,30
12995,RPS24,178.1285400390625,25.21695327758789,30
12996,RPS25,177.68594360351562,25.625457763671875,30
12997,RPS26,177.9022979736328,25.317487716674805,30
12998,RPS27,177.32232666015625,24.985368728637695,30
12999,RPS27A,177.97511291503906,25.330900192260742,30
13000,RPS27L,121.95427703857422,36.30831527709961,315
13001,RPS28,177.94976806640625,25.358699798583984,30
13002,RPS29,177.97329711914062,25.261245727539062,30
13003,RPS3,177.82827758789062,25.24581527709961,30
13004,RPS3A,177.9450225830078,25.32086944580078,30
13005,RPS5,177.7693634033203,25.25603485107422,30
13006,RPS6,178.0939483642578,25.62002944946289,30
13007,RPS6KA1,129.5904083251953,75.53895568847656,68
13008,RPS6KA2,129.72523498535156,75.05247497558594,68
13009,RPS6KA4,129.06553649902344,75.72103118896484,68
13010,RPS6KB1,129.28285217285156,75.3108901977539,68
13011,RPS6KB2,128.24288940429688,76.4101333618164,68
13012,RPS6KC1,88.59872436523438,14.660167694091797,334
13013,RPS6KL1,95.2269287109375,19.105995178222656,399
13014,RPS7,177.77223205566406,25.618770599365234,30
13015,RPS8,178.051025390625,25.328277587890625,30
13016,RPS9,178.1029510498047,25.360488891601562,30
13017,RPSA,177.74996948242188,25.26729393005371,30
13018,RPTN,86.70927429199219,42.282222747802734,305
13019,RPTOR,96.80340576171875,5.20458459854126,368
13020,RPUSD1,123.52405548095703,23.048189163208008,464
13021,RPUSD2,120.17554473876953,23.337387084960938,465
13022,RPUSD3,123.78998565673828,24.25476837158203,464
13023,RPUSD4,124.0846939086914,24.271461486816406,464
13024,RRAD,78.04051971435547,-68.25813293457031,84
13025,RRAGA,76.59672546386719,-69.67438507080078,84
13026,RRAGC,111.85090637207031,23.42930030822754,359
13027,RRAGD,112.65380096435547,22.614517211914062,362
13028,RRAS,76.2713851928711,-70.15213775634766,96
13029,RRAS2,76.584228515625,-69.82154083251953,84
13030,RRBP1,75.06495666503906,3.9685864448547363,232
13031,RREB1,63.033748626708984,28.54928207397461,176
13032,RRH,5.987624645233154,-23.734121322631836,17
13033,RRM1,119.56587219238281,18.411014556884766,460
13034,RRM2,118.56083679199219,20.544902801513672,446
13035,RRM2B,107.55020141601562,17.339689254760742,375
13036,RRN3,106.33822631835938,7.126190662384033,299
13037,RRP1,116.5186996459961,30.7764835357666,348
13038,RRP12,106.64990234375,5.738131999969482,299
13039,RRP15,113.94916534423828,32.23018264770508,401
13040,RRP1B,112.65058898925781,30.453636169433594,400
13041,RRP36,110.44116973876953,32.945247650146484,391
13042,RRP7A,117.87409973144531,29.177186965942383,348
13043,RRP8,113.7837905883789,27.9874210357666,388
13044,RRP9,123.95843505859375,49.64147186279297,66
13045,RRS1,114.28646087646484,32.65475845336914,401
13046,RSAD1,121.68099975585938,16.960710525512695,459
13047,RSAD2,122.23358154296875,17.758853912353516,416
13048,RSBN1,95.12100982666016,25.946735382080078,354
13049,RSBN1L,91.64283752441406,23.890316009521484,415
13050,RSC1A1,87.67312622070312,35.10167694091797,286
13051,RSF1,84.51608276367188,20.914470672607422,318
13052,RSKR,128.95379638671875,76.04878234863281,68
13053,RSL1D1,113.17050170898438,32.30826950073242,401
13054,RSL24D1,119.76681518554688,35.574398040771484,315
13055,RSPH1,109.95462036132812,10.187054634094238,386
13056,RSPH10B,107.66991424560547,9.130631446838379,297
13057,RSPH10B2,108.4923095703125,9.665733337402344,306
13058,RSPH14,105.63809204101562,3.546957015991211,312
13059,RSPH3,80.03500366210938,11.807012557983398,198
13060,RSPH4A,84.2078857421875,11.13011360168457,198
13061,RSPH6A,85.57206726074219,13.937532424926758,365
13062,RSPH9,108.45301818847656,22.80219078063965,406
13063,RSPO1,138.74258422851562,-18.66585922241211,244
13064,RSPO2,138.90280151367188,-18.819042205810547,244
13065,RSPO3,138.66650390625,-18.748374938964844,244
13066,RSPO4,137.49212646484375,-18.752685546875,236
13067,RSPRY1,107.33540344238281,17.917755126953125,375
13068,RSRC1,69.42093658447266,17.38836669921875,120
13069,RSRC2,69.48623657226562,17.696502685546875,120
13070,RSRP1,67.1194076538086,16.972930908203125,120
13071,RSU1,154.27169799804688,46.507877349853516,104
13072,RTBDN,142.07984924316406,-15.795364379882812,249
13073,RTCA,124.47876739501953,16.97991180419922,420
13074,RTCB,133.31930541992188,19.12354278564453,458
13075,RTEL1,114.07233428955078,11.723294258117676,389
13076,RTF1,103.25466918945312,29.87706756591797,382
13077,RTF2,106.32964324951172,28.28003692626953,430
13078,RTKN,97.48980712890625,10.748710632324219,437
13079,RTKN2,95.77040100097656,15.060831069946289,385
13080,RTL1,90.86465454101562,29.613975524902344,321
13081,RTL10,94.15498352050781,37.34188461303711,342
13082,RTL6,99.66620635986328,28.893043518066406,439
13083,RTN1,86.00932312011719,20.57008934020996,418
13084,RTN2,92.72160339355469,22.06644058227539,423
13085,RTN3,84.1556396484375,21.460609436035156,418
13086,RTN4,84.28456115722656,20.586660385131836,318
13087,RTN4IP1,127.45924377441406,20.463294982910156,467
13088,RTN4R,157.3445587158203,44.57881546020508,92
13089,RTN4RL1,158.03628540039062,44.338077545166016,92
13090,RTN4RL2,157.2473602294922,45.03722381591797,92
13091,RTP1,99.47246551513672,-16.764551162719727,148
13092,RTP2,99.53814697265625,-16.896896362304688,148
13093,RTP3,99.47206115722656,-16.751590728759766,148
13094,RTP4,99.46166229248047,-16.372112274169922,148
13095,RTP5,89.03001403808594,38.354652404785156,331
13096,RTRAF,111.49077606201172,28.055124282836914,377
13097,RTTN,100.04881286621094,-3.6716463565826416,291
13098,RUBCN,97.42478942871094,16.567607879638672,407
13099,RUBCNL,98.29349517822266,20.110567092895508,404
13100,RUFY1,80.68560791015625,4.241849899291992,211
13101,RUFY2,80.31570434570312,3.6523337364196777,210
13102,RUFY3,81.4332275390625,4.329592227935791,211
13103,RUFY4,93.39389038085938,18.814029693603516,398
13104,RUNDC1,100.3946762084961,28.71786117553711,429
13105,RUNDC3A,92.86158752441406,11.814909934997559,397
13106,RUNDC3B,92.49063110351562,10.963594436645508,379
13107,RUNX1,72.13917541503906,36.83898162841797,268
13108,RUNX1T1,78.81669616699219,29.080413818359375,281
13109,RUNX2,72.23599243164062,36.757083892822266,268
13110,RUNX3,72.00567626953125,37.816650390625,268
13111,RUSC1,91.79100036621094,20.32528305053711,422
13112,RUSC2,89.0748519897461,20.488340377807617,414
13113,RUVBL1,116.79954528808594,18.915733337402344,461
13114,RUVBL2,117.28394317626953,18.130199432373047,461
13115,RWDD1,109.05548858642578,32.870323181152344,425
13116,RWDD2A,119.17713165283203,20.654033660888672,446
13117,RWDD2B,119.60475158691406,21.18509292602539,446
13118,RWDD3,118.36927795410156,25.66819190979004,372
13119,RWDD4,109.5027084350586,27.886917114257812,323
13120,RXFP1,127.5156021118164,-25.89540672302246,190
13121,RXFP2,127.51748657226562,-26.07917594909668,190
13122,RXFP3,5.511597633361816,-24.870555877685547,17
13123,RXFP4,4.764298439025879,-25.010881423950195,17
13124,RXRA,57.415218353271484,39.342010498046875,86
13125,RXRB,99.40576171875,24.762479782104492,439
13126,RXRG,57.413421630859375,38.948570251464844,86
13127,RXYLT1,140.24075317382812,0.3993023931980133,239
13128,RYBP,89.83718872070312,28.846599578857422,350
13129,RYK,135.7699737548828,68.58734893798828,42
13130,S100A1,99.27552795410156,-95.40530395507812,28
13131,S100A10,99.62296295166016,-95.75338745117188,28
13132,S100A11,99.64860534667969,-95.78614807128906,28
13133,S100A12,99.65284729003906,-95.79096221923828,28
13134,S100A13,99.57689666748047,-95.70465850830078,28
13135,S100A14,99.86931610107422,-95.99948120117188,28
13136,S100A16,99.6584701538086,-95.79642486572266,28
13137,S100A2,99.60943603515625,-95.75077056884766,28
13138,S100A3,99.59387969970703,-95.726318359375,28
13139,S100A4,99.64156341552734,-95.7747573852539,28
13140,S100A5,99.5709228515625,-95.70509338378906,28
13141,S100A6,99.62786865234375,-95.7713623046875,28
13142,S100A7,99.58997344970703,-95.73107147216797,28
13143,S100A7A,99.60855102539062,-95.74310302734375,28
13144,S100A8,99.63375854492188,-95.77734375,28
13145,S100A9,99.66287231445312,-95.80645751953125,28
13146,S100B,99.5053482055664,-95.61492156982422,28
13147,S100P,99.73091888427734,-95.8780746459961,28
13148,S100PBP,90.3349609375,23.58881378173828,415
13149,S100Z,99.21891021728516,-95.3237075805664,28
13150,S1PR1,4.3745317459106445,-23.589786529541016,17
13151,S1PR2,5.195634365081787,-24.062175750732422,17
13152,S1PR3,4.700006008148193,-23.532697677612305,17
13153,S1PR4,4.925791263580322,-24.674545288085938,17
13154,S1PR5,4.617311000823975,-24.940956115722656,17
13155,SAA1,140.4834442138672,-11.65377140045166,246
13156,SAA2,140.3092498779297,-11.4727783203125,246
13157,SAA4,140.531494140625,-11.71048641204834,246
13158,SAAL1,106.9046859741211,3.749735116958618,310
13159,SAC3D1,104.05537414550781,31.967172622680664,382
13160,SACM1L,108.1861801147461,11.349621772766113,357
13161,SAE1,117.15591430664062,19.4666690826416,441
13162,SAFB,72.26236724853516,18.307849884033203,120
13163,SAFB2,71.97220611572266,18.4493465423584,120
13164,SAG,113.59457397460938,16.749805450439453,448
13165,SALL1,62.60388946533203,28.87518882751465,176
13166,SALL2,62.02333450317383,29.421600341796875,176
13167,SALL3,62.77402877807617,28.978731155395508,176
13168,SALL4,62.729156494140625,28.60924530029297,176
13169,SAMD1,90.79878997802734,33.28114318847656,336
13170,SAMD10,103.18065643310547,25.29461097717285,433
13171,SAMD11,71.51422119140625,44.784576416015625,254
13172,SAMD12,105.07450103759766,24.355737686157227,406
13173,SAMD13,107.07050323486328,23.920066833496094,406
13174,SAMD14,94.27082061767578,26.597135543823242,354
13175,SAMD15,88.06561279296875,38.85232162475586,302
13176,SAMD3,100.05706024169922,20.079788208007812,402
13177,SAMD4A,82.21086120605469,26.12168312072754,281
13178,SAMD4B,90.07449340820312,17.071861267089844,378
13179,SAMD5,102.99989318847656,22.275035858154297,432
13180,SAMD7,73.5147476196289,42.109596252441406,254
13181,SAMD8,96.5371322631836,-32.42833709716797,172
13182,SAMD9,115.29480743408203,4.413593769073486,213
13183,SAMD9L,115.14122009277344,3.9090185165405273,213
13184,SAMHD1,122.77093505859375,11.407450675964355,296
13185,SAMM50,128.81964111328125,23.3554630279541,327
13186,SAMSN1,92.65499877929688,17.776840209960938,422
13187,SAP130,73.84144592285156,28.225116729736328,281
13188,SAP18,119.22236633300781,33.335201263427734,316
13189,SAP25,93.75772094726562,40.27655029296875,339
13190,SAP30,101.00898742675781,27.52535629272461,429
13191,SAP30BP,105.77156066894531,31.590482711791992,426
13192,SAP30L,101.29410552978516,27.361377716064453,429
13193,SAPCD1,96.55123901367188,43.36546325683594,300
13194,SAPCD2,91.96984100341797,30.43132972717285,321
13195,SAR1A,76.57950592041016,-69.73140716552734,84
13196,SAR1B,76.72946166992188,-69.5556411743164,84
13197,SARAF,120.56340026855469,1.975641131401062,157
13198,SARDH,132.52700805664062,15.220600128173828,440
13199,SARM1,100.96014404296875,10.822392463684082,326
13200,SARNP,106.25228881835938,28.324073791503906,430
13201,SARS2,122.246337890625,15.689250946044922,455
13202,SART1,105.6014633178711,30.246973037719727,382
13203,SART3,110.50419616699219,1.9107155799865723,293
13204,SASH1,89.31202697753906,13.62431526184082,356
13205,SASS6,78.76921081542969,6.500518321990967,227
13206,SAT2,128.78692626953125,20.225255966186523,450
13207,SATB1,73.97174835205078,31.79328155517578,274
13208,SATB2,73.83900451660156,31.708892822265625,274
13209,SAV1,97.5758056640625,22.829273223876953,360
13210,SAXO1,86.76145935058594,42.94635772705078,305
13211,SAXO2,87.07889556884766,42.764488220214844,305
13212,SAYSD1,102.4594955444336,39.340389251708984,295
13213,SBDS,114.52870178222656,27.36154556274414,388
13214,SBF1,98.26429748535156,-4.3588337898254395,291
13215,SBF2,95.100830078125,-1.8921364545822144,290
13216,SBK1,127.49810028076172,76.53936767578125,68
13217,SBK2,127.97879028320312,75.94435119628906,68
13218,SBK3,107.86292266845703,23.72229766845703,406
13219,SBNO1,101.092529296875,13.479394912719727,408
13220,SBNO2,112.75982666015625,9.842889785766602,389
13221,SBSN,86.79351043701172,42.598453521728516,305
13222,SBSPON,137.60488891601562,-16.778549194335938,230
13223,SC5D,93.6314697265625,-34.87708282470703,164
13224,SCAF1,77.62220764160156,22.686134338378906,281
13225,SCAF11,76.06037902832031,19.376203536987305,120
13226,SCAF4,74.44164276123047,23.347843170166016,279
13227,SCAF8,74.39764404296875,22.313095092773438,279
13228,SCAI,103.42530822753906,5.998987197875977,297
13229,SCAMP1,94.50448608398438,-26.56448745727539,155
13230,SCAMP2,95.10035705566406,-26.421630859375,155
13231,SCAMP3,94.67318725585938,-26.401460647583008,155
13232,SCAMP4,93.99176025390625,-28.207338333129883,159
13233,SCAMP5,94.51841735839844,-28.552242279052734,159
13234,SCAND1,31.548809051513672,-37.051513671875,27
13235,SCAP,112.39457702636719,-29.868167877197266,128
13236,SCAPER,85.70840454101562,14.64217758178711,365
13237,SCARA3,154.73033142089844,-10.868856430053711,100
13238,SCARA5,154.0829620361328,-10.660351753234863,100
13239,SCARB1,125.18142700195312,-7.131457328796387,197
13240,SCARB2,125.87124633789062,-5.4511871337890625,234
13241,SCARF1,132.54507446289062,-20.505634307861328,236
13242,SCARF2,132.55587768554688,-20.484657287597656,236
13243,SCCPDH,134.87001037597656,12.409120559692383,282
13244,SCD,93.34156799316406,-35.23622131347656,164
13245,SCD5,93.26285552978516,-35.10472106933594,164
13246,SCEL,89.86932373046875,18.49727439880371,378
13247,SCFD1,112.25030517578125,11.445679664611816,386
13248,SCFD2,111.70879364013672,12.141379356384277,386
13249,SCG2,153.82958984375,-19.684513092041016,133
13250,SCG3,151.95794677734375,-19.13553237915039,133
13251,SCG5,153.9120635986328,-19.609939575195312,133
13252,SCGB1A1,108.27140045166016,54.38245391845703,112
13253,SCGB1C1,107.83380126953125,53.93145751953125,112
13254,SCGB1C2,108.1479263305664,54.16347885131836,112
13255,SCGB1D1,108.49717712402344,54.31847381591797,112
13256,SCGB1D2,108.3991928100586,54.416839599609375,112
13257,SCGB1D4,108.88754272460938,54.45502471923828,112
13258,SCGB2A1,108.33729553222656,54.27782440185547,112
13259,SCGB2A2,107.89187622070312,54.15266418457031,112
13260,SCGB2B2,109.52576446533203,55.05461120605469,112
13261,SCGB3A1,107.8281478881836,54.111351013183594,112
13262,SCGB3A2,108.04222106933594,54.24824523925781,112
13263,SCGN,53.64278793334961,-3.404583692550659,97
13264,SCHIP1,90.94275665283203,23.877941131591797,415
13265,SCIMP,95.07666015625,64.36642456054688,250
13266,SCIN,103.58574676513672,9.173087120056152,297
13267,SCLT1,74.09321594238281,2.9806127548217773,232
13268,SCLY,130.7528533935547,19.625686645507812,449
13269,SCMH1,95.90234375,19.300941467285156,399
13270,SCML4,98.68622589111328,17.32924461364746,407
13271,SCN10A,115.84455871582031,-29.279691696166992,115
13272,SCN11A,115.69090270996094,-29.374080657958984,115
13273,SCN1A,116.02043914794922,-29.27373504638672,115
13274,SCN1B,99.22718048095703,62.92203903198242,273
13275,SCN2A,115.80787658691406,-29.369173049926758,115
13276,SCN2B,99.37489318847656,62.83723831176758,273
13277,SCN3A,116.03618621826172,-29.655929565429688,115
13278,SCN3B,99.6993179321289,61.2202033996582,273
13279,SCN4A,116.3388442993164,-28.94049644470215,115
13280,SCN4B,99.36003875732422,62.98688507080078,273
13281,SCN5A,115.98883056640625,-29.47699546813965,115
13282,SCN7A,115.86540985107422,-29.448759078979492,115
13283,SCN8A,115.95032501220703,-29.538166046142578,115
13284,SCN9A,116.08323669433594,-29.174049377441406,115
13285,SCNM1,105.93734741210938,31.109838485717773,426
13286,SCNN1A,124.37635803222656,-8.371376037597656,197
13287,SCNN1B,124.31060791015625,-8.448046684265137,197
13288,SCNN1D,124.43997192382812,-6.990673542022705,197
13289,SCNN1G,124.15666198730469,-8.452961921691895,197
13290,SCO1,129.69158935546875,29.312393188476562,330
13291,SCO2,129.1474151611328,29.627574920654297,330
13292,SCOC,109.0664291381836,31.416179656982422,424
13293,SCP2,137.5557098388672,19.758169174194336,387
13294,SCP2D1,120.97622680664062,25.49791145324707,465
13295,SCPEP1,132.9390106201172,0.20515702664852142,252
13296,SCRG1,110.52025604248047,54.301551818847656,112
13297,SCRIB,99.48243713378906,6.708967208862305,413
13298,SCRN1,122.35986328125,15.450532913208008,455
13299,SCRN2,127.8811264038086,16.044342041015625,314
13300,SCRN3,124.96847534179688,15.227445602416992,314
13301,SCRT1,63.168296813964844,35.365745544433594,178
13302,SCRT2,62.7570686340332,34.96086502075195,178
13303,SCT,153.98565673828125,-19.39695930480957,133
13304,SCTR,110.81416320800781,-31.99405288696289,126
13305,SCUBE1,133.51815795898438,-20.300994873046875,236
13306,SCUBE2,134.28781127929688,-19.6649227142334,236
13307,SCUBE3,133.1733856201172,-20.095928192138672,236
13308,SCX,78.23878479003906,43.061553955078125,266
13309,SCYGR1,-13.918609619140625,-21.77027702331543,12
13310,SCYGR2,-13.91857624053955,-21.77088165283203,12
13311,SCYGR3,-13.91811752319336,-21.775754928588867,12
13312,SCYGR4,-13.92465877532959,-21.77959632873535,12
13313,SCYGR5,-13.91925048828125,-21.7742977142334,12
13314,SCYGR6,-13.926724433898926,-21.77246856689453,12
13315,SCYGR7,-13.889104843139648,-21.82560920715332,12
13316,SCYGR8,-13.93710994720459,-21.780855178833008,12
13317,SCYL1,98.2979965209961,15.235419273376465,410
13318,SCYL2,94.63337707519531,16.17815589904785,333
13319,SCYL3,102.46755981445312,9.690010070800781,326
13320,SDAD1,113.29209899902344,31.53693389892578,400
13321,SDC1,93.70417785644531,55.4942741394043,147
13322,SDC2,97.09954071044922,55.93345260620117,262
13323,SDC3,92.51407623291016,55.62018585205078,147
13324,SDC4,96.8631591796875,55.78321838378906,262
13325,SDCBP,101.75902557373047,16.270423889160156,381
13326,SDCBP2,100.87921142578125,15.911497116088867,381
13327,SDCCAG8,74.83661651611328,3.5583105087280273,232
13328,SDE2,102.47314453125,29.19786262512207,429
13329,SDF2,132.23095703125,-4.426088809967041,235
13330,SDF2L1,131.21995544433594,-4.287582874298096,234
13331,SDF4,128.49974060058594,-4.564993858337402,234
13332,SDHA,137.73489379882812,19.883081436157227,387
13333,SDHAF1,121.70490264892578,31.30375099182129,347
13334,SDHAF2,130.56028747558594,33.029296875,328
13335,SDHAF3,129.6146240234375,37.6467170715332,283
13336,SDHAF4,129.7071990966797,31.235870361328125,330
13337,SDHB,133.943359375,30.40778350830078,183
13338,SDHC,132.29281616210938,31.294328689575195,183
13339,SDHD,132.88922119140625,31.518098831176758,183
13340,SDK1,121.90898895263672,-18.339019775390625,220
13341,SDK2,121.86836242675781,-18.015483856201172,220
13342,SDR16C5,135.25692749023438,11.694217681884766,282
13343,SDR39U1,128.13951110839844,20.730600357055664,327
13344,SDR42E1,134.51673889160156,8.646025657653809,169
13345,SDR42E2,131.70513916015625,13.448509216308594,289
13346,SDR9C7,135.24539184570312,12.128352165222168,282
13347,SDS,133.06536865234375,18.627239227294922,458
13348,SDSL,131.3077392578125,18.57392120361328,457
13349,SEBOX,70.88670349121094,46.245391845703125,261
13350,SEC11A,121.11015319824219,28.272903442382812,373
13351,SEC11C,121.11927032470703,27.5352840423584,373
13352,SEC13,124.81669616699219,51.7081413269043,66
13353,SEC14L1,99.34909057617188,11.976526260375977,431
13354,SEC14L2,102.00481414794922,10.724205017089844,326
13355,SEC14L3,102.78892517089844,10.825251579284668,326
13356,SEC14L4,102.62470245361328,10.85134506225586,326
13357,SEC14L5,100.51084899902344,12.03050422668457,431
13358,SEC14L6,102.32659912109375,11.124573707580566,326
13359,SEC16A,78.5472412109375,25.423830032348633,281
13360,SEC16B,78.30345153808594,25.369653701782227,281
13361,SEC22A,99.27743530273438,-29.21209716796875,156
13362,SEC22B,113.91398620605469,35.495140075683594,401
13363,SEC22C,98.37380981445312,-28.521141052246094,161
13364,SEC23A,109.81781768798828,9.100788116455078,306
13365,SEC23B,109.11512756347656,8.459928512573242,306
13366,SEC23IP,77.67585754394531,26.402299880981445,281
13367,SEC24A,77.80059814453125,26.247920989990234,281
13368,SEC24B,77.87944030761719,26.419017791748047,281
13369,SEC24C,76.69880676269531,26.8876953125,281
13370,SEC24D,77.86854553222656,26.554929733276367,281
13371,SEC31A,79.33699798583984,23.885948181152344,281
13372,SEC31B,121.67451477050781,47.75147247314453,66
13373,SEC61A1,102.4825210571289,-32.9956169128418,162
13374,SEC61A2,102.25101470947266,-35.294105529785156,162
13375,SEC61B,118.25836181640625,39.31574249267578,186
13376,SEC61G,91.2051773071289,-24.397926330566406,158
13377,SEC62,110.25435638427734,30.814130783081055,419
13378,SEC63,111.0453109741211,28.628273010253906,419
13379,SECISBP2,86.74693298339844,23.23752212524414,411
13380,SECISBP2L,82.04780578613281,24.387226104736328,281
13381,SECTM1,96.39771270751953,67.42048645019531,259
13382,SEH1L,123.59541320800781,50.4232063293457,66
13383,SEL1L,114.71904754638672,0.6240047812461853,293
13384,SEL1L2,112.5505142211914,-0.6199846267700195,293
13385,SEL1L3,111.94184112548828,0.4712795615196228,293
13386,SELE,107.40302276611328,71.25662994384766,70
13387,SELENBP1,132.54835510253906,10.634156227111816,282
13388,SELENOF,128.22007751464844,-1.533094882965088,234
13389,SELENOH,122.05834197998047,31.539142608642578,347
13390,SELENOI,97.60486602783203,-32.49591827392578,171
13391,SELENOK,109.45281219482422,41.01332092285156,181
13392,SELENOM,127.9306869506836,-2.218461036682129,234
13393,SELENON,133.27816772460938,-0.9185287356376648,252
13394,SELENOO,126.983154296875,8.854162216186523,196
13395,SELENOP,138.68310546875,-11.585935592651367,246
13396,SELENOS,107.55844116210938,33.61963653564453,425
13397,SELENOT,94.90563201904297,-26.25027084350586,155
13398,SELENOV,87.88326263427734,38.46271896362305,302
13399,SELENOW,122.5784683227539,32.19411087036133,316
13400,SELL,70.58058166503906,-43.9055290222168,56
13401,SELP,107.80742645263672,71.68165588378906,70
13402,SELPLG,91.71173858642578,54.85280990600586,147
13403,SEM1,108.01153564453125,34.50481414794922,425
13404,SEMA3A,128.85939025878906,-13.735893249511719,223
13405,SEMA3B,128.26185607910156,-12.240388870239258,223
13406,SEMA3C,129.5885009765625,-13.379115104675293,223
13407,SEMA3D,130.6515655517578,-13.814825057983398,223
13408,SEMA3E,129.74957275390625,-13.539548873901367,223
13409,SEMA3F,128.13296508789062,-12.901718139648438,223
13410,SEMA3G,127.79722595214844,-12.450417518615723,223
13411,SEMA4A,128.75006103515625,-12.374381065368652,223
13412,SEMA4B,127.94190216064453,-12.386321067810059,223
13413,SEMA4C,128.17852783203125,-12.500055313110352,223
13414,SEMA4D,128.0899200439453,-12.08995246887207,223
13415,SEMA4F,127.82303619384766,-12.14876651763916,223
13416,SEMA4G,128.21414184570312,-12.563543319702148,223
13417,SEMA5A,131.0399169921875,-18.356796264648438,236
13418,SEMA5B,130.8571014404297,-18.219594955444336,236
13419,SEMA6A,125.5875244140625,-13.986650466918945,217
13420,SEMA6B,128.93447875976562,-12.973204612731934,223
13421,SEMA6C,128.031982421875,-12.791028022766113,223
13422,SEMA6D,124.85840606689453,-13.618388175964355,217
13423,SEMA7A,128.2166748046875,-12.452664375305176,223
13424,SEMG1,86.98953247070312,42.27912902832031,305
13425,SEMG2,86.9472427368164,42.380672454833984,305
13426,SENP1,91.88726806640625,21.35469627380371,422
13427,SENP2,94.47615051269531,20.310325622558594,398
13428,SENP3,93.1038818359375,22.570350646972656,423
13429,SENP5,88.59068298339844,21.230281829833984,417
13430,SENP6,91.74576568603516,20.64394760131836,422
13431,SENP7,88.5337905883789,21.343517303466797,417
13432,SENP8,119.27491760253906,20.70055389404297,446
13433,SEPHS1,132.34800720214844,19.00860023498535,458
13434,SEPHS2,132.97677612304688,19.238977432250977,458
13435,SEPSECS,130.8981475830078,14.841450691223145,453
13436,SEPTIN1,77.58663177490234,-63.01640319824219,41
13437,SEPTIN10,77.73035430908203,-62.308067321777344,41
13438,SEPTIN11,77.67115783691406,-62.468711853027344,41
13439,SEPTIN12,77.59234619140625,-63.04573059082031,41
13440,SEPTIN14,77.6155014038086,-62.670166015625,41
13441,SEPTIN2,78.03743743896484,-62.061798095703125,41
13442,SEPTIN3,77.60115814208984,-62.73105239868164,41
13443,SEPTIN4,77.64729309082031,-62.86201477050781,41
13444,SEPTIN5,77.53994750976562,-62.930965423583984,41
13445,SEPTIN7,77.71569061279297,-62.31822204589844,41
13446,SEPTIN8,77.65447998046875,-62.27430725097656,41
13447,SEPTIN9,77.51705932617188,-62.497501373291016,41
13448,SERAC1,115.26786804199219,14.98320484161377,448
13449,SERBP1,70.32982635498047,22.523439407348633,278
13450,SERF1A,95.71109008789062,45.53484344482422,301
13451,SERF1B,95.74431610107422,45.52358627319336,301
13452,SERF2,118.48435974121094,39.203697204589844,186
13453,SERGEF,121.41373443603516,15.56108283996582,459
13454,SERHL2,128.589599609375,17.01030921936035,457
13455,SERINC1,94.48027038574219,-28.779441833496094,159
13456,SERINC2,94.77928161621094,-29.93206214904785,159
13457,SERINC3,94.61885070800781,-29.459136962890625,159
13458,SERINC4,97.24700927734375,-32.09014129638672,171
13459,SERINC5,95.41809844970703,-30.189128875732422,167
13460,SERP1,118.14225769042969,39.53560256958008,186
13461,SERP2,115.78184509277344,40.98373031616211,187
13462,SERPINA1,140.7288818359375,-63.74949264526367,71
13463,SERPINA10,140.69454956054688,-63.71318435668945,71
13464,SERPINA11,140.72735595703125,-63.76482009887695,71
13465,SERPINA12,140.85397338867188,-63.979339599609375,71
13466,SERPINA3,140.70152282714844,-63.72624969482422,71
13467,SERPINA4,140.7075653076172,-63.723876953125,71
13468,SERPINA5,140.7390899658203,-63.759620666503906,71
13469,SERPINA6,140.73927307128906,-63.771820068359375,71
13470,SERPINA9,141.10128784179688,-64.23751068115234,71
13471,SERPINB1,141.20672607421875,-64.6253662109375,72
13472,SERPINB10,141.21348571777344,-64.6205062866211,72
13473,SERPINB11,141.26763916015625,-64.65523529052734,72
13474,SERPINB12,141.18875122070312,-64.57545471191406,72
13475,SERPINB13,141.20233154296875,-64.63077545166016,72
13476,SERPINB2,141.23141479492188,-64.6484146118164,72
13477,SERPINB3,141.20303344726562,-64.62928009033203,72
13478,SERPINB4,141.24688720703125,-64.67393493652344,72
13479,SERPINB5,141.5861358642578,-65.01301574707031,72
13480,SERPINB6,141.22207641601562,-64.64441680908203,72
13481,SERPINB7,141.5157470703125,-64.9444808959961,72
13482,SERPINB8,141.2686004638672,-64.68461608886719,72
13483,SERPINB9,141.21945190429688,-64.59716033935547,72
13484,SERPINC1,140.6826934814453,-63.671051025390625,71
13485,SERPIND1,140.66387939453125,-63.680908203125,71
13486,SERPINE1,140.67971801757812,-63.6478271484375,71
13487,SERPINE2,140.69033813476562,-63.72016143798828,71
13488,SERPINE3,140.73228454589844,-63.74657440185547,71
13489,SERPINF1,140.69886779785156,-63.70207977294922,71
13490,SERPINF2,141.0006866455078,-63.97249221801758,71
13491,SERPING1,140.66775512695312,-63.615234375,71
13492,SERPINH1,140.7056884765625,-63.65925598144531,71
13493,SERPINI1,140.71327209472656,-63.74321746826172,71
13494,SERPINI2,140.72023010253906,-63.74994659423828,71
13495,SERTAD1,86.19319152832031,35.93283462524414,287
13496,SERTAD2,82.56409454345703,34.731815338134766,168
13497,SERTAD3,86.1537094116211,36.72456359863281,287
13498,SERTAD4,79.5033187866211,38.66898727416992,264
13499,SERTM1,101.00548553466797,50.39277648925781,263
13500,SESN1,106.22249603271484,12.810842514038086,352
13501,SESN2,105.92340087890625,12.729086875915527,352
13502,SESN3,105.73860168457031,12.772727966308594,352
13503,SESTD1,104.92495727539062,13.167437553405762,352
13504,SET,107.76726531982422,37.876312255859375,284
13505,SETBP1,77.19178771972656,22.141101837158203,281
13506,SETD1A,78.11217498779297,22.528278350830078,281
13507,SETD1B,78.08334350585938,22.782695770263672,281
13508,SETD2,78.31857299804688,18.93560791015625,280
13509,SETD3,116.38374328613281,16.191259384155273,452
13510,SETD4,115.13310241699219,17.849939346313477,463
13511,SETD5,77.17485046386719,22.70218849182129,281
13512,SETD6,115.53755950927734,17.548839569091797,452
13513,SETD7,111.61686706542969,13.363590240478516,448
13514,SETD9,121.25509643554688,20.553760528564453,470
13515,SETDB1,93.59130096435547,21.523460388183594,423
13516,SETDB2,94.6708755493164,19.479082107543945,398
13517,SETMAR,94.07681274414062,30.01945686340332,321
13518,SETSIP,107.81118774414062,37.351417541503906,284
13519,SETX,84.40723419189453,19.645523071289062,318
13520,SEZ6,127.67893981933594,-14.997071266174316,217
13521,SEZ6L,125.60977172851562,-14.70506763458252,217
13522,SEZ6L2,127.46145629882812,-14.593097686767578,217
13523,SF1,73.28794860839844,23.169368743896484,279
13524,SF3A1,76.3785400390625,21.356287002563477,281
13525,SF3A2,73.59870910644531,22.675453186035156,279
13526,SF3A3,112.281494140625,27.183029174804688,377
13527,SF3B1,105.44586181640625,9.032154083251953,297
13528,SF3B2,78.74409484863281,21.736143112182617,281
13529,SF3B3,110.45714569091797,5.261285781860352,293
13530,SF3B4,73.07784271240234,23.335525512695312,279
13531,SF3B5,121.13043212890625,35.167510986328125,315
13532,SF3B6,119.4713134765625,35.012142181396484,316
13533,SFI1,81.69242095947266,7.001338481903076,227
13534,SFMBT1,96.17103576660156,19.74642562866211,399
13535,SFMBT2,95.84162902832031,19.681346893310547,399
13536,SFN,123.25659942626953,37.06903839111328,184
13537,SFPQ,70.23087310791016,23.169572830200195,278
13538,SFR1,92.71041107177734,25.128461837768555,421
13539,SFRP1,139.0821990966797,-15.031938552856445,230
13540,SFRP2,139.25729370117188,-14.842996597290039,230
13541,SFRP4,139.84182739257812,-15.683145523071289,230
13542,SFRP5,138.75436401367188,-13.865428924560547,246
13543,SFSWAP,73.53423309326172,19.582731246948242,120
13544,SFT2D1,91.33078002929688,-27.597797393798828,158
13545,SFT2D2,91.82686614990234,-27.792455673217773,158
13546,SFT2D3,97.52982330322266,-26.571073532104492,161
13547,SFTA2,106.19790649414062,52.88618087768555,112
13548,SFTPA1,156.8501434326172,-10.979880332946777,100
13549,SFTPA2,156.69482421875,-10.958961486816406,100
13550,SFTPB,138.7184295654297,-8.402091026306152,228
13551,SFTPC,123.25486755371094,-0.8570849895477295,157
13552,SFTPD,160.52288818359375,-11.820931434631348,99
13553,SFXN1,112.88432312011719,-59.730316162109375,48
13554,SFXN2,112.90579986572266,-59.77324676513672,48
13555,SFXN3,112.90538024902344,-59.82417297363281,48
13556,SFXN4,112.75153350830078,-59.52287292480469,48
13557,SFXN5,112.70619201660156,-59.34563446044922,48
13558,SGCA,100.57273864746094,62.02617263793945,273
13559,SGCB,122.09458923339844,-10.063648223876953,182
13560,SGCD,122.79498291015625,-10.391847610473633,182
13561,SGCE,101.411376953125,62.57267761230469,273
13562,SGCG,122.27057647705078,-10.016411781311035,182
13563,SGCZ,121.91813659667969,-11.280576705932617,182
13564,SGF29,104.30001831054688,27.962186813354492,429
13565,SGIP1,83.45531463623047,17.062576293945312,318
13566,SGK1,128.89598083496094,75.73097229003906,68
13567,SGK2,129.24447631835938,75.70272827148438,68
13568,SGK3,129.53663635253906,75.39913940429688,68
13569,SGMS1,96.41828918457031,-33.488765716552734,172
13570,SGMS2,96.90433502197266,-32.85105514526367,172
13571,SGO1,89.6378173828125,24.939159393310547,412
13572,SGO2,87.69416809082031,24.526775360107422,411
13573,SGPL1,132.62347412109375,14.394556045532227,440
13574,SGPP1,98.00244140625,-30.538198471069336,171
13575,SGPP2,96.674560546875,-31.34229850769043,171
13576,SGSH,133.71878051757812,0.026653120294213295,252
13577,SGSM1,95.48168182373047,7.151599884033203,320
13578,SGSM2,97.54975128173828,8.77828598022461,413
13579,SGSM3,102.72689056396484,7.7959818840026855,297
13580,SGTA,106.25956726074219,22.474010467529297,406
13581,SGTB,105.9775161743164,21.627540588378906,406
13582,SH2B1,96.9957275390625,19.155885696411133,407
13583,SH2B2,97.38653564453125,21.948516845703125,360
13584,SH2B3,96.64997100830078,15.252937316894531,385
13585,SH2D1B,98.50345611572266,15.080114364624023,410
13586,SH2D2A,97.33912658691406,16.884464263916016,407
13587,SH2D3A,96.61591339111328,14.936454772949219,385
13588,SH2D3C,94.41561889648438,12.794599533081055,396
13589,SH2D4A,91.95934295654297,15.792832374572754,394
13590,SH2D4B,80.19625854492188,7.893843173980713,227
13591,SH2D5,97.69068908691406,16.447248458862305,407
13592,SH2D6,96.29571533203125,17.186443328857422,407
13593,SH2D7,96.43792724609375,17.99823570251465,407
13594,SH3BGR,116.97709655761719,28.62943458557129,348
13595,SH3BGRL2,117.99638366699219,29.506208419799805,348
13596,SH3BGRL3,121.04325866699219,35.04561996459961,315
13597,SH3BP1,92.37519073486328,8.126432418823242,380
13598,SH3BP2,87.30362701416016,16.900814056396484,367
13599,SH3BP4,100.21614074707031,8.562467575073242,413
13600,SH3BP5,91.19861602783203,8.124988555908203,380
13601,SH3BP5L,93.68304443359375,11.543383598327637,397
13602,SH3D19,88.0630111694336,16.12580108642578,367
13603,SH3D21,87.2614974975586,35.103179931640625,286
13604,SH3GL1,92.57176208496094,5.4388628005981445,374
13605,SH3GL2,92.3399429321289,5.316954135894775,374
13606,SH3GL3,92.0481185913086,5.487993240356445,374
13607,SH3GLB1,95.02033233642578,7.7975921630859375,320
13608,SH3GLB2,94.74916076660156,5.524967193603516,320
13609,SH3PXD2A,88.69204711914062,14.060263633728027,334
13610,SH3PXD2B,89.11909484863281,14.540725708007812,334
13611,SH3RF1,82.76461791992188,19.672080993652344,318
13612,SH3RF2,87.72488403320312,16.81998062133789,367
13613,SH3RF3,84.68717956542969,19.23432159423828,318
13614,SH3TC1,109.31024169921875,1.8977333307266235,293
13615,SH3YL1,107.18543243408203,19.95384979248047,395
13616,SHANK1,85.70990753173828,13.520354270935059,365
13617,SHANK2,86.58987426757812,10.77099609375,369
13618,SHANK3,86.41849517822266,12.82723617553711,369
13619,SHARPIN,101.00340270996094,36.7421989440918,341
13620,SHB,92.51925659179688,19.02876853942871,422
13621,SHBG,112.75038146972656,16.51406478881836,405
13622,SHC1,95.3712158203125,18.55556869506836,399
13623,SHC2,96.19927978515625,14.563937187194824,385
13624,SHC3,94.49171447753906,16.851499557495117,333
13625,SHC4,96.6176986694336,14.816659927368164,385
13626,SHCBP1,106.85137939453125,22.144493103027344,406
13627,SHCBP1L,108.2498550415039,20.58000373840332,395
13628,SHD,95.01346588134766,18.641098022460938,399
13629,SHE,95.6112289428711,19.44916534423828,399
13630,SHF,94.4632339477539,18.979013442993164,398
13631,SHFL,99.6419448852539,27.70311164855957,439
13632,SHH,137.7196044921875,-4.063810348510742,229
13633,SHISA2,98.59117126464844,53.1758918762207,262
13634,SHISA3,98.80239868164062,52.98977279663086,262
13635,SHISA4,96.6444320678711,51.69252014160156,262
13636,SHISA5,96.66123962402344,51.35737609863281,262
13637,SHISA6,120.03330993652344,-13.762389183044434,219
13638,SHISA7,94.23410034179688,35.73421859741211,338
13639,SHISA8,97.1815185546875,50.44060516357422,262
13640,SHISA9,119.72193908691406,-14.059210777282715,219
13641,SHISAL1,99.41180419921875,55.4482307434082,262
13642,SHISAL2A,99.79236602783203,53.72794723510742,263
13643,SHISAL2B,100.09677124023438,53.13154602050781,263
13644,SHKBP1,122.30372619628906,48.359413146972656,66
13645,SHLD1,95.79042053222656,38.391117095947266,340
13646,SHLD2,87.04017639160156,21.584205627441406,418
13647,SHLD3,94.50843048095703,36.90568542480469,342
13648,SHMT1,136.64419555664062,19.05170440673828,387
13649,SHMT2,136.92518615722656,19.07283592224121,387
13650,SHOC1,95.61186981201172,19.417577743530273,399
13651,SHOC2,155.0269012451172,46.72703170776367,104
13652,SHOX2,67.51647186279297,45.4582405090332,261
13653,SHPK,130.3861846923828,16.033485412597656,453
13654,SHPRH,89.21004486083984,16.7735595703125,367
13655,SHQ1,111.35472106933594,19.65633773803711,405
13656,SHROOM1,88.60095977783203,28.37550163269043,350
13657,SHROOM3,83.6329345703125,19.01934051513672,318
13658,SHTN1,82.47834777832031,8.993817329406738,226
13659,SI,130.76998901367188,1.1529979705810547,251
13660,SIAE,132.7369842529297,1.1418533325195312,252
13661,SIAH1,101.04910278320312,25.187400817871094,443
13662,SIAH2,100.56123352050781,25.173904418945312,443
13663,SIAH3,103.73947143554688,23.352725982666016,406
13664,SIDT1,102.11030578613281,-30.37645149230957,156
13665,SIDT2,103.32373046875,-30.527830123901367,156
13666,SIGIRR,102.68219757080078,65.26693725585938,270
13667,SIGLEC1,99.392333984375,68.78351593017578,255
13668,SIGLEC10,93.94043731689453,72.40943908691406,257
13669,SIGLEC11,93.96088409423828,72.4599838256836,257
13670,SIGLEC12,93.39996337890625,72.84561157226562,257
13671,SIGLEC14,93.51010131835938,72.58263397216797,257
13672,SIGLEC15,96.58670043945312,67.79744720458984,259
13673,SIGLEC6,93.50157928466797,72.63994598388672,257
13674,SIGLEC7,93.51253509521484,72.77330017089844,257
13675,SIGLEC8,93.57498931884766,72.62638854980469,257
13676,SIGLEC9,93.46626281738281,72.73591613769531,257
13677,SIGLECL1,99.18505859375,62.51005172729492,273
13678,SIGMAR1,129.88845825195312,13.010766983032227,289
13679,SIK1,126.96261596679688,76.23304748535156,68
13680,SIK2,77.84407043457031,26.304502487182617,281
13681,SIK3,76.48970031738281,25.735637664794922,281
13682,SIKE1,108.4769515991211,30.870492935180664,424
13683,SIL1,136.1911163330078,1.3974250555038452,240
13684,SIM1,72.0652847290039,37.1522102355957,268
13685,SIM2,72.37065887451172,37.7055778503418,268
13686,SIMC1,92.22506713867188,20.735050201416016,422
13687,SIN3A,75.1709976196289,25.849275588989258,281
13688,SIN3B,103.22943115234375,8.291485786437988,297
13689,SINHCAF,102.26571655273438,25.945873260498047,433
13690,SIPA1,95.50238037109375,12.217195510864258,435
13691,SIPA1L1,89.68121337890625,7.658865928649902,370
13692,SIPA1L2,89.40071105957031,8.230878829956055,370
13693,SIPA1L3,88.90016174316406,8.790185928344727,370
13694,SIRPA,95.13243103027344,70.15403747558594,259
13695,SIRPB1,94.74537658691406,71.00666809082031,258
13696,SIRPB2,95.17581939697266,69.51789855957031,259
13697,SIRPD,94.13670349121094,71.1041259765625,258
13698,SIRPG,94.9526138305664,70.79716491699219,258
13699,SIRT1,93.61058044433594,27.60399627685547,354
13700,SIRT2,117.36288452148438,14.541635513305664,319
13701,SIRT3,127.10003662109375,22.481000900268555,327
13702,SIRT4,126.74577331542969,22.356548309326172,327
13703,SIRT5,127.23396301269531,22.78125762939453,327
13704,SIRT6,122.81459045410156,18.892847061157227,416
13705,SIRT7,121.15711975097656,17.78274917602539,459
13706,SIT1,94.98686218261719,64.85951232910156,250
13707,SIVA1,113.62464904785156,28.760887145996094,388
13708,SIX1,71.34964752197266,41.36254119873047,254
13709,SIX2,70.87891387939453,40.61306381225586,254
13710,SIX3,70.55065155029297,42.75825500488281,254
13711,SIX4,75.52069854736328,30.240196228027344,274
13712,SIX5,74.88561248779297,32.22652053833008,277
13713,SIX6,72.54594421386719,41.10527801513672,254
13714,SKA1,94.81448364257812,24.910982131958008,354
13715,SKA2,107.32662963867188,29.804332733154297,419
13716,SKA3,90.07836151123047,25.388050079345703,412
13717,SKAP1,97.95317840576172,15.656005859375,410
13718,SKAP2,97.68228149414062,14.937914848327637,409
13719,SKI,88.27118682861328,27.789514541625977,350
13720,SKIDA1,71.0699691772461,40.580936431884766,254
13721,SKIL,86.53827667236328,25.91714096069336,411
13722,SKIV2L,113.65203857421875,10.436145782470703,389
13723,SKOR1,72.29866027832031,41.63804626464844,254
13724,SKOR2,70.71196746826172,41.49664306640625,254
13725,SKP1,121.50347900390625,35.7008056640625,315
13726,SKP2,152.7017822265625,44.92026901245117,101
13727,SLA,98.46656799316406,15.376840591430664,410
13728,SLA2,100.31912994384766,15.356855392456055,381
13729,SLAIN1,83.88360595703125,21.145919799804688,318
13730,SLAIN2,83.43711853027344,19.862350463867188,318
13731,SLAMF1,96.27310943603516,67.38265228271484,259
13732,SLAMF6,95.4317855834961,67.5794677734375,259
13733,SLAMF7,95.23026275634766,69.38957214355469,259
13734,SLAMF8,96.18264770507812,68.50430297851562,259
13735,SLAMF9,95.91871643066406,67.76728820800781,259
13736,SLBP,104.14826965332031,31.044673919677734,382
13737,SLC10A1,101.41372680664062,-38.58054733276367,154
13738,SLC10A2,101.16600799560547,-38.457359313964844,154
13739,SLC10A4,6.769222736358643,-23.648792266845703,17
13740,SLC10A5,98.49562072753906,-34.02836608886719,170
13741,SLC10A6,101.15184020996094,-37.045074462890625,162
13742,SLC10A7,98.5340805053711,-31.93863868713379,171
13743,SLC11A1,102.78837585449219,-37.72697067260742,154
13744,SLC11A2,103.00894165039062,-36.3973388671875,154
13745,SLC12A1,105.642578125,-38.78688430786133,138
13746,SLC12A2,104.72817993164062,-38.20673370361328,138
13747,SLC12A3,105.78921508789062,-39.2083625793457,138
13748,SLC12A4,105.51095581054688,-39.19075012207031,138
13749,SLC12A5,105.47163391113281,-39.303775787353516,138
13750,SLC12A6,105.62931823730469,-38.609169006347656,138
13751,SLC12A7,105.64350128173828,-39.14430236816406,138
13752,SLC12A8,105.39070892333984,-38.598236083984375,138
13753,SLC12A9,105.5263442993164,-39.19828796386719,138
13754,SLC13A1,102.34898376464844,-39.08038330078125,154
13755,SLC13A2,102.17854309082031,-39.0653076171875,154
13756,SLC13A3,101.91325378417969,-39.503658294677734,154
13757,SLC13A4,102.63323974609375,-38.90416717529297,154
13758,SLC13A5,101.95030212402344,-39.07685852050781,154
13759,SLC14A1,99.82391357421875,-37.02328872680664,153
13760,SLC14A2,101.21003723144531,-39.42296600341797,153
13761,SLC15A1,101.14179992675781,-39.84550857543945,153
13762,SLC15A2,101.07147979736328,-39.21332931518555,153
13763,SLC15A3,99.53675079345703,-39.21846008300781,153
13764,SLC15A4,99.99602508544922,-39.96363830566406,153
13765,SLC15A5,100.27667236328125,-35.97626495361328,162
13766,SLC16A1,100.02285766601562,-42.526878356933594,153
13767,SLC16A10,99.9598617553711,-40.59086227416992,153
13768,SLC16A11,99.09547424316406,-39.122928619384766,153
13769,SLC16A12,100.17536163330078,-41.654998779296875,153
13770,SLC16A13,99.3267822265625,-39.332881927490234,153
13771,SLC16A14,100.05523681640625,-41.22907257080078,153
13772,SLC16A3,99.51705169677734,-41.281211853027344,153
13773,SLC16A4,99.63442993164062,-42.067813873291016,153
13774,SLC16A5,99.30697631835938,-40.04838562011719,153
13775,SLC16A6,100.01175689697266,-41.420997619628906,153
13776,SLC16A7,100.17559814453125,-41.54596710205078,153
13777,SLC16A8,100.16119384765625,-40.938026428222656,153
13778,SLC16A9,99.76033020019531,-41.27204132080078,153
13779,SLC17A1,100.59021759033203,-41.23752212524414,153
13780,SLC17A2,100.56636810302734,-41.438140869140625,153
13781,SLC17A3,100.69866180419922,-41.72967529296875,153
13782,SLC17A4,100.485107421875,-40.74977493286133,153
13783,SLC17A5,100.85297393798828,-39.685523986816406,153
13784,SLC17A6,102.81737518310547,-40.50929641723633,152
13785,SLC17A7,101.88529968261719,-40.471580505371094,152
13786,SLC17A8,103.3952407836914,-40.99313735961914,152
13787,SLC17A9,99.85212707519531,-40.31692123413086,153
13788,SLC18A1,100.42728424072266,-40.32758331298828,153
13789,SLC18A2,100.80879211425781,-40.70825958251953,153
13790,SLC18A3,102.16118621826172,-40.236549377441406,152
13791,SLC18B1,100.35096740722656,-39.53922653198242,153
13792,SLC19A1,99.87348937988281,-38.28515625,153
13793,SLC19A2,100.01995849609375,-38.610652923583984,153
13794,SLC19A3,99.62483215332031,-39.75493240356445,153
13795,SLC1A1,107.53535461425781,-37.723304748535156,138
13796,SLC1A2,107.21123504638672,-37.89664840698242,138
13797,SLC1A3,107.03868865966797,-38.110809326171875,138
13798,SLC1A4,106.87983703613281,-38.38229751586914,138
13799,SLC1A5,106.64608001708984,-37.938697814941406,138
13800,SLC1A6,107.01782989501953,-37.72822952270508,138
13801,SLC1A7,107.16498565673828,-37.74786376953125,138
13802,SLC20A1,101.32858276367188,-39.32474899291992,153
13803,SLC20A2,102.23133087158203,-37.73347091674805,154
13804,SLC22A1,158.8787078857422,-15.414934158325195,91
13805,SLC22A10,159.03964233398438,-15.304672241210938,91
13806,SLC22A11,158.76498413085938,-15.446134567260742,91
13807,SLC22A12,158.98463439941406,-15.352421760559082,91
13808,SLC22A13,158.9193878173828,-15.237871170043945,91
13809,SLC22A14,158.78433227539062,-15.402902603149414,91
13810,SLC22A15,100.62730407714844,-40.68488693237305,153
13811,SLC22A16,158.4134521484375,-15.669485092163086,91
13812,SLC22A17,157.30764770507812,-15.999432563781738,91
13813,SLC22A18,99.4251708984375,-39.8145866394043,153
13814,SLC22A2,158.73049926757812,-15.511159896850586,91
13815,SLC22A23,100.44890594482422,-39.002052307128906,153
13816,SLC22A24,159.02554321289062,-15.333019256591797,91
13817,SLC22A25,158.98892211914062,-15.333328247070312,91
13818,SLC22A3,158.26788330078125,-15.906123161315918,91
13819,SLC22A31,157.61512756347656,-15.872076988220215,91
13820,SLC22A4,158.64114379882812,-15.543315887451172,91
13821,SLC22A5,158.42185974121094,-15.720982551574707,91
13822,SLC22A6,159.06146240234375,-15.566000938415527,91
13823,SLC22A7,159.0269317626953,-15.341557502746582,91
13824,SLC22A8,158.91647338867188,-15.454913139343262,91
13825,SLC22A9,159.48342895507812,-14.914527893066406,91
13826,SLC23A1,104.60460662841797,-38.87816619873047,138
13827,SLC23A2,103.96360778808594,-38.84752655029297,138
13828,SLC23A3,99.8782730102539,-35.76000213623047,162
13829,SLC24A1,88.83860778808594,43.920284271240234,303
13830,SLC24A2,109.08069610595703,-33.85418701171875,137
13831,SLC24A3,108.69029998779297,-33.815677642822266,137
13832,SLC24A4,107.16775512695312,-35.696434020996094,137
13833,SLC24A5,101.9691390991211,-38.327449798583984,154
13834,SLC25A1,113.39317321777344,-60.76161193847656,48
13835,SLC25A10,113.38697814941406,-60.68212890625,48
13836,SLC25A11,113.37371063232422,-60.751468658447266,48
13837,SLC25A12,113.28228759765625,-60.389305114746094,48
13838,SLC25A13,113.34969329833984,-60.47831726074219,48
13839,SLC25A15,113.53643798828125,-60.89356994628906,48
13840,SLC25A16,113.34783935546875,-60.675514221191406,48
13841,SLC25A17,113.37586975097656,-60.7270622253418,48
13842,SLC25A18,113.42076110839844,-60.78483581542969,48
13843,SLC25A19,113.44125366210938,-60.843536376953125,48
13844,SLC25A2,113.3961410522461,-60.86835861206055,48
13845,SLC25A20,113.42056274414062,-60.83256530761719,48
13846,SLC25A21,113.13446044921875,-60.4569206237793,48
13847,SLC25A22,113.40771484375,-60.833831787109375,48
13848,SLC25A23,113.72038269042969,-61.124305725097656,48
13849,SLC25A24,113.43598175048828,-60.816001892089844,48
13850,SLC25A25,113.42286682128906,-60.82194519042969,48
13851,SLC25A26,113.37212371826172,-60.69953536987305,48
13852,SLC25A27,113.38935089111328,-60.79280090332031,48
13853,SLC25A28,113.4321060180664,-60.8597297668457,48
13854,SLC25A29,113.02765655517578,-60.111907958984375,48
13855,SLC25A3,113.36189270019531,-60.614532470703125,48
13856,SLC25A30,113.53730773925781,-60.94589614868164,48
13857,SLC25A31,113.3207015991211,-60.86665344238281,48
13858,SLC25A32,113.37970733642578,-60.75501251220703,48
13859,SLC25A33,113.45465087890625,-60.87018585205078,48
13860,SLC25A34,113.42471313476562,-60.75006866455078,48
13861,SLC25A35,113.13803100585938,-60.407814025878906,48
13862,SLC25A36,113.39742279052734,-60.84083557128906,48
13863,SLC25A37,113.5580825805664,-61.00785827636719,48
13864,SLC25A38,113.40293884277344,-60.83822250366211,48
13865,SLC25A39,113.4085693359375,-60.790428161621094,48
13866,SLC25A4,113.36825561523438,-60.838199615478516,48
13867,SLC25A40,113.40536499023438,-60.866859436035156,48
13868,SLC25A41,113.4261703491211,-60.85650634765625,48
13869,SLC25A42,113.45134735107422,-60.87958526611328,48
13870,SLC25A44,113.43387603759766,-60.86628341674805,48
13871,SLC25A45,113.49652099609375,-60.68254470825195,48
13872,SLC25A46,113.14169311523438,-59.89508056640625,48
13873,SLC25A47,113.889404296875,-60.32533264160156,48
13874,SLC25A48,113.43944549560547,-60.76043701171875,48
13875,SLC25A51,113.40341186523438,-60.859649658203125,48
13876,SLC25A52,113.43814849853516,-60.89714431762695,48
13877,SLC26A1,105.12657928466797,-36.81788635253906,138
13878,SLC26A11,104.83794403076172,-38.26908493041992,138
13879,SLC26A2,105.63816833496094,-37.32176208496094,138
13880,SLC26A3,106.19441223144531,-37.437965393066406,138
13881,SLC26A4,106.02562713623047,-37.6694450378418,138
13882,SLC26A5,106.65837097167969,-36.65071105957031,138
13883,SLC26A6,105.74764251708984,-37.511474609375,138
13884,SLC26A7,105.84140014648438,-37.36897659301758,138
13885,SLC26A8,107.57916259765625,-35.73745346069336,137
13886,SLC26A9,106.1219482421875,-37.049102783203125,138
13887,SLC27A1,133.48365783691406,14.515117645263672,440
13888,SLC27A2,136.293212890625,13.728271484375,282
13889,SLC27A3,133.7490234375,11.603485107421875,282
13890,SLC27A4,133.95907592773438,13.281145095825195,282
13891,SLC27A5,132.748046875,12.253488540649414,282
13892,SLC27A6,135.94549560546875,14.381874084472656,440
13893,SLC28A1,105.13655853271484,-38.30938720703125,138
13894,SLC28A2,104.0101547241211,-38.74853515625,138
13895,SLC28A3,103.17546081542969,-37.625938415527344,154
13896,SLC29A1,99.6824722290039,-40.842369079589844,153
13897,SLC29A2,99.58332061767578,-40.80978012084961,153
13898,SLC29A3,99.68601989746094,-39.05512237548828,153
13899,SLC29A4,100.70909118652344,-39.5679817199707,153
13900,SLC2A1,99.82853698730469,-41.801979064941406,153
13901,SLC2A10,99.69764709472656,-38.59071350097656,153
13902,SLC2A11,99.91183471679688,-41.25136947631836,153
13903,SLC2A12,99.4493408203125,-38.936431884765625,153
13904,SLC2A13,100.41770935058594,-39.981990814208984,153
13905,SLC2A14,99.73648071289062,-41.79985427856445,153
13906,SLC2A2,99.76216125488281,-41.98757553100586,153
13907,SLC2A3,99.43743896484375,-42.18138122558594,153
13908,SLC2A4,99.30729675292969,-41.42095947265625,153
13909,SLC2A4RG,90.17790985107422,32.504150390625,321
13910,SLC2A5,99.40196228027344,-42.03624725341797,153
13911,SLC2A6,99.47592163085938,-40.76877212524414,153
13912,SLC2A7,99.6805191040039,-41.80571746826172,153
13913,SLC2A8,99.53752136230469,-39.52466583251953,153
13914,SLC2A9,99.47834014892578,-42.10929489135742,153
13915,SLC30A1,100.7450180053711,-34.101776123046875,162
13916,SLC30A10,100.94109344482422,-33.51337432861328,162
13917,SLC30A2,100.88790893554688,-34.85602569580078,162
13918,SLC30A3,101.01075744628906,-34.689422607421875,162
13919,SLC30A4,100.93296813964844,-34.5743293762207,162
13920,SLC30A5,101.09961700439453,-33.942779541015625,162
13921,SLC30A6,100.82218170166016,-31.566333770751953,156
13922,SLC30A7,100.76648712158203,-34.67513656616211,162
13923,SLC30A8,100.77946472167969,-34.58820724487305,162
13924,SLC30A9,130.20489501953125,28.652685165405273,330
13925,SLC31A1,98.789306640625,-33.078128814697266,170
13926,SLC31A2,97.41905212402344,-30.76818084716797,171
13927,SLC32A1,102.22651672363281,-38.80283737182617,154
13928,SLC33A1,99.13667297363281,-33.59716796875,170
13929,SLC34A1,102.71469116210938,-39.614707946777344,154
13930,SLC34A2,101.85690307617188,-37.28912353515625,154
13931,SLC34A3,102.52688598632812,-38.65086364746094,154
13932,SLC35A1,99.339111328125,-33.24461364746094,170
13933,SLC35A4,98.87127685546875,-32.51103973388672,170
13934,SLC35A5,98.98643493652344,-32.30769348144531,170
13935,SLC35B1,95.99002838134766,-30.267667770385742,167
13936,SLC35B2,99.11073303222656,-32.76527786254883,170
13937,SLC35B3,98.94745635986328,-33.55150604248047,170
13938,SLC35B4,98.30664825439453,-32.707916259765625,170
13939,SLC35C1,98.75149536132812,-32.865474700927734,170
13940,SLC35C2,98.20247650146484,-32.4311637878418,170
13941,SLC35D1,98.59028625488281,-33.26667022705078,170
13942,SLC35D2,99.03801727294922,-33.89778518676758,170
13943,SLC35D3,98.71400451660156,-34.3837890625,170
13944,SLC35E1,98.48473358154297,-33.1514892578125,170
13945,SLC35E2B,99.00753021240234,-33.98999786376953,170
13946,SLC35E4,98.76693725585938,-32.442867279052734,170
13947,SLC35F1,100.35198211669922,-34.67113494873047,162
13948,SLC35F2,99.9753646850586,-35.08885192871094,162
13949,SLC35F3,101.11505126953125,-35.63100051879883,162
13950,SLC35F4,103.00782775878906,-38.897743225097656,154
13951,SLC35F5,99.931640625,-34.86088943481445,162
13952,SLC35F6,99.3626480102539,-34.26671600341797,170
13953,SLC35G1,100.00706481933594,-34.365943908691406,162
13954,SLC35G2,98.39035034179688,-36.586387634277344,153
13955,SLC35G3,98.53218841552734,-37.37042999267578,153
13956,SLC35G4,98.53638458251953,-37.56023025512695,153
13957,SLC35G5,98.33970642089844,-37.41978073120117,153
13958,SLC35G6,98.43109130859375,-36.962257385253906,153
13959,SLC36A1,102.63543701171875,-38.42243957519531,154
13960,SLC36A2,102.38066864013672,-38.75611877441406,154
13961,SLC36A3,102.23268127441406,-37.83441925048828,154
13962,SLC36A4,102.66569519042969,-37.98903274536133,154
13963,SLC37A1,100.52296447753906,-40.566795349121094,153
13964,SLC37A2,100.54151916503906,-40.94959259033203,153
13965,SLC37A3,100.25300598144531,-40.038780212402344,153
13966,SLC37A4,99.81674194335938,-40.43895721435547,153
13967,SLC38A1,102.74390411376953,-38.37036895751953,154
13968,SLC38A10,87.27367401123047,32.10723114013672,317
13969,SLC38A11,102.84928131103516,-37.30340576171875,154
13970,SLC38A2,102.38951110839844,-38.46879577636719,154
13971,SLC38A3,102.08514404296875,-38.606483459472656,154
13972,SLC38A4,102.32205200195312,-37.99530792236328,154
13973,SLC38A6,101.67417907714844,-37.60914611816406,154
13974,SLC38A7,102.34518432617188,-39.39125442504883,154
13975,SLC38A8,102.74014282226562,-39.917381286621094,154
13976,SLC38A9,102.55157470703125,-37.922760009765625,154
13977,SLC39A1,100.5807113647461,-35.23712158203125,162
13978,SLC39A10,101.00677490234375,-35.46492004394531,162
13979,SLC39A11,100.05924987792969,-35.558937072753906,162
13980,SLC39A12,101.10863494873047,-35.04630661010742,162
13981,SLC39A13,100.9403076171875,-35.39003372192383,162
13982,SLC39A14,100.83206939697266,-36.39666748046875,162
13983,SLC39A2,100.66321563720703,-35.50193405151367,162
13984,SLC39A3,100.98873138427734,-35.382591247558594,162
13985,SLC39A4,101.20072174072266,-36.2617301940918,162
13986,SLC39A5,101.67576599121094,-35.678466796875,162
13987,SLC39A6,101.21005249023438,-35.384849548339844,162
13988,SLC39A7,100.87860107421875,-35.346073150634766,162
13989,SLC39A8,101.17576599121094,-35.17231750488281,162
13990,SLC39A9,100.71434783935547,-35.01029968261719,162
13991,SLC3A1,131.76998901367188,-0.6787618398666382,252
13992,SLC3A2,125.22393035888672,2.8558411598205566,200
13993,SLC40A1,100.16090393066406,-40.73225021362305,153
13994,SLC41A1,102.37739562988281,-37.8435173034668,154
13995,SLC41A2,102.41100311279297,-37.31653594970703,154
13996,SLC41A3,101.30482482910156,-36.60136795043945,162
13997,SLC43A1,99.70948791503906,-40.93743896484375,153
13998,SLC43A2,99.31062316894531,-40.38717269897461,153
13999,SLC43A3,99.35637664794922,-40.96432113647461,153
14000,SLC44A1,104.4571304321289,-30.298622131347656,156
14001,SLC44A2,106.58332061767578,-30.560388565063477,132
14002,SLC44A3,106.5715103149414,-30.23592758178711,132
14003,SLC44A4,106.84281158447266,-30.512325286865234,132
14004,SLC44A5,106.58881378173828,-30.347026824951172,132
14005,SLC45A1,100.4054183959961,-40.120628356933594,153
14006,SLC45A2,100.25736999511719,-41.437416076660156,153
14007,SLC45A3,99.43524169921875,-37.76345443725586,153
14008,SLC45A4,100.60719299316406,-40.26346206665039,153
14009,SLC46A1,99.63615417480469,-39.22702407836914,153
14010,SLC46A2,99.08875274658203,-38.99489974975586,153
14011,SLC46A3,99.65658569335938,-39.91563034057617,153
14012,SLC47A1,102.49861145019531,-39.01409149169922,154
14013,SLC47A2,102.1590805053711,-40.21810531616211,152
14014,SLC48A1,88.80248260498047,-29.518280029296875,124
14015,SLC49A3,99.72254943847656,-39.92954635620117,153
14016,SLC49A4,100.03199768066406,-39.06354522705078,153
14017,SLC4A1,107.37152099609375,-35.17973327636719,137
14018,SLC4A10,107.81830596923828,-35.31621551513672,137
14019,SLC4A11,107.52594757080078,-34.557579040527344,137
14020,SLC4A1AP,105.64170837402344,28.168041229248047,430
14021,SLC4A2,107.42903137207031,-35.01527786254883,137
14022,SLC4A3,107.42440032958984,-35.598751068115234,137
14023,SLC4A4,107.42950439453125,-35.78082275390625,137
14024,SLC4A5,107.29344177246094,-36.13814163208008,137
14025,SLC4A7,107.1944808959961,-36.123939514160156,137
14026,SLC4A8,107.4928970336914,-35.65882873535156,137
14027,SLC4A9,107.57148742675781,-35.11152648925781,137
14028,SLC50A1,94.10122680664062,-31.969104766845703,166
14029,SLC51A,98.84144592285156,-30.028676986694336,171
14030,SLC51B,100.82257080078125,50.909461975097656,263
14031,SLC52A1,98.86582946777344,-39.91736602783203,153
14032,SLC52A2,99.16957092285156,-39.866310119628906,153
14033,SLC52A3,99.26067352294922,-40.13005065917969,153
14034,SLC5A1,103.6961669921875,-40.409156799316406,152
14035,SLC5A10,103.58602905273438,-41.03837585449219,152
14036,SLC5A11,103.75555419921875,-40.580772399902344,152
14037,SLC5A12,103.20542907714844,-40.73466491699219,152
14038,SLC5A2,103.65460205078125,-40.846214294433594,152
14039,SLC5A3,102.65534210205078,-39.50142288208008,154
14040,SLC5A4,104.09851837158203,-41.430908203125,151
14041,SLC5A5,103.8994140625,-40.803218841552734,152
14042,SLC5A6,103.49867248535156,-40.294151306152344,152
14043,SLC5A7,103.62538146972656,-40.882205963134766,152
14044,SLC5A8,103.43634796142578,-40.475955963134766,152
14045,SLC5A9,103.66131591796875,-40.67845916748047,152
14046,SLC66A1,95.15306091308594,-30.275697708129883,159
14047,SLC66A2,97.62259674072266,-33.34269332885742,172
14048,SLC66A3,96.54084014892578,-31.887737274169922,171
14049,SLC6A1,104.37261962890625,-42.01850509643555,151
14050,SLC6A11,104.43034362792969,-41.963748931884766,151
14051,SLC6A12,104.23188018798828,-41.85826873779297,151
14052,SLC6A13,104.273193359375,-42.028541564941406,151
14053,SLC6A15,103.47565460205078,-40.82582092285156,152
14054,SLC6A16,103.85987091064453,-40.826087951660156,152
14055,SLC6A17,103.9321060180664,-40.86717224121094,152
14056,SLC6A18,104.13253784179688,-41.62083053588867,151
14057,SLC6A19,104.57592010498047,-41.21799087524414,151
14058,SLC6A2,104.08023071289062,-42.044708251953125,151
14059,SLC6A20,104.20307159423828,-41.329795837402344,151
14060,SLC6A3,104.22142791748047,-42.32408905029297,151
14061,SLC6A4,104.0914535522461,-42.02955627441406,151
14062,SLC6A5,103.88370513916016,-41.57098388671875,151
14063,SLC6A6,104.2776107788086,-42.08242416381836,151
14064,SLC6A7,104.91931915283203,-41.95743942260742,151
14065,SLC6A9,104.28419494628906,-41.90765380859375,151
14066,SLC7A1,102.89218139648438,-40.840816497802734,152
14067,SLC7A10,102.65081787109375,-41.54011535644531,152
14068,SLC7A11,102.6491470336914,-40.69288635253906,152
14069,SLC7A13,101.63343811035156,-41.45988464355469,153
14070,SLC7A14,103.35514068603516,-40.65670394897461,152
14071,SLC7A2,103.30476379394531,-40.654598236083984,152
14072,SLC7A4,100.29756164550781,-40.75382995605469,153
14073,SLC7A5,102.86671447753906,-41.19049835205078,152
14074,SLC7A6,102.68611145019531,-41.334930419921875,152
14075,SLC7A6OS,108.51994323730469,31.659557342529297,424
14076,SLC7A7,102.90225219726562,-41.8763427734375,152
14077,SLC7A8,102.8066635131836,-41.49948501586914,152
14078,SLC7A9,102.75146484375,-41.85943603515625,152
14079,SLC8A2,110.01814270019531,-30.955093383789062,126
14080,SLC8A3,110.13599395751953,-33.17414093017578,126
14081,SLC8B1,100.04660034179688,-35.47916030883789,162
14082,SLC9A1,107.24638366699219,-34.66008377075195,137
14083,SLC9A2,106.69693756103516,-34.654083251953125,137
14084,SLC9A3,106.67276000976562,-35.822330474853516,137
14085,SLC9A3R1,102.04131317138672,18.25162124633789,381
14086,SLC9A3R2,101.34860229492188,19.37257957458496,381
14087,SLC9A4,106.99183654785156,-34.64977264404297,137
14088,SLC9A5,106.45108032226562,-34.94643020629883,137
14089,SLC9A8,104.7212142944336,-36.554962158203125,138
14090,SLC9A9,105.63983154296875,-37.06893539428711,138
14091,SLC9B1,102.26929473876953,-37.94684982299805,154
14092,SLC9B2,102.76609802246094,-37.673004150390625,154
14093,SLC9C1,108.7845687866211,-34.80534362792969,137
14094,SLC9C2,109.44883728027344,-33.72749328613281,126
14095,SLCO1A2,100.49250793457031,-41.94689178466797,153
14096,SLCO1B1,100.59180450439453,-42.6019287109375,153
14097,SLCO1B3,100.60633850097656,-42.124942779541016,153
14098,SLCO1C1,100.59349822998047,-42.05797576904297,153
14099,SLCO2A1,100.22460174560547,-41.11346435546875,153
14100,SLCO2B1,100.12237548828125,-40.935401916503906,153
14101,SLCO3A1,100.2584228515625,-41.234046936035156,153
14102,SLCO4A1,100.2414779663086,-41.15459442138672,153
14103,SLCO4C1,100.71830749511719,-41.62006378173828,153
14104,SLCO5A1,101.08238983154297,-40.461334228515625,153
14105,SLCO6A1,100.79761505126953,-41.60602569580078,153
14106,SLF1,102.91259765625,12.727422714233398,353
14107,SLF2,88.54682922363281,21.699867248535156,417
14108,SLFN11,115.2003402709961,4.537578105926514,213
14109,SLFN12,115.44483947753906,5.290301322937012,213
14110,SLFN13,115.24873352050781,4.392885208129883,213
14111,SLFN14,114.87109375,5.341024875640869,213
14112,SLFN5,115.12805938720703,4.346465110778809,213
14113,SLFNL1,109.27112579345703,14.689169883728027,357
14114,SLIRP,131.28317260742188,36.30092239379883,328
14115,SLIT1,127.56533813476562,-25.57849884033203,190
14116,SLIT2,127.56510925292969,-25.764705657958984,190
14117,SLIT3,127.95196533203125,-25.65363121032715,190
14118,SLITRK1,157.65992736816406,45.12150192260742,92
14119,SLITRK3,158.05902099609375,44.844688415527344,92
14120,SLITRK5,158.38214111328125,45.205806732177734,92
14121,SLITRK6,158.42459106445312,45.355037689208984,92
14122,SLK,84.85057830810547,4.697458744049072,201
14123,SLMAP,80.04527282714844,4.720466613769531,211
14124,SLN,100.91912841796875,50.24370574951172,263
14125,SLPI,146.03659057617188,-22.3606014251709,222
14126,SLTM,71.89103698730469,18.498071670532227,120
14127,SLU7,108.16101837158203,33.28129959106445,425
14128,SLURP1,145.5337371826172,-20.735511779785156,221
14129,SLURP2,145.5684356689453,-21.274150848388672,221
14130,SLX1A,108.16242218017578,22.378528594970703,406
14131,SLX1B,109.15341186523438,23.500411987304688,406
14132,SLX4,87.8419418334961,22.750967025756836,418
14133,SLX4IP,91.4054946899414,24.252880096435547,415
14134,SMAD1,77.88614654541016,32.77134704589844,277
14135,SMAD3,78.80191802978516,32.864078521728516,277
14136,SMAD4,77.65040588378906,29.629314422607422,281
14137,SMAD5,77.4644546508789,32.260711669921875,277
14138,SMAD6,94.94172668457031,30.428794860839844,321
14139,SMAD7,93.71995544433594,29.98009490966797,321
14140,SMAD9,78.09857940673828,33.77854919433594,277
14141,SMAGP,99.45014190673828,53.653411865234375,263
14142,SMAP1,79.81079864501953,23.93425941467285,281
14143,SMAP2,79.88118743896484,24.178932189941406,281
14144,SMARCA2,77.37777709960938,20.52971649169922,281
14145,SMARCA4,76.58710479736328,21.309574127197266,281
14146,SMARCA5,102.52859497070312,13.297715187072754,353
14147,SMARCAD1,93.60002136230469,18.56952667236328,398
14148,SMARCAL1,112.03373718261719,15.712491989135742,442
14149,SMARCB1,96.61639404296875,23.53661346435547,360
14150,SMARCC1,83.50485229492188,22.96005630493164,281
14151,SMARCC2,80.19418334960938,21.564233779907227,281
14152,SMARCD1,83.24966430664062,27.796327590942383,349
14153,SMARCD2,82.7204818725586,28.076963424682617,188
14154,SMARCD3,83.56342315673828,27.61845588684082,349
14155,SMARCE1,101.77031707763672,30.615982055664062,346
14156,SMC1B,79.09573364257812,1.4930914640426636,193
14157,SMC2,79.30165100097656,1.2488089799880981,193
14158,SMC3,79.57608032226562,1.4287664890289307,193
14159,SMC4,79.27659606933594,1.0482761859893799,193
14160,SMC5,79.13243103027344,1.254272699356079,193
14161,SMC6,79.08016204833984,1.5073494911193848,193
14162,SMCHD1,121.45671081542969,-9.173128128051758,182
14163,SMCO1,100.9469985961914,39.66034698486328,292
14164,SMCO2,88.0570297241211,40.56452178955078,302
14165,SMCO3,101.81842041015625,39.80859375,292
14166,SMCO4,105.87474060058594,48.12710189819336,112
14167,SMCP,9.640565872192383,-69.88444519042969,25
14168,SMCR8,93.94535827636719,18.67505645751953,398
14169,SMDT1,133.6747283935547,34.329166412353516,271
14170,SMG5,95.4106216430664,10.042154312133789,435
14171,SMG6,87.71347045898438,18.984764099121094,414
14172,SMG7,76.59049224853516,25.915916442871094,281
14173,SMG8,105.21113586425781,15.930486679077148,324
14174,SMG9,106.74118041992188,15.667391777038574,324
14175,SMIM1,101.1960220336914,51.65318298339844,263
14176,SMIM10L1,92.3067398071289,-25.93010902404785,158
14177,SMIM12,135.09231567382812,38.79584884643555,271
14178,SMIM13,101.05952453613281,49.706668853759766,263
14179,SMIM14,101.30535888671875,51.01345443725586,263
14180,SMIM15,92.38429260253906,-24.629371643066406,158
14181,SMIM17,93.90038299560547,40.61334228515625,339
14182,SMIM18,100.7826156616211,50.674278259277344,263
14183,SMIM19,101.10523986816406,50.677703857421875,263
14184,SMIM2,95.55245971679688,45.86738204956055,301
14185,SMIM20,135.71336364746094,39.337738037109375,271
14186,SMIM21,94.56974029541016,46.24259948730469,301
14187,SMIM22,101.20404052734375,52.35118865966797,263
14188,SMIM23,96.13166809082031,44.72651672363281,300
14189,SMIM24,101.21031951904297,52.774009704589844,263
14190,SMIM26,135.84185791015625,39.45545959472656,271
14191,SMIM27,101.8532485961914,48.52067947387695,263
14192,SMIM28,98.90495300292969,52.51802444458008,262
14193,SMIM29,100.49594116210938,52.04486846923828,263
14194,SMIM3,101.17691040039062,51.09996795654297,263
14195,SMIM30,101.54188537597656,51.91795349121094,263
14196,SMIM31,101.13595581054688,49.52377700805664,263
14197,SMIM32,100.84156036376953,51.92851638793945,263
14198,SMIM33,100.24766540527344,51.59370803833008,263
14199,SMIM35,100.2956771850586,52.93890380859375,263
14200,SMIM36,100.6631851196289,51.64982604980469,263
14201,SMIM38,101.4852294921875,48.81867980957031,263
14202,SMIM39,101.57378387451172,50.1771240234375,263
14203,SMIM4,135.73367309570312,39.22760009765625,271
14204,SMIM40,100.82716369628906,48.417911529541016,263
14205,SMIM41,100.71133422851562,51.39360427856445,263
14206,SMIM5,100.469970703125,52.912841796875,263
14207,SMIM6,100.86627960205078,51.21610641479492,263
14208,SMIM7,91.8197250366211,-26.79509925842285,158
14209,SMIM8,135.88473510742188,39.097564697265625,271
14210,SMKR1,104.33082580566406,40.71417999267578,199
14211,SMLR1,92.13314819335938,-24.77165412902832,158
14212,SMN1,105.1382827758789,27.055299758911133,430
14213,SMN2,105.11661529541016,26.76428985595703,430
14214,SMNDC1,107.8677978515625,31.913164138793945,425
14215,SMO,116.60383605957031,-24.648853302001953,119
14216,SMOC1,138.8391876220703,-16.175113677978516,230
14217,SMOC2,138.0227508544922,-16.84708595275879,230
14218,SMOX,121.05097961425781,14.670248985290527,455
14219,SMPD1,133.87109375,-0.21031850576400757,252
14220,SMPD2,125.95170593261719,18.829370498657227,468
14221,SMPD3,101.28193664550781,17.982227325439453,381
14222,SMPD4,107.21165466308594,4.7081522941589355,310
14223,SMPDL3A,133.9622802734375,-1.0342868566513062,252
14224,SMPDL3B,134.91836547851562,-0.3385476768016815,252
14225,SMR3A,87.31758880615234,51.02794647216797,140
14226,SMR3B,87.4124755859375,50.994564056396484,140
14227,SMTN,88.91963195800781,23.83346939086914,411
14228,SMTNL1,88.36672973632812,37.90379333496094,302
14229,SMTNL2,93.57840728759766,26.090373992919922,354
14230,SMU1,123.45133972167969,50.19453048706055,66
14231,SMUG1,124.12322998046875,20.742137908935547,469
14232,SMURF1,99.15412139892578,9.201813697814941,413
14233,SMURF2,99.58293151855469,10.017068862915039,413
14234,SMYD1,103.75639343261719,21.230690002441406,364
14235,SMYD2,103.84770202636719,19.960664749145508,364
14236,SMYD3,104.45222473144531,20.514301300048828,364
14237,SMYD4,111.20220947265625,17.69294548034668,405
14238,SMYD5,112.82917785644531,18.82794189453125,456
14239,SNAI1,61.66429901123047,34.66251754760742,178
14240,SNAI2,61.81048583984375,35.00200271606445,178
14241,SNAI3,61.0433235168457,34.180397033691406,178
14242,SNAP23,112.91531372070312,41.959144592285156,181
14243,SNAP25,112.91789245605469,42.456085205078125,181
14244,SNAP29,112.79387664794922,41.29337692260742,181
14245,SNAP47,116.22367095947266,21.795398712158203,446
14246,SNAP91,81.03160095214844,23.433956146240234,281
14247,SNAPC1,104.79340362548828,27.34777069091797,430
14248,SNAPC2,96.52207946777344,35.073551177978516,338
14249,SNAPC3,108.0965576171875,24.72970962524414,322
14250,SNAPC4,83.35900115966797,24.882537841796875,281
14251,SNAPC5,103.90620422363281,31.87268829345703,382
14252,SNAPIN,111.56745147705078,32.523258209228516,391
14253,SNCA,104.32959747314453,41.15060806274414,199
14254,SNCAIP,89.92577362060547,15.491498947143555,334
14255,SNCB,104.47490692138672,40.80509948730469,199
14256,SNCG,103.99474334716797,41.376853942871094,199
14257,SND1,116.3435287475586,11.113523483276367,389
14258,SNED1,132.00784301757812,-20.493709564208984,236
14259,SNF8,111.70376586914062,27.142539978027344,377
14260,SNIP1,88.25978088378906,25.758705139160156,412
14261,SNN,100.79718780517578,52.16628646850586,263
14262,SNORC,95.97349548339844,55.46870422363281,147
14263,SNPH,91.97821807861328,21.20684814453125,422
14264,SNRK,127.68699645996094,74.98773193359375,68
14265,SNRNP200,97.10704803466797,-3.588197708129883,290
14266,SNRNP25,120.03727722167969,30.188339233398438,347
14267,SNRNP27,69.2080078125,17.140819549560547,120
14268,SNRNP35,85.75827026367188,26.849609375,349
14269,SNRNP40,125.22161865234375,52.502105712890625,66
14270,SNRNP48,73.67403411865234,18.27545928955078,120
14271,SNRNP70,70.80178833007812,18.196388244628906,120
14272,SNRPA,72.3263931274414,24.748241424560547,279
14273,SNRPA1,117.35650634765625,27.275331497192383,355
14274,SNRPB,72.58723449707031,23.637554168701172,279
14275,SNRPB2,116.6824722290039,34.269691467285156,195
14276,SNRPC,72.50921630859375,23.83681869506836,279
14277,SNRPD1,120.98056030273438,36.14140701293945,315
14278,SNRPD2,120.77755737304688,36.69697189331055,315
14279,SNRPD3,120.56419372558594,35.810298919677734,315
14280,SNRPE,121.07560729980469,36.016815185546875,315
14281,SNRPF,121.12942504882812,36.154541015625,315
14282,SNRPG,121.04816436767578,36.22559356689453,315
14283,SNRPN,72.99467468261719,23.69931983947754,279
14284,SNTA1,100.6588134765625,17.602691650390625,381
14285,SNTB1,98.12567901611328,15.945989608764648,410
14286,SNTB2,101.71717834472656,19.0010929107666,381
14287,SNTG1,96.86906433105469,10.783585548400879,437
14288,SNTG2,97.51051330566406,12.01974868774414,438
14289,SNTN,55.331478118896484,-2.2362136840820312,63
14290,SNU13,121.39584350585938,36.282432556152344,315
14291,SNUPN,118.88809967041016,21.292335510253906,446
14292,SNURF,94.40849304199219,41.695945739746094,343
14293,SNW1,106.96326446533203,32.16632080078125,425
14294,SNX1,96.00791931152344,6.722853183746338,320
14295,SNX10,100.56150817871094,16.165691375732422,381
14296,SNX11,99.26277923583984,24.445507049560547,439
14297,SNX13,101.60772705078125,4.717530250549316,309
14298,SNX14,101.37271881103516,4.750211715698242,309
14299,SNX15,98.63373565673828,24.816829681396484,439
14300,SNX16,106.96066284179688,12.598710060119629,351
14301,SNX17,102.82504272460938,13.595118522644043,353
14302,SNX18,97.46707153320312,13.014293670654297,431
14303,SNX2,96.29940032958984,7.12404727935791,320
14304,SNX20,101.81148529052734,27.60394287109375,429
14305,SNX21,100.62669372558594,31.478836059570312,346
14306,SNX22,99.51312255859375,18.904163360595703,402
14307,SNX24,102.36347198486328,17.56841278076172,381
14308,SNX25,101.005615234375,5.661069869995117,297
14309,SNX27,103.38111877441406,19.095895767211914,364
14310,SNX29,91.88359069824219,9.646848678588867,380
14311,SNX3,109.52490997314453,16.070552825927734,375
14312,SNX30,95.36750030517578,6.892197132110596,320
14313,SNX31,101.05613708496094,11.629114151000977,326
14314,SNX32,95.55793762207031,5.993544578552246,320
14315,SNX33,97.97129821777344,16.586606979370117,407
14316,SNX4,96.2880859375,6.423323631286621,320
14317,SNX5,95.31423950195312,6.83815860748291,320
14318,SNX6,95.2442626953125,6.844114780426025,320
14319,SNX7,97.10322570800781,5.548965930938721,368
14320,SNX8,95.13972473144531,6.9487199783325195,320
14321,SNX9,95.88927459716797,8.501518249511719,320
14322,SOAT1,99.13088989257812,-31.78708839416504,171
14323,SOAT2,99.8936767578125,-31.856109619140625,170
14324,SOBP,78.38406372070312,21.863508224487305,281
14325,SOCS1,98.90155792236328,28.767986297607422,439
14326,SOCS2,104.37725830078125,21.547128677368164,364
14327,SOCS3,98.82795715332031,29.255207061767578,439
14328,SOCS4,96.87862396240234,22.73719596862793,360
14329,SOCS5,96.50150299072266,23.072887420654297,360
14330,SOCS6,94.18379211425781,23.101829528808594,421
14331,SOCS7,94.37971496582031,21.743701934814453,423
14332,SOD1,125.83926391601562,32.40102005004883,192
14333,SOD3,137.28570556640625,-10.214295387268066,241
14334,SOGA3,82.60127258300781,7.628939628601074,227
14335,SOHLH1,90.10761260986328,38.19957733154297,331
14336,SOHLH2,104.81214904785156,20.21152687072754,364
14337,SON,72.92877960205078,17.997926712036133,120
14338,SORBS1,87.32105255126953,9.602926254272461,370
14339,SORBS2,87.31095123291016,8.93750286102295,370
14340,SORBS3,89.49215698242188,12.996624946594238,356
14341,SORCS1,125.67253875732422,-14.021406173706055,217
14342,SORCS2,125.77725219726562,-13.127250671386719,217
14343,SORCS3,125.74763488769531,-13.60869312286377,217
14344,SORD,134.56114196777344,18.323637008666992,440
14345,SORL1,125.17562866210938,-18.900651931762695,202
14346,SORT1,125.98388671875,-12.952383041381836,217
14347,SOS1,92.3074951171875,6.958827018737793,374
14348,SOS2,92.01522064208984,7.117552757263184,374
14349,SOST,144.00160217285156,-15.265616416931152,238
14350,SOSTDC1,143.78515625,-15.37380313873291,238
14351,SOWAHA,92.48817443847656,27.68972396850586,384
14352,SOWAHB,91.07351684570312,27.258832931518555,384
14353,SOWAHC,92.77012634277344,28.32938003540039,384
14354,SOX1,70.63945770263672,42.338829040527344,254
14355,SOX10,72.26219177246094,38.641571044921875,268
14356,SOX11,71.33293914794922,40.61558151245117,254
14357,SOX12,91.38614654541016,33.3699951171875,336
14358,SOX13,75.4588623046875,33.98996353149414,277
14359,SOX14,70.31095123291016,41.7242431640625,254
14360,SOX15,76.19340515136719,41.698097229003906,266
14361,SOX17,73.11927795410156,39.978694915771484,254
14362,SOX18,77.03771209716797,40.71414566040039,266
14363,SOX2,70.10630798339844,41.36180114746094,254
14364,SOX21,70.61137390136719,42.12797164916992,254
14365,SOX30,81.04508972167969,33.967857360839844,264
14366,SOX4,71.4191665649414,41.05907440185547,254
14367,SOX5,73.66820526123047,31.916587829589844,274
14368,SOX6,73.46961212158203,31.850704193115234,274
14369,SOX7,73.83860778808594,38.991905212402344,268
14370,SOX8,72.93626403808594,39.7203369140625,268
14371,SOX9,72.84278869628906,37.68328857421875,268
14372,SP1,70.05143737792969,30.30269432067871,275
14373,SP100,102.59976196289062,19.901918411254883,364
14374,SP110,101.7110366821289,20.047700881958008,364
14375,SP140,102.11924743652344,19.085466384887695,364
14376,SP140L,102.24800872802734,20.370861053466797,364
14377,SP2,70.70710754394531,29.17444610595703,276
14378,SP3,70.58406066894531,30.339937210083008,275
14379,SP4,70.92168426513672,29.564537048339844,275
14380,SP5,64.12127685546875,37.664371490478516,179
14381,SP6,63.324745178222656,36.61392593383789,179
14382,SP7,64.64158630371094,38.52056121826172,179
14383,SP8,67.14027404785156,40.250205993652344,256
14384,SP9,67.13667297363281,40.557220458984375,256
14385,SPA17,81.39088439941406,11.17049789428711,198
14386,SPAAR,100.4811019897461,52.64586639404297,263
14387,SPACA1,100.43020629882812,61.14263916015625,273
14388,SPACA3,140.52528381347656,-14.079710006713867,247
14389,SPACA4,145.14138793945312,-20.03986167907715,221
14390,SPACA6,137.26651000976562,-10.034451484680176,241
14391,SPACA7,94.61154174804688,40.99014663696289,343
14392,SPACA9,95.79814147949219,38.48426055908203,340
14393,SPAG1,107.01813507080078,14.718816757202148,351
14394,SPAG11A,153.11001586914062,-19.049205780029297,133
14395,SPAG11B,153.17422485351562,-18.827171325683594,133
14396,SPAG16,124.5091323852539,51.49150085449219,66
14397,SPAG17,82.47697448730469,7.456403732299805,227
14398,SPAG4,132.054931640625,-0.9285154342651367,252
14399,SPAG5,77.38798522949219,6.256650924682617,225
14400,SPAG6,105.05625915527344,0.7759484052658081,313
14401,SPAG7,108.63082885742188,33.77571487426758,425
14402,SPAG8,87.58277893066406,41.97761917114258,305
14403,SPAG9,85.41384887695312,6.719175338745117,201
14404,SPAM1,137.98707580566406,0.7149240970611572,240
14405,SPARC,137.84193420410156,-14.754335403442383,230
14406,SPARCL1,89.07313537597656,44.35221862792969,303
14407,SPART,116.22473907470703,8.063470840454102,214
14408,SPAST,110.92767333984375,13.450790405273438,357
14409,SPATA1,92.3221664428711,14.581880569458008,394
14410,SPATA12,94.33744812011719,46.937278747558594,301
14411,SPATA16,107.28836822509766,22.977088928222656,406
14412,SPATA17,80.34527587890625,11.258673667907715,198
14413,SPATA18,90.30010986328125,17.865894317626953,378
14414,SPATA19,95.31050109863281,42.70684814453125,300
14415,SPATA2,91.63642120361328,21.543800354003906,422
14416,SPATA20,122.52095031738281,10.521003723144531,296
14417,SPATA21,86.42333221435547,31.81210708618164,317
14418,SPATA22,90.56156921386719,24.331581115722656,415
14419,SPATA24,106.57012176513672,28.494728088378906,430
14420,SPATA25,93.49422454833984,41.41423034667969,339
14421,SPATA2L,92.4176025390625,21.388933181762695,422
14422,SPATA3,94.28468322753906,45.35093688964844,301
14423,SPATA31A1,144.63735961914062,-50.92986297607422,49
14424,SPATA31A3,144.64669799804688,-50.937591552734375,49
14425,SPATA31A5,144.64779663085938,-50.95212936401367,49
14426,SPATA31A6,144.6454620361328,-50.951988220214844,49
14427,SPATA31A7,144.64845275878906,-50.95933532714844,49
14428,SPATA31D1,144.65567016601562,-50.95863723754883,49
14429,SPATA31D3,144.6391143798828,-50.93057632446289,49
14430,SPATA31D4,144.64427185058594,-50.94576644897461,49
14431,SPATA31E1,144.65625,-50.95579528808594,49
14432,SPATA32,88.14566802978516,38.90513610839844,302
14433,SPATA33,96.64079284667969,38.84392547607422,341
14434,SPATA4,89.90729522705078,39.15436553955078,331
14435,SPATA45,95.92813110351562,43.26785659790039,300
14436,SPATA46,95.8852767944336,37.96160125732422,340
14437,SPATA48,87.50346374511719,42.622623443603516,305
14438,SPATA5,114.33943939208984,12.968950271606445,447
14439,SPATA5L1,117.20608520507812,14.901041030883789,319
14440,SPATA6,90.82561492919922,13.013681411743164,356
14441,SPATA6L,88.77423095703125,12.91987419128418,369
14442,SPATA7,82.9945068359375,11.713471412658691,198
14443,SPATA9,97.22300720214844,42.03656768798828,298
14444,SPATC1,85.00763702392578,33.55564498901367,168
14445,SPATC1L,102.43717956542969,25.210147857666016,433
14446,SPATS1,90.96714782714844,39.4930305480957,331
14447,SPATS2,89.73544311523438,11.25262451171875,371
14448,SPATS2L,90.45025634765625,9.863364219665527,371
14449,SPC24,107.10702514648438,24.799203872680664,390
14450,SPC25,106.74617767333984,26.712871551513672,390
14451,SPCS1,91.86104583740234,-26.262451171875,158
14452,SPCS2,95.19547271728516,-26.50348472595215,155
14453,SPCS3,125.24073791503906,-3.8570380210876465,234
14454,SPDEF,75.05960845947266,37.98110580444336,267
14455,SPDL1,74.14813995361328,2.56319522857666,232
14456,SPDYA,105.24411010742188,23.693344116210938,406
14457,SPDYC,99.27462768554688,33.15882110595703,346
14458,SPDYE1,81.51282501220703,55.613746643066406,74
14459,SPDYE16,81.50888061523438,55.601837158203125,74
14460,SPDYE17,81.53270721435547,55.58647537231445,74
14461,SPDYE2,81.52264404296875,55.615013122558594,74
14462,SPDYE2B,81.52466583251953,55.66912841796875,74
14463,SPDYE3,81.63212585449219,55.481510162353516,74
14464,SPDYE4,81.9142837524414,55.13145446777344,74
14465,SPDYE5,81.5278549194336,55.618717193603516,74
14466,SPDYE6,81.52840423583984,55.6961784362793,74
14467,SPECC1,81.49479675292969,5.3713507652282715,227
14468,SPECC1L,80.9774169921875,4.553446292877197,211
14469,SPEF1,97.29767608642578,29.0227108001709,439
14470,SPEF2,81.44358825683594,7.632956504821777,227
14471,SPEG,112.19612884521484,-13.056230545043945,85
14472,SPEGNB,113.210205078125,-12.72443675994873,85
14473,SPEM1,94.41441345214844,40.919715881347656,343
14474,SPEM2,86.56764221191406,38.73588180541992,287
14475,SPEM3,86.0460205078125,37.700408935546875,287
14476,SPESP1,146.92897033691406,-21.708152770996094,222
14477,SPG11,99.722412109375,-3.776397466659546,291
14478,SPG21,126.29902648925781,11.85622787475586,196
14479,SPG7,118.52210998535156,13.830955505371094,319
14480,SPHK1,129.07362365722656,12.957304954528809,289
14481,SPHK2,113.82618713378906,14.484983444213867,448
14482,SPHKAP,83.07694244384766,18.213638305664062,318
14483,SPI1,74.84194946289062,38.0534782409668,267
14484,SPIB,75.02995300292969,38.19747543334961,267
14485,SPIC,75.03707122802734,38.44229507446289,267
14486,SPICE1,83.28366088867188,15.093010902404785,307
14487,SPIDR,109.77130126953125,8.389239311218262,306
14488,SPIN1,96.8556900024414,17.373106002807617,407
14489,SPINDOC,91.79960632324219,34.53486251831055,336
14490,SPINK1,146.41665649414062,-22.64316749572754,222
14491,SPINK13,146.74244689941406,-23.15161895751953,222
14492,SPINK14,146.7678680419922,-23.20302963256836,222
14493,SPINK2,146.14712524414062,-22.0134334564209,222
14494,SPINK4,146.4149627685547,-22.49610710144043,222
14495,SPINK5,134.75497436523438,-8.54971694946289,224
14496,SPINK6,146.4661407470703,-22.84624481201172,222
14497,SPINK7,146.37376403808594,-22.537567138671875,222
14498,SPINK8,146.49549865722656,-22.54694175720215,222
14499,SPINK9,146.7708740234375,-23.274595260620117,222
14500,SPINT1,133.2965850830078,-15.737500190734863,236
14501,SPINT2,100.83047485351562,57.42397689819336,253
14502,SPINT3,146.82211303710938,-23.794281005859375,218
14503,SPINT4,147.05613708496094,-24.185144424438477,218
14504,SPIRE1,93.00502014160156,13.147260665893555,396
14505,SPIRE2,92.91275787353516,14.017932891845703,394
14506,SPN,92.280029296875,55.84846496582031,147
14507,SPNS1,100.00297546386719,-40.253326416015625,153
14508,SPNS2,99.40613555908203,-40.55834197998047,153
14509,SPNS3,99.50384521484375,-40.28720474243164,153
14510,SPO11,110.98974609375,21.637630462646484,358
14511,SPOCD1,89.5833511352539,25.79607391357422,412
14512,SPOCK1,137.02825927734375,-14.515924453735352,230
14513,SPOCK2,137.1065673828125,-14.380396842956543,246
14514,SPOCK3,135.71316528320312,-15.203385353088379,230
14515,SPON1,132.10305786132812,-18.27266502380371,236
14516,SPON2,137.49191284179688,-11.306715965270996,241
14517,SPOP,109.37774658203125,19.093589782714844,375
14518,SPOPL,108.93814849853516,18.928770065307617,375
14519,SPOUT1,122.30876922607422,21.143489837646484,470
14520,SPP1,88.38862609863281,43.893619537353516,303
14521,SPP2,140.01846313476562,-12.750483512878418,246
14522,SPPL2A,102.67826843261719,-30.60821533203125,156
14523,SPPL2B,102.56010437011719,-30.543254852294922,156
14524,SPPL2C,106.57318115234375,-28.033830642700195,132
14525,SPPL3,97.19844818115234,-29.84563636779785,167
14526,SPR,129.1756591796875,16.273181915283203,453
14527,SPRED1,96.42752838134766,21.128263473510742,393
14528,SPRED2,96.81656646728516,23.37133026123047,360
14529,SPRED3,91.6746826171875,28.02790069580078,384
14530,SPRN,97.72441101074219,35.797916412353516,338
14531,SPRR1A,9.682579040527344,-69.817138671875,25
14532,SPRR1B,9.684806823730469,-69.81796264648438,25
14533,SPRR2A,9.681814193725586,-69.8186264038086,25
14534,SPRR2B,9.689200401306152,-69.8148193359375,25
14535,SPRR2D,9.60544490814209,-69.91848754882812,25
14536,SPRR2E,9.642332077026367,-69.86764526367188,25
14537,SPRR2F,9.677056312561035,-69.82508850097656,25
14538,SPRR2G,9.708192825317383,-69.80975341796875,25
14539,SPRR3,9.672660827636719,-69.82884979248047,25
14540,SPRR4,9.693113327026367,-69.81314086914062,25
14541,SPRR5,9.665169715881348,-69.8409194946289,25
14542,SPRTN,102.1939926147461,25.621292114257812,433
14543,SPRY1,100.94620513916016,41.91546630859375,294
14544,SPRY2,101.11388397216797,41.926483154296875,294
14545,SPRY4,100.47273254394531,41.145633697509766,294
14546,SPRYD3,115.8779525756836,20.8858699798584,446
14547,SPRYD4,121.35272979736328,22.928354263305664,465
14548,SPRYD7,117.52938079833984,22.022567749023438,446
14549,SPSB1,111.14185333251953,21.474172592163086,358
14550,SPSB2,115.10529327392578,22.411029815673828,362
14551,SPSB3,109.13365173339844,25.72482681274414,322
14552,SPSB4,110.3941650390625,20.282367706298828,358
14553,SPTA1,91.43248748779297,-8.505440711975098,110
14554,SPTAN1,92.00809478759766,-8.186992645263672,110
14555,SPTB,91.69078826904297,-8.453619003295898,110
14556,SPTBN1,91.56289672851562,-8.140326499938965,110
14557,SPTBN2,91.67079162597656,-8.32849407196045,110
14558,SPTBN4,92.00846862792969,-7.624302387237549,110
14559,SPTBN5,92.06289672851562,-8.227197647094727,110
14560,SPTLC1,127.73387145996094,13.915962219238281,314
14561,SPTLC2,130.34725952148438,13.621849060058594,289
14562,SPTLC3,134.24261474609375,15.027978897094727,440
14563,SPTSSA,92.22535705566406,-26.113204956054688,158
14564,SPTSSB,91.79405975341797,-25.548133850097656,158
14565,SPTY2D1,89.2704086303711,25.617420196533203,412
14566,SPTY2D1OS,98.57502746582031,46.51416778564453,245
14567,SPX,154.06980895996094,-19.647212982177734,133
14568,SPZ1,75.3381118774414,8.929409980773926,215
14569,SQLE,135.32379150390625,7.511614799499512,169
14570,SQOR,129.85130310058594,17.739309310913086,457
14571,SQSTM1,103.07170867919922,25.394187927246094,433
14572,SRA1,107.26295471191406,32.161346435546875,425
14573,SRARP,94.59471130371094,45.058895111083984,301
14574,SRBD1,107.83537292480469,15.037975311279297,351
14575,SRC,132.83804321289062,73.90283203125,67
14576,SRCAP,79.24678039550781,20.8509521484375,281
14577,SRCIN1,87.31915283203125,10.854085922241211,369
14578,SRD5A1,96.26255798339844,-32.32081985473633,172
14579,SRD5A2,95.39310455322266,-32.92530822753906,174
14580,SRD5A3,96.78539276123047,-32.86758041381836,172
14581,SREBF1,103.82070922851562,7.952439785003662,297
14582,SREBF2,83.97368621826172,22.29118537902832,418
14583,SREK1,69.65483856201172,17.754722595214844,120
14584,SREK1IP1,71.98489379882812,17.5765380859375,120
14585,SRF,74.91780090332031,30.168903350830078,274
14586,SRFBP1,105.64434051513672,30.025989532470703,382
14587,SRGAP2,91.98013305664062,5.721681118011475,374
14588,SRGAP2B,91.92660522460938,5.458970546722412,374
14589,SRGAP2C,92.49512481689453,5.793657302856445,374
14590,SRGAP3,92.06950378417969,6.232555389404297,374
14591,SRGN,153.89065551757812,-19.250715255737305,133
14592,SRI,55.770660400390625,-1.7363157272338867,63
14593,SRL,110.50984191894531,14.6434965133667,357
14594,SRM,122.61935424804688,20.305828094482422,416
14595,SRMS,132.0953369140625,73.56022644042969,67
14596,SRP14,120.04563903808594,37.63714599609375,315
14597,SRP19,112.8746337890625,30.674198150634766,400
14598,SRP54,117.61572265625,16.353565216064453,383
14599,SRP68,110.28349304199219,3.3083229064941406,293
14600,SRP72,110.14268493652344,2.2365550994873047,293
14601,SRP9,119.83973693847656,35.848350524902344,315
14602,SRPK1,128.77767944335938,75.91315460205078,68
14603,SRPK2,129.58595275878906,75.7225341796875,68
14604,SRPRA,115.45905303955078,16.24995231628418,448
14605,SRPRB,122.97625732421875,14.163097381591797,455
14606,SRR,131.71717834472656,19.204206466674805,458
14607,SRRD,114.3614501953125,26.011960983276367,361
14608,SRRM1,68.8133316040039,16.949216842651367,120
14609,SRRM2,69.4066162109375,17.286394119262695,120
14610,SRRM3,69.1662368774414,17.417808532714844,120
14611,SRRM4,68.55286407470703,17.01470947265625,120
14612,SRRM5,68.38867950439453,17.807418823242188,120
14613,SRRT,76.93602752685547,20.615970611572266,281
14614,SRSF1,67.87574005126953,17.743488311767578,120
14615,SRSF10,67.75061798095703,17.1552677154541,120
14616,SRSF11,69.32198333740234,17.607149124145508,120
14617,SRSF12,68.01809692382812,17.4119873046875,120
14618,SRSF2,67.24156188964844,17.09425163269043,120
14619,SRSF3,67.38976287841797,17.168441772460938,120
14620,SRSF4,69.00495147705078,17.540019989013672,120
14621,SRSF5,67.3763198852539,17.105487823486328,120
14622,SRSF6,67.3880615234375,17.178211212158203,120
14623,SRSF7,67.28594970703125,17.091079711914062,120
14624,SRSF8,67.88549041748047,17.285520553588867,120
14625,SRSF9,69.08216094970703,21.06423568725586,173
14626,SRXN1,106.69251251220703,28.326904296875,430
14627,SS18,75.29263305664062,27.35741424560547,281
14628,SS18L1,75.82987976074219,27.21408462524414,281
14629,SS18L2,113.6009521484375,34.34001541137695,401
14630,SSB,112.6180191040039,33.10688781738281,401
14631,SSBP1,130.46142578125,35.356136322021484,328
14632,SSBP2,75.02823638916016,30.609914779663086,274
14633,SSBP3,74.05784606933594,30.736665725708008,274
14634,SSBP4,73.47407531738281,30.382789611816406,274
14635,SSC4D,134.36245727539062,-21.54387664794922,236
14636,SSC5D,131.82186889648438,-15.206269264221191,236
14637,SSH2,86.66881561279297,15.05611515045166,367
14638,SSH3,95.71751403808594,10.299506187438965,435
14639,SSMEM1,95.1791000366211,41.32045364379883,343
14640,SSNA1,113.53662109375,38.02056121826172,180
14641,SSPN,86.772705078125,-29.732934951782227,124
14642,SSR1,126.9374008178711,-3.0925955772399902,234
14643,SSR2,127.24571228027344,-3.6060638427734375,234
14644,SSR3,93.80892944335938,-26.900619506835938,158
14645,SSRP1,110.3955078125,28.437915802001953,419
14646,SST,155.17047119140625,-20.173282623291016,133
14647,SSTR1,5.876143455505371,-24.075098037719727,17
14648,SSTR2,6.052343845367432,-23.38516616821289,17
14649,SSTR3,6.4493327140808105,-24.517745971679688,17
14650,SSTR4,5.695684432983398,-24.173091888427734,17
14651,SSTR5,5.763131141662598,-24.533451080322266,17
14652,SSU72,119.64763641357422,26.343570709228516,373
14653,SSUH2,107.56285095214844,22.872745513916016,406
14654,SSX2IP,81.39405059814453,9.526165008544922,198
14655,ST13,111.89668273925781,27.28338050842285,377
14656,ST14,136.86105346679688,-25.5574951171875,146
14657,ST18,90.24383544921875,21.09285545349121,414
14658,ST3GAL1,144.98834228515625,2.2401111125946045,203
14659,ST3GAL2,145.07839965820312,2.3462131023406982,203
14660,ST3GAL3,145.20602416992188,2.4232802391052246,203
14661,ST3GAL4,145.28350830078125,2.5048584938049316,203
14662,ST3GAL5,144.43399047851562,2.009943962097168,203
14663,ST3GAL6,145.17575073242188,2.3428871631622314,203
14664,ST6GAL1,144.357177734375,1.9762482643127441,203
14665,ST6GAL2,143.06005859375,1.3175058364868164,239
14666,ST6GALNAC1,142.87396240234375,1.3976587057113647,239
14667,ST6GALNAC2,144.98065185546875,2.4128305912017822,203
14668,ST6GALNAC3,145.0410614013672,2.2936911582946777,203
14669,ST6GALNAC4,144.9966278076172,2.1752476692199707,203
14670,ST6GALNAC5,144.34622192382812,1.9845337867736816,203
14671,ST6GALNAC6,145.2170867919922,2.310530662536621,203
14672,ST7,112.70004272460938,1.8270195722579956,293
14673,ST7L,112.63369750976562,6.774349689483643,214
14674,ST8SIA1,144.8924560546875,2.2123873233795166,203
14675,ST8SIA2,145.53826904296875,2.2972540855407715,203
14676,ST8SIA3,145.29383850097656,2.550548553466797,203
14677,ST8SIA4,145.0988006591797,2.2391347885131836,203
14678,ST8SIA6,145.08648681640625,2.2462527751922607,203
14679,STAB1,125.97303771972656,-22.088924407958984,202
14680,STAB2,126.87946319580078,-21.9487361907959,202
14681,STAC,96.70811462402344,13.983210563659668,385
14682,STAC2,97.72660064697266,14.687710762023926,409
14683,STAC3,99.6671142578125,19.608665466308594,402
14684,STAG1,100.19914245605469,1.970483660697937,285
14685,STAG3,101.89586639404297,1.9643707275390625,309
14686,STAM,77.93742370605469,25.92463493347168,281
14687,STAM2,77.54248046875,25.491134643554688,281
14688,STAMBP,103.53767395019531,26.119705200195312,433
14689,STAMBPL1,103.3597640991211,23.337799072265625,406
14690,STAP1,96.95256042480469,14.458539962768555,385
14691,STAP2,95.70854949951172,15.98093032836914,385
14692,STAR,123.40926361083984,24.477088928222656,465
14693,STARD10,122.90884399414062,24.973674774169922,465
14694,STARD13,89.66265869140625,11.207085609436035,371
14695,STARD3,97.56836700439453,-26.133865356445312,161
14696,STARD3NL,90.82624816894531,-28.252056121826172,158
14697,STARD4,122.2056884765625,22.645565032958984,465
14698,STARD5,122.15704345703125,23.955677032470703,465
14699,STARD6,122.27236938476562,24.567873001098633,465
14700,STARD7,125.62040710449219,26.53583526611328,325
14701,STAT1,98.85928344726562,6.417518615722656,413
14702,STAT2,98.41732788085938,6.670744895935059,413
14703,STAT3,98.48880767822266,6.85457706451416,413
14704,STAT4,98.83472442626953,6.582729816436768,413
14705,STAT5A,98.5103988647461,6.995062828063965,413
14706,STAT5B,98.83330535888672,7.05797004699707,413
14707,STAT6,98.92745971679688,7.159225940704346,413
14708,STATH,88.99623107910156,51.335636138916016,139
14709,STAU1,99.80357360839844,20.246078491210938,402
14710,STAU2,100.17008972167969,19.514225006103516,402
14711,STBD1,94.9659652709961,31.399883270263672,321
14712,STC1,143.0910186767578,-15.746861457824707,238
14713,STC2,141.49949645996094,-16.14313316345215,248
14714,STEAP1,99.43560791015625,-32.08470153808594,170
14715,STEAP1B,98.19869995117188,-31.69732666015625,171
14716,STEAP2,100.72077941894531,-32.012054443359375,170
14717,STEAP3,100.40228271484375,-31.602718353271484,171
14718,STEAP4,100.73329162597656,-32.2529296875,170
14719,STH,94.70355224609375,47.010074615478516,301
14720,STIL,88.56956481933594,22.084487915039062,417
14721,STIM1,88.87989807128906,12.31014633178711,369
14722,STIM2,90.2665786743164,14.12096118927002,356
14723,STIMATE,98.95267486572266,-29.703990936279297,171
14724,STIP1,112.95118713378906,0.9915359020233154,293
14725,STK10,84.82563018798828,4.97194242477417,201
14726,STK11,127.24053192138672,76.69396209716797,68
14727,STK11IP,102.60475158691406,7.128546237945557,297
14728,STK16,128.1136932373047,75.88615417480469,68
14729,STK17A,127.46150970458984,76.71248626708984,68
14730,STK17B,127.83674621582031,76.20547485351562,68
14731,STK19,120.46726989746094,22.226764678955078,446
14732,STK24,128.9710693359375,75.31214904785156,68
14733,STK25,128.8027801513672,75.8217544555664,68
14734,STK3,129.00331115722656,75.25092315673828,68
14735,STK31,107.58788299560547,13.897133827209473,351
14736,STK32A,127.52307891845703,77.36542510986328,68
14737,STK32B,127.7675552368164,77.111328125,68
14738,STK32C,127.30291748046875,78.34178924560547,68
14739,STK33,127.4668197631836,76.75262451171875,68
14740,STK35,127.35855865478516,75.72650909423828,68
14741,STK36,107.01594543457031,3.8530373573303223,310
14742,STK38,128.88035583496094,75.84501647949219,68
14743,STK38L,129.00119018554688,75.9887924194336,68
14744,STK39,128.97866821289062,74.75251770019531,68
14745,STK4,129.11209106445312,75.10131072998047,68
14746,STK40,127.7298583984375,76.13639831542969,68
14747,STKLD1,107.20543670654297,3.8457884788513184,310
14748,STMN1,109.47479248046875,37.54375076293945,284
14749,STMN2,109.18998718261719,37.321922302246094,284
14750,STMN3,108.946533203125,37.94847106933594,284
14751,STMN4,109.16897583007812,37.28312301635742,284
14752,STMND1,91.09748077392578,39.15762710571289,331
14753,STMP1,135.6898651123047,39.404300689697266,271
14754,STN1,118.68595123291016,22.305620193481445,446
14755,STOM,123.3000259399414,9.141732215881348,296
14756,STOML1,125.94013977050781,8.473176002502441,196
14757,STOML2,133.72503662109375,22.52759552001953,387
14758,STOML3,123.3389663696289,9.697809219360352,296
14759,STON1,91.77775573730469,19.289438247680664,422
14760,STON2,91.69667053222656,16.15605354309082,378
14761,STOX1,86.30560302734375,20.44131088256836,418
14762,STOX2,84.18235778808594,17.225555419921875,318
14763,STPG1,87.26568603515625,43.66059112548828,304
14764,STPG2,86.80770874023438,43.52930450439453,304
14765,STPG3,90.68904113769531,43.0557975769043,303
14766,STPG4,86.76036071777344,43.69743728637695,304
14767,STRA6,100.82047271728516,-30.83646011352539,156
14768,STRA8,92.67448425292969,40.25997543334961,339
14769,STRADA,107.6346664428711,18.868003845214844,395
14770,STRADB,108.84037017822266,18.265302658081055,375
14771,STRAP,124.1013412475586,51.06561279296875,66
14772,STRBP,100.39788055419922,18.687984466552734,402
14773,STRC,110.54216003417969,6.114976406097412,306
14774,STRIP1,103.8913803100586,6.491974830627441,297
14775,STRIP2,103.87562561035156,6.51849365234375,297
14776,STRIT1,101.27082061767578,50.35940170288086,263
14777,STRN3,122.385009765625,49.043304443359375,66
14778,STRN4,122.96641540527344,49.51103591918945,66
14779,STT3A,102.32657623291016,-31.925830841064453,156
14780,STT3B,101.71952056884766,-31.658344268798828,156
14781,STUB1,106.22492980957031,30.234638214111328,382
14782,STUM,98.5015869140625,-22.462085723876953,149
14783,STX10,112.33053588867188,41.46995162963867,181
14784,STX11,113.1190185546875,41.464542388916016,181
14785,STX12,113.3077392578125,41.501155853271484,181
14786,STX16,113.06344604492188,41.70596694946289,181
14787,STX17,114.2734375,39.370609283447266,180
14788,STX18,112.74109649658203,41.55821228027344,181
14789,STX19,112.75404357910156,41.29932403564453,181
14790,STX1A,113.09906768798828,42.15454864501953,181
14791,STX1B,113.02838134765625,42.48155975341797,181
14792,STX2,112.95950317382812,41.82704162597656,181
14793,STX3,113.0735855102539,42.24982452392578,181
14794,STX4,112.68832397460938,41.76945495605469,181
14795,STX5,112.57443237304688,41.92091369628906,181
14796,STX6,112.9029541015625,41.663116455078125,181
14797,STX8,112.90157318115234,42.14686584472656,181
14798,STXBP1,111.98108673095703,10.57442569732666,389
14799,STXBP2,111.31058502197266,11.649486541748047,386
14800,STXBP3,112.22206115722656,11.414653778076172,386
14801,STXBP5,122.1639175415039,48.14054870605469,66
14802,STXBP5L,122.13153076171875,47.68123245239258,66
14803,STXBP6,102.57608032226562,12.144838333129883,326
14804,STYK1,135.9669189453125,68.70317077636719,42
14805,STYX,116.39755249023438,24.303789138793945,363
14806,STYXL1,118.89301300048828,19.832672119140625,446
14807,SUB1,111.8218994140625,35.51005935668945,391
14808,SUCLA2,137.8380889892578,21.302688598632812,387
14809,SUCLG1,138.37445068359375,22.856468200683594,387
14810,SUCLG2,137.62844848632812,21.069839477539062,387
14811,SUCNR1,1.2715847492218018,-23.443288803100586,17
14812,SUCO,123.70780181884766,-0.2627527117729187,157
14813,SUDS3,102.95719909667969,28.64915657043457,429
14814,SUFU,103.7828140258789,22.79186248779297,406
14815,SUGCT,135.666015625,21.180770874023438,387
14816,SUGP1,104.14379119873047,27.771385192871094,429
14817,SUGP2,90.12947845458984,20.897520065307617,414
14818,SULF1,132.08448791503906,-12.146214485168457,224
14819,SULF2,131.76573181152344,-11.260937690734863,224
14820,SULT1A1,145.44985961914062,14.214524269104004,130
14821,SULT1A2,145.50518798828125,14.337139129638672,130
14822,SULT1A3,145.5732421875,14.237550735473633,130
14823,SULT1A4,145.5665740966797,14.167848587036133,130
14824,SULT1B1,145.8163604736328,14.2089262008667,130
14825,SULT1C2,145.67771911621094,14.31286334991455,130
14826,SULT1C3,145.50643920898438,14.124387741088867,130
14827,SULT1C4,145.5784149169922,14.280543327331543,130
14828,SULT1E1,145.614990234375,14.464674949645996,130
14829,SULT2A1,145.30813598632812,13.85460376739502,130
14830,SULT2B1,144.9636993408203,14.31082820892334,130
14831,SULT4A1,143.85049438476562,14.613627433776855,129
14832,SULT6B1,145.08294677734375,14.203943252563477,130
14833,SUMF1,131.4700469970703,3.4901223182678223,251
14834,SUMF2,132.05722045898438,1.3582414388656616,251
14835,SUMO1,120.67796325683594,35.974708557128906,315
14836,SUMO2,121.06880187988281,36.27384948730469,315
14837,SUMO3,120.24307250976562,35.99216842651367,315
14838,SUMO4,119.55646514892578,37.05146026611328,315
14839,SUN1,104.55711364746094,9.593118667602539,297
14840,SUN2,102.755859375,8.62201976776123,297
14841,SUN3,136.76934814453125,-4.400872707366943,229
14842,SUN5,135.49891662597656,-2.314772605895996,243
14843,SUOX,120.90765380859375,15.281822204589844,459
14844,SUPT16H,108.76335144042969,26.61496925354004,323
14845,SUPT20H,75.73355865478516,26.39102554321289,281
14846,SUPT3H,104.2978286743164,12.58116626739502,352
14847,SUPT4H1,120.00214385986328,34.75340270996094,316
14848,SUPT5H,111.19857025146484,17.20088768005371,405
14849,SUPT6H,110.63739013671875,17.824132919311523,405
14850,SUPT7L,106.30889129638672,22.214258193969727,406
14851,SUPV3L1,115.5411376953125,15.518095016479492,448
14852,SURF1,129.03662109375,29.447322845458984,330
14853,SURF2,106.47948455810547,31.93976593017578,426
14854,SURF4,95.36700439453125,-30.37439727783203,167
14855,SURF6,113.3118896484375,33.3226432800293,401
14856,SUSD1,132.28170776367188,-18.340789794921875,236
14857,SUSD2,130.99191284179688,-11.832231521606445,224
14858,SUSD3,99.93140411376953,58.16181564331055,242
14859,SUSD4,131.26878356933594,-14.706583023071289,223
14860,SUSD5,130.89295959472656,-11.352753639221191,224
14861,SUSD6,98.18596649169922,57.21630096435547,242
14862,SUV39H2,107.58438110351562,22.875858306884766,406
14863,SUZ12,100.19247436523438,26.241046905517578,439
14864,SV2A,103.15387725830078,-40.26757049560547,152
14865,SV2C,102.98888397216797,-40.72455596923828,152
14866,SVBP,107.87025451660156,32.78504943847656,425
14867,SVEP1,125.877685546875,-22.01460838317871,202
14868,SVIL,87.44853973388672,15.153740882873535,367
14869,SVIP,107.45095825195312,35.228675842285156,284
14870,SVOP,99.89289093017578,-40.9510383605957,153
14871,SVOPL,100.27642822265625,-41.77265548706055,153
14872,SWAP70,80.39631652832031,5.035832405090332,211
14873,SWI5,103.92447662353516,36.695281982421875,332
14874,SWSAP1,118.67494201660156,24.400270462036133,372
14875,SWT1,88.40091705322266,21.272117614746094,417
14876,SYBU,92.66510009765625,20.342920303344727,423
14877,SYCE1,74.1160888671875,6.434137344360352,208
14878,SYCE1L,74.28244018554688,6.6833343505859375,208
14879,SYCE2,95.67786407470703,38.237613677978516,340
14880,SYCE3,101.59642028808594,35.79926300048828,332
14881,SYCN,142.20956420898438,-18.61197280883789,248
14882,SYCP1,74.32350158691406,3.3018853664398193,232
14883,SYCP2,89.62338256835938,18.400623321533203,378
14884,SYCP2L,90.61671447753906,15.400948524475098,334
14885,SYCP3,93.39415740966797,24.563676834106445,421
14886,SYDE1,93.46306610107422,17.154043197631836,333
14887,SYDE2,88.87702941894531,18.974225997924805,378
14888,SYF2,108.03887176513672,33.538936614990234,425
14889,SYK,132.66537475585938,73.90788269042969,67
14890,SYMPK,103.41996002197266,1.6870580911636353,308
14891,SYN2,101.53262329101562,14.099373817443848,408
14892,SYN3,102.1060791015625,12.01390266418457,326
14893,SYNC,89.56787872314453,34.27363967895508,336
14894,SYNCRIP,69.61714935302734,22.4191837310791,278
14895,SYNDIG1,101.49491119384766,43.71312713623047,294
14896,SYNDIG1L,100.49143981933594,44.43518829345703,294
14897,SYNE4,94.6282958984375,37.60309600830078,342
14898,SYNGAP1,87.07046508789062,11.916555404663086,369
14899,SYNGR1,86.48626708984375,-30.505939483642578,124
14900,SYNGR2,86.78395080566406,-29.89846420288086,124
14901,SYNGR3,87.72553253173828,-29.605493545532227,124
14902,SYNGR4,85.38217163085938,-31.279949188232422,125
14903,SYNJ1,91.90867614746094,8.3513822555542,380
14904,SYNJ2,91.7702865600586,11.10105037689209,379
14905,SYNJ2BP,102.894287109375,16.210195541381836,381
14906,SYNM,86.85042572021484,30.3262882232666,317
14907,SYNPO,85.50204467773438,27.69681739807129,349
14908,SYNPO2,85.36531066894531,26.730688095092773,349
14909,SYNPO2L,85.37973022460938,27.9074649810791,349
14910,SYNPR,86.88521575927734,-29.86114501953125,124
14911,SYNRG,80.32421875,23.059246063232422,281
14912,SYPL1,86.7147216796875,-29.499813079833984,124
14913,SYPL2,85.74418640136719,-30.479251861572266,124
14914,SYS1,92.82342529296875,-27.675792694091797,158
14915,SYT1,97.65756225585938,1.532470703125,285
14916,SYT10,97.56236267089844,2.1381165981292725,285
14917,SYT11,97.70175170898438,1.2410242557525635,285
14918,SYT12,97.50718688964844,2.3319551944732666,285
14919,SYT13,97.46820068359375,2.847761869430542,285
14920,SYT14,97.6082534790039,7.831555366516113,413
14921,SYT15,98.17106628417969,2.24172306060791,285
14922,SYT17,97.83470916748047,1.9411979913711548,285
14923,SYT2,97.64091491699219,1.9820592403411865,285
14924,SYT3,97.51570892333984,1.1539121866226196,285
14925,SYT4,97.65888977050781,1.3158092498779297,285
14926,SYT5,97.9793930053711,2.0211288928985596,285
14927,SYT6,97.59432983398438,1.7783305644989014,285
14928,SYT7,97.35061645507812,1.5444073677062988,285
14929,SYT8,98.01187133789062,1.9710536003112793,285
14930,SYT9,97.24752807617188,1.975940227508545,285
14931,SYTL1,98.36669921875,4.834558963775635,368
14932,SYTL2,87.46791076660156,16.451011657714844,367
14933,SYTL3,97.52867126464844,12.165233612060547,438
14934,SYVN1,103.47314453125,-23.96582794189453,136
14935,SZRD1,104.46171569824219,33.02376174926758,382
14936,TAAR1,5.311706066131592,-21.472349166870117,17
14937,TAAR2,5.812922477722168,-21.938007354736328,17
14938,TAAR5,5.635982036590576,-22.045013427734375,17
14939,TAAR6,5.665010452270508,-22.104164123535156,17
14940,TAAR8,6.260463714599609,-21.51138687133789,17
14941,TAAR9,5.676521301269531,-21.976335525512695,17
14942,TAB1,106.21784973144531,18.447586059570312,395
14943,TAB2,76.62671661376953,27.650053024291992,281
14944,TAC1,154.70018005371094,-19.947717666625977,133
14945,TAC3,154.8567657470703,-20.07699203491211,133
14946,TAC4,153.83456420898438,-19.63981056213379,133
14947,TACC1,83.2333755493164,15.103301048278809,307
14948,TACC2,83.56051635742188,17.018722534179688,318
14949,TACC3,83.19466400146484,15.887409210205078,307
14950,TACO1,129.9531707763672,29.72090721130371,330
14951,TACR1,5.931997776031494,-23.241607666015625,17
14952,TACR2,6.039063930511475,-24.338397979736328,17
14953,TACR3,6.386434555053711,-22.892982482910156,17
14954,TACSTD2,100.60591888427734,62.60931396484375,273
14955,TADA1,107.18113708496094,20.429088592529297,395
14956,TADA2A,98.69139862060547,21.567934036254883,360
14957,TADA2B,97.0743408203125,21.040836334228516,393
14958,TADA3,103.41444396972656,28.526620864868164,429
14959,TAF10,104.55933380126953,32.63154220581055,382
14960,TAF11,108.6777572631836,30.884349822998047,424
14961,TAF12,107.53886413574219,28.342912673950195,430
14962,TAF13,113.91224670410156,32.9029655456543,401
14963,TAF15,69.15638732910156,22.33376693725586,278
14964,TAF1A,109.51744842529297,2.0911929607391357,293
14965,TAF1B,112.16942596435547,18.924880981445312,405
14966,TAF1C,110.68663787841797,6.017642021179199,293
14967,TAF1D,90.50247192382812,30.581035614013672,321
14968,TAF1L,79.60784149169922,17.89725112915039,280
14969,TAF2,104.98760223388672,0.5067352652549744,313
14970,TAF3,88.1683349609375,23.94121551513672,411
14971,TAF4,73.55413055419922,28.187257766723633,281
14972,TAF4B,73.2437973022461,28.22262954711914,281
14973,TAF5,122.921875,49.60674285888672,66
14974,TAF5L,123.20519256591797,50.002197265625,66
14975,TAF6,83.61015319824219,25.361482620239258,349
14976,TAF6L,95.60374450683594,20.526302337646484,393
14977,TAF7,108.15408325195312,32.19741439819336,425
14978,TAF8,105.553466796875,27.51803207397461,430
14979,TAF9,106.08892822265625,27.910980224609375,430
14980,TAFA1,140.8299102783203,-19.05489158630371,244
14981,TAFA2,140.84971618652344,-19.059932708740234,244
14982,TAFA3,141.83380126953125,-19.047204971313477,221
14983,TAFA4,141.2905731201172,-19.09145736694336,248
14984,TAFA5,141.59701538085938,-19.36527442932129,221
14985,TAGAP,88.29817199707031,17.463546752929688,367
14986,TAGLN,104.9790267944336,15.616300582885742,324
14987,TAGLN2,104.65934753417969,15.230184555053711,324
14988,TAGLN3,104.98688507080078,15.389541625976562,324
14989,TAL1,76.8408203125,41.61732482910156,266
14990,TAL2,80.64671325683594,38.078369140625,264
14991,TALDO1,136.77694702148438,21.563425064086914,387
14992,TAMM41,124.62279510498047,18.307579040527344,466
14993,TANC1,93.01129150390625,4.995101451873779,374
14994,TANGO2,127.15119934082031,16.730731964111328,451
14995,TANGO6,105.14741516113281,1.5975761413574219,313
14996,TANK,86.36541748046875,19.148849487304688,418
14997,TAOK2,83.3816146850586,8.496994972229004,226
14998,TAOK3,86.395263671875,4.265982627868652,201
14999,TAP1,111.23968505859375,-23.25201988220215,135
15000,TAP2,111.24850463867188,-23.237733840942383,135
15001,TAPBP,98.21392059326172,67.6441650390625,259
15002,TAPBPL,97.80402374267578,67.57292175292969,259
15003,TAPT1,99.13270568847656,-29.083953857421875,156
15004,TARBP1,101.40288543701172,-2.9071390628814697,291
15005,TARBP2,116.01008605957031,22.86917495727539,363
15006,TARDBP,70.21935272216797,23.729999542236328,278
15007,TARM1,93.87509155273438,74.07942962646484,257
15008,TARS2,121.67124938964844,14.264516830444336,455
15009,TAS1R1,112.27436065673828,-27.902353286743164,123
15010,TAS1R2,112.35641479492188,-27.685924530029297,123
15011,TAS1R3,112.13673400878906,-27.41217803955078,123
15012,TAS2R1,-6.068819999694824,-28.724517822265625,16
15013,TAS2R10,-6.174325942993164,-29.061643600463867,16
15014,TAS2R13,-6.232396125793457,-28.837060928344727,16
15015,TAS2R14,-6.098861217498779,-28.754756927490234,16
15016,TAS2R16,-6.165438652038574,-28.786828994750977,16
15017,TAS2R19,-6.192075252532959,-28.81183624267578,16
15018,TAS2R20,-6.068127155303955,-28.73552703857422,16
15019,TAS2R3,-6.187271595001221,-28.811641693115234,16
15020,TAS2R30,-6.188104152679443,-28.801898956298828,16
15021,TAS2R31,-6.180108070373535,-28.801448822021484,16
15022,TAS2R38,-5.461097717285156,-28.3808536529541,16
15023,TAS2R39,-5.9806227684021,-28.662837982177734,16
15024,TAS2R4,-6.046181678771973,-28.710609436035156,16
15025,TAS2R40,-5.8470845222473145,-28.60805892944336,16
15026,TAS2R41,-5.562076091766357,-28.437192916870117,16
15027,TAS2R42,-6.153483867645264,-28.774417877197266,16
15028,TAS2R43,-6.211197853088379,-28.826801300048828,16
15029,TAS2R46,-6.192991733551025,-28.804712295532227,16
15030,TAS2R5,-6.132807731628418,-28.76337432861328,16
15031,TAS2R50,-6.18652868270874,-28.806486129760742,16
15032,TAS2R60,-5.588033676147461,-28.46234893798828,16
15033,TAS2R7,-6.092226982116699,-28.74335289001465,16
15034,TAS2R8,-6.164559841156006,-28.812118530273438,16
15035,TAS2R9,-6.164813995361328,-28.811813354492188,16
15036,TASOR,87.52770233154297,16.682357788085938,367
15037,TASOR2,84.16217041015625,17.885494232177734,318
15038,TASP1,126.5425796508789,16.968191146850586,451
15039,TAT,135.69273376464844,15.584566116333008,440
15040,TATDN1,125.4411392211914,20.0802059173584,468
15041,TATDN2,92.23243713378906,21.82886505126953,422
15042,TATDN3,126.69651794433594,19.55799674987793,467
15043,TAX1BP1,78.302001953125,2.9392871856689453,193
15044,TAX1BP3,101.35692596435547,17.048980712890625,381
15045,TBATA,91.24163818359375,38.229034423828125,331
15046,TBC1D1,94.31269836425781,8.044351577758789,320
15047,TBC1D10A,96.03602600097656,11.575271606445312,435
15048,TBC1D10B,97.32484436035156,15.385188102722168,409
15049,TBC1D10C,96.74180603027344,10.72206974029541,437
15050,TBC1D12,98.71818542480469,8.466544151306152,413
15051,TBC1D13,103.52654266357422,10.126304626464844,326
15052,TBC1D14,99.0260238647461,8.734964370727539,413
15053,TBC1D15,102.59300994873047,6.713951110839844,297
15054,TBC1D16,96.91151428222656,10.437687873840332,437
15055,TBC1D17,101.45980072021484,7.817515850067139,297
15056,TBC1D19,102.65641784667969,5.61941385269165,309
15057,TBC1D2,96.50237274169922,9.550018310546875,435
15058,TBC1D20,104.98307800292969,11.483556747436523,352
15059,TBC1D21,103.73909759521484,10.085540771484375,326
15060,TBC1D22A,100.27302551269531,8.760223388671875,413
15061,TBC1D22B,104.28245544433594,10.703739166259766,326
15062,TBC1D23,108.93927764892578,11.991606712341309,357
15063,TBC1D24,103.31822204589844,10.436736106872559,326
15064,TBC1D26,191.24046325683594,-3.8503262996673584,26
15065,TBC1D28,191.18263244628906,-3.8234031200408936,26
15066,TBC1D2B,98.48186492919922,8.727595329284668,413
15067,TBC1D3,191.26332092285156,-3.8645479679107666,26
15068,TBC1D30,90.65741729736328,14.187219619750977,356
15069,TBC1D31,86.70709228515625,7.4875593185424805,201
15070,TBC1D32,102.75334167480469,0.9172611236572266,308
15071,TBC1D3B,191.27017211914062,-3.8640031814575195,26
15072,TBC1D3C,191.2576904296875,-3.85522723197937,26
15073,TBC1D3D,191.26051330566406,-3.8640191555023193,26
15074,TBC1D3E,191.2698974609375,-3.8612802028656006,26
15075,TBC1D3F,191.21908569335938,-3.8526699542999268,26
15076,TBC1D3G,191.2631072998047,-3.8572375774383545,26
15077,TBC1D3H,191.25694274902344,-3.860010862350464,26
15078,TBC1D3I,191.26332092285156,-3.8601770401000977,26
15079,TBC1D3K,191.25070190429688,-3.855543375015259,26
15080,TBC1D3L,191.2625732421875,-3.859595537185669,26
15081,TBC1D4,93.62466430664062,8.501587867736816,380
15082,TBC1D5,94.80366516113281,7.411856174468994,320
15083,TBC1D7,109.2216567993164,14.828630447387695,357
15084,TBC1D8,98.48310852050781,5.363243103027344,368
15085,TBC1D9,97.73506927490234,4.634381294250488,368
15086,TBC1D9B,97.65830993652344,4.494181156158447,368
15087,TBCA,114.69868469238281,38.86024475097656,180
15088,TBCB,109.31547546386719,23.833982467651367,359
15089,TBCC,108.84504699707031,28.500654220581055,419
15090,TBCCD1,111.4799575805664,15.764775276184082,442
15091,TBCD,104.6810531616211,1.3091304302215576,313
15092,TBCEL,151.07220458984375,43.38874053955078,101
15093,TBCK,102.865478515625,5.532773971557617,309
15094,TBK1,103.68791198730469,11.541691780090332,326
15095,TBKBP1,87.34359741210938,20.138893127441406,418
15096,TBL1XR1,123.85757446289062,51.35253143310547,66
15097,TBL2,124.59466552734375,51.36122131347656,66
15098,TBL3,124.1485595703125,50.74061965942383,66
15099,TBP,73.37374877929688,30.55315399169922,274
15100,TBPL1,113.79948425292969,24.02947235107422,362
15101,TBPL2,97.24532318115234,38.688941955566406,341
15102,TBR1,71.8826675415039,37.48568344116211,268
15103,TBRG1,103.602783203125,22.926433563232422,406
15104,TBRG4,114.33317565917969,11.040128707885742,389
15105,TBX1,71.52133178710938,40.63550567626953,254
15106,TBX10,73.06233978271484,38.284976959228516,268
15107,TBX15,71.88826751708984,37.36479949951172,268
15108,TBX18,72.13143920898438,37.965171813964844,268
15109,TBX19,72.543701171875,37.17488098144531,268
15110,TBX2,70.57423400878906,41.45534133911133,254
15111,TBX20,72.5062026977539,38.59389114379883,268
15112,TBX21,71.4944839477539,38.317996978759766,268
15113,TBX3,70.91439056396484,41.28525161743164,254
15114,TBX4,72.222412109375,38.403587341308594,268
15115,TBX5,71.97813415527344,37.78390121459961,268
15116,TBX6,73.55311584472656,39.4508056640625,268
15117,TBXA2R,5.206093788146973,-24.550905227661133,17
15118,TBXAS1,158.56886291503906,10.106358528137207,69
15119,TBXT,72.47370147705078,38.093997955322266,268
15120,TC2N,98.1142349243164,2.9423954486846924,285
15121,TCAF1,126.24649810791016,3.961219310760498,205
15122,TCAF2,122.59506225585938,4.65226936340332,157
15123,TCAIM,111.26705169677734,12.900933265686035,386
15124,TCAP,96.65353393554688,40.35591506958008,341
15125,TCEA1,107.3947525024414,28.818044662475586,430
15126,TCEA2,98.15062713623047,27.382137298583984,436
15127,TCEA3,96.80950927734375,27.37074851989746,436
15128,TCEANC2,112.31999206542969,21.34067726135254,358
15129,TCERG1,76.22280883789062,22.359375,279
15130,TCERG1L,85.34224700927734,24.182537078857422,411
15131,TCF12,75.62110900878906,31.528018951416016,277
15132,TCF15,79.42749786376953,42.787330627441406,266
15133,TCF19,94.63092041015625,25.779361724853516,354
15134,TCF20,78.0414047241211,23.35935401916504,281
15135,TCF21,77.8304214477539,43.467018127441406,266
15136,TCF23,79.12107849121094,41.96675109863281,266
15137,TCF24,78.84671020507812,42.77350997924805,266
15138,TCF25,109.04948425292969,23.677656173706055,406
15139,TCF3,75.3368911743164,31.527751922607422,277
15140,TCF4,76.13349151611328,31.352760314941406,277
15141,TCF7,69.5364761352539,39.44694900512695,254
15142,TCF7L1,70.79972076416016,37.65519332885742,268
15143,TCF7L2,70.85006713867188,37.65415573120117,268
15144,TCFL5,96.05681610107422,29.993534088134766,321
15145,TCHH,71.5745849609375,7.681244850158691,194
15146,TCHHL1,87.25657653808594,40.84210205078125,302
15147,TCHP,76.16687774658203,7.9109978675842285,215
15148,TCIM,99.31271362304688,40.443058013916016,298
15149,TCIRG1,107.13639831542969,-32.31071853637695,132
15150,TCL1A,118.13538360595703,27.910396575927734,355
15151,TCL1B,118.16512298583984,28.471771240234375,355
15152,TCN1,137.59059143066406,-7.61328125,228
15153,TCN2,136.55795288085938,-5.537806510925293,229
15154,TCOF1,92.26339721679688,28.11641502380371,384
15155,TCP1,142.5398712158203,25.51136016845703,102
15156,TCP10L,94.13163757324219,38.36632537841797,342
15157,TCP11,106.92654418945312,13.082157135009766,351
15158,TCP11L1,107.08059692382812,13.166376113891602,351
15159,TCP11L2,106.92958068847656,14.615365982055664,351
15160,TCTA,101.3709945678711,48.501441955566406,263
15161,TCTE1,153.34555053710938,45.135860443115234,101
15162,TCTN1,119.18890380859375,-0.9516801834106445,191
15163,TCTN2,119.20563507080078,-0.5939068794250488,191
15164,TCTN3,119.74768829345703,-1.0979818105697632,191
15165,TDG,114.99472045898438,24.040760040283203,361
15166,TDGF1,142.0717010498047,-17.026268005371094,248
15167,TDO2,126.31440734863281,15.751480102539062,314
15168,TDP1,112.408935546875,15.208558082580566,442
15169,TDP2,115.81788635253906,19.567968368530273,462
15170,TDRD1,107.74769592285156,14.668707847595215,351
15171,TDRD10,111.82015991210938,18.78202247619629,405
15172,TDRD12,108.705078125,13.353311538696289,357
15173,TDRD15,83.32003784179688,19.216161727905273,318
15174,TDRD3,89.02400970458984,18.203115463256836,378
15175,TDRD5,99.95250701904297,19.330883026123047,402
15176,TDRD6,82.67279815673828,19.501178741455078,318
15177,TDRD7,109.27543640136719,13.351893424987793,357
15178,TDRD9,110.42145538330078,11.856088638305664,386
15179,TDRKH,109.22718048095703,16.928972244262695,375
15180,TDRP,100.58853149414062,36.09101486206055,341
15181,TEAD1,75.95448303222656,34.2009391784668,277
15182,TEAD2,76.22667694091797,34.060279846191406,277
15183,TEAD3,76.70468139648438,33.42536544799805,277
15184,TEAD4,76.94825744628906,33.87030792236328,277
15185,TEC,133.0230712890625,73.63465881347656,67
15186,TECPR1,100.30490112304688,4.284139633178711,368
15187,TECPR2,99.216064453125,3.7551755905151367,368
15188,TECR,95.41001892089844,-33.65781021118164,174
15189,TECRL,96.57838439941406,-33.050628662109375,172
15190,TECTA,127.12863159179688,-21.283435821533203,202
15191,TECTB,129.03125,-9.166131019592285,223
15192,TEDC1,108.99838256835938,19.763025283813477,395
15193,TEDC2,93.10371398925781,35.2060546875,338
15194,TEDDM1,93.49066925048828,-33.79039764404297,165
15195,TEF,79.76553344726562,37.74789810180664,264
15196,TEFM,122.9184799194336,23.970855712890625,465
15197,TEK,136.89202880859375,67.66098022460938,43
15198,TEKT1,72.61126708984375,10.105567932128906,215
15199,TEKT2,72.60627746582031,10.089370727539062,215
15200,TEKT3,72.49922180175781,10.217906951904297,215
15201,TEKT4,72.5916519165039,10.116257667541504,215
15202,TEKT5,72.41732788085938,10.454811096191406,215
15203,TELO2,107.37474060058594,5.0898261070251465,310
15204,TEN1,121.96621704101562,26.157085418701172,465
15205,TENM2,122.59588623046875,-18.513328552246094,220
15206,TENM3,122.65907287597656,-18.359302520751953,220
15207,TENT2,97.29409790039062,10.837652206420898,437
15208,TENT4A,92.14599609375,19.848102569580078,422
15209,TENT4B,98.5672378540039,20.536663055419922,404
15210,TENT5A,98.74948120117188,28.15912628173828,439
15211,TENT5B,105.69589233398438,23.034992218017578,406
15212,TENT5C,104.42222595214844,22.849937438964844,406
15213,TEP1,98.97712707519531,-4.720090866088867,291
15214,TEPP,120.84475708007812,24.486804962158203,465
15215,TEPSIN,97.60197448730469,14.490468978881836,409
15216,TERB1,94.3971939086914,16.677448272705078,333
15217,TERB2,99.83856201171875,25.81442642211914,439
15218,TERF1,101.76020812988281,26.91048812866211,429
15219,TERF2,101.0338134765625,28.572917938232422,429
15220,TERF2IP,101.91770935058594,32.70510482788086,346
15221,TERT,117.1558837890625,16.75146484375,452
15222,TES,97.05360412597656,26.624103546142578,434
15223,TESC,53.683692932128906,-3.3908822536468506,97
15224,TESK1,126.38664245605469,75.31881713867188,68
15225,TESK2,126.90660095214844,76.20268249511719,68
15226,TESMIN,93.13426971435547,34.83754348754883,338
15227,TESPA1,92.40283966064453,32.59117889404297,336
15228,TET1,80.80284881591797,20.487903594970703,318
15229,TET2,77.75242614746094,22.522127151489258,281
15230,TET3,78.82401275634766,21.660564422607422,281
15231,TEX10,103.98468017578125,0.4169202446937561,308
15232,TEX101,144.47262573242188,-19.377002716064453,221
15233,TEX12,98.74778747558594,36.62738037109375,341
15234,TEX14,87.88237762451172,16.167482376098633,367
15235,TEX15,83.63030242919922,20.606029510498047,318
15236,TEX19,95.35678100585938,37.900779724121094,340
15237,TEX2,91.71868133544922,16.439258575439453,378
15238,TEX22,94.3406982421875,45.93379592895508,301
15239,TEX26,87.05409240722656,42.47989273071289,305
15240,TEX261,92.7716064453125,-28.11610984802246,158
15241,TEX264,122.13362884521484,22.381011962890625,465
15242,TEX29,99.74822998046875,55.32753372192383,253
15243,TEX30,123.96682739257812,21.52997589111328,469
15244,TEX33,91.51631164550781,40.33432388305664,339
15245,TEX35,94.7885513305664,40.352230072021484,343
15246,TEX36,92.13593292236328,42.59858703613281,339
15247,TEX37,87.50070190429688,42.636268615722656,305
15248,TEX38,94.55966186523438,39.82679748535156,344
15249,TEX43,90.16846466064453,41.14578628540039,302
15250,TEX44,89.85367584228516,39.81105422973633,331
15251,TEX45,87.15225982666016,42.921112060546875,305
15252,TEX46,97.28419494628906,45.07041931152344,300
15253,TEX47,114.96220397949219,20.767662048339844,362
15254,TEX48,97.30671691894531,42.71347427368164,300
15255,TEX49,95.59851837158203,43.661659240722656,300
15256,TEX50,98.8882064819336,46.308189392089844,245
15257,TEX51,137.01165771484375,-9.85458755493164,241
15258,TEX52,91.06169128417969,39.049312591552734,331
15259,TEX53,96.37715148925781,43.77503967285156,300
15260,TEX54,97.29332733154297,41.1451416015625,298
15261,TEX55,87.94694519042969,40.16143035888672,302
15262,TEX9,78.15470123291016,8.226582527160645,227
15263,TFAM,129.94143676757812,31.73845100402832,330
15264,TFAP2A,68.01521301269531,41.66935729980469,256
15265,TFAP2B,67.7232666015625,41.49635314941406,256
15266,TFAP2C,67.9940185546875,40.854331970214844,256
15267,TFAP2D,67.80680847167969,41.764835357666016,256
15268,TFAP2E,68.02175903320312,41.212581634521484,256
15269,TFAP4,78.23712158203125,33.446533203125,277
15270,TFB1M,125.02871704101562,22.247344970703125,468
15271,TFB2M,125.1589126586914,23.84149932861328,464
15272,TFCP2,77.16051483154297,31.542768478393555,277
15273,TFCP2L1,76.77428436279297,32.985294342041016,277
15274,TFDP1,86.59075927734375,30.052387237548828,350
15275,TFDP2,84.7623062133789,30.904830932617188,349
15276,TFEB,78.95039367675781,35.33015823364258,264
15277,TFEC,79.40228271484375,36.11955642700195,264
15278,TFF1,146.32565307617188,-22.441617965698242,222
15279,TFF2,146.09107971191406,-22.203399658203125,222
15280,TFF3,145.92086791992188,-22.045286178588867,222
15281,TFG,75.58966827392578,26.877765655517578,281
15282,TFIP11,113.88482666015625,16.35270881652832,448
15283,TFPI,138.86656188964844,-18.110370635986328,244
15284,TFPI2,139.11720275878906,-17.414630889892578,244
15285,TFPT,101.14722442626953,35.45328903198242,345
15286,TFR2,132.20631408691406,2.0881872177124023,251
15287,TFRC,130.96046447753906,1.2339730262756348,251
15288,TG,124.79241943359375,-21.02267074584961,202
15289,TGDS,127.46875762939453,17.103187561035156,451
15290,TGFA,100.55097961425781,54.58134078979492,263
15291,TGFB1,144.35816955566406,-10.113186836242676,212
15292,TGFB1I1,95.58937072753906,26.909202575683594,354
15293,TGFB2,143.876953125,-10.272077560424805,212
15294,TGFB3,144.43914794921875,-10.266304969787598,212
15295,TGFBI,132.0289306640625,-10.508115768432617,224
15296,TGFBR1,135.75198364257812,68.81106567382812,42
15297,TGFBR2,135.72938537597656,68.85142517089844,42
15298,TGFBR3,129.9789276123047,-12.526309967041016,223
15299,TGFBR3L,99.29497528076172,39.85403823852539,292
15300,TGFBRAP1,107.71670532226562,1.8933533430099487,311
15301,TGIF1,81.10429382324219,36.18970489501953,264
15302,TGIF2,79.66555786132812,35.908851623535156,264
15303,TGM1,124.57594299316406,2.7752275466918945,200
15304,TGM2,124.2923812866211,3.0293960571289062,200
15305,TGM3,124.7169189453125,2.577887773513794,200
15306,TGM4,124.61345672607422,2.655478000640869,200
15307,TGM5,124.9587631225586,3.266167640686035,200
15308,TGM6,124.58097839355469,2.799858808517456,200
15309,TGM7,124.485595703125,2.9720301628112793,200
15310,TGOLN2,89.83277893066406,45.675968170166016,150
15311,TGS1,102.21217346191406,27.24979019165039,429
15312,TH,123.24789428710938,10.45724105834961,296
15313,THADA,100.7815933227539,-2.958667516708374,291
15314,THAP1,98.6281967163086,32.06462478637695,337
15315,THAP10,96.19152069091797,33.04253005981445,338
15316,THAP11,96.14787292480469,32.0222282409668,337
15317,THAP12,91.9551010131836,31.29427719116211,321
15318,THAP2,98.31996154785156,32.23360061645508,337
15319,THAP3,97.80912780761719,32.50245666503906,337
15320,THAP4,92.38569641113281,24.155780792236328,421
15321,THAP5,90.67328643798828,26.131742477416992,412
15322,THAP6,96.9535140991211,30.570640563964844,337
15323,THAP7,98.85365295410156,32.983821868896484,346
15324,THAP8,97.46000671386719,32.943363189697266,337
15325,THAP9,91.89501953125,30.90435791015625,321
15326,THBD,135.03273010253906,-15.897785186767578,236
15327,THBS1,132.28073120117188,-19.69682502746582,236
15328,THBS2,132.5035400390625,-19.455724716186523,236
15329,THBS3,132.84425354003906,-19.565906524658203,236
15330,THBS4,132.68125915527344,-19.5161190032959,236
15331,THEG,88.49038696289062,40.74061965942383,302
15332,THEGL,87.37774658203125,42.417510986328125,305
15333,THEM4,129.17271423339844,26.187475204467773,330
15334,THEM5,129.0140838623047,21.150863647460938,327
15335,THEM6,125.58085632324219,21.905567169189453,468
15336,THEMIS,113.35834503173828,7.404621124267578,214
15337,THEMIS2,107.0046157836914,9.352497100830078,297
15338,THG1L,123.25399780273438,22.70817756652832,470
15339,THNSL1,116.40864562988281,18.13939094543457,461
15340,THNSL2,130.60960388183594,18.25529670715332,457
15341,THOC1,106.42489624023438,9.32573413848877,297
15342,THOC3,124.4199447631836,51.4420280456543,66
15343,THOC5,112.94219970703125,15.306950569152832,442
15344,THOC6,124.72688293457031,50.79852294921875,66
15345,THOC7,109.83218383789062,30.691509246826172,419
15346,THOP1,126.76972198486328,7.061590194702148,205
15347,THPO,110.57368469238281,57.434444427490234,112
15348,THRA,57.051490783691406,38.89888381958008,86
15349,THRAP3,70.79791259765625,18.06673240661621,120
15350,THRB,56.979122161865234,38.7709846496582,86
15351,THRSP,97.5399398803711,37.50663375854492,341
15352,THSD1,100.36360168457031,61.724830627441406,273
15353,THSD4,132.12319946289062,-18.994243621826172,236
15354,THSD7A,131.57362365722656,-18.998422622680664,236
15355,THSD7B,131.52516174316406,-19.324710845947266,236
15356,THSD8,142.63768005371094,-12.340569496154785,247
15357,THTPA,119.66983795166016,21.240501403808594,446
15358,THUMPD1,111.89704895019531,26.511695861816406,377
15359,THUMPD2,118.11735534667969,21.196325302124023,446
15360,THUMPD3,115.79010009765625,21.504257202148438,362
15361,THY1,97.52117919921875,64.80449676513672,272
15362,THYN1,124.49159240722656,25.59370994567871,464
15363,TIA1,70.45387268066406,28.20623016357422,276
15364,TIAL1,70.54682159423828,25.878761291503906,276
15365,TIAM1,89.54832458496094,9.028347969055176,370
15366,TIAM2,88.97467803955078,8.903416633605957,370
15367,TICAM1,89.19976806640625,25.45389175415039,412
15368,TICAM2,108.69853973388672,18.045438766479492,375
15369,TICRR,87.71678161621094,23.525447845458984,411
15370,TIE1,137.07650756835938,67.56394958496094,43
15371,TIFA,103.49971771240234,19.436107635498047,364
15372,TIFAB,103.77722930908203,17.75418472290039,364
15373,TIGAR,120.72685241699219,20.786027908325195,446
15374,TIGD1,93.08548736572266,30.89250373840332,321
15375,TIGD2,93.37394714355469,31.38105010986328,321
15376,TIGD3,92.60710144042969,31.58863067626953,321
15377,TIGD4,93.403564453125,31.523395538330078,321
15378,TIGD5,91.91847229003906,30.70868682861328,321
15379,TIGD6,93.51807403564453,31.56955909729004,321
15380,TIGD7,93.00680541992188,31.688636779785156,321
15381,TIGIT,96.29661560058594,67.74884033203125,259
15382,TIMD4,93.76370239257812,62.99160385131836,250
15383,TIMELESS,102.47490692138672,1.450165033340454,308
15384,TIMM10,124.70397186279297,38.14470672607422,184
15385,TIMM10B,124.07604217529297,37.740272521972656,184
15386,TIMM13,124.38998413085938,37.48503494262695,184
15387,TIMM17A,137.28176879882812,37.6215705871582,271
15388,TIMM21,129.94296264648438,29.240154266357422,330
15389,TIMM22,137.14553833007812,37.75404357910156,271
15390,TIMM23,137.0780792236328,37.813995361328125,271
15391,TIMM23B,137.08578491210938,37.77356719970703,271
15392,TIMM29,123.73641204833984,26.02837562561035,465
15393,TIMM44,127.22618103027344,27.950613021850586,330
15394,TIMM50,127.25932312011719,25.04861068725586,329
15395,TIMM8B,124.37443542480469,37.66564178466797,184
15396,TIMM9,124.78257751464844,38.24674987792969,184
15397,TIMMDC1,137.08090209960938,37.74587631225586,271
15398,TIMP2,138.38758850097656,-13.012591361999512,246
15399,TIMP3,138.4574737548828,-13.339237213134766,246
15400,TIMP4,139.1512451171875,-12.740221977233887,246
15401,TINAG,136.61444091796875,-22.561031341552734,146
15402,TINAGL1,136.90899658203125,-15.995521545410156,230
15403,TINCR,111.25636291503906,33.247291564941406,391
15404,TINF2,97.74292755126953,34.5780029296875,338
15405,TIPARP,93.69880676269531,22.57674789428711,421
15406,TIPIN,108.31261444091797,31.207374572753906,424
15407,TIPRL,111.07537078857422,24.464996337890625,359
15408,TIRAP,105.90328979492188,20.138919830322266,364
15409,TJAP1,87.5350112915039,17.119251251220703,367
15410,TJP1,87.43476867675781,9.61040210723877,370
15411,TJP2,88.58280944824219,8.967935562133789,370
15412,TJP3,91.57537841796875,10.103584289550781,379
15413,TK1,117.2301025390625,21.438053131103516,446
15414,TK2,126.6070556640625,24.10287094116211,329
15415,TKFC,133.0247039794922,17.303037643432617,440
15416,TKT,137.11825561523438,20.4689998626709,387
15417,TKTL2,134.81741333007812,19.780574798583984,387
15418,TLCD1,94.69173431396484,-33.5451545715332,175
15419,TLCD2,94.58512878417969,-33.56304168701172,175
15420,TLCD3A,94.39095306396484,-33.66034698486328,175
15421,TLCD3B,94.92145538330078,-33.53858947753906,175
15422,TLCD4,95.66905212402344,-34.156307220458984,174
15423,TLCD5,94.79615020751953,-33.54914093017578,175
15424,TLDC2,102.26069641113281,14.375640869140625,353
15425,TLE1,121.97257995605469,50.892730712890625,66
15426,TLE2,121.68028259277344,50.70871353149414,66
15427,TLE3,121.881103515625,51.101524353027344,66
15428,TLE4,122.04329681396484,51.04631805419922,66
15429,TLE5,70.06363677978516,39.049068450927734,268
15430,TLE6,123.7281494140625,50.72908020019531,66
15431,TLE7,124.56591796875,51.59845733642578,66
15432,TLK1,130.14266967773438,73.93331909179688,68
15433,TLK2,129.18954467773438,74.73961639404297,68
15434,TLL1,131.1573486328125,-17.715789794921875,236
15435,TLL2,131.43443298339844,-18.221668243408203,236
15436,TLN1,94.4443130493164,-7.295802116394043,110
15437,TLN2,94.41575622558594,-6.509642124176025,290
15438,TLNRD1,101.81669616699219,32.833900451660156,346
15439,TLR1,156.30189514160156,45.61737823486328,105
15440,TLR10,156.32144165039062,45.45599365234375,105
15441,TLR2,156.1609649658203,45.808197021484375,105
15442,TLR3,155.96542358398438,45.48785400390625,105
15443,TLR5,156.30906677246094,45.63427734375,105
15444,TLR6,156.3587646484375,45.666927337646484,105
15445,TLR9,156.82200622558594,45.83985137939453,105
15446,TLX1,66.99313354492188,45.146942138671875,261
15447,TLX2,67.36617279052734,46.55742263793945,261
15448,TLX3,67.33847045898438,46.56254196166992,261
15449,TM2D1,129.56005859375,-6.412229537963867,224
15450,TM2D2,129.80006408691406,-7.239260196685791,224
15451,TM2D3,131.07046508789062,-7.740413665771484,224
15452,TM4SF1,84.1002197265625,-31.396827697753906,125
15453,TM4SF18,84.49996948242188,-30.462238311767578,125
15454,TM4SF19,84.78709411621094,-31.885154724121094,125
15455,TM4SF20,84.30560302734375,-30.218666076660156,125
15456,TM4SF4,84.3067855834961,-31.368751525878906,125
15457,TM4SF5,84.53141784667969,-31.333885192871094,125
15458,TM6SF1,98.02262115478516,-31.38119125366211,171
15459,TM6SF2,97.68566131591797,-31.584596633911133,171
15460,TM7SF2,95.72084045410156,-33.167057037353516,174
15461,TM7SF3,105.33708190917969,-28.240488052368164,132
15462,TM9SF1,103.95148468017578,-30.455188751220703,156
15463,TM9SF2,102.7073745727539,-30.57868194580078,156
15464,TM9SF3,103.26919555664062,-30.858213424682617,156
15465,TM9SF4,104.10335540771484,-30.929340362548828,156
15466,TMA16,112.45487976074219,33.28347396850586,391
15467,TMA7,117.92623901367188,39.010318756103516,186
15468,TMBIM1,79.50132751464844,30.068592071533203,188
15469,TMBIM4,92.98875427246094,-28.403228759765625,158
15470,TMBIM6,94.10338592529297,-29.487886428833008,159
15471,TMC1,107.00043487548828,-30.157760620117188,132
15472,TMC2,106.9625015258789,-29.98457908630371,132
15473,TMC3,107.43574523925781,-29.216869354248047,132
15474,TMC4,106.74288940429688,-30.354839324951172,132
15475,TMC5,107.07603454589844,-30.229373931884766,132
15476,TMC6,105.92509460449219,-30.383377075195312,132
15477,TMC7,106.76605224609375,-30.56114959716797,132
15478,TMC8,106.00491333007812,-30.6470890045166,132
15479,TMCC1,84.26051330566406,8.767621040344238,226
15480,TMCC2,84.0829849243164,8.237142562866211,226
15481,TMCC3,82.65840148925781,7.5705156326293945,227
15482,TMCO1,92.83708190917969,-25.171396255493164,158
15483,TMCO2,98.30341339111328,45.81515884399414,245
15484,TMCO3,101.69707489013672,-34.88294982910156,162
15485,TMCO4,122.45438385009766,4.842637062072754,157
15486,TMCO5A,73.42487335205078,7.567819595336914,194
15487,TMCO6,107.50038146972656,5.1811628341674805,310
15488,TMED1,127.78880310058594,-3.0412886142730713,234
15489,TMED10,127.05704498291016,-3.7398877143859863,234
15490,TMED2,127.08924102783203,-3.7627506256103516,234
15491,TMED3,127.1956558227539,-3.7573254108428955,234
15492,TMED4,127.04185485839844,-3.455806255340576,234
15493,TMED5,127.04619598388672,-3.880153179168701,234
15494,TMED6,127.79197692871094,-3.3318231105804443,234
15495,TMED7,126.97928619384766,-3.6189513206481934,234
15496,TMED8,105.14130401611328,22.749223709106445,406
15497,TMED9,127.03811645507812,-3.533493995666504,234
15498,TMEFF1,134.75782775878906,-17.510478973388672,236
15499,TMEFF2,134.0869903564453,-17.971660614013672,236
15500,TMEM100,100.58724212646484,48.94706726074219,263
15501,TMEM101,94.46662139892578,-31.117210388183594,166
15502,TMEM102,111.26823425292969,8.745452880859375,306
15503,TMEM104,100.94000244140625,-35.86780548095703,162
15504,TMEM106A,123.38163757324219,-2.7088725566864014,234
15505,TMEM106C,123.24150848388672,-2.794358253479004,234
15506,TMEM107,91.99580383300781,-27.691707611083984,158
15507,TMEM108,92.00648498535156,54.50893783569336,147
15508,TMEM109,98.7291259765625,-26.55325698852539,161
15509,TMEM11,123.1479721069336,26.248661041259766,465
15510,TMEM114,84.78443145751953,-32.61320114135742,125
15511,TMEM115,99.0468521118164,-26.002178192138672,161
15512,TMEM116,4.846858024597168,-25.141408920288086,17
15513,TMEM117,107.3928451538086,-16.343915939331055,107
15514,TMEM119,97.89305114746094,46.97461700439453,245
15515,TMEM120A,97.0576171875,-32.95867156982422,172
15516,TMEM120B,99.24517822265625,-31.96061897277832,170
15517,TMEM121,97.73658752441406,-24.684341430664062,161
15518,TMEM121B,94.34436798095703,30.456317901611328,321
15519,TMEM123,92.7823486328125,55.96857452392578,147
15520,TMEM125,87.01432037353516,-30.716781616210938,124
15521,TMEM126A,136.25807189941406,38.499847412109375,271
15522,TMEM126B,136.0821075439453,38.75634002685547,271
15523,TMEM127,85.42637634277344,-31.773422241210938,125
15524,TMEM128,93.46370697021484,-27.367443084716797,158
15525,TMEM129,100.82251739501953,-17.09204864501953,148
15526,TMEM130,100.06852722167969,61.716880798339844,273
15527,TMEM131,92.65522003173828,0.31373393535614014,265
15528,TMEM131L,91.63188171386719,1.9418739080429077,265
15529,TMEM132A,121.71121215820312,-15.654216766357422,219
15530,TMEM132B,122.7724609375,-14.730539321899414,219
15531,TMEM132C,122.85719299316406,-14.715927124023438,219
15532,TMEM132D,122.8669662475586,-14.886362075805664,219
15533,TMEM132E,122.62088775634766,-14.638017654418945,219
15534,TMEM134,102.32537841796875,40.263580322265625,292
15535,TMEM135,112.88722229003906,-59.93658447265625,48
15536,TMEM138,92.75397491455078,-27.618410110473633,158
15537,TMEM139,98.53145599365234,53.41936111450195,262
15538,TMEM140,85.19609069824219,-32.21215057373047,125
15539,TMEM141,136.61427307128906,38.928836822509766,271
15540,TMEM143,117.13484191894531,13.24571704864502,319
15541,TMEM144,100.33901977539062,-39.678958892822266,153
15542,TMEM145,100.98301696777344,-28.659399032592773,156
15543,TMEM147,93.56453704833984,-29.44687271118164,159
15544,TMEM14A,136.57972717285156,38.2490119934082,271
15545,TMEM14B,136.76385498046875,38.01677322387695,271
15546,TMEM14C,136.6261444091797,37.70073699951172,271
15547,TMEM150A,91.00711822509766,-32.97382736206055,165
15548,TMEM150B,88.61942291259766,-32.876888275146484,124
15549,TMEM150C,93.02749633789062,-33.92171859741211,165
15550,TMEM151A,102.08873748779297,-20.289108276367188,148
15551,TMEM151B,101.9789047241211,-20.363130569458008,148
15552,TMEM154,99.40876007080078,54.12453079223633,263
15553,TMEM156,96.81910705566406,65.01815795898438,259
15554,TMEM158,100.81918334960938,37.02797317504883,341
15555,TMEM160,129.28878784179688,30.173587799072266,330
15556,TMEM161A,98.34967803955078,-30.087085723876953,171
15557,TMEM161B,98.41366577148438,-30.063154220581055,171
15558,TMEM163,100.00080108642578,-34.38343811035156,162
15559,TMEM165,100.35772705078125,-33.396095275878906,162
15560,TMEM167A,91.6297836303711,-26.228818893432617,158
15561,TMEM167B,92.2463607788086,-26.230884552001953,158
15562,TMEM168,127.3537368774414,6.352463722229004,205
15563,TMEM169,101.17984771728516,41.88026428222656,294
15564,TMEM17,95.11924743652344,-28.169818878173828,159
15565,TMEM170A,92.54718780517578,-26.748945236206055,158
15566,TMEM170B,92.74569702148438,-26.11315155029297,158
15567,TMEM171,98.20719909667969,53.99224090576172,262
15568,TMEM174,98.01367950439453,53.31337356567383,262
15569,TMEM175,99.23602294921875,-34.0958137512207,170
15570,TMEM176A,84.73324584960938,-28.050945281982422,121
15571,TMEM176B,84.6613998413086,-28.125640869140625,121
15572,TMEM177,123.32047271728516,20.78424644470215,470
15573,TMEM178A,84.08827209472656,-33.12803268432617,125
15574,TMEM178B,84.04598236083984,-33.07051086425781,125
15575,TMEM179,85.77925872802734,-30.840557098388672,124
15576,TMEM179B,86.71276092529297,-29.868698120117188,124
15577,TMEM18,92.49610137939453,-26.732620239257812,158
15578,TMEM181,102.26582336425781,-30.38449478149414,156
15579,TMEM182,84.54853820800781,-32.3157958984375,125
15580,TMEM183A,104.85708618164062,21.753509521484375,406
15581,TMEM184A,99.07154846191406,-30.632314682006836,171
15582,TMEM184B,97.97303771972656,-28.557289123535156,161
15583,TMEM184C,100.04454803466797,-28.098737716674805,156
15584,TMEM185B,94.99592590332031,-27.528194427490234,159
15585,TMEM186,127.93330383300781,27.17277717590332,330
15586,TMEM19,98.21762084960938,-31.671363830566406,171
15587,TMEM190,141.00979614257812,-16.5198974609375,248
15588,TMEM191B,100.59960174560547,31.817359924316406,346
15589,TMEM191C,100.38765716552734,31.897071838378906,346
15590,TMEM192,97.90531158447266,-26.229381561279297,161
15591,TMEM196,84.73074340820312,-31.241931915283203,125
15592,TMEM198,98.0484390258789,-24.841806411743164,161
15593,TMEM199,98.31244659423828,-19.104534149169922,149
15594,TMEM200A,98.45082092285156,50.26000213623047,263
15595,TMEM200B,96.93583679199219,40.118202209472656,341
15596,TMEM200C,98.40971374511719,48.836814880371094,245
15597,TMEM201,96.91979217529297,22.88138198852539,360
15598,TMEM202,85.17233276367188,-31.640865325927734,125
15599,TMEM203,94.62268829345703,-27.3403377532959,155
15600,TMEM204,84.7518310546875,-32.20033264160156,125
15601,TMEM205,127.66021728515625,-2.0290579795837402,234
15602,TMEM207,98.37666320800781,53.60921859741211,262
15603,TMEM208,93.19999694824219,-27.061138153076172,158
15604,TMEM209,91.82980346679688,19.727720260620117,422
15605,TMEM210,98.7807388305664,53.277748107910156,262
15606,TMEM212,85.55533599853516,-29.904062271118164,124
15607,TMEM213,145.37255859375,-19.622404098510742,221
15608,TMEM214,107.72950744628906,4.13918399810791,310
15609,TMEM215,98.06733703613281,51.049461364746094,263
15610,TMEM216,92.90528869628906,-28.35312843322754,158
15611,TMEM217,5.293577194213867,-22.5277042388916,17
15612,TMEM218,93.3665542602539,-27.98897933959961,158
15613,TMEM219,131.4120635986328,-1.3788256645202637,252
15614,TMEM220,92.79776763916016,-27.80886459350586,158
15615,TMEM221,95.81078338623047,-25.30799674987793,155
15616,TMEM222,117.29469299316406,23.65007209777832,372
15617,TMEM223,129.30645751953125,28.86266326904297,330
15618,TMEM225,84.87067413330078,-31.93639373779297,125
15619,TMEM225B,84.85428619384766,-32.065284729003906,125
15620,TMEM229A,95.19825744628906,-33.15570068359375,174
15621,TMEM229B,94.74837493896484,-33.846412658691406,175
15622,TMEM230,101.13005065917969,49.4432373046875,263
15623,TMEM231,119.19269561767578,-1.1327413320541382,191
15624,TMEM232,96.151123046875,5.812292098999023,320
15625,TMEM233,100.51596069335938,47.498374938964844,263
15626,TMEM234,97.093017578125,-29.947982788085938,167
15627,TMEM235,84.63324737548828,-32.06257629394531,125
15628,TMEM236,98.33232879638672,-25.56492805480957,161
15629,TMEM237,99.86744689941406,-32.9218864440918,170
15630,TMEM238,99.41322326660156,34.839141845703125,345
15631,TMEM238L,86.66678619384766,-31.190319061279297,124
15632,TMEM239,97.86433410644531,-24.705686569213867,161
15633,TMEM240,100.040283203125,-19.533273696899414,148
15634,TMEM241,98.48213958740234,-32.5441780090332,170
15635,TMEM242,136.67068481445312,38.2661018371582,271
15636,TMEM243,91.36152648925781,-27.236865997314453,158
15637,TMEM244,94.35910034179688,-28.30438804626465,159
15638,TMEM245,100.4647445678711,-29.655256271362305,156
15639,TMEM247,99.36082458496094,37.77641677856445,341
15640,TMEM248,126.90914916992188,-4.051298141479492,234
15641,TMEM249,124.90921783447266,5.993399620056152,204
15642,TMEM25,100.43292236328125,63.58775329589844,273
15643,TMEM250,95.74009704589844,44.29571533203125,300
15644,TMEM251,92.52483367919922,-26.01426887512207,158
15645,TMEM252,98.50806427001953,54.20284652709961,262
15646,TMEM253,86.24435424804688,-28.097835540771484,121
15647,TMEM254,94.94300079345703,-32.03520965576172,166
15648,TMEM255B,85.92349243164062,-27.940101623535156,121
15649,TMEM256,134.8744354248047,36.50017166137695,271
15650,TMEM258,91.51504516601562,-26.43069839477539,158
15651,TMEM259,100.48959350585938,-28.538280487060547,156
15652,TMEM26,98.6766357421875,-28.5649471282959,161
15653,TMEM260,102.56867218017578,-28.987119674682617,156
15654,TMEM262,86.36083984375,-30.859926223754883,124
15655,TMEM263,103.34525299072266,40.8759651184082,199
15656,TMEM265,101.19140625,44.706119537353516,294
15657,TMEM266,104.94515228271484,-22.50360870361328,136
15658,TMEM267,97.0663833618164,-31.928672790527344,171
15659,TMEM268,107.71299743652344,11.107444763183594,357
15660,TMEM269,98.23408508300781,-31.640396118164062,171
15661,TMEM270,99.05586242675781,-25.826814651489258,161
15662,TMEM271,94.08384704589844,36.068668365478516,338
15663,TMEM272,90.57438659667969,-28.47057342529297,158
15664,TMEM273,100.4527359008789,53.47150802612305,263
15665,TMEM275,100.76655578613281,51.35375213623047,263
15666,TMEM30A,125.11820983886719,-5.427057266235352,234
15667,TMEM30B,125.01519775390625,-5.629692077636719,234
15668,TMEM33,94.69606018066406,-28.759477615356445,159
15669,TMEM35B,93.82199096679688,-30.78872299194336,159
15670,TMEM37,85.3715591430664,-32.297157287597656,125
15671,TMEM38A,97.10480499267578,-31.29924774169922,171
15672,TMEM38B,96.9003677368164,-31.892175674438477,171
15673,TMEM39A,97.70472717285156,-27.167346954345703,161
15674,TMEM39B,97.4891357421875,-26.3034725189209,161
15675,TMEM40,102.05999755859375,40.6197395324707,292
15676,TMEM41A,97.66185760498047,-30.634584426879883,171
15677,TMEM41B,99.39723205566406,-32.252647399902344,170
15678,TMEM42,97.9090805053711,-31.964893341064453,171
15679,TMEM43,114.34420776367188,2.01820707321167,293
15680,TMEM44,88.32904815673828,-26.84359359741211,121
15681,TMEM45A,93.55705261230469,-33.927940368652344,165
15682,TMEM45B,93.1838150024414,-34.176631927490234,165
15683,TMEM50A,91.10706329345703,-28.30705451965332,158
15684,TMEM50B,91.08625793457031,-27.82952880859375,158
15685,TMEM51,98.48060607910156,54.2914924621582,262
15686,TMEM52,98.31832885742188,53.758731842041016,262
15687,TMEM52B,98.52791595458984,53.90906524658203,262
15688,TMEM53,127.40158081054688,11.316890716552734,196
15689,TMEM54,86.12864685058594,-29.930557250976562,124
15690,TMEM59,126.4517593383789,-4.315016269683838,234
15691,TMEM59L,126.78602600097656,-5.980584144592285,234
15692,TMEM60,94.11941528320312,-28.15194320678711,159
15693,TMEM61,98.6142807006836,53.629188537597656,262
15694,TMEM62,99.97744750976562,-29.631624221801758,156
15695,TMEM63A,106.65335845947266,-30.79709815979004,132
15696,TMEM63B,107.25016784667969,-30.56015396118164,132
15697,TMEM63C,106.17025756835938,-30.686981201171875,132
15698,TMEM64,98.20838928222656,-24.838836669921875,161
15699,TMEM65,129.75816345214844,28.67778778076172,330
15700,TMEM67,118.99879455566406,-1.0792020559310913,191
15701,TMEM68,127.6740951538086,9.742363929748535,196
15702,TMEM69,130.85264587402344,29.53662872314453,330
15703,TMEM70,130.128173828125,29.537935256958008,330
15704,TMEM71,94.02344512939453,35.31401824951172,338
15705,TMEM72,88.55728912353516,-27.380096435546875,124
15706,TMEM74,100.63643646240234,48.26416015625,263
15707,TMEM74B,100.4041976928711,47.66477584838867,263
15708,TMEM79,96.75335693359375,-30.130794525146484,167
15709,TMEM80,95.92903137207031,-29.31357192993164,161
15710,TMEM81,101.35901641845703,58.76176452636719,242
15711,TMEM82,99.06317138671875,-28.921905517578125,156
15712,TMEM86A,93.61305236816406,-31.937942504882812,166
15713,TMEM86B,94.59571838378906,-32.915061950683594,175
15714,TMEM87A,102.34683227539062,-29.98758316040039,156
15715,TMEM87B,102.41085052490234,-30.26971435546875,156
15716,TMEM88,96.61910247802734,-22.7181453704834,149
15717,TMEM88B,96.85177612304688,-24.84667205810547,155
15718,TMEM89,96.20802307128906,43.83369445800781,300
15719,TMEM9,125.59596252441406,-4.023141860961914,234
15720,TMEM91,100.64632415771484,46.067474365234375,263
15721,TMEM92,98.4359130859375,53.79762268066406,262
15722,TMEM94,113.12649536132812,-32.48833465576172,114
15723,TMEM95,136.75848388671875,-9.862853050231934,241
15724,TMEM97,95.62645721435547,-32.28868103027344,166
15725,TMEM98,110.09602355957031,28.09727668762207,419
15726,TMEM9B,102.22727966308594,53.81816482543945,263
15727,TMF1,76.50751495361328,3.437859058380127,232
15728,TMIE,102.74654388427734,47.728084564208984,263
15729,TMIGD1,97.16629791259766,67.8892822265625,259
15730,TMIGD2,95.28189086914062,67.23692321777344,259
15731,TMIGD3,95.92498016357422,67.90022277832031,259
15732,TMOD1,109.33483123779297,16.71729850769043,375
15733,TMOD2,108.62138366699219,16.745922088623047,375
15734,TMOD3,108.44267272949219,16.067996978759766,375
15735,TMOD4,109.5877914428711,16.029041290283203,375
15736,TMPO,91.93510437011719,26.975900650024414,384
15737,TMPPE,127.17460632324219,6.546039581298828,205
15738,TMPRSS11A,138.19467163085938,-28.816059112548828,145
15739,TMPRSS11B,138.55482482910156,-29.546049118041992,145
15740,TMPRSS11D,138.55615234375,-29.538681030273438,145
15741,TMPRSS11E,138.30751037597656,-28.90287208557129,145
15742,TMPRSS11F,138.42953491210938,-29.20954704284668,145
15743,TMPRSS12,138.8100128173828,-30.194093704223633,145
15744,TMPRSS13,137.27110290527344,-26.637239456176758,146
15745,TMPRSS15,135.362060546875,-23.92756462097168,146
15746,TMPRSS2,137.73536682128906,-27.515830993652344,145
15747,TMPRSS3,137.25048828125,-26.409605026245117,146
15748,TMPRSS4,137.8585968017578,-27.59054183959961,145
15749,TMPRSS5,137.0113983154297,-25.70098114013672,146
15750,TMPRSS6,135.80792236328125,-23.43585205078125,146
15751,TMPRSS7,135.56520080566406,-23.801916122436523,146
15752,TMPRSS9,137.58724975585938,-27.318212509155273,146
15753,TMSB10,118.80303955078125,38.26516342163086,186
15754,TMTC1,102.77166748046875,-28.45981788635254,156
15755,TMTC2,102.91238403320312,-28.2961368560791,156
15756,TMTC3,102.60746765136719,-28.11145782470703,156
15757,TMTC4,102.39825439453125,-28.71746063232422,156
15758,TMUB1,102.7093505859375,39.263694763183594,295
15759,TMUB2,103.28463745117188,40.12092590332031,199
15760,TMX1,126.75149536132812,-3.392709255218506,234
15761,TMX2,127.2205810546875,3.903654098510742,205
15762,TMX3,126.11738586425781,0.46401119232177734,233
15763,TMX4,106.51619720458984,-8.290871620178223,106
15764,TNC,126.11717987060547,-21.75295066833496,202
15765,TNF,156.57273864746094,-7.466500282287598,100
15766,TNFAIP1,106.85069274902344,21.87125015258789,406
15767,TNFAIP2,105.52137756347656,5.998862266540527,299
15768,TNFAIP3,90.32035064697266,20.006006240844727,414
15769,TNFAIP6,140.6045684814453,-11.449690818786621,246
15770,TNFAIP8,107.92572784423828,27.470237731933594,430
15771,TNFAIP8L1,106.16340637207031,27.74207878112793,430
15772,TNFAIP8L2,107.45510864257812,27.76320457458496,430
15773,TNFAIP8L3,108.19145202636719,27.82973861694336,430
15774,TNFRSF10A,98.83045959472656,58.20912170410156,242
15775,TNFRSF10B,98.2000732421875,58.51448440551758,242
15776,TNFRSF10C,96.98591613769531,58.63702392578125,242
15777,TNFRSF10D,98.24161529541016,58.94538497924805,242
15778,TNFRSF11A,98.95751190185547,59.08793640136719,242
15779,TNFRSF11B,98.4336929321289,58.54230880737305,242
15780,TNFRSF12A,100.79529571533203,56.843204498291016,253
15781,TNFRSF13B,98.4583969116211,59.201351165771484,242
15782,TNFRSF13C,99.88353729248047,51.77928924560547,263
15783,TNFRSF14,98.26676940917969,59.17649841308594,242
15784,TNFRSF17,100.10981750488281,60.75313949584961,273
15785,TNFRSF18,98.72412872314453,58.924224853515625,242
15786,TNFRSF19,98.69579315185547,58.04668426513672,242
15787,TNFRSF1A,98.5336685180664,58.95368194580078,242
15788,TNFRSF1B,97.8564453125,58.562400817871094,242
15789,TNFRSF21,98.59503936767578,57.90711975097656,242
15790,TNFRSF25,99.05949401855469,59.465538024902344,242
15791,TNFRSF4,97.63298034667969,60.05580520629883,242
15792,TNFRSF6B,137.02032470703125,-17.783191680908203,236
15793,TNFRSF8,98.37251281738281,58.96515655517578,242
15794,TNFRSF9,98.11512756347656,59.842037200927734,242
15795,TNFSF10,156.62591552734375,-7.4257659912109375,100
15796,TNFSF11,156.5621795654297,-7.698757648468018,100
15797,TNFSF12,155.68234252929688,-8.465460777282715,100
15798,TNFSF13,156.00042724609375,-7.918332099914551,100
15799,TNFSF13B,156.6373291015625,-7.403014183044434,100
15800,TNFSF14,156.656494140625,-7.604593276977539,100
15801,TNFSF15,156.58827209472656,-7.634753227233887,100
15802,TNFSF18,156.77993774414062,-7.486454010009766,100
15803,TNFSF4,157.03530883789062,-6.8859758377075195,100
15804,TNFSF8,156.72982788085938,-7.520118236541748,100
15805,TNFSF9,155.4122772216797,-8.309469223022461,100
15806,TNIK,85.54785919189453,6.506708145141602,201
15807,TNIP1,78.19342041015625,5.256608009338379,225
15808,TNIP2,78.93832397460938,5.777743339538574,227
15809,TNIP3,77.91354370117188,5.457891464233398,225
15810,TNK1,130.61537170410156,73.09845733642578,68
15811,TNK2,87.28397369384766,12.088995933532715,369
15812,TNKS,137.62930297851562,53.038448333740234,90
15813,TNKS1BP1,85.53645324707031,28.727357864379883,349
15814,TNKS2,137.2011260986328,52.6109733581543,89
15815,TNN,127.32540130615234,-20.362646102905273,202
15816,TNNC1,52.465606689453125,-4.495265960693359,98
15817,TNNC2,52.749290466308594,-4.222848415374756,98
15818,TNNI1,109.06411743164062,37.0607795715332,284
15819,TNNI2,109.39649963378906,37.497032165527344,284
15820,TNNI3,109.19873046875,37.37470245361328,284
15821,TNNI3K,137.14768981933594,52.45006561279297,89
15822,TNNT1,108.97218322753906,36.63467025756836,284
15823,TNNT2,108.71759033203125,36.964439392089844,284
15824,TNNT3,108.60592651367188,36.961570739746094,284
15825,TNP1,98.26686096191406,43.61233139038086,300
15826,TNP2,94.33577728271484,43.70139694213867,301
15827,TNPO1,104.23454284667969,-1.3734495639801025,308
15828,TNPO2,104.16080474853516,-0.909120500087738,308
15829,TNPO3,103.7994384765625,-1.4004110097885132,308
15830,TNRC18,79.23814392089844,21.64083480834961,281
15831,TNRC6A,75.6241455078125,25.089509963989258,281
15832,TNRC6C,75.16292572021484,25.24936866760254,281
15833,TNS1,86.62483978271484,15.932154655456543,367
15834,TNS2,86.12310791015625,16.35212516784668,366
15835,TNS3,86.58675384521484,15.520305633544922,367
15836,TNS4,90.86004638671875,17.805784225463867,378
15837,TOB1,78.97026062011719,32.44255065917969,277
15838,TOB2,80.77693939208984,33.35443115234375,264
15839,TOE1,116.89872741699219,20.21786880493164,441
15840,TOGARAM1,93.69718933105469,1.025899052619934,265
15841,TOGARAM2,87.72700500488281,32.54529571533203,317
15842,TOLLIP,103.73310852050781,20.47397804260254,364
15843,TOM1,97.45994567871094,17.094436645507812,407
15844,TOM1L1,94.52220916748047,18.530685424804688,398
15845,TOM1L2,95.13996124267578,17.353899002075195,333
15846,TOMM20,117.77525329589844,5.376985549926758,214
15847,TOMM20L,117.6109390258789,5.915846824645996,214
15848,TOMM22,122.51596069335938,32.71317672729492,316
15849,TOMM34,107.52574920654297,19.835063934326172,395
15850,TOMM40,117.20063781738281,24.88387680053711,372
15851,TOMM40L,119.17269897460938,18.217594146728516,460
15852,TOMM5,102.240234375,48.261260986328125,263
15853,TOMM6,105.49234008789062,46.42109680175781,112
15854,TOMM7,136.07907104492188,39.09966278076172,271
15855,TOMM70,112.82460021972656,0.7662124633789062,293
15856,TONSL,108.10517883300781,9.771531105041504,306
15857,TOP1,99.68445587158203,25.28485870361328,439
15858,TOP1MT,115.17813110351562,17.16494369506836,463
15859,TOP2A,91.27523803710938,19.370840072631836,422
15860,TOP2B,95.46932983398438,16.288673400878906,333
15861,TOP3A,114.56625366210938,12.021203994750977,389
15862,TOP3B,114.98628234863281,12.023945808410645,389
15863,TOPAZ1,85.39261627197266,20.9219970703125,418
15864,TOPBP1,94.24675750732422,19.475006103515625,398
15865,TOPORS,72.5943603515625,18.24187469482422,120
15866,TOR1A,130.01515197753906,4.765904426574707,251
15867,TOR1AIP1,96.25897216796875,24.803808212280273,360
15868,TOR1AIP2,115.9629135131836,8.01954174041748,214
15869,TOR1B,130.7184295654297,4.8612565994262695,251
15870,TOR2A,130.41883850097656,4.9593071937561035,251
15871,TOR3A,131.52084350585938,4.347568511962891,251
15872,TOR4A,116.16496276855469,6.924208641052246,214
15873,TOX,71.53845977783203,34.493797302246094,268
15874,TOX2,70.61508178710938,37.80403518676758,268
15875,TOX3,74.62378692626953,30.13782501220703,274
15876,TOX4,74.12388610839844,27.247116088867188,281
15877,TP53,94.01130676269531,25.19110679626465,354
15878,TP53AIP1,94.65386962890625,46.922882080078125,301
15879,TP53BP1,82.46736145019531,20.077402114868164,318
15880,TP53BP2,86.27539825439453,11.951168060302734,369
15881,TP53I11,96.35352325439453,-32.706504821777344,172
15882,TP53I13,102.03602600097656,56.875606536865234,253
15883,TP53I3,130.71348571777344,19.338088989257812,449
15884,TP53INP1,95.62834167480469,34.5151481628418,338
15885,TP53INP2,94.64065551757812,35.044921875,338
15886,TP53RK,120.88248443603516,25.293373107910156,465
15887,TP53TG3,94.11703491210938,46.31869888305664,301
15888,TP53TG3B,94.38058471679688,45.725852966308594,301
15889,TP53TG3C,94.64677429199219,45.57476043701172,301
15890,TP53TG3D,93.60580444335938,45.75637435913086,301
15891,TP53TG3E,95.02940368652344,46.06050109863281,301
15892,TP53TG3F,94.44526672363281,46.32466125488281,301
15893,TP53TG5,95.47909545898438,42.48492431640625,300
15894,TP63,75.67000579833984,31.830732345581055,277
15895,TP73,75.86207580566406,31.843360900878906,277
15896,TPBG,157.28944396972656,44.76580047607422,92
15897,TPBGL,157.25611877441406,44.43096160888672,92
15898,TPCN1,106.94499969482422,-26.931249618530273,132
15899,TPCN2,107.62083435058594,-29.00413703918457,132
15900,TPD52,107.90267181396484,37.2783203125,284
15901,TPD52L1,108.8653564453125,37.89673614501953,284
15902,TPD52L2,108.00555419921875,36.98627853393555,284
15903,TPD52L3,107.27125549316406,38.14442825317383,284
15904,TPGS1,101.23513793945312,32.58943557739258,346
15905,TPGS2,116.69811248779297,19.262908935546875,462
15906,TPH1,123.01960754394531,10.701757431030273,296
15907,TPH2,124.31243133544922,10.317429542541504,296
15908,TPI1,135.2921600341797,25.107112884521484,387
15909,TPK1,125.35289001464844,19.297109603881836,468
15910,TPM1,86.19752502441406,-7.242140769958496,111
15911,TPM2,86.33290100097656,-7.570868492126465,111
15912,TPM3,86.12931060791016,-6.989439964294434,111
15913,TPM4,85.9883804321289,-6.975059986114502,111
15914,TPMT,123.86363983154297,20.544919967651367,469
15915,TPO,131.7475128173828,-2.3090367317199707,252
15916,TPP1,133.70419311523438,0.08071303367614746,252
15917,TPP2,120.9677734375,-8.280510902404785,182
15918,TPPP,104.80599212646484,16.7282772064209,324
15919,TPPP2,105.09202575683594,16.658714294433594,324
15920,TPPP3,104.51720428466797,16.215744018554688,324
15921,TPR,74.5270767211914,2.378549098968506,232
15922,TPRA1,94.91120910644531,-28.894439697265625,159
15923,TPRG1,100.80916595458984,13.173128128051758,408
15924,TPRG1L,105.29032897949219,26.86854362487793,390
15925,TPRKB,118.5195083618164,26.197099685668945,372
15926,TPRN,90.34469604492188,32.637664794921875,321
15927,TPRX1,81.1805419921875,41.08298873901367,266
15928,TPSAB1,140.43368530273438,-34.27663803100586,61
15929,TPSB2,140.29421997070312,-33.98674011230469,61
15930,TPSD1,139.79864501953125,-32.740684509277344,61
15931,TPSG1,139.2581329345703,-31.262985229492188,145
15932,TPST1,142.733642578125,0.9982551336288452,239
15933,TPST2,142.8245391845703,1.1374151706695557,239
15934,TPT1,123.91661071777344,35.74965286254883,184
15935,TPTE,113.36631774902344,0.6934434175491333,293
15936,TPTE2,113.28296661376953,1.151998519897461,293
15937,TPX2,89.75898742675781,26.149778366088867,412
15938,TRA2A,67.4681625366211,17.037479400634766,120
15939,TRA2B,67.63540649414062,17.17933464050293,120
15940,TRABD,122.57687377929688,18.849586486816406,416
15941,TRABD2A,134.50015258789062,-6.290002822875977,235
15942,TRABD2B,135.1176300048828,-6.578571796417236,235
15943,TRAC,96.68376922607422,69.0037612915039,259
15944,TRADD,98.61717224121094,28.112144470214844,439
15945,TRAF1,42.97026824951172,17.303823471069336,53
15946,TRAF2,43.139705657958984,17.18543243408203,53
15947,TRAF3,42.894554138183594,17.11570930480957,53
15948,TRAF3IP1,91.66893005371094,27.690574645996094,384
15949,TRAF3IP2,94.48414611816406,22.052417755126953,423
15950,TRAF3IP3,75.42375183105469,6.012270450592041,208
15951,TRAF4,43.27194595336914,17.15185546875,53
15952,TRAF5,42.93049621582031,17.251108169555664,53
15953,TRAF6,43.6628532409668,17.220693588256836,53
15954,TRAF7,123.76049041748047,50.9051513671875,66
15955,TRAFD1,100.91726684570312,23.696861267089844,444
15956,TRAIP,90.38964080810547,25.931222915649414,412
15957,TRAJ3,42.378482818603516,-126.62064361572266,15
15958,TRAJ31,42.31096267700195,-126.67990112304688,15
15959,TRAJ42,42.37637710571289,-126.61459350585938,15
15960,TRAK1,85.81251525878906,8.073760032653809,201
15961,TRAK2,84.73130798339844,7.868060111999512,201
15962,TRAM1,95.43407440185547,-30.161300659179688,167
15963,TRAM1L1,96.41702270507812,-30.563554763793945,167
15964,TRAM2,95.66130828857422,-31.569438934326172,166
15965,TRANK1,98.72982025146484,-4.111114978790283,291
15966,TRAP1,134.55494689941406,19.80034065246582,387
15967,TRAPPC1,119.40177154541016,34.40993118286133,316
15968,TRAPPC10,105.4929428100586,1.6386843919754028,313
15969,TRAPPC11,106.00208282470703,0.0675721988081932,313
15970,TRAPPC12,90.17626953125,18.769224166870117,378
15971,TRAPPC13,112.35623168945312,17.010772705078125,405
15972,TRAPPC2B,119.45976257324219,31.474254608154297,347
15973,TRAPPC2L,119.53997802734375,32.600685119628906,316
15974,TRAPPC3,116.380126953125,27.098388671875,355
15975,TRAPPC3L,115.91124725341797,26.696163177490234,361
15976,TRAPPC4,118.01251220703125,29.946334838867188,348
15977,TRAPPC5,115.63841247558594,26.55472183227539,361
15978,TRAPPC6A,118.3445816040039,28.711530685424805,355
15979,TRAPPC6B,114.76339721679688,26.389854431152344,361
15980,TRAPPC8,105.66888427734375,-0.40093713998794556,313
15981,TRAPPC9,103.46092987060547,3.550506591796875,309
15982,TRARG1,100.78102111816406,45.1787223815918,294
15983,TRAT1,94.87838745117188,64.48206329345703,250
15984,TRAV1-1,118.92095947265625,145.21047973632812,36
15985,TRAV1-2,118.84056854248047,145.2803497314453,36
15986,TRAV10,118.63801574707031,145.49082946777344,36
15987,TRAV12-1,118.6459732055664,145.50344848632812,36
15988,TRAV12-2,118.77521514892578,145.32376098632812,36
15989,TRAV12-3,118.60108947753906,145.610595703125,36
15990,TRAV13-1,118.54442596435547,145.61476135253906,36
15991,TRAV13-2,118.51424407958984,145.70957946777344,36
15992,TRAV14DV4,118.64374542236328,145.49021911621094,36
15993,TRAV16,118.73846435546875,145.22659301757812,36
15994,TRAV17,118.51737213134766,145.62921142578125,36
15995,TRAV18,118.3485336303711,145.2525177001953,37
15996,TRAV19,118.89435577392578,145.20672607421875,36
15997,TRAV2,119.16243743896484,145.00296020507812,36
15998,TRAV20,118.66352844238281,145.49253845214844,36
15999,TRAV21,118.78104400634766,145.3709259033203,36
16000,TRAV22,118.6924057006836,145.43698120117188,36
16001,TRAV23DV6,118.42915344238281,145.72352600097656,36
16002,TRAV24,118.71644592285156,145.4201202392578,36
16003,TRAV25,118.59257507324219,145.5813751220703,36
16004,TRAV26-1,118.60295104980469,145.5391082763672,36
16005,TRAV26-2,118.7168197631836,145.4055938720703,36
16006,TRAV27,118.5508041381836,145.6301727294922,36
16007,TRAV29DV5,118.88343811035156,145.23297119140625,36
16008,TRAV3,119.2433090209961,144.87547302246094,36
16009,TRAV30,118.65365600585938,145.52377319335938,36
16010,TRAV34,118.8619613647461,145.3006134033203,36
16011,TRAV36DV7,118.31066131591797,145.89364624023438,36
16012,TRAV38-1,119.04025268554688,145.08651733398438,36
16013,TRAV38-2DV8,119.18915557861328,144.93467712402344,36
16014,TRAV39,118.78036499023438,145.33718872070312,36
16015,TRAV4,118.36271667480469,145.76983642578125,36
16016,TRAV40,118.6478042602539,145.44888305664062,36
16017,TRAV41,118.74053192138672,145.41795349121094,36
16018,TRAV5,118.45640563964844,145.72064208984375,36
16019,TRAV6,118.41716766357422,145.75059509277344,36
16020,TRAV7,118.87688446044922,145.25775146484375,36
16021,TRAV8-1,119.49279022216797,144.57955932617188,36
16022,TRAV8-2,118.95884704589844,145.1715545654297,36
16023,TRAV8-3,118.9572525024414,145.1524658203125,36
16024,TRAV8-4,118.90315246582031,145.238037109375,36
16025,TRAV8-6,118.92800903320312,145.2191619873047,36
16026,TRAV9-1,118.83966064453125,145.23251342773438,36
16027,TRAV9-2,118.80207824707031,145.3420867919922,36
16028,TRBC1,96.14450073242188,68.8172607421875,259
16029,TRBC2,96.09154510498047,68.84081268310547,259
16030,TRBD1,42.316734313964844,-126.6775131225586,15
16031,TRBJ1-1,42.27063751220703,-126.7239761352539,15
16032,TRBJ1-2,42.305458068847656,-126.68985748291016,15
16033,TRBJ1-3,42.30356979370117,-126.68711853027344,15
16034,TRBJ1-4,42.322166442871094,-126.67357635498047,15
16035,TRBJ1-5,42.3890380859375,-126.6054916381836,15
16036,TRBJ1-6,42.49681091308594,-126.49908447265625,15
16037,TRBJ2-1,42.30603790283203,-126.69476318359375,15
16038,TRBJ2-2,42.30344009399414,-126.69426727294922,15
16039,TRBJ2-3,42.263328552246094,-126.7330322265625,15
16040,TRBJ2-4,42.328739166259766,-126.66729736328125,15
16041,TRBJ2-5,42.2926139831543,-126.70439910888672,15
16042,TRBJ2-6,42.3099479675293,-126.69213104248047,15
16043,TRBJ2-7,42.34056854248047,-126.65604400634766,15
16044,TRBV10-1,121.14279174804688,142.72708129882812,11
16045,TRBV10-2,120.93758392333984,142.96319580078125,11
16046,TRBV10-3,120.85746002197266,143.04002380371094,11
16047,TRBV11-1,120.66384887695312,143.08230590820312,11
16048,TRBV11-3,120.80342102050781,143.06617736816406,11
16049,TRBV12-3,120.85765838623047,143.048095703125,11
16050,TRBV12-4,121.07743835449219,142.80020141601562,11
16051,TRBV12-5,120.66029357910156,143.21405029296875,11
16052,TRBV13,120.60418701171875,143.31031799316406,11
16053,TRBV14,120.78485107421875,143.119140625,11
16054,TRBV16,119.71062469482422,144.3130645751953,11
16055,TRBV17,119.33126831054688,144.63296508789062,36
16056,TRBV18,120.83317565917969,143.0574188232422,11
16057,TRBV19,120.85089874267578,143.04678344726562,11
16058,TRBV2,120.75446319580078,143.1771697998047,11
16059,TRBV20-1,120.67967224121094,143.32272338867188,11
16060,TRBV23-1,120.7747573852539,143.17974853515625,11
16061,TRBV24-1,120.8694839477539,143.02383422851562,11
16062,TRBV25-1,120.92878723144531,142.97879028320312,11
16063,TRBV27,121.31034088134766,142.5703125,11
16064,TRBV28,121.17466735839844,142.70944213867188,11
16065,TRBV29-1,120.39036560058594,143.58096313476562,11
16066,TRBV3-1,120.95923614501953,142.95584106445312,11
16067,TRBV30,120.74890899658203,143.15914916992188,11
16068,TRBV4-1,120.98690795898438,143.2467803955078,11
16069,TRBV4-2,121.18492889404297,142.8036651611328,11
16070,TRBV5-1,120.76065826416016,143.15647888183594,11
16071,TRBV5-3,119.44383239746094,144.54058837890625,36
16072,TRBV5-4,120.703369140625,143.2040252685547,11
16073,TRBV5-5,120.769775390625,143.1280059814453,11
16074,TRBV5-6,120.79573822021484,143.11949157714844,11
16075,TRBV5-7,119.49473571777344,144.49876403808594,36
16076,TRBV6-1,120.63113403320312,143.27345275878906,11
16077,TRBV6-2,120.8757553100586,143.02894592285156,11
16078,TRBV6-4,120.65593719482422,143.2369384765625,11
16079,TRBV6-5,120.76249694824219,143.14288330078125,11
16080,TRBV6-6,120.94380187988281,142.9883270263672,11
16081,TRBV6-7,120.98346710205078,142.92323303222656,11
16082,TRBV6-8,119.90271759033203,143.98194885253906,11
16083,TRBV7-1,119.88285827636719,144.0497589111328,11
16084,TRBV7-2,121.04195404052734,142.82818603515625,11
16085,TRBV7-3,120.5984878540039,143.30079650878906,11
16086,TRBV7-4,119.87862396240234,144.06686401367188,11
16087,TRBV7-6,120.94692993164062,142.92581176757812,11
16088,TRBV7-7,120.29297637939453,143.6302032470703,11
16089,TRBV7-9,121.23213195800781,142.6784210205078,11
16090,TRBV9,120.4789810180664,143.4131317138672,11
16091,TRDC,96.42388153076172,68.42559814453125,259
16092,TRDD1,42.398799896240234,-126.59699249267578,15
16093,TRDJ1,42.35043716430664,-126.64027404785156,15
16094,TRDN,91.75907135009766,37.30348205566406,331
16095,TRDV1,119.08555603027344,144.9895782470703,36
16096,TRDV2,118.31828308105469,145.38980102539062,37
16097,TRDV3,118.91799926757812,145.13113403320312,36
16098,TREH,133.6946258544922,0.3994266986846924,252
16099,TREM1,94.73846435546875,67.68364715576172,259
16100,TREM2,94.85523223876953,68.81578063964844,259
16101,TREML1,95.45952606201172,67.63834381103516,259
16102,TREML2,94.48393249511719,68.43238067626953,259
16103,TREML4,94.9287338256836,69.01685333251953,259
16104,TRERF1,73.50076293945312,27.86891746520996,281
16105,TREX1,117.50723266601562,20.03545379638672,441
16106,TRGC1,96.45305633544922,68.2159423828125,259
16107,TRGC2,96.63199615478516,68.08279418945312,259
16108,TRGJ1,42.364933013916016,-126.62605285644531,15
16109,TRGV1,118.38557434082031,145.22401428222656,37
16110,TRGV10,118.372802734375,145.5158233642578,36
16111,TRGV11,118.47163391113281,145.32174682617188,37
16112,TRGV2,118.1968765258789,145.3542938232422,37
16113,TRGV3,118.30292510986328,145.30906677246094,37
16114,TRGV4,118.26318359375,145.2611846923828,37
16115,TRGV5,118.28986358642578,145.1005401611328,37
16116,TRGV8,118.2569808959961,145.29495239257812,37
16117,TRGV9,118.43852996826172,145.2281494140625,37
16118,TRH,154.6029510498047,-19.69162368774414,133
16119,TRHDE,130.93553161621094,2.1995315551757812,251
16120,TRHR,5.105037212371826,-23.666410446166992,17
16121,TRIAP1,124.07522583007812,37.57865905761719,184
16122,TRIB1,98.29653930664062,30.22564125061035,439
16123,TRIB2,98.55940246582031,30.042701721191406,439
16124,TRIB3,106.86686706542969,28.410043716430664,430
16125,TRIL,157.24888610839844,44.53101348876953,92
16126,TRIM10,39.16987991333008,17.19051742553711,53
16127,TRIM11,39.16756057739258,17.230016708374023,53
16128,TRIM13,41.12352752685547,16.99762535095215,53
16129,TRIM14,40.017127990722656,17.002567291259766,53
16130,TRIM15,38.30010223388672,17.402759552001953,53
16131,TRIM16,39.2900505065918,17.079679489135742,53
16132,TRIM17,37.66255187988281,17.593360900878906,52
16133,TRIM2,41.32170104980469,16.88932991027832,53
16134,TRIM21,37.513648986816406,17.60259437561035,52
16135,TRIM22,37.508827209472656,17.607372283935547,52
16136,TRIM23,102.48533630371094,19.330411911010742,364
16137,TRIM24,85.37521362304688,21.79104995727539,418
16138,TRIM25,39.409603118896484,17.273828506469727,53
16139,TRIM26,39.03766632080078,17.1895809173584,53
16140,TRIM27,38.705448150634766,17.323816299438477,53
16141,TRIM28,95.21194458007812,22.537933349609375,421
16142,TRIM29,40.24290466308594,17.01116943359375,53
16143,TRIM3,40.99945068359375,16.897960662841797,53
16144,TRIM31,38.423160552978516,17.364938735961914,53
16145,TRIM32,41.3484001159668,17.06825828552246,53
16146,TRIM33,91.90782165527344,20.730976104736328,422
16147,TRIM34,37.149600982666016,17.767650604248047,52
16148,TRIM35,39.49174499511719,17.11041259765625,53
16149,TRIM36,40.82975387573242,16.95673179626465,53
16150,TRIM37,93.59913635253906,13.561095237731934,396
16151,TRIM38,38.702247619628906,17.32449722290039,53
16152,TRIM39,38.75257110595703,17.27710723876953,53
16153,TRIM4,38.56828308105469,17.32292366027832,53
16154,TRIM40,40.28144836425781,17.047298431396484,53
16155,TRIM41,39.687381744384766,17.194456100463867,53
16156,TRIM42,41.30596923828125,16.96355438232422,53
16157,TRIM43,37.74306106567383,17.54537010192871,52
16158,TRIM43B,37.697628021240234,17.569019317626953,52
16159,TRIM45,40.866207122802734,16.959022521972656,53
16160,TRIM46,40.627113342285156,16.942493438720703,53
16161,TRIM47,39.6805305480957,16.95941162109375,53
16162,TRIM48,40.46099090576172,16.850276947021484,53
16163,TRIM49,37.758567810058594,17.546630859375,52
16164,TRIM49B,37.75210952758789,17.547643661499023,52
16165,TRIM49C,37.78230285644531,17.54306983947754,52
16166,TRIM49D1,37.71403121948242,17.557573318481445,52
16167,TRIM49D2,37.78923416137695,17.52750587463379,52
16168,TRIM5,37.4776496887207,17.60982322692871,52
16169,TRIM50,40.16046905517578,16.956119537353516,53
16170,TRIM51,37.726707458496094,17.57975959777832,52
16171,TRIM52,100.01028442382812,31.568506240844727,346
16172,TRIM54,41.33840560913086,16.954463958740234,53
16173,TRIM55,41.55902862548828,16.918685913085938,53
16174,TRIM56,41.179813385009766,17.12012481689453,53
16175,TRIM58,39.29301834106445,17.196550369262695,53
16176,TRIM59,41.022552490234375,17.000946044921875,53
16177,TRIM6,37.51091384887695,17.59695816040039,52
16178,TRIM60,37.71125793457031,17.843914031982422,52
16179,TRIM61,39.81154251098633,17.103055953979492,53
16180,TRIM62,39.89009475708008,17.057844161987305,53
16181,TRIM63,41.209930419921875,16.956188201904297,53
16182,TRIM64,37.63972091674805,17.567493438720703,52
16183,TRIM64B,37.6953239440918,17.53980827331543,52
16184,TRIM64C,37.74700164794922,17.54390525817871,52
16185,TRIM65,40.049861907958984,17.043052673339844,53
16186,TRIM66,92.18292999267578,18.993242263793945,422
16187,TRIM67,40.789405822753906,16.911317825317383,53
16188,TRIM68,37.782230377197266,17.544282913208008,52
16189,TRIM69,37.90270233154297,17.529823303222656,52
16190,TRIM7,39.41593551635742,17.145170211791992,53
16191,TRIM71,40.79692077636719,16.916767120361328,53
16192,TRIM72,40.376075744628906,17.04049301147461,53
16193,TRIM73,40.502235412597656,16.966110229492188,53
16194,TRIM74,40.55555725097656,16.96002960205078,53
16195,TRIM77,38.16392135620117,17.46623420715332,52
16196,TRIM8,40.09453582763672,17.047121047973633,53
16197,TRIM9,40.73870086669922,16.90534782409668,53
16198,TRIML1,37.37037658691406,17.854585647583008,52
16199,TRIML2,37.7021484375,17.594348907470703,52
16200,TRIO,91.97073364257812,-4.18422794342041,290
16201,TRIOBP,83.569091796875,18.498510360717773,318
16202,TRIP10,92.28010559082031,5.345988750457764,374
16203,TRIP11,74.47020721435547,2.1616945266723633,232
16204,TRIP12,95.4294662475586,-2.949091911315918,290
16205,TRIP13,116.17889404296875,19.229337692260742,462
16206,TRIP4,109.9837875366211,21.953548431396484,358
16207,TRIP6,94.85025024414062,24.819637298583984,354
16208,TRIQK,118.3114242553711,40.10090255737305,186
16209,TRIR,103.10372161865234,34.56251525878906,332
16210,TRIT1,121.7618179321289,18.561092376708984,416
16211,TRMO,115.2505874633789,22.887041091918945,362
16212,TRMT1,119.50180053710938,18.044187545776367,460
16213,TRMT10A,113.25333404541016,27.739126205444336,388
16214,TRMT10B,114.9493408203125,27.334735870361328,388
16215,TRMT10C,120.76144409179688,26.876928329467773,373
16216,TRMT11,119.14757537841797,21.8009090423584,446
16217,TRMT112,120.69072723388672,34.771244049072266,315
16218,TRMT12,119.69926452636719,20.640148162841797,446
16219,TRMT13,114.99784851074219,19.011486053466797,463
16220,TRMT1L,110.21961975097656,18.896087646484375,375
16221,TRMT2A,120.04812622070312,17.103235244750977,459
16222,TRMT44,118.42998504638672,21.12148666381836,446
16223,TRMT5,119.37508392333984,21.20305824279785,446
16224,TRMT6,114.52385711669922,22.147462844848633,362
16225,TRMT61A,123.6147232055664,22.31233787536621,470
16226,TRMT61B,124.5579605102539,22.348758697509766,470
16227,TRMT9B,116.77406311035156,19.444875717163086,462
16228,TRMU,120.58575439453125,17.36751365661621,459
16229,TRNAU1AP,70.08663940429688,29.373533248901367,276
16230,TRNP1,96.67130279541016,35.00999069213867,338
16231,TRNT1,122.47128295898438,19.7272891998291,416
16232,TROAP,87.18699645996094,28.180950164794922,350
16233,TRPA1,108.18763732910156,-28.844799041748047,132
16234,TRPC1,107.17377471923828,-28.100658416748047,132
16235,TRPC3,107.71623229980469,-28.36631965637207,132
16236,TRPC4,108.07422637939453,-26.265331268310547,132
16237,TRPC4AP,103.68743133544922,4.476600646972656,309
16238,TRPC6,107.2706298828125,-27.519546508789062,132
16239,TRPC7,108.40946197509766,-27.419946670532227,132
16240,TRPM1,107.89566040039062,-28.243186950683594,132
16241,TRPM2,108.15067291259766,-28.52909278869629,132
16242,TRPM4,108.21765899658203,-28.745830535888672,132
16243,TRPM5,108.12316131591797,-28.878196716308594,132
16244,TRPM6,107.3166275024414,-27.23578643798828,132
16245,TRPM7,96.5574722290039,-3.4166195392608643,290
16246,TRPM8,107.98885345458984,-28.698978424072266,132
16247,TRPS1,63.75177764892578,28.00558853149414,176
16248,TRPT1,120.46470642089844,21.09502410888672,446
16249,TRPV1,108.41839599609375,-29.01889419555664,132
16250,TRPV2,108.4220199584961,-29.09867286682129,132
16251,TRPV3,108.33978271484375,-29.22064208984375,132
16252,TRPV4,108.60275268554688,-28.83998680114746,132
16253,TRPV5,108.33042907714844,-29.13345718383789,132
16254,TRPV6,108.42463684082031,-29.12994384765625,132
16255,TRUB1,120.53638458251953,21.96324920654297,446
16256,TRUB2,124.80838012695312,25.000551223754883,464
16257,TSACC,95.3472900390625,40.72119903564453,343
16258,TSBP1,89.71646118164062,39.26451873779297,331
16259,TSC1,90.60957336425781,11.555333137512207,376
16260,TSC2,96.5274887084961,-0.6975293755531311,290
16261,TSC22D1,75.29366302490234,27.89556121826172,281
16262,TSC22D2,75.58244323730469,27.041820526123047,281
16263,TSC22D4,92.77359008789062,31.121950149536133,321
16264,TSEN15,105.38506317138672,29.572856903076172,382
16265,TSEN2,114.44590759277344,19.995277404785156,456
16266,TSEN34,109.33159637451172,28.63770294189453,419
16267,TSEN54,116.80642700195312,18.370975494384766,461
16268,TSFM,128.11135864257812,27.344999313354492,330
16269,TSG101,103.3858413696289,22.24776840209961,406
16270,TSGA10,73.94310760498047,3.1397688388824463,232
16271,TSGA10IP,86.71188354492188,29.261972427368164,350
16272,TSGA13,90.4326171875,40.15872573852539,331
16273,TSHB,144.10006713867188,-17.39975357055664,221
16274,TSHR,127.52719116210938,-25.744861602783203,190
16275,TSHZ1,63.6959228515625,28.042362213134766,176
16276,TSHZ2,63.42197036743164,28.171674728393555,176
16277,TSHZ3,63.54206466674805,28.27139663696289,176
16278,TSKS,77.81632995605469,9.403709411621094,215
16279,TSKU,156.16763305664062,46.448272705078125,105
16280,TSLP,100.82222747802734,43.482887268066406,294
16281,TSN,115.87542724609375,25.82245635986328,361
16282,TSNARE1,96.05121612548828,15.321249008178711,385
16283,TSNAX,115.14388275146484,25.68560791015625,361
16284,TSNAXIP1,76.36154174804688,9.1828031539917,215
16285,TSPAN1,82.36451721191406,-27.95368194580078,118
16286,TSPAN10,87.3111343383789,-27.148582458496094,121
16287,TSPAN11,83.00042724609375,-27.95610237121582,118
16288,TSPAN12,83.08258056640625,-28.268918991088867,118
16289,TSPAN13,82.50260162353516,-28.279094696044922,118
16290,TSPAN14,82.67347717285156,-28.261489868164062,118
16291,TSPAN15,82.89531707763672,-28.156301498413086,118
16292,TSPAN16,82.77449035644531,-28.153568267822266,118
16293,TSPAN17,82.72299194335938,-28.145418167114258,118
16294,TSPAN18,82.6399917602539,-27.926158905029297,118
16295,TSPAN19,82.94538879394531,-28.38808822631836,118
16296,TSPAN2,82.34761047363281,-28.04450035095215,118
16297,TSPAN3,82.60725402832031,-28.076702117919922,118
16298,TSPAN31,82.78262329101562,-28.495594024658203,118
16299,TSPAN32,83.67396545410156,-27.99778938293457,118
16300,TSPAN33,83.09093475341797,-28.460285186767578,118
16301,TSPAN4,82.87132263183594,-28.23053741455078,118
16302,TSPAN5,82.64525604248047,-28.458011627197266,118
16303,TSPAN8,82.22611999511719,-27.8139705657959,118
16304,TSPAN9,82.54210662841797,-28.1104736328125,118
16305,TSPEAR,132.89151000976562,-13.4141206741333,224
16306,TSPO,94.47661590576172,-29.77939224243164,159
16307,TSPO2,94.79869842529297,-33.11809539794922,175
16308,TSPOAP1,83.76860046386719,9.781610488891602,226
16309,TSPYL1,99.86871337890625,33.07987594604492,346
16310,TSPYL4,99.42032623291016,33.309715270996094,346
16311,TSPYL5,100.0401611328125,31.337039947509766,346
16312,TSPYL6,99.6133041381836,33.56861877441406,346
16313,TSR1,112.8731918334961,32.62492370605469,401
16314,TSR3,112.72762298583984,28.096694946289062,388
16315,TSSC4,101.3277359008789,33.57918167114258,346
16316,TSSK1B,127.07953643798828,77.583251953125,68
16317,TSSK2,127.45021057128906,78.53508758544922,68
16318,TSSK3,127.11555480957031,78.03223419189453,68
16319,TSSK4,127.01590728759766,78.4882583618164,68
16320,TSSK6,127.28656005859375,77.82553100585938,68
16321,TST,130.29837036132812,22.698047637939453,327
16322,TSTD1,125.63056945800781,28.723058700561523,192
16323,TSTD2,110.94178771972656,20.28834342956543,358
16324,TSTD3,123.6789779663086,25.673437118530273,465
16325,TTBK1,86.5962142944336,15.426369667053223,367
16326,TTBK2,86.10414123535156,16.278772354125977,366
16327,TTC1,109.95904541015625,31.208045959472656,419
16328,TTC12,108.14574432373047,4.228339195251465,310
16329,TTC13,112.87681579589844,3.8099236488342285,293
16330,TTC14,73.01890563964844,18.802871704101562,120
16331,TTC16,96.67305755615234,14.454593658447266,385
16332,TTC17,135.69039916992188,-1.6027023792266846,252
16333,TTC19,111.85978698730469,1.2907145023345947,293
16334,TTC21A,109.18888854980469,-1.8347007036209106,293
16335,TTC21B,110.02609252929688,-1.1012301445007324,293
16336,TTC22,110.38572692871094,2.674133539199829,293
16337,TTC23,111.2393798828125,0.720414400100708,293
16338,TTC23L,110.86712646484375,1.5160236358642578,293
16339,TTC24,107.7730712890625,5.721510887145996,310
16340,TTC26,110.99125671386719,0.5109333395957947,293
16341,TTC27,106.9712142944336,1.750063419342041,311
16342,TTC28,95.32414245605469,-1.6002087593078613,290
16343,TTC29,111.16392517089844,0.41044479608535767,293
16344,TTC3,91.9730453491211,4.20017147064209,374
16345,TTC30A,112.06437683105469,0.4133428931236267,293
16346,TTC30B,111.93626403808594,0.6314769983291626,293
16347,TTC31,106.78470611572266,14.428276062011719,351
16348,TTC32,111.59046936035156,24.847929000854492,359
16349,TTC33,107.1775131225586,20.98558235168457,395
16350,TTC34,109.59486389160156,3.267235279083252,293
16351,TTC36,100.31600952148438,34.30723571777344,345
16352,TTC37,110.40638732910156,-0.8297816514968872,293
16353,TTC38,132.1806640625,15.329620361328125,440
16354,TTC39A,111.15497589111328,1.4013073444366455,293
16355,TTC39B,110.67839050292969,1.5334713459014893,293
16356,TTC39C,110.79878234863281,1.179011583328247,293
16357,TTC4,108.06712341308594,17.315807342529297,375
16358,TTC5,111.295654296875,5.96183967590332,293
16359,TTC6,110.94709777832031,-0.18632975220680237,293
16360,TTC7A,110.34210968017578,0.7643506526947021,293
16361,TTC8,111.33847045898438,-0.11902287602424622,293
16362,TTC9,106.9942398071289,27.573486328125,430
16363,TTC9B,102.23603057861328,32.26802062988281,382
16364,TTC9C,109.42987060546875,11.987041473388672,357
16365,TTF1,93.37936401367188,25.59960174560547,354
16366,TTF2,94.2801742553711,22.562692642211914,423
16367,TTI1,105.16719818115234,0.9638538956642151,313
16368,TTI2,107.02507019042969,4.242029190063477,310
16369,TTK,89.32929992675781,25.46283721923828,412
16370,TTLL1,101.47764587402344,15.128152847290039,353
16371,TTLL10,98.18290710449219,16.83443832397461,407
16372,TTLL11,100.20767211914062,18.635080337524414,402
16373,TTLL12,119.13420867919922,11.796087265014648,296
16374,TTLL2,98.86071014404297,17.75103187561035,407
16375,TTLL3,97.82484436035156,16.846126556396484,407
16376,TTLL4,92.80699920654297,18.67795753479004,398
16377,TTLL5,92.43827056884766,12.852354049682617,394
16378,TTLL6,96.75682830810547,16.95033073425293,407
16379,TTLL7,93.06526184082031,11.440031051635742,397
16380,TTLL8,97.96629333496094,19.079076766967773,404
16381,TTLL9,99.42257690429688,17.185195922851562,381
16382,TTPA,114.22323608398438,14.41724681854248,448
16383,TTPAL,105.462890625,12.515275955200195,352
16384,TTR,151.66226196289062,-18.38933753967285,133
16385,TTYH1,101.25485229492188,-23.316001892089844,149
16386,TTYH2,100.94413757324219,-22.812538146972656,149
16387,TTYH3,101.22257995605469,-22.724123001098633,149
16388,TUB,102.00038146972656,17.52454948425293,381
16389,TUBA1A,153.3650665283203,27.516538619995117,93
16390,TUBA1B,153.3898468017578,27.532060623168945,93
16391,TUBA1C,153.41258239746094,27.536033630371094,93
16392,TUBA3C,153.30722045898438,27.51945686340332,93
16393,TUBA3D,153.37164306640625,27.53744888305664,93
16394,TUBA3E,153.32041931152344,27.498531341552734,93
16395,TUBA4A,153.37208557128906,27.493228912353516,93
16396,TUBA4B,153.4149627685547,27.649744033813477,93
16397,TUBA8,153.39227294921875,27.504968643188477,93
16398,TUBAL3,152.98794555664062,27.349838256835938,93
16399,TUBB,153.3846435546875,27.52720832824707,93
16400,TUBB1,153.02056884765625,27.36109161376953,93
16401,TUBB2A,153.45114135742188,27.527780532836914,93
16402,TUBB2B,153.45872497558594,27.51439666748047,93
16403,TUBB3,153.7336883544922,27.265100479125977,93
16404,TUBB4A,153.34408569335938,27.46346664428711,93
16405,TUBB4B,153.51808166503906,27.504947662353516,93
16406,TUBB6,153.4473419189453,27.478973388671875,93
16407,TUBB8,153.3824005126953,27.472213745117188,93
16408,TUBD1,121.07044982910156,14.04825210571289,455
16409,TUBE1,121.72903442382812,13.662155151367188,455
16410,TUBG1,121.86944580078125,14.51504898071289,455
16411,TUBG2,122.63126373291016,13.74554443359375,455
16412,TUBGCP2,105.92222595214844,5.888677597045898,299
16413,TUBGCP3,104.59751892089844,6.804172515869141,299
16414,TUBGCP4,105.6874771118164,6.399676322937012,299
16415,TUBGCP5,105.12811279296875,6.43594217300415,299
16416,TUBGCP6,97.61898803710938,-3.122363567352295,291
16417,TUFM,137.40762329101562,23.640958786010742,387
16418,TUFT1,80.88150787353516,6.11614465713501,227
16419,TULP1,101.39762115478516,17.733482360839844,381
16420,TULP2,100.97758483886719,17.13624382019043,381
16421,TULP3,100.8797836303711,16.713573455810547,381
16422,TULP4,81.92699432373047,17.72760772705078,318
16423,TUSC1,98.12310791015625,34.63797378540039,338
16424,TUSC2,103.20072174072266,36.9005241394043,332
16425,TUSC3,127.36076354980469,-3.545297622680664,234
16426,TUT1,98.01658630371094,19.8144474029541,404
16427,TUT4,86.96735382080078,15.82607650756836,367
16428,TUT7,92.30943298339844,18.078901290893555,422
16429,TVP23A,96.62698364257812,-28.046337127685547,161
16430,TVP23B,97.31515502929688,-27.594310760498047,161
16431,TVP23C,98.0971450805664,-26.44993782043457,161
16432,TWF1,118.10171508789062,26.979270935058594,355
16433,TWF2,105.85094451904297,13.233972549438477,352
16434,TWIST1,76.90924835205078,42.88871383666992,266
16435,TWIST2,77.77606964111328,43.44211196899414,266
16436,TWNK,119.8556137084961,19.654949188232422,446
16437,TWSG1,141.2967071533203,-16.36909294128418,248
16438,TXK,132.87405395507812,73.77489471435547,67
16439,TXLNA,77.40235137939453,5.899083137512207,225
16440,TXLNB,77.00070190429688,7.576165199279785,215
16441,TXN,123.58331298828125,33.00529098510742,315
16442,TXN2,129.39669799804688,29.571887969970703,330
16443,TXNDC11,130.02088928222656,-1.3814880847930908,234
16444,TXNDC12,127.93113708496094,-1.6960150003433228,234
16445,TXNDC15,126.17892456054688,-2.4748997688293457,234
16446,TXNDC16,126.75604248046875,0.29717710614204407,233
16447,TXNDC17,122.9217529296875,32.66535568237305,315
16448,TXNDC2,87.40052795410156,39.592506408691406,302
16449,TXNDC5,128.11216735839844,-0.6757844686508179,233
16450,TXNDC8,122.18513488769531,22.085124969482422,470
16451,TXNDC9,112.05349731445312,32.092594146728516,401
16452,TXNIP,114.9656753540039,15.166764259338379,448
16453,TXNL1,115.45135498046875,26.281538009643555,361
16454,TXNL4A,120.69448852539062,28.987510681152344,347
16455,TXNL4B,119.34156799316406,29.917991638183594,347
16456,TXNRD1,130.97169494628906,16.395362854003906,454
16457,TXNRD2,129.88890075683594,17.495899200439453,457
16458,TXNRD3,130.53457641601562,17.816566467285156,457
16459,TYK2,133.2521514892578,71.77096557617188,67
16460,TYMP,131.58334350585938,17.57858657836914,454
16461,TYMS,119.89039611816406,20.639345169067383,446
16462,TYR,132.51666259765625,-2.0059869289398193,252
16463,TYRO3,136.8966827392578,67.64642333984375,43
16464,TYROBP,95.09280395507812,65.89957427978516,250
16465,TYRP1,132.2535858154297,-2.295269727706909,252
16466,TYSND1,119.31513977050781,15.120924949645996,383
16467,TYW1,112.23970031738281,17.78490447998047,405
16468,TYW1B,108.75434875488281,17.31854820251465,375
16469,TYW3,111.98899841308594,27.546268463134766,377
16470,TYW5,120.11200714111328,19.50090980529785,416
16471,U2AF1,68.09361267089844,17.42885398864746,120
16472,U2AF1L4,100.25958251953125,27.54227066040039,429
16473,U2AF2,72.14521026611328,25.029979705810547,279
16474,U2SURP,72.95201873779297,18.95490264892578,120
16475,UACA,74.41168212890625,1.9297411441802979,232
16476,UAP1,129.30845642089844,15.526309967041016,453
16477,UAP1L1,124.85003662109375,14.997054100036621,314
16478,UBA2,116.52098846435547,17.80860137939453,461
16479,UBA3,115.19703674316406,14.730886459350586,448
16480,UBA5,118.60892486572266,16.560850143432617,445
16481,UBA52,177.7169647216797,25.413721084594727,30
16482,UBA6,115.68058776855469,13.282089233398438,447
16483,UBA7,115.47816467285156,6.959033489227295,214
16484,UBAC1,110.71053314208984,26.395999908447266,323
16485,UBAC2,99.79412078857422,-23.352766036987305,149
16486,UBALD1,78.17861938476562,30.722627639770508,277
16487,UBALD2,77.39934539794922,30.907367706298828,277
16488,UBAP1,81.75044250488281,26.31848907470703,281
16489,UBAP1L,95.96697998046875,32.895835876464844,335
16490,UBAP2,79.23577117919922,24.409549713134766,281
16491,UBAP2L,78.5576171875,24.384563446044922,281
16492,UBASH3A,115.98143005371094,8.871329307556152,214
16493,UBASH3B,115.7681655883789,8.469846725463867,214
16494,UBB,145.3562774658203,25.135622024536133,103
16495,UBC,145.39425659179688,25.08480453491211,103
16496,UBD,116.12222290039062,29.535036087036133,348
16497,UBE2B,113.22753143310547,-7.612563133239746,83
16498,UBE2C,113.14189910888672,-7.861363410949707,83
16499,UBE2D1,113.080322265625,-7.466573238372803,83
16500,UBE2D2,112.4031753540039,-7.063655853271484,83
16501,UBE2D3,113.2151870727539,-7.531979560852051,83
16502,UBE2D4,113.23521423339844,-7.596925735473633,83
16503,UBE2E1,113.25740814208984,-7.79656457901001,83
16504,UBE2E2,113.23601531982422,-7.882413387298584,83
16505,UBE2E3,113.2669448852539,-7.823113441467285,83
16506,UBE2F,113.1439208984375,-7.4188642501831055,83
16507,UBE2G1,113.21612548828125,-7.4532036781311035,83
16508,UBE2G2,113.2523193359375,-7.608282089233398,83
16509,UBE2H,113.20515441894531,-7.54681396484375,83
16510,UBE2I,113.13929748535156,-7.839319705963135,83
16511,UBE2J1,112.88148498535156,-6.703882694244385,83
16512,UBE2J2,112.79564666748047,-7.012024402618408,83
16513,UBE2K,113.25154876708984,-7.6851725578308105,83
16514,UBE2L3,113.21979522705078,-7.882910251617432,83
16515,UBE2L5,113.22061157226562,-7.779558181762695,83
16516,UBE2L6,113.2491226196289,-7.729928016662598,83
16517,UBE2M,113.18115997314453,-7.665369033813477,83
16518,UBE2N,113.19180297851562,-7.8019118309021,83
16519,UBE2O,96.90632629394531,18.587705612182617,407
16520,UBE2Q1,105.33087158203125,23.20458984375,406
16521,UBE2Q2,107.13516235351562,21.216846466064453,406
16522,UBE2QL1,113.49580383300781,-6.981790065765381,83
16523,UBE2R2,113.20555877685547,-7.674398422241211,83
16524,UBE2S,113.2466049194336,-7.7858662605285645,83
16525,UBE2T,113.21158599853516,-7.91434383392334,83
16526,UBE2U,113.06069946289062,-7.354142189025879,83
16527,UBE2V1,113.31046295166016,-7.947142601013184,83
16528,UBE2V2,113.27909851074219,-7.967188835144043,83
16529,UBE2W,113.28675079345703,-7.56498384475708,83
16530,UBE2Z,103.8442611694336,25.726795196533203,433
16531,UBE3A,104.03973388671875,9.917530059814453,326
16532,UBE3B,103.26866912841797,4.914970874786377,309
16533,UBE3C,102.47865295410156,3.790508508682251,309
16534,UBE3D,111.87635803222656,13.879193305969238,448
16535,UBE4A,103.66329193115234,2.7512259483337402,309
16536,UBE4B,102.77274322509766,4.132673263549805,309
16537,UBFD1,105.89958190917969,26.10053253173828,390
16538,UBIAD1,98.94451904296875,-34.18215560913086,170
16539,UBL3,116.41910552978516,29.6237735748291,348
16540,UBL4B,104.3642349243164,30.54710578918457,382
16541,UBL5,120.88714599609375,36.27627944946289,315
16542,UBL7,107.23346710205078,26.876535415649414,390
16543,UBLCP1,117.37244415283203,24.404739379882812,372
16544,UBN1,81.05078125,22.4398193359375,281
16545,UBOX5,104.33721923828125,23.793954849243164,406
16546,UBP1,77.95726013183594,32.55982208251953,277
16547,UBQLN1,103.86763763427734,27.658796310424805,429
16548,UBQLN3,103.25776672363281,29.681665420532227,382
16549,UBQLN4,103.21727752685547,28.14725112915039,429
16550,UBQLNL,104.10484313964844,32.78132247924805,382
16551,UBR1,96.52116394042969,-2.2993993759155273,290
16552,UBR2,96.02662658691406,-2.184135675430298,290
16553,UBR3,95.91632080078125,-2.851860284805298,290
16554,UBR5,95.22693634033203,-3.122274875640869,290
16555,UBR7,102.60771179199219,23.51869773864746,432
16556,UBTD1,104.98983764648438,26.860788345336914,430
16557,UBTD2,109.73885345458984,25.245628356933594,322
16558,UBTF,104.5322036743164,35.30707931518555,284
16559,UBTFL1,96.31892395019531,34.75041961669922,338
16560,UBXN1,108.37442016601562,33.17097854614258,425
16561,UBXN10,93.56706237792969,37.73166275024414,342
16562,UBXN11,93.63766479492188,30.940229415893555,321
16563,UBXN2A,105.5898208618164,22.381229400634766,406
16564,UBXN2B,105.75008392333984,23.326885223388672,406
16565,UBXN4,105.79074096679688,32.02540588378906,426
16566,UBXN6,106.80693054199219,26.26641273498535,390
16567,UBXN7,102.30625915527344,24.495986938476562,443
16568,UBXN8,100.32670593261719,36.279266357421875,341
16569,UCHL1,116.01676940917969,17.20041275024414,452
16570,UCHL3,118.44646453857422,18.39765739440918,460
16571,UCHL5,112.8968505859375,20.894405364990234,358
16572,UCK1,123.37640380859375,22.037639617919922,470
16573,UCK2,122.16476440429688,20.923368453979492,470
16574,UCKL1,126.51496124267578,20.42632293701172,467
16575,UCMA,153.60072326660156,-19.287944793701172,133
16576,UCN,154.8422088623047,-19.351137161254883,133
16577,UCN2,153.16587829589844,-18.980905532836914,133
16578,UCN3,154.4009552001953,-19.840435028076172,133
16579,UCP1,113.75786590576172,-61.210853576660156,48
16580,UCP2,113.4189682006836,-60.848270416259766,48
16581,UCP3,113.18513488769531,-60.596961975097656,48
16582,UEVLD,127.22738647460938,14.051560401916504,314
16583,UFC1,113.25116729736328,-7.691405296325684,83
16584,UFD1,117.28569030761719,27.222286224365234,355
16585,UFL1,109.12649536132812,15.995954513549805,375
16586,UFM1,114.70089721679688,30.800933837890625,400
16587,UFSP1,118.820556640625,24.316204071044922,372
16588,UFSP2,113.10784149169922,15.532573699951172,442
16589,UGCG,110.08912658691406,-26.3071346282959,123
16590,UGDH,135.39598083496094,17.988201141357422,440
16591,UGGT1,101.70887756347656,1.451300859451294,308
16592,UGGT2,96.41727447509766,-1.4280790090560913,290
16593,UGP2,134.77586364746094,18.49277687072754,440
16594,UGT1A1,203.09576416015625,-32.34237289428711,13
16595,UGT1A10,203.08799743652344,-32.332794189453125,13
16596,UGT1A3,203.07366943359375,-32.32327651977539,13
16597,UGT1A4,203.08351135253906,-32.33205032348633,13
16598,UGT1A5,203.06982421875,-32.320682525634766,13
16599,UGT1A6,203.0977783203125,-32.341705322265625,13
16600,UGT1A7,203.0913543701172,-32.33268356323242,13
16601,UGT1A8,203.0935821533203,-32.342918395996094,13
16602,UGT1A9,203.10133361816406,-32.34708786010742,13
16603,UGT2A1,203.11541748046875,-32.35733413696289,13
16604,UGT2A2,203.10826110839844,-32.351707458496094,13
16605,UGT2A3,203.10574340820312,-32.35565948486328,13
16606,UGT2B10,203.12530517578125,-32.36092758178711,13
16607,UGT2B11,203.12445068359375,-32.3664436340332,13
16608,UGT2B15,203.12281799316406,-32.363929748535156,13
16609,UGT2B17,203.12539672851562,-32.36077880859375,13
16610,UGT2B28,203.12326049804688,-32.359031677246094,13
16611,UGT2B4,203.1354522705078,-32.368934631347656,13
16612,UGT2B7,203.13340759277344,-32.36727523803711,13
16613,UGT3A1,203.03575134277344,-32.29989242553711,13
16614,UGT3A2,203.05755615234375,-32.312469482421875,13
16615,UGT8,203.1184844970703,-32.363037109375,13
16616,UHMK1,118.60237884521484,14.806224822998047,383
16617,UHRF1,96.15088653564453,20.957109451293945,393
16618,UHRF1BP1,97.48383331298828,0.3208887279033661,285
16619,UHRF1BP1L,96.99188232421875,1.0155950784683228,285
16620,UHRF2,96.17621612548828,20.79818344116211,393
16621,UIMC1,93.32719421386719,23.11392593383789,421
16622,ULBP1,83.37510681152344,96.30125427246094,34
16623,ULBP2,83.41114044189453,96.2906265258789,34
16624,ULBP3,83.3705825805664,96.33033752441406,34
16625,ULK1,127.55918884277344,74.15823364257812,68
16626,ULK2,126.86470031738281,73.0329818725586,68
16627,ULK3,128.8345184326172,75.8820571899414,68
16628,ULK4,103.78014373779297,2.197648525238037,309
16629,UMAD1,97.65087127685547,38.36812973022461,341
16630,UMOD,133.2776336669922,-19.336559295654297,236
16631,UMODL1,127.63706970214844,-12.196853637695312,223
16632,UMPS,126.83641052246094,18.563274383544922,451
16633,UNC119,106.46104431152344,25.79999542236328,390
16634,UNC119B,105.76732635498047,26.470661163330078,390
16635,UNC13A,92.77393341064453,0.6336314082145691,265
16636,UNC13C,94.28101348876953,-0.38230693340301514,290
16637,UNC13D,99.7076416015625,7.134110450744629,413
16638,UNC45A,106.57762145996094,2.6404848098754883,313
16639,UNC45B,105.4319076538086,0.7827938199043274,313
16640,UNC50,94.27384948730469,-28.551969528198242,159
16641,UNC5A,122.38494873046875,-13.425506591796875,219
16642,UNC5B,121.88517761230469,-13.286261558532715,219
16643,UNC5C,121.67108154296875,-13.79432487487793,219
16644,UNC5CL,120.38800048828125,2.697866201400757,157
16645,UNC5D,121.72868347167969,-13.559664726257324,219
16646,UNC79,95.98210144042969,-3.887234926223755,290
16647,UNC93A,99.476318359375,-40.325340270996094,153
16648,UNC93B1,100.05500793457031,-38.166099548339844,153
16649,UNCX,67.82608032226562,45.913368225097656,261
16650,UNG,120.1041259765625,20.032615661621094,446
16651,UNK,98.09235382080078,24.49648094177246,439
16652,UNKL,98.70790100097656,22.65662384033203,360
16653,UPB1,133.5015106201172,17.318756103515625,440
16654,UPF1,111.70655059814453,15.667567253112793,442
16655,UPF2,102.10018920898438,26.111286163330078,433
16656,UPF3A,72.09427642822266,18.455411911010742,120
16657,UPK1A,83.94947814941406,-29.14117431640625,118
16658,UPK1B,83.00425720214844,-28.45681381225586,118
16659,UPK2,99.6778793334961,63.23154830932617,273
16660,UPK3A,99.2042236328125,63.688453674316406,273
16661,UPK3B,99.79759979248047,58.48896408081055,242
16662,UPK3BL1,99.0955810546875,63.13621139526367,273
16663,UPK3BL2,99.58991241455078,62.688316345214844,273
16664,UPP1,129.18768310546875,19.062808990478516,450
16665,UPP2,128.6259002685547,19.870811462402344,450
16666,UQCC1,127.77531433105469,26.042203903198242,329
16667,UQCC2,130.5941619873047,37.59039306640625,283
16668,UQCC3,135.21981811523438,39.093326568603516,271
16669,UQCR10,136.0518798828125,39.19580078125,271
16670,UQCR11,136.03775024414062,39.081092834472656,271
16671,UQCRB,134.4391326904297,37.955726623535156,271
16672,UQCRC1,135.40602111816406,27.37827491760254,142
16673,UQCRC2,136.1148223876953,25.3800048828125,387
16674,UQCRFS1,134.34304809570312,31.502893447875977,183
16675,UQCRH,121.77608489990234,35.1060676574707,315
16676,UQCRHL,122.20274353027344,35.56456756591797,315
16677,UQCRQ,136.03536987304688,39.30025100708008,271
16678,URAD,108.23420715332031,30.689674377441406,424
16679,URB1,99.21138000488281,-3.9444222450256348,291
16680,URB2,104.1427230834961,-0.03116442635655403,308
16681,URGCP,112.89234161376953,5.826063632965088,214
16682,URI1,99.1263198852539,30.475797653198242,346
16683,URM1,119.50773620605469,30.259098052978516,347
16684,UROC1,134.24630737304688,16.77725601196289,440
16685,UROD,129.91453552246094,18.377321243286133,457
16686,UROS,125.92085266113281,19.985830307006836,467
16687,USB1,122.0570297241211,18.238882064819336,416
16688,USE1,112.4630126953125,41.69245147705078,181
16689,USF1,70.81587219238281,30.844249725341797,275
16690,USF2,72.57781219482422,31.052417755126953,274
16691,USH1C,96.57933044433594,12.158007621765137,438
16692,USH1G,92.55751037597656,19.321935653686523,422
16693,USHBP1,87.41820526123047,28.828649520874023,350
16694,USO1,85.26673126220703,4.229955196380615,201
16695,USP1,93.46133422851562,21.82292938232422,423
16696,USP10,89.82688903808594,19.42650032043457,378
16697,USP12,104.7416000366211,16.35004234313965,324
16698,USP13,107.9421157836914,13.697854995727539,351
16699,USP14,112.96089935302734,15.658817291259766,442
16700,USP16,99.72709655761719,21.133373260498047,403
16701,USP17L1,113.33145904541016,50.48465347290039,94
16702,USP17L10,113.29800415039062,50.67373275756836,94
16703,USP17L11,113.24287414550781,50.65978240966797,94
16704,USP17L12,113.36003112792969,50.6494140625,94
16705,USP17L13,112.98965454101562,50.3056526184082,94
16706,USP17L15,113.37276458740234,50.647216796875,94
16707,USP17L17,113.36439514160156,50.65193176269531,94
16708,USP17L18,113.38550567626953,50.72352600097656,94
16709,USP17L19,113.36273956298828,50.98948669433594,94
16710,USP17L2,113.25480651855469,50.658756256103516,94
16711,USP17L20,113.20814514160156,50.619869232177734,94
16712,USP17L21,113.20014190673828,50.5645751953125,94
16713,USP17L22,113.01560974121094,50.25334930419922,94
16714,USP17L23,112.40108489990234,49.71078872680664,94
16715,USP17L24,113.3073501586914,50.514892578125,94
16716,USP17L25,113.25927734375,50.6434326171875,94
16717,USP17L26,113.32965850830078,50.760555267333984,94
16718,USP17L27,113.39576721191406,50.29564666748047,94
16719,USP17L28,113.36121368408203,50.762577056884766,94
16720,USP17L29,113.26109313964844,50.70728302001953,94
16721,USP17L3,113.30150604248047,50.60301208496094,94
16722,USP17L30,113.3371810913086,50.79106903076172,94
16723,USP17L4,113.39463806152344,50.16388702392578,94
16724,USP17L5,113.29515075683594,50.399803161621094,94
16725,USP17L7,113.2662353515625,50.596012115478516,94
16726,USP17L8,113.35941314697266,50.65235900878906,94
16727,USP18,112.86196899414062,48.40068817138672,94
16728,USP19,99.97631072998047,16.050006866455078,381
16729,USP2,95.34782409667969,14.376852035522461,385
16730,USP20,100.68724060058594,14.6927490234375,353
16731,USP21,95.82540893554688,15.24631118774414,385
16732,USP22,100.6733627319336,22.51769256591797,403
16733,USP24,95.92819213867188,-3.177213191986084,290
16734,USP25,97.49805450439453,7.562827110290527,413
16735,USP28,100.30473327636719,13.242403030395508,427
16736,USP29,88.81181335449219,24.92997169494629,412
16737,USP3,102.11627960205078,19.662555694580078,364
16738,USP30,108.95885467529297,16.412519454956055,375
16739,USP31,90.80264282226562,17.555133819580078,378
16740,USP32,95.77207946777344,5.085642337799072,320
16741,USP33,100.39035034179688,13.640604019165039,408
16742,USP34,95.30183410644531,-3.3989884853363037,290
16743,USP35,101.464111328125,13.68231201171875,408
16744,USP36,84.53329467773438,22.258926391601562,418
16745,USP37,93.22493743896484,20.948667526245117,423
16746,USP38,101.51922607421875,16.135717391967773,381
16747,USP39,109.60403442382812,15.899710655212402,375
16748,USP4,99.23446655273438,14.089067459106445,428
16749,USP40,102.64839172363281,12.257440567016602,326
16750,USP42,74.88648986816406,19.21435546875,120
16751,USP43,92.85477447509766,13.492531776428223,394
16752,USP44,101.32101440429688,18.5678653717041,381
16753,USP45,101.0557632446289,16.53804588317871,381
16754,USP46,103.9206314086914,18.21315574645996,364
16755,USP47,98.42439270019531,12.923442840576172,431
16756,USP48,101.20696258544922,13.796541213989258,408
16757,USP49,100.10122680664062,18.804710388183594,402
16758,USP5,112.55760192871094,13.963618278503418,448
16759,USP50,112.46451568603516,48.17304611206055,94
16760,USP53,91.44868469238281,18.814491271972656,422
16761,USP54,84.68746948242188,17.92597770690918,318
16762,USP6,99.19189453125,12.438363075256348,431
16763,USP6NL,88.30322265625,16.609073638916016,367
16764,USP7,101.59491729736328,10.941780090332031,326
16765,USPL1,93.82211303710938,19.26645278930664,398
16766,UST,142.65325927734375,1.156864881515503,239
16767,UTF1,79.66234588623047,41.74557113647461,266
16768,UTP11,112.41539001464844,34.14714431762695,391
16769,UTP14C,100.82218933105469,32.45716857910156,346
16770,UTP15,123.84139251708984,50.85185241699219,66
16771,UTP18,123.51728820800781,49.26482391357422,66
16772,UTP20,99.43614196777344,-3.716108798980713,291
16773,UTP23,112.85963439941406,30.374956130981445,400
16774,UTP25,114.39095306396484,28.504547119140625,388
16775,UTP3,111.6005630493164,32.570159912109375,391
16776,UTP4,122.73499298095703,49.482521057128906,66
16777,UTP6,110.53047180175781,1.5495949983596802,293
16778,UTS2,153.796142578125,-19.41544532775879,133
16779,UTS2B,153.88018798828125,-19.38616180419922,133
16780,UTS2R,4.634352684020996,-24.993518829345703,17
16781,UVRAG,90.27945709228516,13.069972038269043,356
16782,UVSSA,105.06993103027344,18.752574920654297,395
16783,UXS1,129.43014526367188,15.254230499267578,453
16784,VAC14,103.49198913574219,3.6321043968200684,309
16785,VAMP1,112.23690795898438,42.69802474975586,181
16786,VAMP2,112.25540924072266,42.78961181640625,181
16787,VAMP3,112.87432861328125,42.44846725463867,181
16788,VAMP4,112.6702880859375,42.175682067871094,181
16789,VAMP5,112.71381378173828,42.781219482421875,181
16790,VAMP8,112.67798614501953,42.86842346191406,181
16791,VANGL1,99.81082916259766,-22.080421447753906,149
16792,VANGL2,100.17669677734375,-19.44432258605957,148
16793,VAPA,111.1390609741211,18.20634651184082,405
16794,VAPB,112.56407928466797,20.040496826171875,358
16795,VARS2,117.06634521484375,9.498123168945312,214
16796,VASH1,101.85133361816406,19.87303924560547,364
16797,VASH2,102.7937240600586,20.576095581054688,364
16798,VASN,156.8162841796875,44.47105407714844,92
16799,VASP,82.36378479003906,14.621954917907715,307
16800,VAT1,131.39903259277344,12.70943832397461,289
16801,VAT1L,128.1107635498047,16.48601531982422,451
16802,VAV1,97.58131408691406,8.84533977508545,413
16803,VAV2,96.26791381835938,8.568619728088379,320
16804,VAV3,96.11100769042969,7.8640947341918945,320
16805,VAX1,68.82759857177734,46.78173828125,261
16806,VAX2,68.37506103515625,47.184139251708984,261
16807,VCAM1,98.3286361694336,68.12218475341797,259
16808,VCL,100.2659912109375,-3.346986770629883,291
16809,VCP,116.53766632080078,16.527908325195312,452
16810,VCPIP1,104.01667785644531,15.568382263183594,324
16811,VCPKMT,123.76280975341797,21.32807731628418,469
16812,VDAC1,130.96539306640625,23.267812728881836,327
16813,VDAC2,131.63623046875,23.511322021484375,327
16814,VDAC3,131.2189178466797,23.278064727783203,327
16815,VDR,57.00077819824219,38.75016784667969,86
16816,VEGFA,143.65078735351562,-15.452768325805664,238
16817,VEGFB,144.03488159179688,-14.740867614746094,238
16818,VEGFC,139.08067321777344,-16.291397094726562,230
16819,VENTX,70.16657257080078,46.3188591003418,261
16820,VEPH1,101.47856140136719,10.286932945251465,326
16821,VEZF1,64.03893280029297,30.17315673828125,176
16822,VEZT,95.41690063476562,10.659439086914062,435
16823,VGF,154.19378662109375,-19.532691955566406,133
16824,VGLL2,71.37952423095703,39.867584228515625,254
16825,VGLL3,70.66545867919922,40.32637023925781,254
16826,VGLL4,76.89331817626953,32.34227752685547,277
16827,VHL,103.98379516601562,26.879833221435547,429
16828,VHLL,110.21687316894531,30.279863357543945,419
16829,VIL1,103.49185943603516,8.720333099365234,297
16830,VILL,103.66634368896484,8.881196022033691,297
16831,VIM,206.20704650878906,25.291065216064453,20
16832,VIP,154.98329162597656,-20.214996337890625,133
16833,VIPAS39,106.4759750366211,11.860553741455078,352
16834,VIPR1,111.10348510742188,-31.879947662353516,126
16835,VIPR2,111.04228973388672,-32.294769287109375,126
16836,VIRMA,98.43132781982422,-0.25765928626060486,285
16837,VIT,133.94833374023438,-13.547590255737305,224
16838,VKORC1,95.28131103515625,-31.60794448852539,166
16839,VKORC1L1,96.34254455566406,-31.31291961669922,166
16840,VLDLR,133.6387481689453,-20.20113754272461,236
16841,VMAC,101.35707092285156,32.944339752197266,346
16842,VMO1,140.3759765625,-13.622814178466797,246
16843,VMP1,100.02438354492188,-32.630645751953125,170
16844,VN1R1,-5.673680305480957,-28.371198654174805,16
16845,VN1R2,-5.91094446182251,-28.623367309570312,16
16846,VN1R4,-6.064944744110107,-28.70404052734375,16
16847,VN1R5,-6.028002738952637,-28.69493293762207,16
16848,VNN1,134.8618621826172,-0.7493498921394348,252
16849,VNN2,136.2454071044922,-0.7603299021720886,252
16850,VOPP1,97.65097045898438,52.852752685546875,262
16851,VPREB1,97.66251373291016,138.65927124023438,38
16852,VPREB3,97.01839447021484,139.22552490234375,39
16853,VPS11,108.51165008544922,1.4880961179733276,311
16854,VPS16,107.98957061767578,1.6314899921417236,311
16855,VPS18,108.04261016845703,2.110243797302246,311
16856,VPS25,117.57103729248047,28.339263916015625,355
16857,VPS26A,114.3582763671875,21.739456176757812,362
16858,VPS26B,113.28964233398438,22.72972869873047,362
16859,VPS26C,114.53856658935547,17.2434024810791,463
16860,VPS28,112.84194946289062,17.742116928100586,405
16861,VPS29,120.12084197998047,29.9913330078125,347
16862,VPS33A,112.09587860107422,11.760926246643066,386
16863,VPS33B,111.32935333251953,11.614421844482422,386
16864,VPS35,107.47478485107422,3.084533214569092,310
16865,VPS35L,104.43382263183594,2.824611186981201,309
16866,VPS36,113.49190521240234,23.688047409057617,362
16867,VPS37A,102.09713745117188,22.685670852661133,432
16868,VPS37B,80.99120330810547,18.39937400817871,280
16869,VPS37C,78.37530517578125,24.049945831298828,281
16870,VPS37D,100.2921371459961,34.440425872802734,345
16871,VPS39,107.2365951538086,1.4904780387878418,311
16872,VPS41,107.78893280029297,1.4335384368896484,311
16873,VPS45,111.80878448486328,10.91925048828125,386
16874,VPS4A,115.06358337402344,17.27031135559082,463
16875,VPS4B,112.54242706298828,17.16576385498047,405
16876,VPS50,103.61001586914062,4.128491401672363,309
16877,VPS51,105.75347900390625,5.9161224365234375,299
16878,VPS52,105.9543228149414,5.77803373336792,299
16879,VPS54,103.10721588134766,3.423234462738037,309
16880,VPS72,106.18658447265625,29.356361389160156,430
16881,VPS8,106.62702941894531,-0.4937388002872467,313
16882,VPS9D1,103.43822479248047,10.381884574890137,326
16883,VRK1,127.20883178710938,77.97662353515625,68
16884,VRK2,126.86170959472656,77.75472259521484,68
16885,VRK3,106.14480590820312,18.573623657226562,395
16886,VRTN,91.77497863769531,30.294702529907227,321
16887,VSIG10,98.95344543457031,67.05319213867188,255
16888,VSIG10L,99.24983978271484,67.99248504638672,255
16889,VSIG10L2,99.55877685546875,68.38787841796875,255
16890,VSIG2,99.14183044433594,63.949073791503906,272
16891,VSIG8,99.9046401977539,62.031044006347656,273
16892,VSIR,97.22421264648438,65.91935729980469,259
16893,VSNL1,53.581748962402344,-3.5095138549804688,97
16894,VSTM1,93.55271911621094,74.03076171875,257
16895,VSTM2A,133.975341796875,-9.91222095489502,224
16896,VSTM2B,132.9999542236328,-11.161641120910645,224
16897,VSTM2L,100.34866333007812,59.906394958496094,242
16898,VSTM4,99.57737731933594,61.32669448852539,273
16899,VSTM5,99.57525634765625,62.79237747192383,273
16900,VSX1,68.38043212890625,47.08419418334961,261
16901,VSX2,68.12251281738281,46.9864501953125,261
16902,VTA1,103.81013488769531,21.92437744140625,406
16903,VTCN1,97.57157897949219,67.03648376464844,259
16904,VTI1A,112.9207763671875,42.24797058105469,181
16905,VTI1B,112.7476806640625,41.82679748535156,181
16906,VTN,136.4991455078125,-11.021866798400879,241
16907,VWA1,134.5836639404297,-7.585194110870361,235
16908,VWA2,127.70826721191406,-10.379866600036621,223
16909,VWA3A,87.53651428222656,10.359748840332031,370
16910,VWA3B,88.14254760742188,9.525846481323242,370
16911,VWA5A,119.82823181152344,-3.6669399738311768,191
16912,VWA5B1,119.10553741455078,-4.273919582366943,191
16913,VWA5B2,119.5899887084961,-4.4092936515808105,191
16914,VWA7,123.13053894042969,-4.437524795532227,234
16915,VWA8,95.90550231933594,-1.876760482788086,290
16916,VWC2,138.56492614746094,-16.18070411682129,230
16917,VWC2L,137.43704223632812,-17.98564338684082,236
16918,VWCE,133.010986328125,-20.478784561157227,236
16919,VWDE,132.1011505126953,-20.485618591308594,236
16920,VWF,126.19751739501953,-22.003402709960938,202
16921,VXN,94.6993179321289,40.56047439575195,343
16922,WAC,79.94409942626953,24.60779571533203,281
16923,WAPL,89.55326080322266,20.81678009033203,414
16924,WARS2,126.83219909667969,21.27103614807129,468
16925,WASF1,82.83531188964844,14.408834457397461,307
16926,WASF2,82.63980865478516,14.602663040161133,307
16927,WASF3,82.75871276855469,14.58465576171875,307
16928,WASHC1,82.35316467285156,14.483088493347168,307
16929,WASHC2A,86.73394775390625,23.80145263671875,411
16930,WASHC2C,88.90483856201172,23.563377380371094,411
16931,WASHC3,110.34408569335938,30.30185890197754,419
16932,WASHC4,102.85200500488281,3.7469654083251953,309
16933,WASHC5,103.87643432617188,2.9142518043518066,309
16934,WASL,82.00297546386719,14.338055610656738,307
16935,WBP1,98.74480438232422,53.85417556762695,262
16936,WBP11,75.03052520751953,21.90883445739746,279
16937,WBP1L,97.93119812011719,55.20064926147461,262
16938,WBP2,96.41632843017578,49.416542053222656,245
16939,WBP2NL,76.5515365600586,26.412076950073242,281
16940,WBP4,107.28390502929688,32.04589080810547,425
16941,WDCP,117.19949340820312,13.983991622924805,319
16942,WDFY1,124.12789916992188,51.077003479003906,66
16943,WDFY2,124.26192474365234,51.32976531982422,66
16944,WDFY4,98.70973205566406,-5.954775810241699,291
16945,WDHD1,93.69279479980469,19.223873138427734,398
16946,WDPCP,106.01124572753906,2.507763147354126,313
16947,WDR1,123.96627807617188,51.249996185302734,66
16948,WDR11,107.439697265625,-1.0395327806472778,313
16949,WDR12,124.6639175415039,51.02293395996094,66
16950,WDR17,108.28535461425781,-0.5606638789176941,293
16951,WDR18,124.69441223144531,51.02955627441406,66
16952,WDR19,108.99921417236328,-1.6801247596740723,293
16953,WDR20,122.53817749023438,49.263301849365234,66
16954,WDR24,123.56635284423828,50.27674865722656,66
16955,WDR25,124.35467529296875,51.218841552734375,66
16956,WDR26,100.14085388183594,21.591882705688477,403
16957,WDR27,124.22969818115234,51.26253128051758,66
16958,WDR3,124.17640686035156,49.929771423339844,66
16959,WDR31,125.13655853271484,52.26426696777344,66
16960,WDR33,74.5856704711914,22.911470413208008,279
16961,WDR35,108.9176254272461,-0.8459590673446655,293
16962,WDR36,123.36024475097656,49.89566421508789,66
16963,WDR37,124.08201599121094,51.27056884765625,66
16964,WDR38,125.28005981445312,52.5389518737793,66
16965,WDR4,124.34810638427734,50.769371032714844,66
16966,WDR41,123.97111511230469,50.7896842956543,66
16967,WDR43,121.53441619873047,46.82771301269531,66
16968,WDR45B,122.704345703125,49.25943374633789,66
16969,WDR46,122.51571655273438,47.347965240478516,66
16970,WDR47,120.61456298828125,46.600955963134766,66
16971,WDR48,123.181640625,49.6302490234375,66
16972,WDR49,123.39064025878906,48.517303466796875,66
16973,WDR5,125.37383270263672,52.78409957885742,66
16974,WDR53,124.26429748535156,50.97075653076172,66
16975,WDR54,124.67243957519531,48.723838806152344,66
16976,WDR55,124.42855072021484,50.696311950683594,66
16977,WDR59,123.40971374511719,50.14408874511719,66
16978,WDR5B,124.86137390136719,52.079612731933594,66
16979,WDR6,124.83943939208984,47.367671966552734,66
16980,WDR61,124.35017395019531,51.355857849121094,66
16981,WDR62,88.15377044677734,16.769264221191406,367
16982,WDR64,122.59645080566406,47.90678024291992,66
16983,WDR7,120.94723510742188,46.58220291137695,66
16984,WDR70,123.16287231445312,49.20905685424805,66
16985,WDR72,106.53375244140625,1.1595333814620972,311
16986,WDR73,124.39202117919922,50.72380065917969,66
16987,WDR74,124.64295959472656,50.190643310546875,66
16988,WDR75,122.50428009033203,49.06382751464844,66
16989,WDR76,93.47535705566406,21.93204689025879,423
16990,WDR77,124.66990661621094,51.239356994628906,66
16991,WDR81,98.42793273925781,-3.806929111480713,291
16992,WDR82,123.5500259399414,51.39921569824219,66
16993,WDR83,125.10787200927734,52.016300201416016,66
16994,WDR83OS,91.68534088134766,-26.57004165649414,158
16995,WDR86,125.68099975585938,52.84822082519531,66
16996,WDR87,86.35704803466797,34.04381561279297,286
16997,WDR88,126.0341796875,53.579612731933594,66
16998,WDR89,124.24485778808594,50.681785583496094,66
16999,WDR90,122.33808898925781,48.683528900146484,66
17000,WDR91,120.5771484375,46.94732666015625,66
17001,WDR93,106.53131103515625,7.771636009216309,299
17002,WDR97,108.13823699951172,3.6991586685180664,310
17003,WDSUB1,124.3222885131836,51.4397087097168,66
17004,WDTC1,122.95294952392578,49.345252990722656,66
17005,WEE1,97.10118103027344,25.234804153442383,434
17006,WEE2,97.62444305419922,25.83174705505371,434
17007,WFDC1,140.1481170654297,-17.89252471923828,248
17008,WFDC10A,147.4077911376953,-24.61076545715332,218
17009,WFDC10B,147.64756774902344,-24.96016502380371,218
17010,WFDC11,147.92710876464844,-25.39305877685547,218
17011,WFDC12,145.43157958984375,-22.029876708984375,222
17012,WFDC13,145.05929565429688,-21.85776710510254,222
17013,WFDC2,146.3744659423828,-22.986967086791992,222
17014,WFDC3,145.0175323486328,-22.383949279785156,222
17015,WFDC5,144.3280029296875,-19.89577865600586,221
17016,WFDC6,147.00843811035156,-24.36929702758789,218
17017,WFDC8,143.24917602539062,-21.339025497436523,221
17018,WFDC9,147.33761596679688,-24.595115661621094,218
17019,WFIKKN1,136.67660522460938,-17.466524124145508,236
17020,WFIKKN2,137.70021057128906,-19.46862030029297,244
17021,WFS1,117.22174072265625,3.3308217525482178,209
17022,WHAMM,91.38152313232422,18.27471923828125,422
17023,WHRN,92.40078735351562,13.619647979736328,394
17024,WIF1,136.49436950683594,-19.433303833007812,236
17025,WIPF1,82.54097747802734,14.463292121887207,307
17026,WIPF2,82.61665344238281,14.484302520751953,307
17027,WIPF3,82.55738067626953,14.369568824768066,307
17028,WIPI1,103.4811782836914,19.441295623779297,364
17029,WIPI2,105.67926025390625,19.359827041625977,395
17030,WIZ,61.99683380126953,28.989646911621094,176
17031,WLS,106.90657806396484,-31.384716033935547,132
17032,WNK1,79.0898666381836,20.699026107788086,281
17033,WNK2,83.20835876464844,15.722103118896484,307
17034,WNK4,85.45630645751953,14.301725387573242,365
17035,WNT1,159.6585235595703,-56.9097900390625,45
17036,WNT10A,159.8910369873047,-57.15762710571289,45
17037,WNT10B,159.8935546875,-57.132110595703125,45
17038,WNT11,159.93600463867188,-57.19670867919922,45
17039,WNT16,159.94601440429688,-57.2075309753418,45
17040,WNT2,159.9441680908203,-57.1983528137207,45
17041,WNT2B,159.9475860595703,-57.21619415283203,45
17042,WNT3,159.9500732421875,-57.208335876464844,45
17043,WNT3A,159.94520568847656,-57.20505142211914,45
17044,WNT4,159.9636688232422,-57.23039627075195,45
17045,WNT5A,159.95895385742188,-57.21969985961914,45
17046,WNT5B,159.9519500732422,-57.21114730834961,45
17047,WNT6,159.6241912841797,-56.87191390991211,45
17048,WNT7A,159.95506286621094,-57.22453308105469,45
17049,WNT7B,159.9526824951172,-57.207305908203125,45
17050,WNT8A,159.81668090820312,-56.9688835144043,45
17051,WNT8B,159.91946411132812,-57.176246643066406,45
17052,WNT9A,159.92752075195312,-57.180904388427734,45
17053,WNT9B,159.90480041503906,-57.14756774902344,45
17054,WRAP53,123.95631408691406,50.422969818115234,66
17055,WRAP73,124.333984375,50.98531723022461,66
17056,WRN,98.69059753417969,16.41351890563965,407
17057,WRNIP1,99.19903564453125,27.767921447753906,439
17058,WSB1,124.09027862548828,51.19891357421875,66
17059,WSB2,124.87925720214844,52.136985778808594,66
17060,WSCD1,138.14105224609375,-5.207972526550293,229
17061,WSCD2,140.00303649902344,-1.6068530082702637,239
17062,WT1,63.90821075439453,37.75764465332031,179
17063,WTAP,101.80464172363281,28.5291690826416,429
17064,WWC1,87.0815658569336,9.46141242980957,370
17065,WWC2,88.37396240234375,9.413119316101074,370
17066,WWOX,133.86300659179688,12.052938461303711,282
17067,WWP1,99.02850341796875,8.348533630371094,413
17068,WWP2,100.61354064941406,8.737320899963379,413
17069,WWTR1,76.8490982055664,30.968246459960938,277
17070,XAB2,110.45314025878906,1.7050464153289795,293
17071,XAF1,101.24137878417969,24.78812026977539,443
17072,XBP1,80.51998138427734,36.65235137939453,264
17073,XCL1,163.4451446533203,-40.961997985839844,46
17074,XCL2,163.4449920654297,-40.96596908569336,46
17075,XCR1,1.3125958442687988,-23.612098693847656,17
17076,XDH,134.94967651367188,15.586553573608398,440
17077,XIRP1,84.92007446289062,26.784347534179688,349
17078,XKR3,98.1388168334961,-31.17344856262207,171
17079,XKR5,88.70793151855469,23.766460418701172,411
17080,XKR6,106.67481231689453,-25.761518478393555,141
17081,XKR7,102.65008544921875,-22.861940383911133,136
17082,XKR8,98.5667724609375,-29.52904510498047,171
17083,XKR9,98.33869934082031,-33.021244049072266,170
17084,XPA,107.97359466552734,33.00107192993164,425
17085,XPC,102.87287902832031,23.191184997558594,432
17086,XPNPEP1,131.03936767578125,19.821149826049805,449
17087,XPNPEP3,123.79138946533203,16.48893928527832,420
17088,XPO1,104.55543518066406,-0.7127472162246704,308
17089,XPO4,103.85722351074219,-1.1575515270233154,308
17090,XPO5,103.84017181396484,-0.9295585751533508,308
17091,XPO6,103.72047424316406,-1.3242894411087036,308
17092,XPO7,103.20598602294922,-0.6999382376670837,308
17093,XPOT,103.89672088623047,-1.3960399627685547,308
17094,XPR1,102.5584716796875,-29.462692260742188,156
17095,XRCC1,96.8276596069336,24.259174346923828,360
17096,XRCC2,119.53594207763672,21.504837036132812,446
17097,XRCC3,120.07177734375,20.241796493530273,446
17098,XRCC4,102.38134765625,24.538022994995117,443
17099,XRCC5,114.81262969970703,15.5589599609375,448
17100,XRCC6,115.20145416259766,15.443743705749512,448
17101,XRN1,94.48614501953125,3.007754325866699,265
17102,XRN2,105.87760925292969,20.188188552856445,364
17103,XRRA1,84.87289428710938,10.75638198852539,369
17104,XXYLT1,139.96578979492188,1.2008988857269287,239
17105,XYLB,132.20773315429688,15.709942817687988,440
17106,XYLT1,141.66639709472656,1.3739322423934937,239
17107,XYLT2,140.8790740966797,1.5005815029144287,239
17108,YAE1,117.47969055175781,21.325366973876953,446
17109,YAF2,91.45109558105469,28.683671951293945,384
17110,YAP1,76.52899169921875,29.457597732543945,281
17111,YARS2,124.70887756347656,18.33514404296875,466
17112,YBEY,126.13072204589844,26.89814567565918,325
17113,YBX1,71.8520278930664,23.083669662475586,278
17114,YBX2,73.33258819580078,23.101425170898438,279
17115,YBX3,72.21923065185547,23.283382415771484,278
17116,YDJC,123.69692993164062,23.395509719848633,464
17117,YEATS2,76.7359848022461,26.359542846679688,281
17118,YEATS4,110.58783721923828,27.407215118408203,323
17119,YES1,133.19125366210938,73.69429779052734,67
17120,YIF1A,94.80366516113281,-26.487258911132812,155
17121,YIF1B,95.15750122070312,-25.899059295654297,155
17122,YIPF1,94.92074584960938,-26.692907333374023,155
17123,YIPF2,94.76564025878906,-26.302886962890625,155
17124,YIPF3,94.92191314697266,-26.526241302490234,155
17125,YIPF4,95.01709747314453,-26.413368225097656,155
17126,YIPF5,95.2077865600586,-25.71993637084961,155
17127,YIPF7,95.20135498046875,-26.20221710205078,155
17128,YJEFN3,125.9086685180664,17.23246955871582,451
17129,YJU2,107.71141815185547,31.740610122680664,425
17130,YKT6,115.02818298339844,36.21586227416992,195
17131,YLPM1,75.25056457519531,22.235767364501953,279
17132,YME1L1,116.46106719970703,13.825726509094238,319
17133,YOD1,114.0272216796875,20.789649963378906,362
17134,YPEL1,116.54366302490234,34.60917282104492,195
17135,YPEL2,116.73074340820312,34.51609420776367,195
17136,YPEL3,116.84751892089844,34.439517974853516,195
17137,YPEL4,116.6994400024414,34.89594268798828,195
17138,YPEL5,116.54171752929688,34.57162857055664,195
17139,YRDC,104.64427947998047,32.162166595458984,382
17140,YTHDC1,72.54702758789062,19.19484519958496,120
17141,YTHDC2,103.81901550292969,8.443573951721191,297
17142,YTHDF1,77.12957000732422,28.248891830444336,281
17143,YTHDF2,77.0500259399414,27.72873306274414,281
17144,YTHDF3,77.59657287597656,28.172283172607422,281
17145,YWHAB,123.1700439453125,37.06768035888672,184
17146,YWHAE,123.74983978271484,37.44419479370117,184
17147,YWHAG,123.20990753173828,37.29982376098633,184
17148,YWHAH,123.8404769897461,37.83924865722656,184
17149,YWHAQ,123.87686920166016,37.79381561279297,184
17150,YWHAZ,123.43319702148438,37.348514556884766,184
17151,YY1,62.190025329589844,30.977813720703125,176
17152,YY1AP1,83.64891052246094,25.181371688842773,349
17153,ZACN,178.89109802246094,-48.123374938964844,58
17154,ZADH2,127.1279067993164,18.437496185302734,451
17155,ZAN,125.89392852783203,-21.575084686279297,202
17156,ZAP70,132.68434143066406,74.00115203857422,67
17157,ZAR1,93.57994079589844,31.196744918823242,321
17158,ZAR1L,94.1770248413086,35.75433349609375,338
17159,ZBBX,84.52699279785156,13.377270698547363,307
17160,ZBED2,100.30261993408203,36.799930572509766,341
17161,ZBED3,99.63790130615234,33.88739013671875,346
17162,ZBED4,91.116943359375,30.569965362548828,321
17163,ZBED5,92.28147888183594,31.096651077270508,321
17164,ZBED6,91.71543884277344,30.657909393310547,321
17165,ZBED8,92.30858612060547,31.314851760864258,321
17166,ZBED9,92.16094970703125,30.839426040649414,321
17167,ZBP1,94.22176361083984,39.31576156616211,344
17168,ZBTB1,60.703453063964844,28.56001091003418,176
17169,ZBTB10,93.61530303955078,28.485736846923828,384
17170,ZBTB11,61.6865119934082,28.032323837280273,176
17171,ZBTB12,60.19023895263672,29.486499786376953,176
17172,ZBTB14,60.36369323730469,29.037052154541016,176
17173,ZBTB16,60.25083541870117,29.177410125732422,176
17174,ZBTB17,60.81170654296875,29.028148651123047,176
17175,ZBTB18,60.294490814208984,29.368915557861328,176
17176,ZBTB2,60.38872146606445,29.029159545898438,176
17177,ZBTB21,61.38710403442383,28.427597045898438,176
17178,ZBTB22,60.120853424072266,29.76515007019043,176
17179,ZBTB24,61.06885528564453,28.206769943237305,176
17180,ZBTB25,60.22943878173828,29.017967224121094,176
17181,ZBTB26,60.11323928833008,28.610126495361328,176
17182,ZBTB3,59.49478530883789,29.655532836914062,176
17183,ZBTB32,60.26396179199219,32.38371276855469,176
17184,ZBTB34,59.73323440551758,28.87861442565918,176
17185,ZBTB38,62.14869689941406,28.180362701416016,176
17186,ZBTB39,59.84876251220703,28.950613021850586,176
17187,ZBTB4,61.57097625732422,29.537097930908203,176
17188,ZBTB40,60.582969665527344,28.022933959960938,176
17189,ZBTB41,61.86289978027344,28.530874252319336,176
17190,ZBTB42,60.507144927978516,31.79653549194336,176
17191,ZBTB43,59.53925704956055,28.951648712158203,176
17192,ZBTB44,59.73268508911133,29.086076736450195,176
17193,ZBTB45,59.79249954223633,30.21286964416504,176
17194,ZBTB46,60.050697326660156,29.322582244873047,176
17195,ZBTB47,60.269020080566406,29.644784927368164,176
17196,ZBTB48,60.16223907470703,29.11517333984375,176
17197,ZBTB49,59.8947868347168,29.065765380859375,176
17198,ZBTB5,59.456016540527344,28.52130126953125,176
17199,ZBTB6,60.43703079223633,28.636301040649414,176
17200,ZBTB7A,60.06328582763672,30.731586456298828,176
17201,ZBTB7B,60.01899337768555,30.449302673339844,176
17202,ZBTB7C,61.50049591064453,29.391578674316406,176
17203,ZBTB8A,59.79522705078125,28.685436248779297,176
17204,ZBTB8OS,120.005126953125,25.45755386352539,372
17205,ZBTB9,59.77821731567383,29.770538330078125,176
17206,ZC2HC1A,94.14360046386719,26.35891342163086,354
17207,ZC2HC1B,95.41677856445312,31.119564056396484,321
17208,ZC2HC1C,92.59276580810547,37.46424865722656,342
17209,ZC3H10,71.0428695678711,28.581180572509766,276
17210,ZC3H11A,87.77741241455078,27.989791870117188,350
17211,ZC3H11B,88.33377838134766,30.21319580078125,317
17212,ZC3H12A,87.47772979736328,20.816913604736328,418
17213,ZC3H12C,88.296142578125,18.717748641967773,367
17214,ZC3H12D,88.49053192138672,20.21013069152832,414
17215,ZC3H13,71.18826293945312,18.273475646972656,120
17216,ZC3H15,109.98062896728516,33.112327575683594,425
17217,ZC3H18,71.74777221679688,18.426156997680664,120
17218,ZC3H3,85.43551635742188,24.602149963378906,349
17219,ZC3H4,73.89102935791016,22.597694396972656,279
17220,ZC3H6,75.7769546508789,22.42977523803711,279
17221,ZC3H7A,97.38661193847656,19.870201110839844,404
17222,ZC3H7B,97.73738861083984,18.968509674072266,404
17223,ZC3H8,110.66690063476562,30.839271545410156,419
17224,ZC3HAV1,100.47175598144531,20.867279052734375,403
17225,ZC3HAV1L,107.16401672363281,22.903461456298828,406
17226,ZC3HC1,111.55765533447266,20.743120193481445,358
17227,ZCCHC10,89.83841705322266,28.630706787109375,350
17228,ZCCHC14,80.78848266601562,24.33441925048828,281
17229,ZCCHC17,73.48151397705078,17.869647979736328,120
17230,ZCCHC2,80.70498657226562,24.27703094482422,281
17231,ZCCHC24,96.12701416015625,25.70950698852539,434
17232,ZCCHC3,100.53021240234375,32.00502395629883,346
17233,ZCCHC4,108.37272644042969,20.086231231689453,395
17234,ZCCHC7,84.4382553100586,21.958805084228516,418
17235,ZCCHC8,103.46772003173828,27.12954330444336,429
17236,ZCCHC9,111.43855285644531,32.5069580078125,391
17237,ZCRB1,108.85447692871094,33.023441314697266,425
17238,ZCWPW1,97.09235382080078,34.32847595214844,338
17239,ZCWPW2,99.94671630859375,24.969017028808594,439
17240,ZDBF2,81.99649810791016,18.666486740112305,318
17241,ZDHHC1,102.09335327148438,-20.20230484008789,148
17242,ZDHHC11,101.02670288085938,-20.786943435668945,148
17243,ZDHHC11B,101.43182373046875,-20.946672439575195,148
17244,ZDHHC12,100.94880676269531,-21.170177459716797,148
17245,ZDHHC13,101.07965087890625,-27.730539321899414,156
17246,ZDHHC14,102.33515930175781,-20.11333465576172,148
17247,ZDHHC16,100.99818420410156,-21.108076095581055,148
17248,ZDHHC17,102.00810241699219,-24.44849967956543,136
17249,ZDHHC18,101.59831237792969,-20.808269500732422,148
17250,ZDHHC19,101.06625366210938,-20.95613670349121,148
17251,ZDHHC2,101.33149719238281,-20.749755859375,148
17252,ZDHHC20,101.21089935302734,-21.395557403564453,148
17253,ZDHHC21,101.16349792480469,-21.050559997558594,148
17254,ZDHHC22,101.37010192871094,-21.40186309814453,148
17255,ZDHHC23,100.16297912597656,-22.536487579345703,149
17256,ZDHHC24,97.58865356445312,-26.95635986328125,161
17257,ZDHHC4,100.93716430664062,-21.09807777404785,148
17258,ZDHHC5,103.02642059326172,-19.77933692932129,148
17259,ZDHHC6,101.02023315429688,-21.084558486938477,148
17260,ZDHHC7,101.57170104980469,-21.183856964111328,148
17261,ZDHHC8,103.4300308227539,-19.598817825317383,148
17262,ZEB1,62.451622009277344,28.75983428955078,176
17263,ZEB2,64.27548217773438,29.501218795776367,176
17264,ZER1,152.5264892578125,43.76141357421875,101
17265,ZFAND1,102.56431579589844,24.64291000366211,443
17266,ZFAND2A,100.84687805175781,25.643016815185547,443
17267,ZFAND2B,100.6065673828125,23.66314125061035,444
17268,ZFAND3,98.35603332519531,23.931161880493164,360
17269,ZFAND4,90.21063232421875,23.74209213256836,415
17270,ZFAND5,98.76300048828125,26.0810489654541,439
17271,ZFAND6,98.91647338867188,25.77225685119629,439
17272,ZFAT,61.136314392089844,28.738439559936523,176
17273,ZFC3H1,81.57821655273438,17.73296356201172,318
17274,ZFHX2,62.67080307006836,29.170434951782227,176
17275,ZFP1,29.506057739257812,-45.9114990234375,79
17276,ZFP14,26.48650360107422,-48.28502655029297,79
17277,ZFP2,28.02710723876953,-45.27904510498047,79
17278,ZFP28,28.73493194580078,-45.3131103515625,79
17279,ZFP3,28.135461807250977,-44.37606430053711,79
17280,ZFP30,26.214601516723633,-48.56002426147461,79
17281,ZFP36,81.64139556884766,34.98850631713867,264
17282,ZFP36L1,80.67008209228516,35.11464309692383,264
17283,ZFP36L2,79.90140533447266,34.711814880371094,264
17284,ZFP37,29.520055770874023,-46.32463073730469,79
17285,ZFP41,31.449493408203125,-38.73073959350586,27
17286,ZFP42,61.48046875,33.68515396118164,178
17287,ZFP57,31.839990615844727,-38.116172790527344,27
17288,ZFP62,34.578948974609375,-48.03579330444336,31
17289,ZFP64,61.166404724121094,28.45419692993164,176
17290,ZFP69,29.44049644470215,-44.57601547241211,79
17291,ZFP69B,29.032669067382812,-44.95260238647461,79
17292,ZFP82,26.509479522705078,-48.321372985839844,79
17293,ZFP90,28.71187973022461,-45.294410705566406,79
17294,ZFP91,61.84590148925781,29.73980140686035,176
17295,ZFPL1,101.74281311035156,29.231130599975586,429
17296,ZFPM1,61.56074905395508,30.208477020263672,176
17297,ZFPM2,63.2206916809082,27.910825729370117,176
17298,ZFR,76.70790100097656,23.47369956970215,281
17299,ZFR2,76.56137084960938,25.328914642333984,281
17300,ZFYVE1,101.85726928710938,20.998626708984375,364
17301,ZFYVE16,84.70986938476562,19.372135162353516,318
17302,ZFYVE19,99.64802551269531,23.09695053100586,444
17303,ZFYVE21,100.70323944091797,16.481658935546875,381
17304,ZFYVE26,98.80400085449219,-4.339491844177246,291
17305,ZFYVE27,105.39958190917969,11.070791244506836,297
17306,ZFYVE28,89.64645385742188,13.863210678100586,356
17307,ZFYVE9,85.29704284667969,18.900177001953125,418
17308,ZG16,140.70945739746094,-13.481538772583008,247
17309,ZG16B,140.7695770263672,-13.199204444885254,247
17310,ZGLP1,95.54324340820312,39.54027557373047,344
17311,ZGPAT,106.07020568847656,25.25286865234375,390
17312,ZGRF1,87.01475524902344,21.812667846679688,418
17313,ZHX1,64.85948181152344,27.294696807861328,176
17314,ZHX1-C8orf76,112.04057312011719,18.686542510986328,405
17315,ZHX2,64.48027801513672,27.559860229492188,176
17316,ZHX3,65.5337142944336,27.257568359375,176
17317,ZIC1,64.39148712158203,37.882938385009766,179
17318,ZIC2,65.9749526977539,39.524471282958984,177
17319,ZIC4,63.434505462646484,37.06151580810547,179
17320,ZIC5,64.9544906616211,38.52114486694336,179
17321,ZIK1,26.62592315673828,-43.814910888671875,79
17322,ZIM2,31.564891815185547,-39.34049987792969,27
17323,ZIM3,29.53608512878418,-45.47083282470703,79
17324,ZKSCAN1,30.44732666015625,-37.826263427734375,27
17325,ZKSCAN2,31.299907684326172,-37.158599853515625,27
17326,ZKSCAN3,30.522069931030273,-37.122196197509766,27
17327,ZKSCAN4,30.77823829650879,-37.3110466003418,27
17328,ZKSCAN5,31.08399200439453,-38.90132522583008,27
17329,ZKSCAN7,29.124736785888672,-40.337032318115234,27
17330,ZKSCAN8,30.458740234375,-37.23137664794922,27
17331,ZMAT2,108.59754943847656,33.774574279785156,425
17332,ZMAT3,102.04692077636719,25.523468017578125,443
17333,ZMAT4,101.02410888671875,26.072086334228516,443
17334,ZMAT5,107.65737915039062,30.435354232788086,426
17335,ZMIZ1,75.78946685791016,27.461048126220703,281
17336,ZMIZ2,76.01606750488281,27.329137802124023,281
17337,ZMPSTE24,96.18841552734375,-29.655582427978516,167
17338,ZMYM1,91.59107971191406,30.875423431396484,321
17339,ZMYM2,68.75448608398438,25.664575576782227,278
17340,ZMYM4,69.19656372070312,25.516874313354492,278
17341,ZMYM5,66.18390655517578,26.715803146362305,176
17342,ZMYM6,90.76048278808594,31.226579666137695,321
17343,ZMYND10,97.4778823852539,27.497623443603516,436
17344,ZMYND11,90.97528076171875,20.3665714263916,422
17345,ZMYND12,111.38941955566406,0.23563292622566223,293
17346,ZMYND15,96.89700317382812,23.611190795898438,360
17347,ZMYND19,107.65450286865234,21.507837295532227,406
17348,ZMYND8,81.37158203125,22.004812240600586,281
17349,ZNF10,28.829174041748047,-46.564727783203125,79
17350,ZNF100,200.18780517578125,50.85084533691406,3
17351,ZNF101,30.00446319580078,-49.64881134033203,19
17352,ZNF106,82.20450592041016,20.268028259277344,318
17353,ZNF107,200.36338806152344,50.902095794677734,3
17354,ZNF112,33.376869201660156,-44.71658706665039,78
17355,ZNF114,31.098478317260742,-46.434078216552734,79
17356,ZNF117,200.29037475585938,50.90784454345703,3
17357,ZNF12,29.051382064819336,-46.81924819946289,79
17358,ZNF121,30.219558715820312,-49.33409118652344,19
17359,ZNF124,29.189830780029297,-52.32772445678711,19
17360,ZNF131,62.049407958984375,28.323843002319336,176
17361,ZNF132,25.734622955322266,-43.634429931640625,79
17362,ZNF133,32.30235290527344,-44.48961639404297,78
17363,ZNF134,26.792461395263672,-43.77704620361328,79
17364,ZNF135,28.220033645629883,-45.39044952392578,79
17365,ZNF136,29.041366577148438,-52.655433654785156,19
17366,ZNF138,200.20018005371094,50.88676834106445,3
17367,ZNF14,28.847309112548828,-53.20829391479492,19
17368,ZNF140,28.646333694458008,-45.955894470214844,79
17369,ZNF142,59.68826675415039,28.578292846679688,176
17370,ZNF143,60.86848449707031,29.406232833862305,176
17371,ZNF146,27.737483978271484,-46.837440490722656,79
17372,ZNF148,63.42981719970703,28.279478073120117,176
17373,ZNF154,27.917726516723633,-44.096092224121094,79
17374,ZNF155,32.64521026611328,-44.996742248535156,78
17375,ZNF16,27.23183822631836,-43.41335678100586,79
17376,ZNF160,35.744422912597656,-48.48747253417969,31
17377,ZNF165,30.42293930053711,-36.52962112426758,27
17378,ZNF169,32.14305114746094,-44.83412170410156,78
17379,ZNF17,25.733957290649414,-43.66936492919922,79
17380,ZNF174,30.87181854248047,-36.971527099609375,27
17381,ZNF175,29.782970428466797,-46.475608825683594,79
17382,ZNF177,29.813186645507812,-48.14948654174805,79
17383,ZNF18,31.22901153564453,-37.46017837524414,27
17384,ZNF180,28.635452270507812,-45.41926956176758,79
17385,ZNF181,28.87347412109375,-45.308372497558594,79
17386,ZNF184,28.287269592285156,-45.83748245239258,79
17387,ZNF189,28.204917907714844,-44.79082107543945,79
17388,ZNF19,27.637834548950195,-44.11836242675781,79
17389,ZNF195,35.386566162109375,-48.058162689208984,31
17390,ZNF197,29.655155181884766,-44.707454681396484,79
17391,ZNF2,29.133861541748047,-44.86449432373047,79
17392,ZNF20,29.38004493713379,-52.350006103515625,19
17393,ZNF200,32.092063903808594,-37.107025146484375,27
17394,ZNF202,31.34423828125,-37.449825286865234,27
17395,ZNF205,31.534130096435547,-38.89324188232422,27
17396,ZNF208,200.36593627929688,50.83359146118164,3
17397,ZNF211,26.048776626586914,-43.86234664916992,79
17398,ZNF212,32.06771469116211,-37.910160064697266,27
17399,ZNF213,31.069122314453125,-36.942813873291016,27
17400,ZNF214,31.522342681884766,-44.933837890625,78
17401,ZNF215,30.954059600830078,-38.63446044921875,27
17402,ZNF217,63.64253616333008,28.148591995239258,176
17403,ZNF219,60.95267868041992,29.808849334716797,176
17404,ZNF22,30.482873916625977,-42.748931884765625,79
17405,ZNF221,32.82439422607422,-44.882598876953125,78
17406,ZNF222,31.34966278076172,-44.72002029418945,78
17407,ZNF223,32.16658020019531,-45.1789665222168,78
17408,ZNF224,33.069175720214844,-44.8353385925293,78
17409,ZNF225,32.890655517578125,-44.89984130859375,78
17410,ZNF226,33.447879791259766,-44.92298889160156,78
17411,ZNF227,33.414031982421875,-44.95793914794922,78
17412,ZNF229,32.98582458496094,-44.86908721923828,78
17413,ZNF23,26.578996658325195,-43.624420166015625,79
17414,ZNF230,31.717491149902344,-45.03962707519531,78
17415,ZNF232,30.565664291381836,-36.740135192871094,27
17416,ZNF233,32.839664459228516,-44.91496658325195,78
17417,ZNF234,32.487701416015625,-44.750152587890625,78
17418,ZNF235,33.55796432495117,-44.99297332763672,78
17419,ZNF236,61.62297058105469,28.556148529052734,176
17420,ZNF239,30.237295150756836,-44.85578536987305,79
17421,ZNF24,30.572702407836914,-37.09452819824219,27
17422,ZNF248,29.499164581298828,-46.430999755859375,79
17423,ZNF25,29.886035919189453,-46.900550842285156,79
17424,ZNF250,29.032785415649414,-44.160118103027344,79
17425,ZNF251,28.260990142822266,-44.96662139892578,79
17426,ZNF253,200.27615356445312,50.90742111206055,3
17427,ZNF254,200.33782958984375,50.88848876953125,3
17428,ZNF256,25.776025772094727,-43.54224395751953,79
17429,ZNF257,200.3925323486328,51.032554626464844,3
17430,ZNF260,27.934236526489258,-46.98433303833008,79
17431,ZNF263,31.213817596435547,-37.54573440551758,27
17432,ZNF264,27.725543975830078,-43.17899703979492,79
17433,ZNF266,29.019773483276367,-52.50040054321289,19
17434,ZNF267,35.64485168457031,-48.39927291870117,31
17435,ZNF273,200.1897430419922,50.878196716308594,3
17436,ZNF274,31.16473388671875,-37.554283142089844,27
17437,ZNF276,60.68938446044922,30.42192840576172,176
17438,ZNF277,101.73804473876953,24.407955169677734,443
17439,ZNF28,35.75222396850586,-48.447933197021484,31
17440,ZNF280A,62.947410583496094,27.981443405151367,176
17441,ZNF280B,64.60064697265625,27.219898223876953,176
17442,ZNF280D,65.78265380859375,26.364944458007812,176
17443,ZNF281,63.554466247558594,28.014793395996094,176
17444,ZNF282,31.730365753173828,-37.495967864990234,27
17445,ZNF283,26.029024124145508,-48.77780532836914,79
17446,ZNF284,31.224382400512695,-44.57281494140625,78
17447,ZNF285,30.632402420043945,-45.29820251464844,79
17448,ZNF286A,29.617902755737305,-45.38743591308594,79
17449,ZNF287,29.369037628173828,-43.24424743652344,79
17450,ZNF296,60.872554779052734,32.06333541870117,176
17451,ZNF3,27.754192352294922,-43.25553512573242,79
17452,ZNF30,25.929288864135742,-48.909881591796875,79
17453,ZNF300,29.054548263549805,-46.723472595214844,79
17454,ZNF302,28.607242584228516,-45.73198699951172,79
17455,ZNF304,26.008129119873047,-44.10609817504883,79
17456,ZNF311,29.58778190612793,-44.08816909790039,79
17457,ZNF316,59.037506103515625,29.253538131713867,176
17458,ZNF317,30.403236389160156,-46.788230895996094,79
17459,ZNF318,78.36367797851562,21.460662841796875,281
17460,ZNF319,58.77313995361328,28.33443832397461,176
17461,ZNF32,28.62685775756836,-44.12860107421875,79
17462,ZNF320,33.721710205078125,-47.38204574584961,31
17463,ZNF322,30.537635803222656,-43.61871337890625,79
17464,ZNF324,31.58435821533203,-39.2011833190918,27
17465,ZNF324B,31.475603103637695,-39.35758590698242,27
17466,ZNF326,77.39582824707031,20.785064697265625,281
17467,ZNF329,28.367565155029297,-44.77608108520508,79
17468,ZNF330,102.453125,24.66657257080078,443
17469,ZNF331,27.658185958862305,-47.297271728515625,79
17470,ZNF333,30.25698471069336,-45.916969299316406,79
17471,ZNF334,28.45157241821289,-47.186912536621094,79
17472,ZNF335,61.01049041748047,28.86296844482422,176
17473,ZNF337,32.3880615234375,-45.108333587646484,78
17474,ZNF33A,29.287450790405273,-47.11421203613281,79
17475,ZNF33B,29.151775360107422,-47.00210952758789,79
17476,ZNF34,28.17258644104004,-44.14579772949219,79
17477,ZNF341,61.38762664794922,29.279090881347656,176
17478,ZNF343,31.952402114868164,-44.57322692871094,78
17479,ZNF345,26.87053680419922,-47.97314453125,79
17480,ZNF346,101.50389099121094,25.23632049560547,443
17481,ZNF347,35.667240142822266,-48.461578369140625,31
17482,ZNF35,28.91409683227539,-45.19900894165039,79
17483,ZNF350,29.469213485717773,-45.856201171875,79
17484,ZNF354A,30.331626892089844,-45.745933532714844,79
17485,ZNF354B,29.354171752929688,-45.80039978027344,79
17486,ZNF354C,29.072654724121094,-45.70054626464844,79
17487,ZNF358,58.59181213378906,29.10622787475586,176
17488,ZNF362,62.09148025512695,29.760873794555664,176
17489,ZNF365,97.57546997070312,40.983917236328125,298
17490,ZNF366,61.64860153198242,30.27726936340332,176
17491,ZNF367,65.78594970703125,34.79336166381836,178
17492,ZNF37A,29.67531967163086,-46.37617492675781,79
17493,ZNF382,29.749242782592773,-46.46331024169922,79
17494,ZNF383,27.381837844848633,-47.482357025146484,79
17495,ZNF384,62.19953155517578,29.955352783203125,176
17496,ZNF385A,67.12451171875,31.794036865234375,275
17497,ZNF385B,65.78308868408203,31.54136848449707,176
17498,ZNF385C,67.07938385009766,32.292877197265625,275
17499,ZNF385D,66.873291015625,31.77041244506836,275
17500,ZNF391,28.194639205932617,-45.05152130126953,79
17501,ZNF394,31.18069839477539,-37.47684860229492,27
17502,ZNF395,90.28585815429688,31.02718162536621,321
17503,ZNF396,30.678232192993164,-36.632381439208984,27
17504,ZNF397,30.34103775024414,-37.011741638183594,27
17505,ZNF398,31.955608367919922,-37.47698974609375,27
17506,ZNF404,26.19305419921875,-48.81949996948242,79
17507,ZNF407,63.65782928466797,27.402236938476562,176
17508,ZNF408,58.47561264038086,28.20664405822754,176
17509,ZNF410,61.122188568115234,29.00009536743164,176
17510,ZNF414,67.77050018310547,33.62833023071289,275
17511,ZNF415,35.30608367919922,-48.25310516357422,31
17512,ZNF416,25.70775032043457,-43.54114532470703,79
17513,ZNF417,26.826889038085938,-43.40843963623047,79
17514,ZNF418,25.934751510620117,-44.330596923828125,79
17515,ZNF419,26.211673736572266,-43.753028869628906,79
17516,ZNF420,25.95171356201172,-48.87788391113281,79
17517,ZNF423,62.926605224609375,28.126792907714844,176
17518,ZNF425,32.98551940917969,-44.82219314575195,78
17519,ZNF426,29.89812469482422,-49.42107391357422,19
17520,ZNF428,99.17684936523438,35.993038177490234,341
17521,ZNF429,200.46487426757812,50.56840515136719,3
17522,ZNF43,200.37380981445312,50.86701965332031,3
17523,ZNF430,200.29556274414062,50.89844512939453,3
17524,ZNF432,28.170989990234375,-47.24339294433594,79
17525,ZNF433,28.836639404296875,-53.137168884277344,19
17526,ZNF436,28.681928634643555,-44.006465911865234,79
17527,ZNF438,63.392578125,27.73501968383789,176
17528,ZNF439,29.157203674316406,-52.4681510925293,19
17529,ZNF44,28.862030029296875,-53.34069061279297,19
17530,ZNF440,29.039705276489258,-52.664695739746094,19
17531,ZNF441,29.034103393554688,-52.910675048828125,19
17532,ZNF442,29.077653884887695,-52.503814697265625,19
17533,ZNF443,28.912029266357422,-53.096717834472656,19
17534,ZNF444,31.55809211730957,-37.44072341918945,27
17535,ZNF446,31.494844436645508,-37.27101516723633,27
17536,ZNF45,33.33329772949219,-44.805259704589844,78
17537,ZNF451,67.37028503417969,25.819089889526367,176
17538,ZNF454,28.14459228515625,-45.15945053100586,79
17539,ZNF460,27.50882339477539,-44.108699798583984,79
17540,ZNF461,26.96458625793457,-47.991363525390625,79
17541,ZNF462,62.452239990234375,28.389362335205078,176
17542,ZNF467,32.262935638427734,-38.29155731201172,27
17543,ZNF468,34.036380767822266,-47.66606140136719,31
17544,ZNF470,27.014041900634766,-47.638973236083984,79
17545,ZNF471,27.94377326965332,-47.067569732666016,79
17546,ZNF473,29.981124877929688,-42.8581428527832,79
17547,ZNF474,94.24373626708984,34.02103805541992,338
17548,ZNF479,200.14239501953125,50.90524673461914,3
17549,ZNF48,32.17689895629883,-38.50200271606445,27
17550,ZNF480,34.41209030151367,-47.68431854248047,31
17551,ZNF484,28.8760986328125,-47.41762161254883,79
17552,ZNF485,28.780305862426758,-44.888946533203125,79
17553,ZNF486,200.1200714111328,50.87385559082031,3
17554,ZNF487,29.98603057861328,-45.84315872192383,79
17555,ZNF488,84.21170043945312,34.453643798828125,168
17556,ZNF490,29.641864776611328,-50.55910110473633,19
17557,ZNF491,29.155752182006836,-52.775230407714844,19
17558,ZNF492,200.37611389160156,50.994773864746094,3
17559,ZNF493,200.36016845703125,50.917633056640625,3
17560,ZNF496,31.68560218811035,-37.39899444580078,27
17561,ZNF497,31.738645553588867,-39.09507369995117,27
17562,ZNF500,31.242216110229492,-37.60334777832031,27
17563,ZNF501,28.806793212890625,-44.823081970214844,79
17564,ZNF502,28.872161865234375,-44.992149353027344,79
17565,ZNF503,69.58024597167969,40.71305847167969,254
17566,ZNF506,199.89553833007812,50.98828125,3
17567,ZNF507,63.37917709350586,27.587263107299805,176
17568,ZNF510,29.809749603271484,-46.35404586791992,79
17569,ZNF511,101.847412109375,27.04149627685547,429
17570,ZNF512,98.98268127441406,23.912179946899414,439
17571,ZNF512B,85.52391052246094,25.368667602539062,349
17572,ZNF513,59.35039520263672,29.978290557861328,176
17573,ZNF514,29.790523529052734,-44.860694885253906,79
17574,ZNF516,63.564979553222656,28.4293270111084,176
17575,ZNF517,31.399620056152344,-40.09075164794922,27
17576,ZNF518A,64.14115142822266,27.57847023010254,176
17577,ZNF518B,63.25482177734375,27.846355438232422,176
17578,ZNF519,200.1271209716797,50.81419372558594,3
17579,ZNF521,62.554298400878906,27.9337215423584,176
17580,ZNF524,60.190345764160156,31.381649017333984,176
17581,ZNF525,200.2815399169922,50.93183135986328,3
17582,ZNF526,58.055755615234375,28.316509246826172,176
17583,ZNF527,28.533443450927734,-45.921180725097656,79
17584,ZNF528,35.01192855834961,-48.116004943847656,31
17585,ZNF529,27.78451919555664,-47.23046112060547,79
17586,ZNF530,26.158466339111328,-44.24848937988281,79
17587,ZNF532,63.61795425415039,27.55645751953125,176
17588,ZNF534,35.48019027709961,-48.297645568847656,31
17589,ZNF536,63.0732536315918,28.237953186035156,176
17590,ZNF540,25.753868103027344,-49.13875961303711,79
17591,ZNF541,81.95603942871094,24.266550064086914,281
17592,ZNF543,27.556842803955078,-44.36286163330078,79
17593,ZNF544,27.67795753479004,-46.24110794067383,79
17594,ZNF546,26.027067184448242,-48.76298904418945,79
17595,ZNF547,26.782896041870117,-43.99421691894531,79
17596,ZNF548,25.987152099609375,-43.597320556640625,79
17597,ZNF549,25.64875602722168,-44.1566162109375,79
17598,ZNF550,28.492778778076172,-43.966758728027344,79
17599,ZNF551,25.646516799926758,-44.283084869384766,79
17600,ZNF552,27.309267044067383,-44.01777267456055,79
17601,ZNF554,30.001924514770508,-44.34230041503906,79
17602,ZNF555,29.425140380859375,-51.42608642578125,19
17603,ZNF556,30.618562698364258,-48.33714294433594,19
17604,ZNF557,31.212169647216797,-47.58063507080078,79
17605,ZNF558,29.940519332885742,-45.518463134765625,79
17606,ZNF559,29.473722457885742,-51.34250259399414,19
17607,ZNF560,29.070369720458984,-52.31868362426758,19
17608,ZNF561,29.933204650878906,-47.248779296875,79
17609,ZNF563,29.057804107666016,-52.49821472167969,19
17610,ZNF564,28.916378021240234,-53.17241287231445,19
17611,ZNF565,25.227766036987305,-49.56783676147461,79
17612,ZNF566,27.021053314208984,-47.78594970703125,79
17613,ZNF567,28.505352020263672,-47.22224807739258,79
17614,ZNF568,27.633745193481445,-47.42881774902344,79
17615,ZNF569,27.63230323791504,-47.72492980957031,79
17616,ZNF57,28.924768447875977,-53.01567840576172,19
17617,ZNF570,27.55976676940918,-47.34592056274414,79
17618,ZNF571,25.661924362182617,-48.70151138305664,79
17619,ZNF572,30.1529598236084,-42.91648864746094,79
17620,ZNF573,26.053062438964844,-48.813026428222656,79
17621,ZNF574,58.97623062133789,28.54250144958496,176
17622,ZNF575,59.080238342285156,30.227537155151367,176
17623,ZNF576,102.36077880859375,28.68836212158203,429
17624,ZNF577,29.761770248413086,-45.598026275634766,79
17625,ZNF578,34.884002685546875,-47.78934097290039,31
17626,ZNF579,61.80267333984375,31.203269958496094,176
17627,ZNF580,60.74844741821289,32.021305084228516,176
17628,ZNF581,60.20719528198242,32.044456481933594,176
17629,ZNF582,26.96575355529785,-48.11311340332031,79
17630,ZNF583,27.47411346435547,-47.587501525878906,79
17631,ZNF584,28.17216682434082,-43.69083023071289,79
17632,ZNF585A,28.76416015625,-47.1479377746582,79
17633,ZNF585B,28.108848571777344,-46.677391052246094,79
17634,ZNF586,26.598947525024414,-43.649803161621094,79
17635,ZNF587,27.40196418762207,-44.002037048339844,79
17636,ZNF587B,26.30557632446289,-43.28850173950195,79
17637,ZNF589,31.673259735107422,-43.859596252441406,78
17638,ZNF592,63.04281234741211,27.79393768310547,176
17639,ZNF593,123.37022399902344,34.23307800292969,315
17640,ZNF594,27.420494079589844,-47.4797477722168,79
17641,ZNF595,200.45066833496094,50.976417541503906,3
17642,ZNF596,30.000688552856445,-47.16202163696289,79
17643,ZNF597,31.31891441345215,-38.85371780395508,27
17644,ZNF598,98.76084899902344,25.410144805908203,439
17645,ZNF599,27.38521957397461,-44.59003829956055,79
17646,ZNF600,35.84709548950195,-48.45014953613281,31
17647,ZNF605,29.029653549194336,-46.69345474243164,79
17648,ZNF606,28.814682006835938,-45.99094009399414,79
17649,ZNF607,26.145498275756836,-48.68953323364258,79
17650,ZNF608,76.84190368652344,22.13129234313965,281
17651,ZNF609,77.36927795410156,21.347930908203125,281
17652,ZNF610,35.111385345458984,-48.14703369140625,31
17653,ZNF611,35.77273941040039,-48.39308166503906,31
17654,ZNF613,29.70855712890625,-46.14068603515625,79
17655,ZNF614,29.667312622070312,-45.925201416015625,79
17656,ZNF615,28.87352180480957,-46.97355270385742,79
17657,ZNF616,35.73120880126953,-48.410308837890625,31
17658,ZNF618,91.1727294921875,29.74536895751953,321
17659,ZNF619,28.864604949951172,-44.3376350402832,79
17660,ZNF620,29.6688289642334,-45.550697326660156,79
17661,ZNF621,29.570335388183594,-44.733863830566406,79
17662,ZNF622,108.88932800292969,30.99172592163086,424
17663,ZNF623,27.750024795532227,-44.231101989746094,79
17664,ZNF624,28.886157989501953,-47.58034133911133,79
17665,ZNF625,29.129573822021484,-52.387386322021484,19
17666,ZNF626,200.28399658203125,50.90366744995117,3
17667,ZNF627,29.00588035583496,-52.750701904296875,19
17668,ZNF628,58.880496978759766,28.619163513183594,176
17669,ZNF629,31.700942993164062,-39.098358154296875,27
17670,ZNF638,77.01951599121094,18.79856300354004,280
17671,ZNF639,31.771652221679688,-38.569244384765625,27
17672,ZNF641,31.957584381103516,-38.01737976074219,27
17673,ZNF644,68.70657348632812,25.97637176513672,276
17674,ZNF646,59.39895248413086,28.96854591369629,176
17675,ZNF648,31.95122528076172,-38.60662078857422,27
17676,ZNF649,29.234375,-45.85082244873047,79
17677,ZNF652,61.87055969238281,29.26291275024414,176
17678,ZNF653,61.415626525878906,29.521787643432617,176
17679,ZNF654,64.9496078491211,26.758819580078125,176
17680,ZNF655,29.97184944152832,-44.43660354614258,79
17681,ZNF658,29.10870361328125,-47.1272087097168,79
17682,ZNF66,200.43707275390625,51.019813537597656,3
17683,ZNF660,29.233325958251953,-45.12788391113281,79
17684,ZNF662,28.745037078857422,-44.115814208984375,79
17685,ZNF664,29.423200607299805,-44.39286804199219,79
17686,ZNF665,35.73116683959961,-48.45088195800781,31
17687,ZNF667,29.115070343017578,-46.02327346801758,79
17688,ZNF668,58.09144592285156,28.41766357421875,176
17689,ZNF669,29.00860023498535,-52.62177276611328,19
17690,ZNF670,29.28145408630371,-51.828125,19
17691,ZNF671,25.228107452392578,-42.94307327270508,79
17692,ZNF672,32.07377243041992,-38.59722900390625,27
17693,ZNF675,200.5203094482422,51.079933166503906,3
17694,ZNF676,200.55096435546875,51.10048294067383,3
17695,ZNF677,34.93620300292969,-48.08099365234375,31
17696,ZNF678,200.2225799560547,50.851139068603516,3
17697,ZNF679,199.96633911132812,51.156158447265625,3
17698,ZNF680,200.3665313720703,50.985137939453125,3
17699,ZNF681,200.01992797851562,51.0066032409668,3
17700,ZNF682,200.31005859375,50.99468994140625,3
17701,ZNF683,60.472129821777344,32.59339904785156,176
17702,ZNF684,29.189632415771484,-45.47191619873047,79
17703,ZNF687,61.16412353515625,28.849205017089844,176
17704,ZNF688,31.916481018066406,-38.0079231262207,27
17705,ZNF689,32.109825134277344,-38.80474090576172,27
17706,ZNF69,29.119356155395508,-52.61846923828125,19
17707,ZNF691,30.99278450012207,-39.73036575317383,27
17708,ZNF692,60.41368865966797,30.49399185180664,176
17709,ZNF695,200.2397003173828,50.93650436401367,3
17710,ZNF696,31.496456146240234,-39.4438362121582,27
17711,ZNF697,32.31622314453125,-37.956260681152344,27
17712,ZNF699,29.538387298583984,-51.45520782470703,19
17713,ZNF7,28.37515640258789,-44.1285400390625,79
17714,ZNF70,29.054527282714844,-44.1253662109375,79
17715,ZNF700,28.907573699951172,-53.05138397216797,19
17716,ZNF701,33.06604766845703,-47.57481384277344,31
17717,ZNF703,69.92587280273438,39.901939392089844,254
17718,ZNF705A,30.861799240112305,-46.224788665771484,79
17719,ZNF705B,30.66952133178711,-46.08557891845703,79
17720,ZNF705D,30.99409294128418,-46.41481399536133,79
17721,ZNF705G,30.896121978759766,-46.346397399902344,79
17722,ZNF706,118.885498046875,38.09199523925781,186
17723,ZNF707,31.52287483215332,-39.263702392578125,27
17724,ZNF708,200.05252075195312,50.652278900146484,3
17725,ZNF709,28.890621185302734,-53.04693603515625,19
17726,ZNF71,28.693227767944336,-43.82954025268555,79
17727,ZNF710,60.92503356933594,29.833736419677734,176
17728,ZNF713,29.89887237548828,-46.00282669067383,79
17729,ZNF714,200.22544860839844,50.85086441040039,3
17730,ZNF716,200.2137908935547,50.92342758178711,3
17731,ZNF717,28.443340301513672,-47.047607421875,79
17732,ZNF718,199.99183654785156,50.7327995300293,3
17733,ZNF721,200.35726928710938,50.84120178222656,3
17734,ZNF723,200.53591918945312,51.12311553955078,3
17735,ZNF724,200.72152709960938,51.214874267578125,3
17736,ZNF726,200.61529541015625,51.11885452270508,3
17737,ZNF727,200.23207092285156,50.862548828125,3
17738,ZNF728,200.58258056640625,51.07673645019531,3
17739,ZNF729,200.75839233398438,50.446868896484375,3
17740,ZNF730,200.36416625976562,51.11225509643555,3
17741,ZNF732,200.52841186523438,51.11577606201172,3
17742,ZNF735,199.75953674316406,50.54285430908203,3
17743,ZNF736,200.02947998046875,50.72311782836914,3
17744,ZNF737,200.2633819580078,50.872650146484375,3
17745,ZNF738,200.0731658935547,50.8322868347168,3
17746,ZNF74,30.474044799804688,-41.5000114440918,79
17747,ZNF740,61.34455108642578,29.988374710083008,176
17748,ZNF746,31.84028434753418,-37.504154205322266,27
17749,ZNF747,31.922935485839844,-38.39234924316406,27
17750,ZNF749,25.844100952148438,-45.01840591430664,79
17751,ZNF750,82.33333587646484,30.342273712158203,188
17752,ZNF75A,30.956937789916992,-37.941715240478516,27
17753,ZNF76,60.572242736816406,28.950986862182617,176
17754,ZNF761,35.869266510009766,-48.592529296875,31
17755,ZNF763,29.271726608276367,-52.10586929321289,19
17756,ZNF764,32.226585388183594,-38.19042205810547,27
17757,ZNF765,35.61223602294922,-48.386287689208984,31
17758,ZNF766,32.49335479736328,-46.70650100708008,31
17759,ZNF768,32.11185073852539,-38.51773452758789,27
17760,ZNF77,28.96670913696289,-52.75846862792969,19
17761,ZNF770,62.58035659790039,27.507789611816406,176
17762,ZNF771,31.937456130981445,-38.735382080078125,27
17763,ZNF772,27.247230529785156,-43.906253814697266,79
17764,ZNF773,25.24287986755371,-43.17424011230469,79
17765,ZNF774,29.839435577392578,-43.29078674316406,79
17766,ZNF775,32.25951385498047,-38.22034454345703,27
17767,ZNF776,27.40192222595215,-44.15462875366211,79
17768,ZNF777,31.637073516845703,-38.17068099975586,27
17769,ZNF778,29.828855514526367,-50.421443939208984,19
17770,ZNF780A,25.940635681152344,-48.90045928955078,79
17771,ZNF780B,25.871139526367188,-48.91828536987305,79
17772,ZNF782,30.066450119018555,-46.268653869628906,79
17773,ZNF783,31.76671028137207,-37.56650924682617,27
17774,ZNF784,59.18412780761719,30.136577606201172,176
17775,ZNF785,32.21396255493164,-38.629493713378906,27
17776,ZNF786,32.65522384643555,-44.244720458984375,78
17777,ZNF787,59.31778335571289,29.519577026367188,176
17778,ZNF789,29.268836975097656,-45.28951644897461,79
17779,ZNF79,27.58367919921875,-43.562896728515625,79
17780,ZNF790,25.895477294921875,-49.377174377441406,79
17781,ZNF791,29.174938201904297,-52.263221740722656,19
17782,ZNF792,25.597917556762695,-43.370025634765625,79
17783,ZNF793,29.790754318237305,-45.8869743347168,79
17784,ZNF799,28.921756744384766,-53.07136535644531,19
17785,ZNF8,30.828285217285156,-41.33153533935547,27
17786,ZNF80,30.828702926635742,-46.90983200073242,79
17787,ZNF800,62.69734191894531,27.394886016845703,176
17788,ZNF804A,78.3396224975586,20.79505729675293,281
17789,ZNF804B,79.16313934326172,19.907445907592773,280
17790,ZNF805,27.799091339111328,-43.63040542602539,79
17791,ZNF808,35.75630569458008,-48.48712921142578,31
17792,ZNF813,35.50825500488281,-48.277164459228516,31
17793,ZNF814,26.606760025024414,-46.20513916015625,79
17794,ZNF816,35.66136169433594,-48.48732376098633,31
17795,ZNF821,97.19746398925781,30.24443817138672,337
17796,ZNF823,28.902589797973633,-53.09382629394531,19
17797,ZNF827,62.11451721191406,29.086637496948242,176
17798,ZNF829,27.995681762695312,-47.144805908203125,79
17799,ZNF83,35.81078338623047,-48.51786804199219,31
17800,ZNF830,107.79804229736328,30.980670928955078,426
17801,ZNF831,83.93230438232422,24.582250595092773,349
17802,ZNF835,31.402931213378906,-39.69047164916992,27
17803,ZNF836,35.771339416503906,-48.500789642333984,31
17804,ZNF837,31.7398738861084,-39.756526947021484,27
17805,ZNF839,87.31560516357422,24.191089630126953,411
17806,ZNF84,29.487945556640625,-46.17916488647461,79
17807,ZNF841,35.75091552734375,-48.52397537231445,31
17808,ZNF843,32.46678161621094,-38.3057861328125,27
17809,ZNF844,29.26766586303711,-52.02008819580078,19
17810,ZNF845,35.60421371459961,-48.405426025390625,31
17811,ZNF846,29.89362335205078,-51.61804962158203,19
17812,ZNF85,200.53115844726562,51.10204315185547,3
17813,ZNF850,25.193960189819336,-49.49783706665039,79
17814,ZNF852,27.7327823638916,-43.95362854003906,79
17815,ZNF853,74.24714660644531,26.326610565185547,281
17816,ZNF860,35.55790710449219,-48.38815689086914,31
17817,ZNF862,91.25090789794922,30.924015045166016,321
17818,ZNF865,60.34131622314453,29.17732048034668,176
17819,ZNF875,32.5020637512207,-44.584564208984375,78
17820,ZNF878,28.84819984436035,-53.12641906738281,19
17821,ZNF879,28.739519119262695,-45.38999938964844,79
17822,ZNF880,35.5462760925293,-48.347084045410156,31
17823,ZNF888,35.699615478515625,-48.45661163330078,31
17824,ZNF90,200.51954650878906,51.12482452392578,3
17825,ZNF91,200.45892333984375,50.82855224609375,3
17826,ZNF92,200.36920166015625,50.94176483154297,3
17827,ZNF93,200.54010009765625,51.07608413696289,3
17828,ZNF98,200.50856018066406,51.069602966308594,3
17829,ZNF99,200.377685546875,50.797401428222656,3
17830,ZNFX1,103.90685272216797,5.543423175811768,309
17831,ZNHIT1,106.36393737792969,31.65056610107422,426
17832,ZNHIT2,105.86190032958984,31.244937896728516,426
17833,ZNHIT3,111.2586669921875,29.868873596191406,419
17834,ZNHIT6,108.68157958984375,22.991413116455078,406
17835,ZNRD2,107.66947937011719,32.742218017578125,425
17836,ZNRF1,100.58261108398438,23.61867904663086,444
17837,ZNRF2,99.84074401855469,24.391305923461914,443
17838,ZNRF3,85.46394348144531,19.938209533691406,418
17839,ZNRF4,123.96727752685547,1.9486815929412842,200
17840,ZP1,128.70263671875,-10.450410842895508,223
17841,ZP2,128.83248901367188,-10.098461151123047,223
17842,ZP3,128.92660522460938,-9.540096282958984,223
17843,ZP4,129.15170288085938,-10.302984237670898,223
17844,ZPBP,100.68904113769531,64.03315734863281,273
17845,ZPBP2,117.70414733886719,9.074345588684082,214
17846,ZPLD1,129.56517028808594,-9.669285774230957,223
17847,ZPR1,114.15362548828125,26.02360725402832,361
17848,ZRANB1,103.20619201660156,19.090726852416992,364
17849,ZRANB2,68.4028549194336,16.4678955078125,120
17850,ZRANB3,97.4282455444336,18.439332962036133,407
17851,ZSCAN1,31.592144012451172,-37.01392364501953,27
17852,ZSCAN10,31.508865356445312,-38.291500091552734,27
17853,ZSCAN12,30.444381713867188,-37.764503479003906,27
17854,ZSCAN16,30.681325912475586,-36.86529541015625,27
17855,ZSCAN18,31.68138313293457,-36.89131546020508,27
17856,ZSCAN2,30.458629608154297,-41.797752380371094,79
17857,ZSCAN20,31.22145652770996,-37.852149963378906,27
17858,ZSCAN21,30.62995147705078,-36.681793212890625,27
17859,ZSCAN22,30.80095672607422,-38.154624938964844,27
17860,ZSCAN23,30.299711227416992,-36.658226013183594,27
17861,ZSCAN25,30.919384002685547,-37.62205505371094,27
17862,ZSCAN26,30.473339080810547,-36.779640197753906,27
17863,ZSCAN29,31.623245239257812,-37.20863342285156,27
17864,ZSCAN30,30.35749626159668,-36.833595275878906,27
17865,ZSCAN31,30.235244750976562,-36.665679931640625,27
17866,ZSCAN32,31.051406860351562,-37.31924819946289,27
17867,ZSCAN4,31.40338706970215,-37.06778335571289,27
17868,ZSCAN5A,31.36115074157715,-37.061580657958984,27
17869,ZSCAN5B,31.34626007080078,-36.95003128051758,27
17870,ZSCAN5C,31.371564865112305,-37.03510665893555,27
17871,ZSCAN9,30.503108978271484,-36.6868896484375,27
17872,ZSWIM1,91.50762939453125,31.661285400390625,321
17873,ZSWIM2,95.13874053955078,18.06209373474121,399
17874,ZSWIM3,92.24380493164062,31.375102996826172,321
17875,ZSWIM4,102.20030212402344,8.01650619506836,297
17876,ZSWIM5,99.28467559814453,7.695494651794434,413
17877,ZSWIM6,97.20927429199219,10.158228874206543,437
17878,ZSWIM7,117.78324127197266,29.33004379272461,348
17879,ZSWIM8,96.5743408203125,-0.637643039226532,290
17880,ZSWIM9,91.43852233886719,30.251615524291992,321
17881,ZUP1,100.78177642822266,22.350528717041016,403
17882,ZW10,105.00179290771484,3.813978672027588,312
17883,ZWILCH,108.37055206298828,17.509077072143555,375
17884,ZWINT,105.5453872680664,25.209335327148438,390
17885,ZXDC,61.84883117675781,28.612062454223633,176
17886,ZYG11A,152.2178497314453,43.44199752807617,101
17887,ZYG11B,151.80775451660156,43.04853439331055,101
17888,ZYX,94.99808502197266,26.397478103637695,354
17889,ZZEF1,98.30760192871094,-4.538431644439697,291
