{"type": "FeatureCollection", "features": [{"type": "Feature", "geometry": {"type": "Point", "coordinates": [-31.593604520325727, 37.49577762213654]}, "properties": {"id": 0, "name": "OR51Q1, OR52E5, OR51V1", "size": 53, "labelId": "0", "symbolzoom": 6}}, {"type": "Feature", "geometry": {"type": "Point", "coordinates": [173.3326690857818, 99.32101439266303]}, "properties": {"id": 1, "name": "KRTAP10-3, KRTAP10-7, KRTAP10-6", "size": 12, "labelId": "1", "symbolzoom": 9}}, {"type": "Feature", "geometry": {"type": "Point", "coordinates": [35.521956936914464, -92.31485366348194]}, "properties": {"id": 2, "name": "KRTAP5-7, KRTAP5-8, KRTAP5-2", "size": 12, "labelId": "2", "symbolzoom": 9}}, {"type": "Feature", "geometry": {"type": "Point", "coordinates": [200.26767575594053, 50.79971441078827]}, "properties": {"id": 3, "name": "ZNF117, ZNF430, ZNF525", "size": 54, "labelId": "3", "symbolzoom": 6}}, {"type": "Feature", "geometry": {"type": "Point", "coordinates": [34.004813895075614, -96.34132907208632]}, "properties": {"id": 4, "name": "KRTAP21-3, KRTAP8-1, KRTAP22-1", "size": 22, "labelId": "4", "symbolzoom": 8}}, {"type": "Feature", "geometry": {"type": "Point", "coordinates": [-36.9766141932441, 8.447619485149326]}, "properties": {"id": 5, "name": "OR7C1, OR7D2, OR1E1", "size": 23, "labelId": "5", "symbolzoom": 8}}, {"type": "Feature", "geometry": {"type": "Point", "coordinates": [38.236912588558354, -95.80195379218412]}, "properties": {"id": 6, "name": "KRTAP29-1, KRTAP12-2, KRTAP2-3", "size": 26, "labelId": "6", "symbolzoom": 7}}, {"type": "Feature", "geometry": {"type": "Point", "coordinates": [40.31203343722085, -97.51994295477746]}, "properties": {"id": 7, "name": "KRTAP4-2, KRTAP4-6, KRTAP9-8", "size": 19, "labelId": "7", "symbolzoom": 8}}, {"type": "Feature", "geometry": {"type": "Point", "coordinates": [126.41497386774454, -116.31072181506778]}, "properties": {"id": 8, "name": "PCDHGA8, PCDHGA7, PCDHGA1", "size": 19, "labelId": "8", "symbolzoom": 8}}, {"type": "Feature", "geometry": {"type": "Point", "coordinates": [183.189120503934, 63.359979371268736]}, "properties": {"id": 9, "name": "PCDHB11, PCDHB13, PCDHB2", "size": 22, "labelId": "9", "symbolzoom": 8}}, {"type": "Feature", "geometry": {"type": "Point", "coordinates": [184.42128773217092, 64.6987438942597]}, "properties": {"id": 10, "name": "PCDHA6, PCDHA13, PCDHA10", "size": 18, "labelId": "10", "symbolzoom": 8}}, {"type": "Feature", "geometry": {"type": "Point", "coordinates": [120.58951162596887, 143.34016074330395]}, "properties": {"id": 11, "name": "TRBV2, TRBV30, TRBV5-1", "size": 44, "labelId": "11", "symbolzoom": 6}}, {"type": "Feature", "geometry": {"type": "Point", "coordinates": [-13.91360116316925, -21.79642020279703]}, "properties": {"id": 12, "name": "SCYGR3, SCYGR4, SCYGR5", "size": 8, "labelId": "12", "symbolzoom": 9}}, {"type": "Feature", "geometry": {"type": "Point", "coordinates": [203.08577662133246, -32.33954296959439]}, "properties": {"id": 13, "name": "UGT1A9, UGT1A6, UGT1A1", "size": 22, "labelId": "13", "symbolzoom": 8}}, {"type": "Feature", "geometry": {"type": "Point", "coordinates": [68.37951125586963, -124.3652458416386]}, "properties": {"id": 14, "name": "MT1H, MT1M, MT1X", "size": 12, "labelId": "14", "symbolzoom": 9}}, {"type": "Feature", "geometry": {"type": "Point", "coordinates": [42.395276500449384, -126.57513895051667]}, "properties": {"id": 15, "name": "TRDJ1, TRBJ2-7, IGHD1-1", "size": 23, "labelId": "15", "symbolzoom": 8}}, {"type": "Feature", "geometry": {"type": "Point", "coordinates": [-5.869579263934991, -28.713500498917025]}, "properties": {"id": 16, "name": "TAS2R4, VN1R5, VN1R4", "size": 28, "labelId": "16", "symbolzoom": 7}}, {"type": "Feature", "geometry": {"type": "Point", "coordinates": [3.1482161422073887, -24.657660446461698]}, "properties": {"id": 17, "name": "S1PR1, PTGDR, S1PR3", "size": 260, "labelId": "17", "symbolzoom": 2}}, {"type": "Feature", "geometry": {"type": "Point", "coordinates": [-15.177325826437977, -63.888903098541135]}, "properties": {"id": 18, "name": "FABP6, CRABP1, RBP1", "size": 16, "labelId": "18", "symbolzoom": 8}}, {"type": "Feature", "geometry": {"type": "Point", "coordinates": [29.859834683360397, -50.48860623589361]}, "properties": {"id": 19, "name": "ZNF763, ZNF844, ZNF791", "size": 41, "labelId": "19", "symbolzoom": 6}}, {"type": "Feature", "geometry": {"type": "Point", "coordinates": [206.60143141032307, 24.835371512814696]}, "properties": {"id": 20, "name": "KRT81, KRT74, KRT8", "size": 67, "labelId": "20", "symbolzoom": 5}}, {"type": "Feature", "geometry": {"type": "Point", "coordinates": [91.65275905323352, 139.69224335684873]}, "properties": {"id": 21, "name": "IGHV4-4, IGHV4-59, IGHV4-61", "size": 27, "labelId": "21", "symbolzoom": 7}}, {"type": "Feature", "geometry": {"type": "Point", "coordinates": [88.12193819289669, 140.89024955262607]}, "properties": {"id": 22, "name": "IGHV3-73, IGHV3-64, IGHV3-21", "size": 21, "labelId": "22", "symbolzoom": 8}}, {"type": "Feature", "geometry": {"type": "Point", "coordinates": [98.30331546544983, 137.66045775076145]}, "properties": {"id": 23, "name": "IGKV1-6, IGKV1-33, IGKV1D-17", "size": 27, "labelId": "23", "symbolzoom": 7}}, {"type": "Feature", "geometry": {"type": "Point", "coordinates": [8.85301027414248, -70.93527641269102]}, "properties": {"id": 24, "name": "CRCT1, LCE2D, LCE3A", "size": 18, "labelId": "24", "symbolzoom": 8}}, {"type": "Feature", "geometry": {"type": "Point", "coordinates": [9.752940330472713, -69.699912070919]}, "properties": {"id": 25, "name": "SPRR1B, SPRR2A, SPRR1A", "size": 15, "labelId": "25", "symbolzoom": 8}}, {"type": "Feature", "geometry": {"type": "Point", "coordinates": [191.2264469102708, -3.8461741977824557]}, "properties": {"id": 26, "name": "TBC1D3K, TBC1D3C, TBC1D3H", "size": 13, "labelId": "26", "symbolzoom": 9}}, {"type": "Feature", "geometry": {"type": "Point", "coordinates": [31.358080303846585, -37.49341893685632]}, "properties": {"id": 27, "name": "MZF1, ZSCAN20, ZNF777", "size": 91, "labelId": "27", "symbolzoom": 4}}, {"type": "Feature", "geometry": {"type": "Point", "coordinates": [99.55154498207102, -95.68339762845982]}, "properties": {"id": 28, "name": "S100A3, S100A7, S100A7A", "size": 19, "labelId": "28", "symbolzoom": 8}}, {"type": "Feature", "geometry": {"type": "Point", "coordinates": [95.20639148666149, -115.89676694376644]}, "properties": {"id": 29, "name": "NPIPB6, NPIPB8, NPIPB9", "size": 18, "labelId": "29", "symbolzoom": 8}}, {"type": "Feature", "geometry": {"type": "Point", "coordinates": [177.55216722956038, 25.436439778980336]}, "properties": {"id": 30, "name": "RPS26, RPL36AL, RPL23A", "size": 79, "labelId": "30", "symbolzoom": 5}}, {"type": "Feature", "geometry": {"type": "Point", "coordinates": [34.36493691467721, -47.76399424118623]}, "properties": {"id": 31, "name": "ZNF415, ZNF610, ZNF195", "size": 33, "labelId": "31", "symbolzoom": 7}}, {"type": "Feature", "geometry": {"type": "Point", "coordinates": [63.94353795453934, -57.47506342080638]}, "properties": {"id": 32, "name": "CRYGC, CRYBB1, CRYGA", "size": 11, "labelId": "32", "symbolzoom": 9}}, {"type": "Feature", "geometry": {"type": "Point", "coordinates": [91.63850517430208, 105.2034455240376]}, "properties": {"id": 33, "name": "IGHA1, IGHG4, IGHG3", "size": 17, "labelId": "33", "symbolzoom": 8}}, {"type": "Feature", "geometry": {"type": "Point", "coordinates": [83.3502774255709, 96.18002995853124]}, "properties": {"id": 34, "name": "MR1, ULBP3, PROCR", "size": 18, "labelId": "34", "symbolzoom": 8}}, {"type": "Feature", "geometry": {"type": "Point", "coordinates": [82.715971126456, 97.27703709785374]}, "properties": {"id": 35, "name": "HLA-DQB1, HLA-DQA1, HLA-DPA1", "size": 19, "labelId": "35", "symbolzoom": 8}}, {"type": "Feature", "geometry": {"type": "Point", "coordinates": [119.4168157105956, 145.27612995031342]}, "properties": {"id": 36, "name": "TRAV9-2, TRAV12-2, TRAV39", "size": 49, "labelId": "36", "symbolzoom": 6}}, {"type": "Feature", "geometry": {"type": "Point", "coordinates": [117.93089079968061, 144.95561063458325]}, "properties": {"id": 37, "name": "TRAV18, TRGV3, TRGV4", "size": 10, "labelId": "37", "symbolzoom": 9}}, {"type": "Feature", "geometry": {"type": "Point", "coordinates": [97.36965293885218, 138.7657103512028]}, "properties": {"id": 38, "name": "IGKV2D-29, IGKV2D-28, IGLV5-37", "size": 20, "labelId": "38", "symbolzoom": 8}}, {"type": "Feature", "geometry": {"type": "Point", "coordinates": [96.48059451680658, 139.78331593990947]}, "properties": {"id": 39, "name": "IGLV3-10, IGLV10-54, IGLV1-36", "size": 36, "labelId": "39", "symbolzoom": 7}}, {"type": "Feature", "geometry": {"type": "Point", "coordinates": [76.42120442546559, -63.1648950484489]}, "properties": {"id": 40, "name": "GNAI3, GNAI2, GNAZ", "size": 16, "labelId": "40", "symbolzoom": 8}}, {"type": "Feature", "geometry": {"type": "Point", "coordinates": [77.98609215009043, -62.532009020777686]}, "properties": {"id": 41, "name": "SEPTIN14, SEPTIN11, SEPTIN3", "size": 12, "labelId": "41", "symbolzoom": 9}}, {"type": "Feature", "geometry": {"type": "Point", "coordinates": [135.3280569377372, 68.62416869118564]}, "properties": {"id": 42, "name": "RYK, TGFBR1, TGFBR2", "size": 13, "labelId": "42", "symbolzoom": 9}}, {"type": "Feature", "geometry": {"type": "Point", "coordinates": [137.05200741886495, 66.90206106684286]}, "properties": {"id": 43, "name": "FLT4, RET, EPHB6", "size": 51, "labelId": "43", "symbolzoom": 6}}, {"type": "Feature", "geometry": {"type": "Point", "coordinates": [163.17486362409318, 51.91050260952507]}, "properties": {"id": 44, "name": "PRAMEF14, PRAMEF12, PRAMEF7", "size": 24, "labelId": "44", "symbolzoom": 8}}, {"type": "Feature", "geometry": {"type": "Point", "coordinates": [159.7961783451895, -57.0641319903261]}, "properties": {"id": 45, "name": "WNT9B, WNT10A, WNT10B", "size": 19, "labelId": "45", "symbolzoom": 8}}, {"type": "Feature", "geometry": {"type": "Point", "coordinates": [163.10269850921082, -40.543225374947426]}, "properties": {"id": 46, "name": "CXCL13, CCL24, CXCL11", "size": 44, "labelId": "46", "symbolzoom": 6}}, {"type": "Feature", "geometry": {"type": "Point", "coordinates": [110.653460395049, -74.23485005238481]}, "properties": {"id": 47, "name": "ANXA1, ANXA10, ANXA2", "size": 11, "labelId": "47", "symbolzoom": 9}}, {"type": "Feature", "geometry": {"type": "Point", "coordinates": [108.19382126528404, -58.50382144971334]}, "properties": {"id": 48, "name": "TMEM135, SFXN4, SFXN3", "size": 61, "labelId": "48", "symbolzoom": 5}}, {"type": "Feature", "geometry": {"type": "Point", "coordinates": [144.64660988455137, -50.92814183845353]}, "properties": {"id": 49, "name": "SPATA31D4, SPATA31A6, SPATA31A5", "size": 10, "labelId": "49", "symbolzoom": 9}}, {"type": "Feature", "geometry": {"type": "Point", "coordinates": [131.37858754679482, -47.565576838003814]}, "properties": {"id": 50, "name": "KBTBD8, KBTBD2, IPP", "size": 47, "labelId": "50", "symbolzoom": 6}}, {"type": "Feature", "geometry": {"type": "Point", "coordinates": [122.97402678221792, -42.45336092723929]}, "properties": {"id": 51, "name": "CDH15, CDH22, DSC1", "size": 36, "labelId": "51", "symbolzoom": 7}}, {"type": "Feature", "geometry": {"type": "Point", "coordinates": [37.2482790770202, 17.65435704698172]}, "properties": {"id": 52, "name": "TRIM17, TRIML2, TRIM43B", "size": 23, "labelId": "52", "symbolzoom": 8}}, {"type": "Feature", "geometry": {"type": "Point", "coordinates": [41.34584629225898, 17.044316056734196]}, "properties": {"id": 53, "name": "TRIM72, TRIM40, TRIM29", "size": 65, "labelId": "53", "symbolzoom": 5}}, {"type": "Feature", "geometry": {"type": "Point", "coordinates": [60.04645951395109, -22.948834802628]}, "properties": {"id": 54, "name": "NLRP11, NLRP8, NOD1", "size": 20, "labelId": "54", "symbolzoom": 8}}, {"type": "Feature", "geometry": {"type": "Point", "coordinates": [63.54301555186296, -22.81777870209766]}, "properties": {"id": 55, "name": "AQP9, AQP7, AQP6", "size": 16, "labelId": "55", "symbolzoom": 8}}, {"type": "Feature", "geometry": {"type": "Point", "coordinates": [70.89876346830111, -43.391500962868925]}, "properties": {"id": 56, "name": "CD207, CLEC4G, CD72", "size": 16, "labelId": "56", "symbolzoom": 8}}, {"type": "Feature", "geometry": {"type": "Point", "coordinates": [70.04401424916921, -44.54814992235291]}, "properties": {"id": 57, "name": "CLEC12B, KLRF1, KLRG1", "size": 21, "labelId": "57", "symbolzoom": 8}}, {"type": "Feature", "geometry": {"type": "Point", "coordinates": [178.44419581694245, -48.366837680451866]}, "properties": {"id": 58, "name": "CHRND, CHRNB2, CHRNB1", "size": 24, "labelId": "58", "symbolzoom": 8}}, {"type": "Feature", "geometry": {"type": "Point", "coordinates": [179.6783962845368, -47.58899533398519]}, "properties": {"id": 59, "name": "GABRA2, GABRA4, GABRA1", "size": 18, "labelId": "59", "symbolzoom": 8}}, {"type": "Feature", "geometry": {"type": "Point", "coordinates": [49.2006071571498, -9.360544147159455]}, "properties": {"id": 60, "name": "HBM, HBD, HBB", "size": 11, "labelId": "60", "symbolzoom": 9}}, {"type": "Feature", "geometry": {"type": "Point", "coordinates": [140.17951462327537, -33.60864201073489]}, "properties": {"id": 61, "name": "TPSB2, CFD, GZMH", "size": 32, "labelId": "61", "symbolzoom": 7}}, {"type": "Feature", "geometry": {"type": "Point", "coordinates": [141.23599224762052, -35.54329561641215]}, "properties": {"id": 62, "name": "CELA3B, PRSS3, CELA2A", "size": 12, "labelId": "62", "symbolzoom": 9}}, {"type": "Feature", "geometry": {"type": "Point", "coordinates": [55.88497541737057, -2.0690406332284192]}, "properties": {"id": 63, "name": "CAPNS2, PDCD6, CAPS", "size": 13, "labelId": "63", "symbolzoom": 9}}, {"type": "Feature", "geometry": {"type": "Point", "coordinates": [72.75927400112909, -20.11866664815171]}, "properties": {"id": 64, "name": "BPIFA1, BPIFB1, BPIFB3", "size": 13, "labelId": "64", "symbolzoom": 9}}, {"type": "Feature", "geometry": {"type": "Point", "coordinates": [155.32608799155514, 17.853759691535586]}, "properties": {"id": 65, "name": "AICDA, APOBEC3F, APOBEC3H", "size": 10, "labelId": "65", "symbolzoom": 9}}, {"type": "Feature", "geometry": {"type": "Point", "coordinates": [123.18377196285127, 49.12353020934164]}, "properties": {"id": 66, "name": "PRPF4, EIF3I, SEH1L", "size": 182, "labelId": "66", "symbolzoom": 2}}, {"type": "Feature", "geometry": {"type": "Point", "coordinates": [132.82573690436806, 72.88243444290154]}, "properties": {"id": 67, "name": "TXK, MATK, FYN", "size": 20, "labelId": "67", "symbolzoom": 8}}, {"type": "Feature", "geometry": {"type": "Point", "coordinates": [128.4468627520559, 75.28251128134426]}, "properties": {"id": 68, "name": "PRKAA2, MAPKAPK5, MKNK2", "size": 225, "labelId": "68", "symbolzoom": 2}}, {"type": "Feature", "geometry": {"type": "Point", "coordinates": [158.30157796643866, 9.671004367173627]}, "properties": {"id": 69, "name": "CYP1A1, CYP27B1, CYP17A1", "size": 58, "labelId": "69", "symbolzoom": 6}}, {"type": "Feature", "geometry": {"type": "Point", "coordinates": [107.72339259148023, 71.5285334820557]}, "properties": {"id": 70, "name": "C4BPA, CR1L, SELP", "size": 16, "labelId": "70", "symbolzoom": 8}}, {"type": "Feature", "geometry": {"type": "Point", "coordinates": [140.4236397658709, -62.83585335632317]}, "properties": {"id": 71, "name": "SERPING1, SERPINE1, SERPINH1", "size": 25, "labelId": "71", "symbolzoom": 7}}, {"type": "Feature", "geometry": {"type": "Point", "coordinates": [141.43184803839546, -65.02129493336567]}, "properties": {"id": 72, "name": "SERPINB8, SERPINB4, SERPINB11", "size": 13, "labelId": "72", "symbolzoom": 9}}, {"type": "Feature", "geometry": {"type": "Point", "coordinates": [156.53377190449177, 1.5771991538040084]}, "properties": {"id": 73, "name": "LGALS16, LGALS1, LGALS14", "size": 16, "labelId": "73", "symbolzoom": 8}}, {"type": "Feature", "geometry": {"type": "Point", "coordinates": [81.6994736060278, 55.419303939461415]}, "properties": {"id": 74, "name": "SPDYE17, SPDYE5, SPDYE2", "size": 9, "labelId": "74", "symbolzoom": 9}}, {"type": "Feature", "geometry": {"type": "Point", "coordinates": [154.7367013566398, -3.0833223040503883]}, "properties": {"id": 75, "name": "FGF19, FGF10, FGF20", "size": 22, "labelId": "75", "symbolzoom": 8}}, {"type": "Feature", "geometry": {"type": "Point", "coordinates": [156.48061598653038, -1.5459133458032284]}, "properties": {"id": 76, "name": "IL18, IL36A, IL1A", "size": 11, "labelId": "76", "symbolzoom": 9}}, {"type": "Feature", "geometry": {"type": "Point", "coordinates": [67.84803088419093, -1.7750113072763072]}, "properties": {"id": 77, "name": "ANKRD30A, ANKRD36, ANKRD36C", "size": 25, "labelId": "77", "symbolzoom": 7}}, {"type": "Feature", "geometry": {"type": "Point", "coordinates": [32.607574753233074, -44.59243137154803]}, "properties": {"id": 78, "name": "ZNF234, ZNF875, ZNF155", "size": 27, "labelId": "78", "symbolzoom": 7}}, {"type": "Feature", "geometry": {"type": "Point", "coordinates": [27.694805230466084, -45.3422264871728]}, "properties": {"id": 79, "name": "ZNF184, ZNF135, ZNF302", "size": 186, "labelId": "79", "symbolzoom": 2}}, {"type": "Feature", "geometry": {"type": "Point", "coordinates": [96.5591268492665, 80.22566813828203]}, "properties": {"id": 80, "name": "PSG2, CEACAM8, PSG7", "size": 15, "labelId": "80", "symbolzoom": 8}}, {"type": "Feature", "geometry": {"type": "Point", "coordinates": [76.22660690922783, -19.34574211705334]}, "properties": {"id": 81, "name": "PTGDS, LCN1, LCN2", "size": 18, "labelId": "81", "symbolzoom": 8}}, {"type": "Feature", "geometry": {"type": "Point", "coordinates": [77.028791319363, -18.366281451556944]}, "properties": {"id": 82, "name": "CST7, CST1, CST3", "size": 18, "labelId": "82", "symbolzoom": 8}}, {"type": "Feature", "geometry": {"type": "Point", "coordinates": [112.95782193938393, -6.81415805694933]}, "properties": {"id": 83, "name": "UBE2H, UBE2D3, CDC34", "size": 33, "labelId": "83", "symbolzoom": 7}}, {"type": "Feature", "geometry": {"type": "Point", "coordinates": [77.2132686513454, -68.75138588843686]}, "properties": {"id": 84, "name": "RASD1, DIRAS1, RASD2", "size": 61, "labelId": "84", "symbolzoom": 5}}, {"type": "Feature", "geometry": {"type": "Point", "coordinates": [112.82493363808635, -13.199648559445556]}, "properties": {"id": 85, "name": "MYLK, MYOM2, MYBPC3", "size": 14, "labelId": "85", "symbolzoom": 9}}, {"type": "Feature", "geometry": {"type": "Point", "coordinates": [58.02074501397992, 38.37690614701046]}, "properties": {"id": 86, "name": "RORA, PPARD, NR1D1", "size": 38, "labelId": "86", "symbolzoom": 7}}, {"type": "Feature", "geometry": {"type": "Point", "coordinates": [-31.70086092014253, 11.590555478662424]}, "properties": {"id": 87, "name": "OR4C11, OR4N2, OR4F15", "size": 60, "labelId": "87", "symbolzoom": 5}}, {"type": "Feature", "geometry": {"type": "Point", "coordinates": [142.20033713855955, 30.358657335673218]}, "properties": {"id": 88, "name": "PSMB2, PSMA4, PSMA3", "size": 19, "labelId": "88", "symbolzoom": 8}}, {"type": "Feature", "geometry": {"type": "Point", "coordinates": [136.8576320304529, 51.86806244700809]}, "properties": {"id": 89, "name": "ANKEF1, ANKRD54, TNNI3K", "size": 21, "labelId": "89", "symbolzoom": 8}}, {"type": "Feature", "geometry": {"type": "Point", "coordinates": [137.97547930812974, 53.67781359881635]}, "properties": {"id": 90, "name": "ANKRD29, ANKDD1A, ASB6", "size": 54, "labelId": "90", "symbolzoom": 6}}, {"type": "Feature", "geometry": {"type": "Point", "coordinates": [158.40541544545096, -15.440699600702207]}, "properties": {"id": 91, "name": "SLC22A2, SLC22A4, SLC22A11", "size": 19, "labelId": "91", "symbolzoom": 8}}, {"type": "Feature", "geometry": {"type": "Point", "coordinates": [157.05234061076519, 43.35022703251074]}, "properties": {"id": 92, "name": "LRTM1, RTN4R, LRRC26", "size": 55, "labelId": "92", "symbolzoom": 6}}, {"type": "Feature", "geometry": {"type": "Point", "coordinates": [151.62514824847005, 26.492652061210887]}, "properties": {"id": 93, "name": "ACTBL2, ACTB, ACTG2", "size": 33, "labelId": "93", "symbolzoom": 7}}, {"type": "Feature", "geometry": {"type": "Point", "coordinates": [113.39791497154357, 51.555245788206776]}, "properties": {"id": 94, "name": "USP17L30, USP17L26, USP17L28", "size": 37, "labelId": "94", "symbolzoom": 7}}, {"type": "Feature", "geometry": {"type": "Point", "coordinates": [74.89139883319146, -71.13834415299866]}, "properties": {"id": 95, "name": "NRAS, CDC42, RAB2B", "size": 34, "labelId": "95", "symbolzoom": 7}}, {"type": "Feature", "geometry": {"type": "Point", "coordinates": [76.13309602244732, -70.52143801730352]}, "properties": {"id": 96, "name": "RAB42, RAB33B, RAB37", "size": 47, "labelId": "96", "symbolzoom": 6}}, {"type": "Feature", "geometry": {"type": "Point", "coordinates": [53.7602660305875, -3.211183848402338]}, "properties": {"id": 97, "name": "CHP1, CIB2, CETN3", "size": 48, "labelId": "97", "symbolzoom": 6}}, {"type": "Feature", "geometry": {"type": "Point", "coordinates": [52.55855841745193, -4.344710243617763]}, "properties": {"id": 98, "name": "MYL9, MYL6, TNNC2", "size": 20, "labelId": "98", "symbolzoom": 8}}, {"type": "Feature", "geometry": {"type": "Point", "coordinates": [163.86181710485016, -13.109024221222704]}, "properties": {"id": 99, "name": "COL18A1, COL15A1, COL4A3", "size": 44, "labelId": "99", "symbolzoom": 6}}, {"type": "Feature", "geometry": {"type": "Point", "coordinates": [154.26395853892956, -9.146079121921645]}, "properties": {"id": 100, "name": "CBLN4, CBLN2, CBLN1", "size": 56, "labelId": "100", "symbolzoom": 6}}, {"type": "Feature", "geometry": {"type": "Point", "coordinates": [152.88619576101308, 44.74292424412397]}, "properties": {"id": 101, "name": "AMN1, CFAP410, SKP2", "size": 38, "labelId": "101", "symbolzoom": 7}}, {"type": "Feature", "geometry": {"type": "Point", "coordinates": [142.52439768605785, 25.501436499549094]}, "properties": {"id": 102, "name": "CCT7, TCP1, CCT3", "size": 10, "labelId": "102", "symbolzoom": 9}}, {"type": "Feature", "geometry": {"type": "Point", "coordinates": [146.17732550289242, 25.32330674187415]}, "properties": {"id": 103, "name": "HSPA2, HSPA8, HSPA1B", "size": 15, "labelId": "103", "symbolzoom": 8}}, {"type": "Feature", "geometry": {"type": "Point", "coordinates": [154.67451193261476, 46.614513542340795]}, "properties": {"id": 104, "name": "LRRC10, RNH1, LRRC28", "size": 24, "labelId": "104", "symbolzoom": 8}}, {"type": "Feature", "geometry": {"type": "Point", "coordinates": [156.74144865211724, 46.4952866156776]}, "properties": {"id": 105, "name": "LRRC32, LRRC15, CHADL", "size": 44, "labelId": "105", "symbolzoom": 6}}, {"type": "Feature", "geometry": {"type": "Point", "coordinates": [106.32389856357557, -6.7127768104036285]}, "properties": {"id": 106, "name": "CPNE7, CPNE4, CPNE6", "size": 10, "labelId": "106", "symbolzoom": 9}}, {"type": "Feature", "geometry": {"type": "Point", "coordinates": [106.78890395096194, -12.990940137830894]}, "properties": {"id": 107, "name": "CLCC1, LNPK, BSCL2", "size": 12, "labelId": "107", "symbolzoom": 9}}, {"type": "Feature", "geometry": {"type": "Point", "coordinates": [-36.114230347933955, 12.833611413245343]}, "properties": {"id": 108, "name": "OR2D3, OR3A2, OR10S1", "size": 181, "labelId": "108", "symbolzoom": 2}}, {"type": "Feature", "geometry": {"type": "Point", "coordinates": [-34.4183582211656, 8.94248631800783]}, "properties": {"id": 109, "name": "OR5B17, OR8U1, OR8B12", "size": 66, "labelId": "109", "symbolzoom": 5}}, {"type": "Feature", "geometry": {"type": "Point", "coordinates": [92.211177543108, -8.386199063245495]}, "properties": {"id": 110, "name": "SPTBN1, SPTBN2, SPTAN1", "size": 15, "labelId": "110", "symbolzoom": 8}}, {"type": "Feature", "geometry": {"type": "Point", "coordinates": [87.03316620256092, -8.360200709213569]}, "properties": {"id": 111, "name": "MYO18B, MYH2, MYH3", "size": 20, "labelId": "111", "symbolzoom": 8}}, {"type": "Feature", "geometry": {"type": "Point", "coordinates": [107.02256095847324, 51.91990716396822]}, "properties": {"id": 112, "name": "SCGB1C1, SCGB3A1, SCGB1C2", "size": 46, "labelId": "112", "symbolzoom": 6}}, {"type": "Feature", "geometry": {"type": "Point", "coordinates": [87.96443828021452, 0.311648420675842]}, "properties": {"id": 113, "name": "MYO10, MYO5B, MYO1E", "size": 14, "labelId": "113", "symbolzoom": 9}}, {"type": "Feature", "geometry": {"type": "Point", "coordinates": [113.78653900477009, -33.73857434886879]}, "properties": {"id": 114, "name": "ATP12A, ATP2C2, ATP2C1", "size": 34, "labelId": "114", "symbolzoom": 7}}, {"type": "Feature", "geometry": {"type": "Point", "coordinates": [115.88460082330144, -29.212947244269543]}, "properties": {"id": 115, "name": "SCN10A, SCN2A, NALCN", "size": 18, "labelId": "115", "symbolzoom": 8}}, {"type": "Feature", "geometry": {"type": "Point", "coordinates": [111.80156531878131, 59.180766274544354]}, "properties": {"id": 116, "name": "IL23A, FAM180A, IL27", "size": 14, "labelId": "116", "symbolzoom": 9}}, {"type": "Feature", "geometry": {"type": "Point", "coordinates": [112.73691902918577, 61.23762609722936]}, "properties": {"id": 117, "name": "IL31, IFNA6, IL5", "size": 46, "labelId": "117", "symbolzoom": 6}}, {"type": "Feature", "geometry": {"type": "Point", "coordinates": [82.75599613800156, -28.3738883404567]}, "properties": {"id": 118, "name": "CD82, TSPAN4, CD151", "size": 28, "labelId": "118", "symbolzoom": 7}}, {"type": "Feature", "geometry": {"type": "Point", "coordinates": [117.03055299476753, -25.100802096865102]}, "properties": {"id": 119, "name": "FZD1, FZD4, FZD7", "size": 9, "labelId": "119", "symbolzoom": 9}}, {"type": "Feature", "geometry": {"type": "Point", "coordinates": [71.11641059052971, 17.92065780880956]}, "properties": {"id": 120, "name": "PPIG, PRPF38B, PNISR", "size": 81, "labelId": "120", "symbolzoom": 4}}, {"type": "Feature", "geometry": {"type": "Point", "coordinates": [86.02548120700669, -27.196990211421326]}, "properties": {"id": 121, "name": "MS4A5, MS4A1, MS4A2", "size": 26, "labelId": "121", "symbolzoom": 7}}, {"type": "Feature", "geometry": {"type": "Point", "coordinates": [114.78100634429836, -22.81781001608036]}, "properties": {"id": 122, "name": "GRIA1, GRIN2D, GRIK4", "size": 37, "labelId": "122", "symbolzoom": 7}}, {"type": "Feature", "geometry": {"type": "Point", "coordinates": [112.23928459426902, -27.630465880119765]}, "properties": {"id": 123, "name": "GPRC6A, TAS1R3, TAS1R2", "size": 26, "labelId": "123", "symbolzoom": 7}}, {"type": "Feature", "geometry": {"type": "Point", "coordinates": [87.26913067952025, -30.462923032054675]}, "properties": {"id": 124, "name": "TMEM179B, CMTM4, MALL", "size": 41, "labelId": "124", "symbolzoom": 6}}, {"type": "Feature", "geometry": {"type": "Point", "coordinates": [84.44904340365795, -31.9033056312481]}, "properties": {"id": 125, "name": "CLDN24, TMEM182, CLDN12", "size": 71, "labelId": "125", "symbolzoom": 5}}, {"type": "Feature", "geometry": {"type": "Point", "coordinates": [110.4353566442403, -32.40366423569103]}, "properties": {"id": 126, "name": "CRHR1, ADCYAP1R1, CALCR", "size": 19, "labelId": "126", "symbolzoom": 8}}, {"type": "Feature", "geometry": {"type": "Point", "coordinates": [114.3245969314035, -30.692858395455072]}, "properties": {"id": 127, "name": "ABCA3, ABCC11, ABCC1", "size": 20, "labelId": "127", "symbolzoom": 8}}, {"type": "Feature", "geometry": {"type": "Point", "coordinates": [111.7965455916169, -30.46233360469394]}, "properties": {"id": 128, "name": "ADGRF4, ADGRE5, ADGRE3", "size": 20, "labelId": "128", "symbolzoom": 8}}, {"type": "Feature", "geometry": {"type": "Point", "coordinates": [142.08579887645695, 14.05222576079765]}, "properties": {"id": 129, "name": "AKR1B15, AKR1B1, AKR1B10", "size": 11, "labelId": "129", "symbolzoom": 9}}, {"type": "Feature", "geometry": {"type": "Point", "coordinates": [145.11807673802718, 13.307277542707197]}, "properties": {"id": 130, "name": "SULT1C3, SULT1A1, SULT1A4", "size": 13, "labelId": "130", "symbolzoom": 9}}, {"type": "Feature", "geometry": {"type": "Point", "coordinates": [144.32715733620415, 16.49725271897807]}, "properties": {"id": 131, "name": "GSTA4, GSTA3, GSTO1", "size": 16, "labelId": "131", "symbolzoom": 8}}, {"type": "Feature", "geometry": {"type": "Point", "coordinates": [107.40780712613741, -29.113815193367692]}, "properties": {"id": 132, "name": "RHBDF2, TMC3, MCOLN1", "size": 67, "labelId": "132", "symbolzoom": 5}}, {"type": "Feature", "geometry": {"type": "Point", "coordinates": [153.27863133052585, -19.372861312780763]}, "properties": {"id": 133, "name": "NPVF, NMU, SCG5", "size": 88, "labelId": "133", "symbolzoom": 4}}, {"type": "Feature", "geometry": {"type": "Point", "coordinates": [149.170273511657, -14.043816556054416]}, "properties": {"id": 134, "name": "RNASE7, RNASE12, RNASE13", "size": 17, "labelId": "134", "symbolzoom": 8}}, {"type": "Feature", "geometry": {"type": "Point", "coordinates": [110.78931139748084, -23.707868184268914]}, "properties": {"id": 135, "name": "ABCB6, CNNM1, ADCY7", "size": 18, "labelId": "135", "symbolzoom": 8}}, {"type": "Feature", "geometry": {"type": "Point", "coordinates": [103.4550085560748, -23.791667576381634]}, "properties": {"id": 136, "name": "PLPPR4, SYVN1, DCST2", "size": 25, "labelId": "136", "symbolzoom": 7}}, {"type": "Feature", "geometry": {"type": "Point", "coordinates": [107.6367451358231, -34.85883800579841]}, "properties": {"id": 137, "name": "SLC4A9, SLC4A1, SLC4A2", "size": 20, "labelId": "137", "symbolzoom": 8}}, {"type": "Feature", "geometry": {"type": "Point", "coordinates": [106.28814424511656, -37.9272445559575]}, "properties": {"id": 138, "name": "CLCNKA, CLCNKB, CLCN7", "size": 38, "labelId": "138", "symbolzoom": 7}}, {"type": "Feature", "geometry": {"type": "Point", "coordinates": [89.2080465414779, 51.66740428577789]}, "properties": {"id": 139, "name": "STATH, CSN3, HTN1", "size": 9, "labelId": "139", "symbolzoom": 9}}, {"type": "Feature", "geometry": {"type": "Point", "coordinates": [86.85423515996635, 51.44346765608266]}, "properties": {"id": 140, "name": "PRH2, PRB2, PRB3", "size": 9, "labelId": "140", "symbolzoom": 9}}, {"type": "Feature", "geometry": {"type": "Point", "coordinates": [107.19370150050459, -24.81731505380222]}, "properties": {"id": 141, "name": "KCNS1, KCNF1, KCNG3", "size": 29, "labelId": "141", "symbolzoom": 7}}, {"type": "Feature", "geometry": {"type": "Point", "coordinates": [136.5735862812565, 28.180159421210085]}, "properties": {"id": 142, "name": "PPIAL4E, PPIAL4C, PPIAL4A", "size": 12, "labelId": "142", "symbolzoom": 9}}, {"type": "Feature", "geometry": {"type": "Point", "coordinates": [107.29548134689168, -21.095500206265534]}, "properties": {"id": 143, "name": "CNGA4, KCNJ9, KCNJ14", "size": 23, "labelId": "143", "symbolzoom": 8}}, {"type": "Feature", "geometry": {"type": "Point", "coordinates": [108.0076954155022, -22.61372193649531]}, "properties": {"id": 144, "name": "KCNB1, KCNH1, KCNQ2", "size": 21, "labelId": "144", "symbolzoom": 8}}, {"type": "Feature", "geometry": {"type": "Point", "coordinates": [138.53730881954152, -29.425171035021762]}, "properties": {"id": 145, "name": "PRSS48, PRSS54, ACR", "size": 22, "labelId": "145", "symbolzoom": 8}}, {"type": "Feature", "geometry": {"type": "Point", "coordinates": [136.4918614128142, -24.187403174627605]}, "properties": {"id": 146, "name": "PLG, F12, F11", "size": 43, "labelId": "146", "symbolzoom": 6}}, {"type": "Feature", "geometry": {"type": "Point", "coordinates": [92.85480288060148, 53.7512948584476]}, "properties": {"id": 147, "name": "EVI2B, MUC15, PODXL", "size": 48, "labelId": "147", "symbolzoom": 6}}, {"type": "Feature", "geometry": {"type": "Point", "coordinates": [102.13702596219873, -19.096246246790265]}, "properties": {"id": 148, "name": "ZDHHC1, TMEM151B, TMEM151A", "size": 46, "labelId": "148", "symbolzoom": 6}}, {"type": "Feature", "geometry": {"type": "Point", "coordinates": [98.39420603242272, -21.264849658124604]}, "properties": {"id": 149, "name": "GJC3, GJD3, VANGL1", "size": 48, "labelId": "149", "symbolzoom": 6}}, {"type": "Feature", "geometry": {"type": "Point", "coordinates": [89.99850915853597, 47.59616376688065]}, "properties": {"id": 150, "name": "ARMH4, MBD3L2B, MBD3L5", "size": 14, "labelId": "150", "symbolzoom": 9}}, {"type": "Feature", "geometry": {"type": "Point", "coordinates": [104.64869462759228, -41.75216845126796]}, "properties": {"id": 151, "name": "SLC6A12, SLC6A9, SLC6A13", "size": 15, "labelId": "151", "symbolzoom": 8}}, {"type": "Feature", "geometry": {"type": "Point", "coordinates": [103.06214460883136, -41.17161161441323]}, "properties": {"id": 152, "name": "SLC5A12, SV2C, SLC7A2", "size": 30, "labelId": "152", "symbolzoom": 7}}, {"type": "Feature", "geometry": {"type": "Point", "coordinates": [99.67698677779129, -39.47740869904679]}, "properties": {"id": 153, "name": "SPNS1, MFSD11, SLC17A9", "size": 115, "labelId": "153", "symbolzoom": 3}}, {"type": "Feature", "geometry": {"type": "Point", "coordinates": [102.4727799443227, -37.889054931604974]}, "properties": {"id": 154, "name": "SLC38A2, SLC36A1, SLC34A3", "size": 39, "labelId": "154", "symbolzoom": 7}}, {"type": "Feature", "geometry": {"type": "Point", "coordinates": [95.53316154956644, -24.857518819839278]}, "properties": {"id": 155, "name": "YIPF5, YIF1B, PIGC", "size": 34, "labelId": "155", "symbolzoom": 7}}, {"type": "Feature", "geometry": {"type": "Point", "coordinates": [102.25603978157605, -29.403247291787324]}, "properties": {"id": 156, "name": "LMF1, DPY19L4, PIGN", "size": 62, "labelId": "156", "symbolzoom": 5}}, {"type": "Feature", "geometry": {"type": "Point", "coordinates": [120.85699778679667, 2.9515947279266905]}, "properties": {"id": 157, "name": "APOL5, IFI27, IFI6", "size": 32, "labelId": "157", "symbolzoom": 7}}, {"type": "Feature", "geometry": {"type": "Point", "coordinates": [91.74938606180731, -26.71958947972374]}, "properties": {"id": 158, "name": "DAD1, CNIH2, ATP6V0E2", "size": 69, "labelId": "158", "symbolzoom": 5}}, {"type": "Feature", "geometry": {"type": "Point", "coordinates": [94.10360431606962, -29.12337956037257]}, "properties": {"id": 159, "name": "SERINC1, TMEM33, EI24", "size": 32, "labelId": "159", "symbolzoom": 7}}, {"type": "Feature", "geometry": {"type": "Point", "coordinates": [92.2750993612814, 76.76627879843619]}, "properties": {"id": 160, "name": "LILRA6, LILRA4, LILRB1", "size": 19, "labelId": "160", "symbolzoom": 8}}, {"type": "Feature", "geometry": {"type": "Point", "coordinates": [98.23290511160197, -26.7014989808818]}, "properties": {"id": 161, "name": "ZDHHC24, TMEM39A, GPR137", "size": 58, "labelId": "161", "symbolzoom": 6}}, {"type": "Feature", "geometry": {"type": "Point", "coordinates": [101.16780288426942, -35.1429031803587]}, "properties": {"id": 162, "name": "SLC39A9, SLC39A7, SLC39A1", "size": 43, "labelId": "162", "symbolzoom": 6}}, {"type": "Feature", "geometry": {"type": "Point", "coordinates": [96.18089844126138, 73.84044624697623]}, "properties": {"id": 163, "name": "ERMAP, BTNL9, BTN3A1", "size": 11, "labelId": "163", "symbolzoom": 9}}, {"type": "Feature", "geometry": {"type": "Point", "coordinates": [93.47141246670171, -35.12725636372176]}, "properties": {"id": 164, "name": "SC5D, MSMO1, FADS2", "size": 13, "labelId": "164", "symbolzoom": 9}}, {"type": "Feature", "geometry": {"type": "Point", "coordinates": [92.05919238526707, -33.32507705477734]}, "properties": {"id": 165, "name": "PGAP2, CYB561D1, TMEM150C", "size": 12, "labelId": "165", "symbolzoom": 9}}, {"type": "Feature", "geometry": {"type": "Point", "coordinates": [94.56830458061165, -31.616008771494634]}, "properties": {"id": 166, "name": "MGST2, MGST3, VKORC1", "size": 22, "labelId": "166", "symbolzoom": 8}}, {"type": "Feature", "geometry": {"type": "Point", "coordinates": [96.54575802370033, -30.157037829882178]}, "properties": {"id": 167, "name": "TMEM79, MPV17L, TRAM1L1", "size": 19, "labelId": "167", "symbolzoom": 8}}, {"type": "Feature", "geometry": {"type": "Point", "coordinates": [83.69053953674705, 34.29158324140086]}, "properties": {"id": 168, "name": "ARID5A, MEX3D, MXD1", "size": 11, "labelId": "168", "symbolzoom": 9}}, {"type": "Feature", "geometry": {"type": "Point", "coordinates": [135.26720342294306, 6.598750076300635]}, "properties": {"id": 169, "name": "CES4A, ENTPD6, ENTPD5", "size": 21, "labelId": "169", "symbolzoom": 8}}, {"type": "Feature", "geometry": {"type": "Point", "coordinates": [98.88401334094007, -33.70742275203531]}, "properties": {"id": 170, "name": "SLC31A1, NIPAL2, SLC35A1", "size": 39, "labelId": "170", "symbolzoom": 7}}, {"type": "Feature", "geometry": {"type": "Point", "coordinates": [98.38627014800396, -30.97637914709294]}, "properties": {"id": 171, "name": "XKR3, HHATL, TM6SF1", "size": 61, "labelId": "171", "symbolzoom": 5}}, {"type": "Feature", "geometry": {"type": "Point", "coordinates": [97.10467508539911, -33.16929052560067]}, "properties": {"id": 172, "name": "SRD5A3, HACD4, INSIG1", "size": 15, "labelId": "172", "symbolzoom": 8}}, {"type": "Feature", "geometry": {"type": "Point", "coordinates": [68.12950701233447, 20.534656983498998]}, "properties": {"id": 173, "name": "HNRNPC, HNRNPCL4, RALY", "size": 8, "labelId": "173", "symbolzoom": 9}}, {"type": "Feature", "geometry": {"type": "Point", "coordinates": [95.74070444445678, -33.90214571912125]}, "properties": {"id": 174, "name": "CERS2, ADIPOR1, CERS3", "size": 19, "labelId": "174", "symbolzoom": 8}}, {"type": "Feature", "geometry": {"type": "Point", "coordinates": [94.50803838048631, -33.86971878778817]}, "properties": {"id": 175, "name": "ACER2, PGAP3, TLCD2", "size": 32, "labelId": "175", "symbolzoom": 7}}, {"type": "Feature", "geometry": {"type": "Point", "coordinates": [62.430187692593044, 29.39209536264858]}, "properties": {"id": 176, "name": "ZNF652, ZBTB7C, PRDM15", "size": 169, "labelId": "176", "symbolzoom": 2}}, {"type": "Feature", "geometry": {"type": "Point", "coordinates": [65.2899137295665, 40.549035065526866]}, "properties": {"id": 177, "name": "LHX8, LMX1B, LHX4", "size": 14, "labelId": "177", "symbolzoom": 9}}, {"type": "Feature", "geometry": {"type": "Point", "coordinates": [62.54602194534078, 34.94490971667533]}, "properties": {"id": 178, "name": "SCRT2, KLF6, KLF10", "size": 24, "labelId": "178", "symbolzoom": 8}}, {"type": "Feature", "geometry": {"type": "Point", "coordinates": [64.96711910565196, 36.931423411100965]}, "properties": {"id": 179, "name": "KLF4, EGR3, EGR4", "size": 21, "labelId": "179", "symbolzoom": 8}}, {"type": "Feature", "geometry": {"type": "Point", "coordinates": [113.84223151422104, 38.659427660356656]}, "properties": {"id": 180, "name": "ATP6V1G3, STX17, ATP6V1E2", "size": 23, "labelId": "180", "symbolzoom": 8}}, {"type": "Feature", "geometry": {"type": "Point", "coordinates": [111.86910209972001, 42.33463425045703]}, "properties": {"id": 181, "name": "VTI1B, STX4, STX5", "size": 34, "labelId": "181", "symbolzoom": 7}}, {"type": "Feature", "geometry": {"type": "Point", "coordinates": [121.0782923531803, -9.099599279723144]}, "properties": {"id": 182, "name": "NOMO1, NOMO3, FNDC3A", "size": 12, "labelId": "182", "symbolzoom": 9}}, {"type": "Feature", "geometry": {"type": "Point", "coordinates": [133.7087649944761, 29.897463276589214]}, "properties": {"id": 183, "name": "ATP5PB, SDHB, NDUFS7", "size": 16, "labelId": "183", "symbolzoom": 8}}, {"type": "Feature", "geometry": {"type": "Point", "coordinates": [125.31727932274336, 36.64816746353287]}, "properties": {"id": 184, "name": "TIMM13, TIMM8B, COA5", "size": 33, "labelId": "184", "symbolzoom": 7}}, {"type": "Feature", "geometry": {"type": "Point", "coordinates": [116.40322454579334, 38.36886581911373]}, "properties": {"id": 185, "name": "RGS21, RGS19, RGS2", "size": 13, "labelId": "185", "symbolzoom": 9}}, {"type": "Feature", "geometry": {"type": "Point", "coordinates": [118.79428141482629, 38.849920028270475]}, "properties": {"id": 186, "name": "RBIS, SERF2, C19orf53", "size": 15, "labelId": "186", "symbolzoom": 8}}, {"type": "Feature", "geometry": {"type": "Point", "coordinates": [116.52217689752528, 41.23685325961984]}, "properties": {"id": 187, "name": "GNG4, GNGT1, GNG11", "size": 12, "labelId": "187", "symbolzoom": 9}}, {"type": "Feature", "geometry": {"type": "Point", "coordinates": [81.299256768031, 29.536314808566814]}, "properties": {"id": 188, "name": "ANKRD10, HMBOX1, ANKRD40", "size": 18, "labelId": "188", "symbolzoom": 8}}, {"type": "Feature", "geometry": {"type": "Point", "coordinates": [139.75577677193382, 16.39450097215586]}, "properties": {"id": 189, "name": "ADH6, ADH1A, ADH1B", "size": 18, "labelId": "189", "symbolzoom": 8}}, {"type": "Feature", "geometry": {"type": "Point", "coordinates": [127.99981753604311, -25.041721815972963]}, "properties": {"id": 190, "name": "LRIG2, SLIT1, SLIT3", "size": 18, "labelId": "190", "symbolzoom": 8}}, {"type": "Feature", "geometry": {"type": "Point", "coordinates": [119.90898658227303, -2.396589237653245]}, "properties": {"id": 191, "name": "CATSPERE, TCTN3, CATSPERG", "size": 20, "labelId": "191", "symbolzoom": 8}}, {"type": "Feature", "geometry": {"type": "Point", "coordinates": [125.05086374149553, 31.155682980234424]}, "properties": {"id": 192, "name": "PTRHD1, CIAO2A, DNLZ", "size": 29, "labelId": "192", "symbolzoom": 7}}, {"type": "Feature", "geometry": {"type": "Point", "coordinates": [79.35256784398584, 1.6469441757776728]}, "properties": {"id": 193, "name": "ROCK1, SMC3, SMC1B", "size": 13, "labelId": "193", "symbolzoom": 9}}, {"type": "Feature", "geometry": {"type": "Point", "coordinates": [72.05824064295618, 7.988286195051062]}, "properties": {"id": 194, "name": "GOLGA6L2, GOLGA6L4, GOLGA6L6", "size": 11, "labelId": "194", "symbolzoom": 9}}, {"type": "Feature", "geometry": {"type": "Point", "coordinates": [116.60597885165173, 34.32264172645732]}, "properties": {"id": 195, "name": "YPEL3, YPEL2, SNRPB2", "size": 20, "labelId": "195", "symbolzoom": 8}}, {"type": "Feature", "geometry": {"type": "Point", "coordinates": [128.1735868168651, 9.905795058180075]}, "properties": {"id": 196, "name": "ABHD1, GDE1, PNPLA3", "size": 60, "labelId": "196", "symbolzoom": 5}}, {"type": "Feature", "geometry": {"type": "Point", "coordinates": [124.83513564096498, -7.814068181493362]}, "properties": {"id": 197, "name": "ASIC5, P2RX2, P2RX4", "size": 23, "labelId": "197", "symbolzoom": 8}}, {"type": "Feature", "geometry": {"type": "Point", "coordinates": [81.25299900589562, 11.488022527391145]}, "properties": {"id": 198, "name": "SPATA17, SPA17, EFHC1", "size": 35, "labelId": "198", "symbolzoom": 7}}, {"type": "Feature", "geometry": {"type": "Point", "coordinates": [104.74575120743353, 40.78778129082373]}, "properties": {"id": 199, "name": "SMKR1, SNCB, SNCA", "size": 23, "labelId": "199", "symbolzoom": 8}}, {"type": "Feature", "geometry": {"type": "Point", "coordinates": [124.52967230856872, 2.375478314646169]}, "properties": {"id": 200, "name": "TGM6, GGT7, TGM1", "size": 19, "labelId": "200", "symbolzoom": 8}}, {"type": "Feature", "geometry": {"type": "Point", "coordinates": [85.76188375278, 6.832215419463604]}, "properties": {"id": 201, "name": "SPAG9, TNIK, DCDC1", "size": 25, "labelId": "201", "symbolzoom": 7}}, {"type": "Feature", "geometry": {"type": "Point", "coordinates": [126.52283617246742, -20.24529087495092]}, "properties": {"id": 202, "name": "COL6A5, LRP4, COL6A6", "size": 53, "labelId": "202", "symbolzoom": 6}}, {"type": "Feature", "geometry": {"type": "Point", "coordinates": [145.0068178282745, 2.5203999099395284]}, "properties": {"id": 203, "name": "ST6GALNAC3, ST3GAL1, ST3GAL2", "size": 20, "labelId": "203", "symbolzoom": 8}}, {"type": "Feature", "geometry": {"type": "Point", "coordinates": [124.4387720566075, 6.365962238386925]}, "properties": {"id": 204, "name": "PADI3, PADI2, CPT1B", "size": 15, "labelId": "204", "symbolzoom": 8}}, {"type": "Feature", "geometry": {"type": "Point", "coordinates": [127.51529830315968, 5.555495251756496]}, "properties": {"id": 205, "name": "GDPD4, ALOX15B, ALOX15", "size": 30, "labelId": "205", "symbolzoom": 7}}, {"type": "Feature", "geometry": {"type": "Point", "coordinates": [146.80291281913918, -18.01624211846338]}, "properties": {"id": 206, "name": "CGB3, CGB5, CGB2", "size": 17, "labelId": "206", "symbolzoom": 8}}, {"type": "Feature", "geometry": {"type": "Point", "coordinates": [119.85616706267491, 6.977768015301866]}, "properties": {"id": 207, "name": "APOF, DNAJA2, DNAJB4", "size": 22, "labelId": "207", "symbolzoom": 8}}, {"type": "Feature", "geometry": {"type": "Point", "coordinates": [74.10942511925757, 6.026168415331995]}, "properties": {"id": 208, "name": "GOLGA8H, GOLGA8S, GOLGA8O", "size": 23, "labelId": "208", "symbolzoom": 8}}, {"type": "Feature", "geometry": {"type": "Point", "coordinates": [117.14598432855846, 2.3199340142655944]}, "properties": {"id": 209, "name": "NOX3, GIMAP4, GIMAP7", "size": 22, "labelId": "209", "symbolzoom": 8}}, {"type": "Feature", "geometry": {"type": "Point", "coordinates": [79.27349722427601, 3.5011554645221743]}, "properties": {"id": 210, "name": "JAKMIP3, ERC1, RNF40", "size": 11, "labelId": "210", "symbolzoom": 9}}, {"type": "Feature", "geometry": {"type": "Point", "coordinates": [82.3565685285844, 3.3889068676828704]}, "properties": {"id": 211, "name": "PPFIA2, EZR, DCTN1", "size": 24, "labelId": "211", "symbolzoom": 8}}, {"type": "Feature", "geometry": {"type": "Point", "coordinates": [143.46774326716167, -9.895112502178971]}, "properties": {"id": 212, "name": "AMH, ANGPT2, ANGPT1", "size": 84, "labelId": "212", "symbolzoom": 4}}, {"type": "Feature", "geometry": {"type": "Point", "coordinates": [114.97307850397854, 4.185609818171979]}, "properties": {"id": 213, "name": "SLFN11, SAMD9, SLFN13", "size": 36, "labelId": "213", "symbolzoom": 7}}, {"type": "Feature", "geometry": {"type": "Point", "coordinates": [115.23180724947768, 7.4696906259528095]}, "properties": {"id": 214, "name": "UBA7, TOR4A, NKPD1", "size": 62, "labelId": "214", "symbolzoom": 5}}, {"type": "Feature", "geometry": {"type": "Point", "coordinates": [75.16681048106534, 9.023806735079244]}, "properties": {"id": 215, "name": "IQCD, CFAP100, FAM81B", "size": 63, "labelId": "215", "symbolzoom": 5}}, {"type": "Feature", "geometry": {"type": "Point", "coordinates": [121.82587866734394, -20.994939756289234]}, "properties": {"id": 216, "name": "FREM3, CELSR2, DCHS1", "size": 17, "labelId": "216", "symbolzoom": 8}}, {"type": "Feature", "geometry": {"type": "Point", "coordinates": [125.77740686245937, -13.706536753925901]}, "properties": {"id": 217, "name": "SORCS2, ITGAX, ITGAM", "size": 47, "labelId": "217", "symbolzoom": 6}}, {"type": "Feature", "geometry": {"type": "Point", "coordinates": [147.85378101557524, -25.3441427663086]}, "properties": {"id": 218, "name": "WFDC11, DEFB131B, DEFB107B", "size": 42, "labelId": "218", "symbolzoom": 6}}, {"type": "Feature", "geometry": {"type": "Point", "coordinates": [121.44284683425641, -14.241290123232794]}, "properties": {"id": 219, "name": "TMEM132E, PTPRO, TMEM132B", "size": 53, "labelId": "219", "symbolzoom": 6}}, {"type": "Feature", "geometry": {"type": "Point", "coordinates": [121.23258957868951, -18.57038824973808]}, "properties": {"id": 220, "name": "ROBO1, CNTN3, PTPRD", "size": 34, "labelId": "220", "symbolzoom": 7}}, {"type": "Feature", "geometry": {"type": "Point", "coordinates": [143.79240843510144, -19.418320144427845]}, "properties": {"id": 221, "name": "CLPSL2, WFDC5, GPIHBP1", "size": 62, "labelId": "221", "symbolzoom": 5}}, {"type": "Feature", "geometry": {"type": "Point", "coordinates": [146.00042245004093, -22.353141625178615]}, "properties": {"id": 222, "name": "PI3, TFF1, SPINK7", "size": 25, "labelId": "222", "symbolzoom": 7}}, {"type": "Feature", "geometry": {"type": "Point", "coordinates": [128.72921886650582, -11.345130431820444]}, "properties": {"id": 223, "name": "ANTXR1, CLCA2, ENG", "size": 45, "labelId": "223", "symbolzoom": 6}}, {"type": "Feature", "geometry": {"type": "Point", "coordinates": [132.83685541200438, -10.203244608376467]}, "properties": {"id": 224, "name": "TGFBI, RGMB, VSTM2B", "size": 79, "labelId": "224", "symbolzoom": 5}}, {"type": "Feature", "geometry": {"type": "Point", "coordinates": [77.88666372608432, 5.40709856948053]}, "properties": {"id": 225, "name": "RABEP2, TNIP3, OPTN", "size": 20, "labelId": "225", "symbolzoom": 8}}, {"type": "Feature", "geometry": {"type": "Point", "coordinates": [83.20931714370018, 9.379349238569459]}, "properties": {"id": 226, "name": "GOPC, CFAP221, NPHP1", "size": 19, "labelId": "226", "symbolzoom": 8}}, {"type": "Feature", "geometry": {"type": "Point", "coordinates": [80.7386023811455, 7.596676757813587]}, "properties": {"id": 227, "name": "KIF6, RILPL1, CRACR2B", "size": 95, "labelId": "227", "symbolzoom": 4}}, {"type": "Feature", "geometry": {"type": "Point", "coordinates": [138.06105759069044, -7.736752997645965]}, "properties": {"id": 228, "name": "CTSS, CTSL, LOXL1", "size": 16, "labelId": "228", "symbolzoom": 8}}, {"type": "Feature", "geometry": {"type": "Point", "coordinates": [137.26863560627078, -5.403328953811599]}, "properties": {"id": 229, "name": "REN, NAPSA, PGC", "size": 16, "labelId": "229", "symbolzoom": 8}}, {"type": "Feature", "geometry": {"type": "Point", "coordinates": [137.9819396480302, -15.894908383391119]}, "properties": {"id": 230, "name": "GFRA4, VWC2, GFRA2", "size": 23, "labelId": "230", "symbolzoom": 8}}, {"type": "Feature", "geometry": {"type": "Point", "coordinates": [76.05691924799078, 5.011662412718537]}, "properties": {"id": 231, "name": "CCDC57, CCDC89, LRRC45", "size": 19, "labelId": "231", "symbolzoom": 8}}, {"type": "Feature", "geometry": {"type": "Point", "coordinates": [75.16690758371692, 2.8126428534967696]}, "properties": {"id": 232, "name": "CNTLN, ANKRD35, CROCC", "size": 66, "labelId": "232", "symbolzoom": 5}}, {"type": "Feature", "geometry": {"type": "Point", "coordinates": [126.84611725504041, 0.472168475357796]}, "properties": {"id": 233, "name": "TXNDC16, RNF103, CASQ2", "size": 25, "labelId": "233", "symbolzoom": 7}}, {"type": "Feature", "geometry": {"type": "Point", "coordinates": [127.26377670185201, -3.633655539576059]}, "properties": {"id": 234, "name": "DDOST, TUSC3, TMED6", "size": 103, "labelId": "234", "symbolzoom": 3}}, {"type": "Feature", "geometry": {"type": "Point", "coordinates": [133.70464116810305, -5.334678622913528]}, "properties": {"id": 235, "name": "PNLIPRP2, PNLIP, PNLIPRP3", "size": 44, "labelId": "235", "symbolzoom": 6}}, {"type": "Feature", "geometry": {"type": "Point", "coordinates": [132.74683654766903, -18.55643297301185]}, "properties": {"id": 236, "name": "SUSD1, ADAMTSL2, SPON1", "size": 192, "labelId": "236", "symbolzoom": 2}}, {"type": "Feature", "geometry": {"type": "Point", "coordinates": [146.20321903122144, 0.374098010332446]}, "properties": {"id": 237, "name": "GALNT6, GALNT1, GALNT3", "size": 16, "labelId": "237", "symbolzoom": 8}}, {"type": "Feature", "geometry": {"type": "Point", "coordinates": [145.11865951391408, -14.952712401001767]}, "properties": {"id": 238, "name": "FGFBP2, GREM2, PDGFA", "size": 21, "labelId": "238", "symbolzoom": 8}}, {"type": "Feature", "geometry": {"type": "Point", "coordinates": [141.77127005560354, 0.431731710224288]}, "properties": {"id": 239, "name": "GAL3ST3, A4GNT, CHST5", "size": 153, "labelId": "239", "symbolzoom": 2}}, {"type": "Feature", "geometry": {"type": "Point", "coordinates": [137.0119046868689, 0.895883529847832]}, "properties": {"id": 240, "name": "B3GALNT2, HYAL1, HYAL4", "size": 28, "labelId": "240", "symbolzoom": 7}}, {"type": "Feature", "geometry": {"type": "Point", "coordinates": [136.5507893529492, -10.35064335087646]}, "properties": {"id": 241, "name": "MMP7, MMP28, IZUMO4", "size": 49, "labelId": "241", "symbolzoom": 6}}, {"type": "Feature", "geometry": {"type": "Point", "coordinates": [98.88242666285805, 59.37311230034098]}, "properties": {"id": 242, "name": "TNFRSF18, TNFRSF1A, LTBR", "size": 41, "labelId": "242", "symbolzoom": 6}}, {"type": "Feature", "geometry": {"type": "Point", "coordinates": [137.29615366115493, -2.6942376183670684]}, "properties": {"id": 243, "name": "P3H2, P3H1, DNASE1L2", "size": 25, "labelId": "243", "symbolzoom": 7}}, {"type": "Feature", "geometry": {"type": "Point", "coordinates": [138.98647465242317, -19.973070062315713]}, "properties": {"id": 244, "name": "CCN5, PTN, RSPO2", "size": 20, "labelId": "244", "symbolzoom": 8}}, {"type": "Feature", "geometry": {"type": "Point", "coordinates": [98.04621153711346, 47.35108911217523]}, "properties": {"id": 245, "name": "APELA, PLSCR1, PLSCR4", "size": 26, "labelId": "245", "symbolzoom": 7}}, {"type": "Feature", "geometry": {"type": "Point", "coordinates": [139.81615517908483, -11.715361571839964]}, "properties": {"id": 246, "name": "KNG1, CLU, PLA2G12B", "size": 57, "labelId": "246", "symbolzoom": 6}}, {"type": "Feature", "geometry": {"type": "Point", "coordinates": [141.64316270482112, -13.310139109289054]}, "properties": {"id": 247, "name": "REG1A, REG3A, REG4", "size": 15, "labelId": "247", "symbolzoom": 8}}, {"type": "Feature", "geometry": {"type": "Point", "coordinates": [140.9949651093768, -17.613251220536988]}, "properties": {"id": 248, "name": "IGFBP1, DKK1, CFC1B", "size": 21, "labelId": "248", "symbolzoom": 8}}, {"type": "Feature", "geometry": {"type": "Point", "coordinates": [141.92590153524225, -15.77979027736421]}, "properties": {"id": 249, "name": "PLA2G2F, PLA2G2E, PLA2G2A", "size": 24, "labelId": "249", "symbolzoom": 8}}, {"type": "Feature", "geometry": {"type": "Point", "coordinates": [94.64810649893172, 63.645773262065134]}, "properties": {"id": 250, "name": "SCIMP, GAPT, TRAT1", "size": 25, "labelId": "250", "symbolzoom": 7}}, {"type": "Feature", "geometry": {"type": "Point", "coordinates": [130.08366189419894, 3.2628722542134163]}, "properties": {"id": 251, "name": "ERAP1, ERAP2, LNPEP", "size": 51, "labelId": "251", "symbolzoom": 6}}, {"type": "Feature", "geometry": {"type": "Point", "coordinates": [133.78480548784447, 0.424004056186602]}, "properties": {"id": 252, "name": "CPVL, ARSG, HEXA", "size": 157, "labelId": "252", "symbolzoom": 2}}, {"type": "Feature", "geometry": {"type": "Point", "coordinates": [101.13552083374752, 56.6292692176827]}, "properties": {"id": 253, "name": "EREG, PTTG1IP, EPGN", "size": 19, "labelId": "253", "symbolzoom": 8}}, {"type": "Feature", "geometry": {"type": "Point", "coordinates": [71.95999089104784, 42.38524302931537]}, "properties": {"id": 254, "name": "FOXG1, FOXI2, SIX1", "size": 58, "labelId": "254", "symbolzoom": 6}}, {"type": "Feature", "geometry": {"type": "Point", "coordinates": [99.68082603933826, 68.10657348403942]}, "properties": {"id": 255, "name": "VSIG10L, NPHS1, KIRREL2", "size": 18, "labelId": "255", "symbolzoom": 8}}, {"type": "Feature", "geometry": {"type": "Point", "coordinates": [67.76534207501538, 40.79530586169524]}, "properties": {"id": 256, "name": "GATA3, TFAP2A, TFAP2E", "size": 20, "labelId": "256", "symbolzoom": 8}}, {"type": "Feature", "geometry": {"type": "Point", "coordinates": [93.8726898261612, 73.32334114925123]}, "properties": {"id": 257, "name": "SIGLEC7, SIGLEC8, CD33", "size": 17, "labelId": "257", "symbolzoom": 8}}, {"type": "Feature", "geometry": {"type": "Point", "coordinates": [95.00134038730533, 71.0683200416295]}, "properties": {"id": 258, "name": "FCGR2A, FCER1A, FCGR3A", "size": 29, "labelId": "258", "symbolzoom": 7}}, {"type": "Feature", "geometry": {"type": "Point", "coordinates": [96.14209588680173, 67.73526879368472]}, "properties": {"id": 259, "name": "SIGLEC15, JAML, TIGIT", "size": 89, "labelId": "259", "symbolzoom": 4}}, {"type": "Feature", "geometry": {"type": "Point", "coordinates": [69.57255826216027, 43.935556108458115]}, "properties": {"id": 260, "name": "POU3F3, EVX2, NKX2-1", "size": 13, "labelId": "260", "symbolzoom": 9}}, {"type": "Feature", "geometry": {"type": "Point", "coordinates": [68.95405284838257, 46.0141421209635]}, "properties": {"id": 261, "name": "OTP, PITX1, OTX2", "size": 134, "labelId": "261", "symbolzoom": 2}}, {"type": "Feature", "geometry": {"type": "Point", "coordinates": [97.53902721216238, 53.08885183217501]}, "properties": {"id": 262, "name": "C1orf159, FAM163A, TMEM52", "size": 42, "labelId": "262", "symbolzoom": 6}}, {"type": "Feature", "geometry": {"type": "Point", "coordinates": [100.53374379890077, 50.60676918119559]}, "properties": {"id": 263, "name": "ENHO, KCNE4, SMIM41", "size": 112, "labelId": "263", "symbolzoom": 3}}, {"type": "Feature", "geometry": {"type": "Point", "coordinates": [79.62271242862798, 36.339788282063445]}, "properties": {"id": 264, "name": "CREB3L2, CREB3L3, CREB3", "size": 60, "labelId": "264", "symbolzoom": 5}}, {"type": "Feature", "geometry": {"type": "Point", "coordinates": [92.17932336072047, 0.8961359575462806]}, "properties": {"id": 265, "name": "NRAP, RGPD8, RGPD1", "size": 24, "labelId": "265", "symbolzoom": 8}}, {"type": "Feature", "geometry": {"type": "Point", "coordinates": [78.16131520184607, 41.41901744325985]}, "properties": {"id": 266, "name": "ASCL5, MYOG, MKX", "size": 100, "labelId": "266", "symbolzoom": 3}}, {"type": "Feature", "geometry": {"type": "Point", "coordinates": [75.36781095493778, 37.006388126961525]}, "properties": {"id": 267, "name": "EHF, SPDEF, SPI1", "size": 14, "labelId": "267", "symbolzoom": 9}}, {"type": "Feature", "geometry": {"type": "Point", "coordinates": [71.29199511965084, 36.535300092495106]}, "properties": {"id": 268, "name": "SIM1, RFX6, RUNX1", "size": 62, "labelId": "268", "symbolzoom": 5}}, {"type": "Feature", "geometry": {"type": "Point", "coordinates": [101.89818793705086, 64.30217440619073]}, "properties": {"id": 269, "name": "IL2RB, IL10RA, CSF2RB", "size": 23, "labelId": "269", "symbolzoom": 8}}, {"type": "Feature", "geometry": {"type": "Point", "coordinates": [102.21805958850322, 65.86194469669192]}, "properties": {"id": 270, "name": "IFNAR1, IL18RAP, IL31RA", "size": 23, "labelId": "270", "symbolzoom": 8}}, {"type": "Feature", "geometry": {"type": "Point", "coordinates": [135.63925954163324, 37.419111879130156]}, "properties": {"id": 271, "name": "NDUFB2, ATP5MG, MPC1", "size": 91, "labelId": "271", "symbolzoom": 4}}, {"type": "Feature", "geometry": {"type": "Point", "coordinates": [98.593606242676, 64.74870666806214]}, "properties": {"id": 272, "name": "CD276, GPA33, ESAM", "size": 16, "labelId": "272", "symbolzoom": 8}}, {"type": "Feature", "geometry": {"type": "Point", "coordinates": [100.82584110730075, 62.067033525309206]}, "properties": {"id": 273, "name": "CD47, NPTN, EPCAM", "size": 52, "labelId": "273", "symbolzoom": 6}}, {"type": "Feature", "geometry": {"type": "Point", "coordinates": [73.72129547214548, 30.8382073816673]}, "properties": {"id": 274, "name": "FOXP2, FOXP4, SSBP3", "size": 27, "labelId": "274", "symbolzoom": 7}}, {"type": "Feature", "geometry": {"type": "Point", "coordinates": [68.94792887972108, 31.850859703924478]}, "properties": {"id": 275, "name": "RBM24, MBNL1, CELF4", "size": 62, "labelId": "275", "symbolzoom": 5}}, {"type": "Feature", "geometry": {"type": "Point", "coordinates": [69.89620986183465, 27.61769833427342]}, "properties": {"id": 276, "name": "PABPC4, PABPC3, PABPC4L", "size": 29, "labelId": "276", "symbolzoom": 7}}, {"type": "Feature", "geometry": {"type": "Point", "coordinates": [77.1306725207076, 32.54527696789063]}, "properties": {"id": 277, "name": "VGLL4, GRHL3, GRHL1", "size": 54, "labelId": "277", "symbolzoom": 6}}, {"type": "Feature", "geometry": {"type": "Point", "coordinates": [69.6589012345802, 23.82997052843587]}, "properties": {"id": 278, "name": "HNRNPU, SFPQ, FAM98B", "size": 60, "labelId": "278", "symbolzoom": 5}}, {"type": "Feature", "geometry": {"type": "Point", "coordinates": [74.2828424439408, 23.184587290377387]}, "properties": {"id": 279, "name": "CPSF7, SCAF4, ZC3H4", "size": 39, "labelId": "279", "symbolzoom": 7}}, {"type": "Feature", "geometry": {"type": "Point", "coordinates": [78.85272308458357, 18.275951413476033]}, "properties": {"id": 280, "name": "ANKRD11, GIGYF2, ASH1L", "size": 39, "labelId": "280", "symbolzoom": 7}}, {"type": "Feature", "geometry": {"type": "Point", "coordinates": [78.14817079525011, 25.286227532632576]}, "properties": {"id": 281, "name": "EPC1, FBRS, SEC16B", "size": 292, "labelId": "281", "symbolzoom": 2}}, {"type": "Feature", "geometry": {"type": "Point", "coordinates": [135.07682174291597, 11.43153048364092]}, "properties": {"id": 282, "name": "KDSR, RDH10, DHRS7B", "size": 49, "labelId": "282", "symbolzoom": 6}}, {"type": "Feature", "geometry": {"type": "Point", "coordinates": [129.76881289290108, 37.21985786697233]}, "properties": {"id": 283, "name": "LYRM4, LYRM2, LYRM9", "size": 20, "labelId": "283", "symbolzoom": 8}}, {"type": "Feature", "geometry": {"type": "Point", "coordinates": [108.40662472038099, 36.73865821469231]}, "properties": {"id": 284, "name": "ERICH2, TPD52L2, TPD52", "size": 52, "labelId": "284", "symbolzoom": 6}}, {"type": "Feature", "geometry": {"type": "Point", "coordinates": [98.27587005796877, 1.409660035426427]}, "properties": {"id": 285, "name": "SYT1, SYT17, SYT6", "size": 33, "labelId": "285", "symbolzoom": 7}}, {"type": "Feature", "geometry": {"type": "Point", "coordinates": [87.93474613041916, 35.15599952172907]}, "properties": {"id": 286, "name": "SH3D21, RSC1A1, PRR33", "size": 16, "labelId": "286", "symbolzoom": 8}}, {"type": "Feature", "geometry": {"type": "Point", "coordinates": [85.21586471707877, 37.525665898764004]}, "properties": {"id": 287, "name": "C9orf131, FAM186A, MAGEL2", "size": 26, "labelId": "287", "symbolzoom": 7}}, {"type": "Feature", "geometry": {"type": "Point", "coordinates": [99.32680901537853, -8.317087327621564]}, "properties": {"id": 288, "name": "FER1L5, OTOF, MYOF", "size": 11, "labelId": "288", "symbolzoom": 9}}, {"type": "Feature", "geometry": {"type": "Point", "coordinates": [129.86938692694991, 13.202099066537563]}, "properties": {"id": 289, "name": "ACOT2, SIGMAR1, ACOT4", "size": 17, "labelId": "289", "symbolzoom": 8}}, {"type": "Feature", "geometry": {"type": "Point", "coordinates": [94.35903905955905, -3.2446296860162804]}, "properties": {"id": 290, "name": "TRIP12, DOCK7, UBR5", "size": 67, "labelId": "290", "symbolzoom": 5}}, {"type": "Feature", "geometry": {"type": "Point", "coordinates": [99.67993872295483, -4.099834422069298]}, "properties": {"id": 291, "name": "URB1, NBAS, ESPL1", "size": 65, "labelId": "291", "symbolzoom": 5}}, {"type": "Feature", "geometry": {"type": "Point", "coordinates": [100.50235014168649, 39.5347081955419]}, "properties": {"id": 292, "name": "MARCKSL1, SMCO1, MUSTN1", "size": 15, "labelId": "292", "symbolzoom": 8}}, {"type": "Feature", "geometry": {"type": "Point", "coordinates": [111.96419363567304, 1.7962109073591987]}, "properties": {"id": 293, "name": "TTC23L, TTC39C, TTC39B", "size": 102, "labelId": "293", "symbolzoom": 3}}, {"type": "Feature", "geometry": {"type": "Point", "coordinates": [101.10340269761201, 43.5540387543906]}, "properties": {"id": 294, "name": "RNF152, RNF222, MINAR2", "size": 35, "labelId": "294", "symbolzoom": 7}}, {"type": "Feature", "geometry": {"type": "Point", "coordinates": [102.25196061128133, 37.906797140020004]}, "properties": {"id": 295, "name": "CCDC127, PIN1, MLLT11", "size": 14, "labelId": "295", "symbolzoom": 9}}, {"type": "Feature", "geometry": {"type": "Point", "coordinates": [121.49758922685753, 10.473469360202524]}, "properties": {"id": 296, "name": "SPATA20, MVP, PRNP", "size": 60, "labelId": "296", "symbolzoom": 5}}, {"type": "Feature", "geometry": {"type": "Point", "coordinates": [102.80090001218005, 8.170743870041662]}, "properties": {"id": 297, "name": "SREBF1, YTHDC2, SIN3B", "size": 65, "labelId": "297", "symbolzoom": 5}}, {"type": "Feature", "geometry": {"type": "Point", "coordinates": [97.6415565350101, 41.095522345169854]}, "properties": {"id": 298, "name": "C17orf107, C5orf47, CEND1", "size": 23, "labelId": "298", "symbolzoom": 8}}, {"type": "Feature", "geometry": {"type": "Point", "coordinates": [105.70084205215358, 6.8169501318686985]}, "properties": {"id": 299, "name": "PPEF2, TUBGCP4, AREL1", "size": 35, "labelId": "299", "symbolzoom": 7}}, {"type": "Feature", "geometry": {"type": "Point", "coordinates": [96.92746074407192, 43.84128683085612]}, "properties": {"id": 300, "name": "TEX53, TMEM89, FANCD2OS", "size": 53, "labelId": "300", "symbolzoom": 6}}, {"type": "Feature", "geometry": {"type": "Point", "coordinates": [94.22676145542471, 46.854686048679]}, "properties": {"id": 301, "name": "SMIM21, C7orf77, TP53TG3F", "size": 73, "labelId": "301", "symbolzoom": 5}}, {"type": "Feature", "geometry": {"type": "Point", "coordinates": [86.73141580278366, 39.85339612712904]}, "properties": {"id": 302, "name": "CFAP77, TEX55, SMCO2", "size": 36, "labelId": "302", "symbolzoom": 7}}, {"type": "Feature", "geometry": {"type": "Point", "coordinates": [89.83710096593498, 43.887717076490006]}, "properties": {"id": 303, "name": "CHGB, C22orf42, DRICH1", "size": 17, "labelId": "303", "symbolzoom": 8}}, {"type": "Feature", "geometry": {"type": "Point", "coordinates": [86.72492317127333, 44.97886358118072]}, "properties": {"id": 304, "name": "ODF3, FAM166A, ODF3B", "size": 18, "labelId": "304", "symbolzoom": 8}}, {"type": "Feature", "geometry": {"type": "Point", "coordinates": [86.78783725077685, 42.60648360394799]}, "properties": {"id": 305, "name": "FAM183A, THEGL, ENAM", "size": 33, "labelId": "305", "symbolzoom": 7}}, {"type": "Feature", "geometry": {"type": "Point", "coordinates": [109.89199946575644, 7.896707349990935]}, "properties": {"id": 306, "name": "ARMC5, FANCE, PPP3CA", "size": 40, "labelId": "306", "symbolzoom": 6}}, {"type": "Feature", "geometry": {"type": "Point", "coordinates": [82.98573496052154, 14.242490163757502]}, "properties": {"id": 307, "name": "WASF1, EVL, WASF3", "size": 33, "labelId": "307", "symbolzoom": 7}}, {"type": "Feature", "geometry": {"type": "Point", "coordinates": [102.88912498154389, -0.5951369872682195]}, "properties": {"id": 308, "name": "MED24, RANBP17, FANCA", "size": 48, "labelId": "308", "symbolzoom": 6}}, {"type": "Feature", "geometry": {"type": "Point", "coordinates": [102.55167006789324, 3.585499646434537]}, "properties": {"id": 309, "name": "PPP6R3, EXOC1, EFR3B", "size": 53, "labelId": "309", "symbolzoom": 6}}, {"type": "Feature", "geometry": {"type": "Point", "coordinates": [108.20414735567626, 5.072167703345657]}, "properties": {"id": 310, "name": "TMCO6, TELO2, CUL5", "size": 48, "labelId": "310", "symbolzoom": 6}}, {"type": "Feature", "geometry": {"type": "Point", "coordinates": [107.47514283571554, 1.504657618397282]}, "properties": {"id": 311, "name": "VPS39, PSMD2, PSMD1", "size": 20, "labelId": "311", "symbolzoom": 8}}, {"type": "Feature", "geometry": {"type": "Point", "coordinates": [105.30620419236637, 4.176158823513244]}, "properties": {"id": 312, "name": "ERMARD, PPP2R5B, ZW10", "size": 19, "labelId": "312", "symbolzoom": 8}}, {"type": "Feature", "geometry": {"type": "Point", "coordinates": [105.6420330650645, 0.7389095793512515]}, "properties": {"id": 313, "name": "PPP2R1B, KPNA6, COPG2", "size": 50, "labelId": "313", "symbolzoom": 6}}, {"type": "Feature", "geometry": {"type": "Point", "coordinates": [126.03233599218028, 14.525762083792365]}, "properties": {"id": 314, "name": "CPOX, NADK2, MACROD2", "size": 52, "labelId": "314", "symbolzoom": 6}}, {"type": "Feature", "geometry": {"type": "Point", "coordinates": [121.45089210970195, 35.42156302631854]}, "properties": {"id": 315, "name": "SKP1, SF3B5, LSM5", "size": 73, "labelId": "315", "symbolzoom": 5}}, {"type": "Feature", "geometry": {"type": "Point", "coordinates": [119.99563004498329, 33.51486606822783]}, "properties": {"id": 316, "name": "DYNLRB2, MAGOH, LAMTOR4", "size": 42, "labelId": "316", "symbolzoom": 6}}, {"type": "Feature", "geometry": {"type": "Point", "coordinates": [87.11541672731695, 32.015964931598404]}, "properties": {"id": 317, "name": "GOLM1, C1orf127, SLC38A10", "size": 27, "labelId": "317", "symbolzoom": 7}}, {"type": "Feature", "geometry": {"type": "Point", "coordinates": [83.17991248666718, 18.774570818370382]}, "properties": {"id": 318, "name": "SHROOM3, TDRD15, DAB2", "size": 65, "labelId": "318", "symbolzoom": 5}}, {"type": "Feature", "geometry": {"type": "Point", "coordinates": [117.45370544530252, 12.879244662877596]}, "properties": {"id": 319, "name": "TMEM143, NDOR1, FNTB", "size": 28, "labelId": "319", "symbolzoom": 7}}, {"type": "Feature", "geometry": {"type": "Point", "coordinates": [95.36098045192759, 6.549159893828395]}, "properties": {"id": 320, "name": "SNX5, SNX30, SNX6", "size": 47, "labelId": "320", "symbolzoom": 6}}, {"type": "Feature", "geometry": {"type": "Point", "coordinates": [92.81921520753997, 30.817476973813424]}, "properties": {"id": 321, "name": "FAM200B, TSC22D4, ZBED5", "size": 104, "labelId": "321", "symbolzoom": 3}}, {"type": "Feature", "geometry": {"type": "Point", "coordinates": [109.0304224394635, 25.504249993546704]}, "properties": {"id": 322, "name": "EPM2A, MAEA, C17orf75", "size": 17, "labelId": "322", "symbolzoom": 8}}, {"type": "Feature", "geometry": {"type": "Point", "coordinates": [109.56603263699381, 26.96497232169982]}, "properties": {"id": 323, "name": "OIP5, MTURN, MIS18A", "size": 20, "labelId": "323", "symbolzoom": 8}}, {"type": "Feature", "geometry": {"type": "Point", "coordinates": [104.89115932311637, 16.316806581661886]}, "properties": {"id": 324, "name": "SMG8, USP12, MCRS1", "size": 39, "labelId": "324", "symbolzoom": 7}}, {"type": "Feature", "geometry": {"type": "Point", "coordinates": [124.91668798807021, 26.746515903456327]}, "properties": {"id": 325, "name": "ACYP2, PDF, STARD7", "size": 14, "labelId": "325", "symbolzoom": 9}}, {"type": "Feature", "geometry": {"type": "Point", "coordinates": [102.71575835235869, 10.985378705599839]}, "properties": {"id": 326, "name": "SEC14L4, SEC14L6, PIP5K1C", "size": 45, "labelId": "326", "symbolzoom": 6}}, {"type": "Feature", "geometry": {"type": "Point", "coordinates": [129.60394266647927, 22.787391011934726]}, "properties": {"id": 327, "name": "METTL26, GPX2, ACOT13", "size": 44, "labelId": "327", "symbolzoom": 6}}, {"type": "Feature", "geometry": {"type": "Point", "coordinates": [130.56983652405563, 34.32253627588851]}, "properties": {"id": 328, "name": "MRPL40, MRPL54, MRPL55", "size": 77, "labelId": "328", "symbolzoom": 5}}, {"type": "Feature", "geometry": {"type": "Point", "coordinates": [126.9639386386788, 25.18423994858435]}, "properties": {"id": 329, "name": "DNPH1, TIMM50, OXNAD1", "size": 30, "labelId": "329", "symbolzoom": 7}}, {"type": "Feature", "geometry": {"type": "Point", "coordinates": [129.54008067734088, 28.541340123499438]}, "properties": {"id": 330, "name": "TMEM223, COX11, COQ10B", "size": 105, "labelId": "330", "symbolzoom": 3}}, {"type": "Feature", "geometry": {"type": "Point", "coordinates": [90.34882859180006, 38.79274514356824]}, "properties": {"id": 331, "name": "CYLC2, C16orf78, SOHLH1", "size": 48, "labelId": "331", "symbolzoom": 6}}, {"type": "Feature", "geometry": {"type": "Point", "coordinates": [102.78787529689004, 35.86616341723601]}, "properties": {"id": 332, "name": "GON7, C6orf226, FAM177B", "size": 31, "labelId": "332", "symbolzoom": 7}}, {"type": "Feature", "geometry": {"type": "Point", "coordinates": [94.37038326342511, 16.972277165831997]}, "properties": {"id": 333, "name": "TERB1, SHC3, NSMF", "size": 22, "labelId": "333", "symbolzoom": 8}}, {"type": "Feature", "geometry": {"type": "Point", "coordinates": [89.69064340789555, 14.913774611285671]}, "properties": {"id": 334, "name": "RIPOR1, IL16, FGD5", "size": 14, "labelId": "334", "symbolzoom": 9}}, {"type": "Feature", "geometry": {"type": "Point", "coordinates": [94.71167370719719, 33.13178897500201]}, "properties": {"id": 335, "name": "C2CD4B, C2CD4A, DDIT4", "size": 15, "labelId": "335", "symbolzoom": 8}}, {"type": "Feature", "geometry": {"type": "Point", "coordinates": [90.78139390743686, 34.55919727808385]}, "properties": {"id": 336, "name": "MAMSTR, CDC42EP1, FAM53C", "size": 42, "labelId": "336", "symbolzoom": 6}}, {"type": "Feature", "geometry": {"type": "Point", "coordinates": [97.13999955060913, 31.885554216062545]}, "properties": {"id": 337, "name": "POLR2M, PDCD7, BCL7C", "size": 27, "labelId": "337", "symbolzoom": 7}}, {"type": "Feature", "geometry": {"type": "Point", "coordinates": [95.3005301625971, 35.13090086768364]}, "properties": {"id": 338, "name": "C17orf64, FAM131B, INSYN1", "size": 91, "labelId": "338", "symbolzoom": 4}}, {"type": "Feature", "geometry": {"type": "Point", "coordinates": [92.1706356696404, 41.6055223216531]}, "properties": {"id": 339, "name": "POM121L12, C16orf46, PRR20A", "size": 32, "labelId": "339", "symbolzoom": 7}}, {"type": "Feature", "geometry": {"type": "Point", "coordinates": [95.92962624142265, 37.99741663337176]}, "properties": {"id": 340, "name": "HSPB9, SPATA46, PACRG", "size": 19, "labelId": "340", "symbolzoom": 8}}, {"type": "Feature", "geometry": {"type": "Point", "coordinates": [98.72596608581185, 37.99419319508686]}, "properties": {"id": 341, "name": "PRR15L, C1orf21, C2orf50", "size": 78, "labelId": "341", "symbolzoom": 5}}, {"type": "Feature", "geometry": {"type": "Point", "coordinates": [93.42596734593177, 38.11036036330147]}, "properties": {"id": 342, "name": "AKAP5, UBXN10, PRKAG3", "size": 38, "labelId": "342", "symbolzoom": 7}}, {"type": "Feature", "geometry": {"type": "Point", "coordinates": [94.39603240758561, 42.029501347829424]}, "properties": {"id": 343, "name": "C19orf84, C10orf62, DDIT4L", "size": 21, "labelId": "343", "symbolzoom": 8}}, {"type": "Feature", "geometry": {"type": "Point", "coordinates": [94.78420032681863, 39.662160566486705]}, "properties": {"id": 344, "name": "PRR23B, GAP43, FRG2", "size": 17, "labelId": "344", "symbolzoom": 8}}, {"type": "Feature", "geometry": {"type": "Point", "coordinates": [100.67538369158028, 34.446162051376106]}, "properties": {"id": 345, "name": "PAGR1, CYS1, PPP1R35", "size": 19, "labelId": "345", "symbolzoom": 8}}, {"type": "Feature", "geometry": {"type": "Point", "coordinates": [100.34344133496093, 32.331292986273326]}, "properties": {"id": 346, "name": "PNMA1, MOAP1, C5orf58", "size": 65, "labelId": "346", "symbolzoom": 5}}, {"type": "Feature", "geometry": {"type": "Point", "coordinates": [120.38276529784706, 30.485316691861613]}, "properties": {"id": 347, "name": "RABIF, POLR2G, SNRNP25", "size": 40, "labelId": "347", "symbolzoom": 6}}, {"type": "Feature", "geometry": {"type": "Point", "coordinates": [117.04539396351022, 30.178530053791857]}, "properties": {"id": 348, "name": "COMMD1, COMMD10, COMMD8", "size": 32, "labelId": "348", "symbolzoom": 7}}, {"type": "Feature", "geometry": {"type": "Point", "coordinates": [84.6599188298633, 27.751403907294282]}, "properties": {"id": 349, "name": "PCARE, DACT2, CCDC187", "size": 57, "labelId": "349", "symbolzoom": 6}}, {"type": "Feature", "geometry": {"type": "Point", "coordinates": [88.29448460578521, 28.165983712667675]}, "properties": {"id": 350, "name": "AJM1, E2F2, ZC3H11A", "size": 46, "labelId": "350", "symbolzoom": 6}}, {"type": "Feature", "geometry": {"type": "Point", "coordinates": [107.26648461342344, 13.369114984055598]}, "properties": {"id": 351, "name": "EHD3, STK31, PDP1", "size": 31, "labelId": "351", "symbolzoom": 7}}, {"type": "Feature", "geometry": {"type": "Point", "coordinates": [104.87573442359152, 13.046960944083235]}, "properties": {"id": 352, "name": "MOB2, HPS1, PI4KB", "size": 26, "labelId": "352", "symbolzoom": 7}}, {"type": "Feature", "geometry": {"type": "Point", "coordinates": [103.68593841667246, 14.041320019851259]}, "properties": {"id": 353, "name": "CDC14B, INTS6, C12orf56", "size": 30, "labelId": "353", "symbolzoom": 7}}, {"type": "Feature", "geometry": {"type": "Point", "coordinates": [94.43343026479693, 26.669976438751817]}, "properties": {"id": 354, "name": "PDLIM5, PDLIM2, SAMD14", "size": 39, "labelId": "354", "symbolzoom": 7}}, {"type": "Feature", "geometry": {"type": "Point", "coordinates": [117.27721976496284, 27.472925014046005]}, "properties": {"id": 355, "name": "C10orf53, EXOC1L, EXOSC9", "size": 20, "labelId": "355", "symbolzoom": 8}}, {"type": "Feature", "geometry": {"type": "Point", "coordinates": [90.29882877408585, 13.506873505739215]}, "properties": {"id": 356, "name": "MAP3K1, FNIP2, ANKS6", "size": 21, "labelId": "356", "symbolzoom": 8}}, {"type": "Feature", "geometry": {"type": "Point", "coordinates": [109.69561403864049, 13.240843565084823]}, "properties": {"id": 357, "name": "CNOT6L, TDRD7, C9orf72", "size": 37, "labelId": "357", "symbolzoom": 7}}, {"type": "Feature", "geometry": {"type": "Point", "coordinates": [111.35322856203264, 21.143917493564725]}, "properties": {"id": 358, "name": "GTF2H2C, DOHH, SPSB1", "size": 34, "labelId": "358", "symbolzoom": 7}}, {"type": "Feature", "geometry": {"type": "Point", "coordinates": [110.9338249013449, 24.245315721039425]}, "properties": {"id": 359, "name": "ERCC1, EIF3F, TIPRL", "size": 44, "labelId": "359", "symbolzoom": 6}}, {"type": "Feature", "geometry": {"type": "Point", "coordinates": [97.53550576593591, 23.121498954929738]}, "properties": {"id": 360, "name": "PPM1D, NFATC2IP, CEP44", "size": 44, "labelId": "360", "symbolzoom": 6}}, {"type": "Feature", "geometry": {"type": "Point", "coordinates": [115.28792523635852, 26.072029165593]}, "properties": {"id": 361, "name": "ARHGDIB, TSNAX, DDX51", "size": 32, "labelId": "361", "symbolzoom": 7}}, {"type": "Feature", "geometry": {"type": "Point", "coordinates": [113.82265276035498, 22.829655802407647]}, "properties": {"id": 362, "name": "CLIC1, CLIC3, GDAP1", "size": 57, "labelId": "362", "symbolzoom": 6}}, {"type": "Feature", "geometry": {"type": "Point", "coordinates": [115.93201969702393, 23.362451397680783]}, "properties": {"id": 363, "name": "LRAT, GDAP1L1, TARBP2", "size": 16, "labelId": "363", "symbolzoom": 8}}, {"type": "Feature", "geometry": {"type": "Point", "coordinates": [103.62577573783014, 19.50680828595913]}, "properties": {"id": 364, "name": "PRR5, ADARB2, SMYD2", "size": 57, "labelId": "364", "symbolzoom": 6}}, {"type": "Feature", "geometry": {"type": "Point", "coordinates": [85.3243058289767, 14.826455511896157]}, "properties": {"id": 365, "name": "APBB1IP, ARHGAP32, RAB44", "size": 19, "labelId": "365", "symbolzoom": 8}}, {"type": "Feature", "geometry": {"type": "Point", "coordinates": [85.95212348216529, 17.332822682079488]}, "properties": {"id": 366, "name": "DNAJC6, CBL, CALD1", "size": 19, "labelId": "366", "symbolzoom": 8}}, {"type": "Feature", "geometry": {"type": "Point", "coordinates": [88.29331781489518, 16.36654191731551]}, "properties": {"id": 367, "name": "FYB1, TEX14, SYTL2", "size": 60, "labelId": "367", "symbolzoom": 5}}, {"type": "Feature", "geometry": {"type": "Point", "coordinates": [98.592493949003, 4.585841481418205]}, "properties": {"id": 368, "name": "PNPLA6, SYTL1, DIP2A", "size": 29, "labelId": "368", "symbolzoom": 7}}, {"type": "Feature", "geometry": {"type": "Point", "coordinates": [87.11470348766017, 11.982043259596473]}, "properties": {"id": 369, "name": "MAST1, TNK2, SYNGAP1", "size": 64, "labelId": "369", "symbolzoom": 5}}, {"type": "Feature", "geometry": {"type": "Point", "coordinates": [88.58253446858856, 7.863105694729979]}, "properties": {"id": 370, "name": "MAGI1, RASAL2, TJP2", "size": 53, "labelId": "370", "symbolzoom": 6}}, {"type": "Feature", "geometry": {"type": "Point", "coordinates": [89.4171233445241, 10.538169042494719]}, "properties": {"id": 371, "name": "AGAP3, FCHO1, CTNND1", "size": 20, "labelId": "371", "symbolzoom": 8}}, {"type": "Feature", "geometry": {"type": "Point", "coordinates": [118.22581026791543, 24.62067453473346]}, "properties": {"id": 372, "name": "ADO, RANGRF, DUSP3", "size": 51, "labelId": "372", "symbolzoom": 6}}, {"type": "Feature", "geometry": {"type": "Point", "coordinates": [120.08177822854796, 27.264535645967833]}, "properties": {"id": 373, "name": "EXOSC3, EXOSC2, CYB5A", "size": 28, "labelId": "373", "symbolzoom": 7}}, {"type": "Feature", "geometry": {"type": "Point", "coordinates": [91.58682516246677, 5.053611966385256]}, "properties": {"id": 374, "name": "PACSIN1, SRGAP2, PACSIN2", "size": 35, "labelId": "374", "symbolzoom": 7}}, {"type": "Feature", "geometry": {"type": "Point", "coordinates": [107.92416092652536, 17.31303137732287]}, "properties": {"id": 375, "name": "TYW1B, TDRKH, CHD1L", "size": 58, "labelId": "375", "symbolzoom": 6}}, {"type": "Feature", "geometry": {"type": "Point", "coordinates": [90.62942140046104, 11.473438526807325]}, "properties": {"id": 376, "name": "GRIP2, RALGDS, ARVCF", "size": 17, "labelId": "376", "symbolzoom": 8}}, {"type": "Feature", "geometry": {"type": "Point", "coordinates": [112.30050836795787, 26.744150107509356]}, "properties": {"id": 377, "name": "PSME3, SF3A3, MED18", "size": 21, "labelId": "377", "symbolzoom": 8}}, {"type": "Feature", "geometry": {"type": "Point", "coordinates": [90.76964293076847, 17.895730601116533]}, "properties": {"id": 378, "name": "TNS4, SPATA18, USP31", "size": 38, "labelId": "378", "symbolzoom": 7}}, {"type": "Feature", "geometry": {"type": "Point", "coordinates": [91.9412583764003, 10.910984666400594]}, "properties": {"id": 379, "name": "SYNJ2, ITSN2, DNMBP", "size": 13, "labelId": "379", "symbolzoom": 9}}, {"type": "Feature", "geometry": {"type": "Point", "coordinates": [92.00734298343075, 8.370922651357152]}, "properties": {"id": 380, "name": "DTNB, SYNJ1, DNM2", "size": 52, "labelId": "380", "symbolzoom": 6}}, {"type": "Feature", "geometry": {"type": "Point", "coordinates": [101.23548539771582, 17.1659861536312]}, "properties": {"id": 381, "name": "TULP2, EEPD1, RHOBTB1", "size": 60, "labelId": "381", "symbolzoom": 5}}, {"type": "Feature", "geometry": {"type": "Point", "coordinates": [103.69958818821061, 31.6842188962001]}, "properties": {"id": 382, "name": "BAX, LYSMD2, CTU1", "size": 60, "labelId": "382", "symbolzoom": 5}}, {"type": "Feature", "geometry": {"type": "Point", "coordinates": [118.59188718809816, 15.29126278243213]}, "properties": {"id": 383, "name": "ACTR8, C2orf69, OLA1", "size": 21, "labelId": "383", "symbolzoom": 8}}, {"type": "Feature", "geometry": {"type": "Point", "coordinates": [91.74165273773394, 26.721024120556034]}, "properties": {"id": 384, "name": "TMPO, RAD21, TRAF3IP1", "size": 36, "labelId": "384", "symbolzoom": 7}}, {"type": "Feature", "geometry": {"type": "Point", "coordinates": [95.48531082795671, 14.966997022151585]}, "properties": {"id": 385, "name": "CEP104, BANK1, RTKN2", "size": 21, "labelId": "385", "symbolzoom": 8}}, {"type": "Feature", "geometry": {"type": "Point", "coordinates": [110.58165992226859, 11.284950651011275]}, "properties": {"id": 386, "name": "MORN2, AIM2, IFRD2", "size": 41, "labelId": "386", "symbolzoom": 6}}, {"type": "Feature", "geometry": {"type": "Point", "coordinates": [136.91420952720958, 21.49612140956745]}, "properties": {"id": 387, "name": "ECHDC1, TKT, ECHDC2", "size": 140, "labelId": "387", "symbolzoom": 2}}, {"type": "Feature", "geometry": {"type": "Point", "coordinates": [113.67867673799165, 28.17839287882593]}, "properties": {"id": 388, "name": "EIF4E3, MYCBP, RRP8", "size": 40, "labelId": "388", "symbolzoom": 6}}, {"type": "Feature", "geometry": {"type": "Point", "coordinates": [114.41945354702847, 10.535904251408752]}, "properties": {"id": 389, "name": "FASTK, DNM1L, MEIOB", "size": 54, "labelId": "389", "symbolzoom": 6}}, {"type": "Feature", "geometry": {"type": "Point", "coordinates": [106.24566112117887, 25.889226795337073]}, "properties": {"id": 390, "name": "ANKRD60, LIX1L, UNC119", "size": 30, "labelId": "390", "symbolzoom": 7}}, {"type": "Feature", "geometry": {"type": "Point", "coordinates": [111.48837962292865, 34.23777117578004]}, "properties": {"id": 391, "name": "LTV1, TINCR, MED10", "size": 35, "labelId": "391", "symbolzoom": 7}}, {"type": "Feature", "geometry": {"type": "Point", "coordinates": [93.4406585722814, 10.13120545962159]}, "properties": {"id": 392, "name": "ARHGAP24, OXR1, ADD1", "size": 17, "labelId": "392", "symbolzoom": 8}}, {"type": "Feature", "geometry": {"type": "Point", "coordinates": [96.21780710728282, 21.14810676765424]}, "properties": {"id": 393, "name": "PARP1, EXD1, UHRF1", "size": 22, "labelId": "393", "symbolzoom": 8}}, {"type": "Feature", "geometry": {"type": "Point", "coordinates": [92.37260712886817, 14.48044886073399]}, "properties": {"id": 394, "name": "PSD4, POC5, AHI1", "size": 22, "labelId": "394", "symbolzoom": 8}}, {"type": "Feature", "geometry": {"type": "Point", "coordinates": [107.35479139098835, 19.44830219036186]}, "properties": {"id": 395, "name": "ARHGAP11B, HSF2BP, TOMM34", "size": 45, "labelId": "395", "symbolzoom": 6}}, {"type": "Feature", "geometry": {"type": "Point", "coordinates": [94.76004528432684, 13.332353360685522]}, "properties": {"id": 396, "name": "PHLPP2, RPH3AL, RASIP1", "size": 31, "labelId": "396", "symbolzoom": 7}}, {"type": "Feature", "geometry": {"type": "Point", "coordinates": [93.3455865491849, 11.892266005486636]}, "properties": {"id": 397, "name": "PSD2, RPH3A, RUNDC3A", "size": 18, "labelId": "397", "symbolzoom": 8}}, {"type": "Feature", "geometry": {"type": "Point", "coordinates": [94.02862579383083, 19.247744074170228]}, "properties": {"id": 398, "name": "CCDC50, USPL1, WDHD1", "size": 24, "labelId": "398", "symbolzoom": 8}}, {"type": "Feature", "geometry": {"type": "Point", "coordinates": [95.8006142812555, 19.066408028835138]}, "properties": {"id": 399, "name": "SCMH1, SHOC1, SHE", "size": 19, "labelId": "399", "symbolzoom": 8}}, {"type": "Feature", "geometry": {"type": "Point", "coordinates": [112.97478858248897, 30.471417284962286]}, "properties": {"id": 400, "name": "SRP19, DDX27, UTP23", "size": 26, "labelId": "400", "symbolzoom": 7}}, {"type": "Feature", "geometry": {"type": "Point", "coordinates": [113.73480989012353, 33.22099821959906]}, "properties": {"id": 401, "name": "EBNA1BP2, GPATCH4, RBM34", "size": 48, "labelId": "401", "symbolzoom": 6}}, {"type": "Feature", "geometry": {"type": "Point", "coordinates": [100.00164437837667, 19.6333934901446]}, "properties": {"id": 402, "name": "PAPOLB, TDRD5, STAU2", "size": 25, "labelId": "402", "symbolzoom": 7}}, {"type": "Feature", "geometry": {"type": "Point", "coordinates": [100.07195675963143, 21.66047731568971]}, "properties": {"id": 403, "name": "RNF146, OTUD3, BIRC2", "size": 19, "labelId": "403", "symbolzoom": 8}}, {"type": "Feature", "geometry": {"type": "Point", "coordinates": [97.90347258345778, 19.648367020710957]}, "properties": {"id": 404, "name": "TUT1, ADAR, PAPOLA", "size": 23, "labelId": "404", "symbolzoom": 8}}, {"type": "Feature", "geometry": {"type": "Point", "coordinates": [111.38947715649263, 18.108323913620588]}, "properties": {"id": 405, "name": "SMYD4, FBXO15, MIF4GD", "size": 43, "labelId": "405", "symbolzoom": 6}}, {"type": "Feature", "geometry": {"type": "Point", "coordinates": [106.27710267188755, 22.88692259358122]}, "properties": {"id": 406, "name": "CCNG2, SGTA, MINDY1", "size": 118, "labelId": "406", "symbolzoom": 3}}, {"type": "Feature", "geometry": {"type": "Point", "coordinates": [97.55796639056837, 17.627836059214676]}, "properties": {"id": 407, "name": "HLTF, LASP1, TOM1", "size": 43, "labelId": "407", "symbolzoom": 6}}, {"type": "Feature", "geometry": {"type": "Point", "coordinates": [101.30640940120817, 13.155956376707518]}, "properties": {"id": 408, "name": "PPIP5K1, SBNO1, DLG4", "size": 19, "labelId": "408", "symbolzoom": 8}}, {"type": "Feature", "geometry": {"type": "Point", "coordinates": [97.47029894678792, 14.967627422724583]}, "properties": {"id": 409, "name": "ARNTL, INPP5J, SKAP2", "size": 10, "labelId": "409", "symbolzoom": 9}}, {"type": "Feature", "geometry": {"type": "Point", "coordinates": [98.82687792883802, 15.097679044587718]}, "properties": {"id": 410, "name": "SCYL1, SH2D1B, SLA", "size": 17, "labelId": "410", "symbolzoom": 8}}, {"type": "Feature", "geometry": {"type": "Point", "coordinates": [87.14331000823017, 24.41971338145512]}, "properties": {"id": 411, "name": "KIF11, MICALL1, BRDT", "size": 40, "labelId": "411", "symbolzoom": 6}}, {"type": "Feature", "geometry": {"type": "Point", "coordinates": [89.99629070944025, 25.524129026184447]}, "properties": {"id": 412, "name": "CKAP2L, KIFC1, SPOCD1", "size": 44, "labelId": "412", "symbolzoom": 6}}, {"type": "Feature", "geometry": {"type": "Point", "coordinates": [98.6208897537251, 7.71091096221776]}, "properties": {"id": 413, "name": "ELMO3, ALS2CL, JAK2", "size": 82, "labelId": "413", "symbolzoom": 4}}, {"type": "Feature", "geometry": {"type": "Point", "coordinates": [89.22040656160686, 20.20592476176742]}, "properties": {"id": 414, "name": "JAZF1, KANSL3, PRAG1", "size": 25, "labelId": "414", "symbolzoom": 7}}, {"type": "Feature", "geometry": {"type": "Point", "coordinates": [90.61671887388864, 23.04991836274114]}, "properties": {"id": 415, "name": "ANKRD34B, DBF4, ATAD5", "size": 30, "labelId": "415", "symbolzoom": 7}}, {"type": "Feature", "geometry": {"type": "Point", "coordinates": [122.0276309160956, 18.6563683164272]}, "properties": {"id": 416, "name": "GYG1, C4orf33, CMAS", "size": 44, "labelId": "416", "symbolzoom": 6}}, {"type": "Feature", "geometry": {"type": "Point", "coordinates": [88.63866579148348, 21.867951349137527]}, "properties": {"id": 417, "name": "SLF2, NR3C1, STIL", "size": 18, "labelId": "417", "symbolzoom": 8}}, {"type": "Feature", "geometry": {"type": "Point", "coordinates": [86.4156166400777, 21.070745453426348]}, "properties": {"id": 418, "name": "N4BP2, CENPJ, CEP192", "size": 70, "labelId": "418", "symbolzoom": 5}}, {"type": "Feature", "geometry": {"type": "Point", "coordinates": [109.61227826008786, 30.035189750481443]}, "properties": {"id": 419, "name": "PRPF18, MED6, FKBPL", "size": 54, "labelId": "419", "symbolzoom": 6}}, {"type": "Feature", "geometry": {"type": "Point", "coordinates": [123.7418015963334, 16.84150368858114]}, "properties": {"id": 420, "name": "FARS2, COQ8A, ADCK2", "size": 18, "labelId": "420", "symbolzoom": 8}}, {"type": "Feature", "geometry": {"type": "Point", "coordinates": [93.81352269712215, 23.86494517920181]}, "properties": {"id": 421, "name": "LIMD1, RACGAP1, RNF168", "size": 37, "labelId": "421", "symbolzoom": 7}}, {"type": "Feature", "geometry": {"type": "Point", "coordinates": [91.76034863200715, 19.85617787147882]}, "properties": {"id": 422, "name": "CAPN15, ICE2, RUSC1", "size": 47, "labelId": "422", "symbolzoom": 6}}, {"type": "Feature", "geometry": {"type": "Point", "coordinates": [93.54730225553571, 21.574385957246673]}, "properties": {"id": 423, "name": "BRPF3, BRD1, SETDB1", "size": 44, "labelId": "423", "symbolzoom": 6}}, {"type": "Feature", "geometry": {"type": "Point", "coordinates": [108.8769770422528, 31.081529224228696]}, "properties": {"id": 424, "name": "BLOC1S6, KXD1, TAF11", "size": 15, "labelId": "424", "symbolzoom": 8}}, {"type": "Feature", "geometry": {"type": "Point", "coordinates": [108.32832158703098, 33.61171408979315]}, "properties": {"id": 425, "name": "CLTA, SLU7, UBXN1", "size": 62, "labelId": "425", "symbolzoom": 5}}, {"type": "Feature", "geometry": {"type": "Point", "coordinates": [106.01166334732807, 31.80599654192566]}, "properties": {"id": 426, "name": "CWF19L2, MED29, CD2BP2", "size": 30, "labelId": "426", "symbolzoom": 7}}, {"type": "Feature", "geometry": {"type": "Point", "coordinates": [99.88522728320346, 13.312054292303316]}, "properties": {"id": 427, "name": "ITGB1BP1, PLEK2, AGAP9", "size": 15, "labelId": "427", "symbolzoom": 8}}, {"type": "Feature", "geometry": {"type": "Point", "coordinates": [99.14667711888134, 14.0676875980911]}, "properties": {"id": 428, "name": "USP4, PLCL2, PLCL1", "size": 14, "labelId": "428", "symbolzoom": 9}}, {"type": "Feature", "geometry": {"type": "Point", "coordinates": [102.44442860148854, 28.27943846913311]}, "properties": {"id": 429, "name": "MBD2, MLF2, MRGBP", "size": 62, "labelId": "429", "symbolzoom": 5}}, {"type": "Feature", "geometry": {"type": "Point", "coordinates": [106.66522274414902, 28.259523697864687]}, "properties": {"id": 430, "name": "SRXN1, RTF2, CUEDC2", "size": 56, "labelId": "430", "symbolzoom": 6}}, {"type": "Feature", "geometry": {"type": "Point", "coordinates": [99.64599826736722, 12.016364442840054]}, "properties": {"id": 431, "name": "RASSF1, DOK5, FRMD8", "size": 43, "labelId": "431", "symbolzoom": 6}}, {"type": "Feature", "geometry": {"type": "Point", "coordinates": [102.0301546389994, 22.87421396222326]}, "properties": {"id": 432, "name": "VPS37A, RNF14, BRAP", "size": 24, "labelId": "432", "symbolzoom": 8}}, {"type": "Feature", "geometry": {"type": "Point", "coordinates": [103.47666736005992, 25.55971909498021]}, "properties": {"id": 433, "name": "NRBF2, HERPUD2, AGGF1", "size": 29, "labelId": "433", "symbolzoom": 7}}, {"type": "Feature", "geometry": {"type": "Point", "coordinates": [96.72706022905167, 26.022601685074168]}, "properties": {"id": 434, "name": "CSRP3, CDT1, CSRP2", "size": 27, "labelId": "434", "symbolzoom": 7}}, {"type": "Feature", "geometry": {"type": "Point", "coordinates": [95.21197742021, 10.626317400449736]}, "properties": {"id": 435, "name": "FARP2, VEZT, PLEKHG6", "size": 55, "labelId": "435", "symbolzoom": 6}}, {"type": "Feature", "geometry": {"type": "Point", "coordinates": [96.86045314944661, 27.865957631891064]}, "properties": {"id": 436, "name": "ZMYND10, RNF32, LMO4", "size": 10, "labelId": "436", "symbolzoom": 9}}, {"type": "Feature", "geometry": {"type": "Point", "coordinates": [96.95344715451596, 10.758650110737925]}, "properties": {"id": 437, "name": "RADIL, NIBAN2, GRB7", "size": 21, "labelId": "437", "symbolzoom": 8}}, {"type": "Feature", "geometry": {"type": "Point", "coordinates": [97.74842115184485, 11.64482587020991]}, "properties": {"id": 438, "name": "OSBPL1A, OSBPL9, ARHGAP40", "size": 30, "labelId": "438", "symbolzoom": 7}}, {"type": "Feature", "geometry": {"type": "Point", "coordinates": [99.51374548189409, 26.84307747985104]}, "properties": {"id": 439, "name": "RANBP3L, LMO3, GRXCR2", "size": 75, "labelId": "439", "symbolzoom": 5}}, {"type": "Feature", "geometry": {"type": "Point", "coordinates": [134.94874629649203, 16.468876838634355]}, "properties": {"id": 440, "name": "ACOXL, HKDC1, PGM5", "size": 140, "labelId": "440", "symbolzoom": 2}}, {"type": "Feature", "geometry": {"type": "Point", "coordinates": [117.62508439832722, 19.78059289466004]}, "properties": {"id": 441, "name": "BCS1L, TREX1, DCK", "size": 17, "labelId": "441", "symbolzoom": 8}}, {"type": "Feature", "geometry": {"type": "Point", "coordinates": [112.0971417563481, 15.412332260148645]}, "properties": {"id": 442, "name": "SMARCAL1, PARN, PARP2", "size": 28, "labelId": "442", "symbolzoom": 7}}, {"type": "Feature", "geometry": {"type": "Point", "coordinates": [101.17055697026532, 25.099023422293527]}, "properties": {"id": 443, "name": "XAF1, RCHY1, ARFGAP1", "size": 41, "labelId": "443", "symbolzoom": 6}}, {"type": "Feature", "geometry": {"type": "Point", "coordinates": [100.2811304521431, 23.48650263981304]}, "properties": {"id": 444, "name": "ZNRF1, ZFAND2B, PCGF1", "size": 14, "labelId": "444", "symbolzoom": 9}}, {"type": "Feature", "geometry": {"type": "Point", "coordinates": [117.69942653590584, 17.363187945046608]}, "properties": {"id": 445, "name": "FARSA, CMTR2, ATP23", "size": 14, "labelId": "445", "symbolzoom": 9}}, {"type": "Feature", "geometry": {"type": "Point", "coordinates": [118.2670003499018, 20.97779832200015]}, "properties": {"id": 446, "name": "SNUPN, NUDT22, GPN2", "size": 72, "labelId": "446", "symbolzoom": 5}}, {"type": "Feature", "geometry": {"type": "Point", "coordinates": [114.42392431345527, 12.806017220276495]}, "properties": {"id": 447, "name": "ATAD1, FASTKD2, SPATA5", "size": 26, "labelId": "447", "symbolzoom": 7}}, {"type": "Feature", "geometry": {"type": "Point", "coordinates": [114.69203457818791, 15.033604120447993]}, "properties": {"id": 448, "name": "NAT10, PNLDC1, BABAM2", "size": 65, "labelId": "448", "symbolzoom": 5}}, {"type": "Feature", "geometry": {"type": "Point", "coordinates": [130.88637532340306, 20.52368868788559]}, "properties": {"id": 449, "name": "NIT2, SCLY, FAHD2B", "size": 13, "labelId": "449", "symbolzoom": 9}}, {"type": "Feature", "geometry": {"type": "Point", "coordinates": [128.98128111393748, 19.60293086710494]}, "properties": {"id": 450, "name": "ABHD11, MOCS1, NMRAL1", "size": 30, "labelId": "450", "symbolzoom": 7}}, {"type": "Feature", "geometry": {"type": "Point", "coordinates": [127.09579488849992, 18.11314698511139]}, "properties": {"id": 451, "name": "PANK2, MGLL, ADK", "size": 37, "labelId": "451", "symbolzoom": 7}}, {"type": "Feature", "geometry": {"type": "Point", "coordinates": [116.67228788948417, 16.505605288881185]}, "properties": {"id": 452, "name": "VCP, PSMC1, MCM5", "size": 22, "labelId": "452", "symbolzoom": 8}}, {"type": "Feature", "geometry": {"type": "Point", "coordinates": [129.72893338115048, 15.824626591406133]}, "properties": {"id": 453, "name": "ACAD10, PGM2L1, PRODH2", "size": 29, "labelId": "453", "symbolzoom": 7}}, {"type": "Feature", "geometry": {"type": "Point", "coordinates": [131.27635753204908, 16.79066947506201]}, "properties": {"id": 454, "name": "NPL, ACY1, GLYCTK", "size": 16, "labelId": "454", "symbolzoom": 8}}, {"type": "Feature", "geometry": {"type": "Point", "coordinates": [121.49346746047493, 14.434329707935134]}, "properties": {"id": 455, "name": "ITFG2, ACTR1A, PANK4", "size": 42, "labelId": "455", "symbolzoom": 6}}, {"type": "Feature", "geometry": {"type": "Point", "coordinates": [113.32006223701381, 19.220373964042118]}, "properties": {"id": 456, "name": "PDCD11, CHMP7, DHX37", "size": 19, "labelId": "456", "symbolzoom": 8}}, {"type": "Feature", "geometry": {"type": "Point", "coordinates": [129.70305188123723, 17.531810617942643]}, "properties": {"id": 457, "name": "KCNAB2, CTBP2, D2HGDH", "size": 36, "labelId": "457", "symbolzoom": 7}}, {"type": "Feature", "geometry": {"type": "Point", "coordinates": [132.73774488198632, 20.258719877597397]}, "properties": {"id": 458, "name": "GAPDHS, ADA, LDHC", "size": 47, "labelId": "458", "symbolzoom": 6}}, {"type": "Feature", "geometry": {"type": "Point", "coordinates": [121.13970066220432, 16.78212927142807]}, "properties": {"id": 459, "name": "FPGS, GTDC1, DALRD3", "size": 43, "labelId": "459", "symbolzoom": 6}}, {"type": "Feature", "geometry": {"type": "Point", "coordinates": [119.28199717593488, 17.803446051296646]}, "properties": {"id": 460, "name": "ELP4, TOMM40L, TRMT1", "size": 33, "labelId": "460", "symbolzoom": 7}}, {"type": "Feature", "geometry": {"type": "Point", "coordinates": [116.72042223341977, 18.409182866922755]}, "properties": {"id": 461, "name": "FEN1, THNSL1, MCM7", "size": 21, "labelId": "461", "symbolzoom": 8}}, {"type": "Feature", "geometry": {"type": "Point", "coordinates": [115.71319232248497, 19.872832904867476]}, "properties": {"id": 462, "name": "DDX41, TDP2, RFC5", "size": 24, "labelId": "462", "symbolzoom": 8}}, {"type": "Feature", "geometry": {"type": "Point", "coordinates": [114.38268365206652, 18.18184134298766]}, "properties": {"id": 463, "name": "POP1, NTAN1, C7orf25", "size": 27, "labelId": "463", "symbolzoom": 7}}, {"type": "Feature", "geometry": {"type": "Point", "coordinates": [124.63457116939173, 24.253979601546483]}, "properties": {"id": 464, "name": "MRM2, METTL17, MRPS30", "size": 35, "labelId": "464", "symbolzoom": 7}}, {"type": "Feature", "geometry": {"type": "Point", "coordinates": [122.00558627120232, 24.857593858563014]}, "properties": {"id": 465, "name": "MDP1, NUDT16L1, DCTD", "size": 88, "labelId": "465", "symbolzoom": 4}}, {"type": "Feature", "geometry": {"type": "Point", "coordinates": [124.28535230873518, 18.49099934325443]}, "properties": {"id": 466, "name": "CBWD6, KDM8, MPPED1", "size": 14, "labelId": "466", "symbolzoom": 9}}, {"type": "Feature", "geometry": {"type": "Point", "coordinates": [126.73429586220041, 20.069744100232036]}, "properties": {"id": 467, "name": "LHPP, PPCDC, PRPSAP2", "size": 21, "labelId": "467", "symbolzoom": 8}}, {"type": "Feature", "geometry": {"type": "Point", "coordinates": [125.46873138706842, 20.582860620645192]}, "properties": {"id": 468, "name": "BLVRA, PMM1, GATB", "size": 63, "labelId": "468", "symbolzoom": 5}}, {"type": "Feature", "geometry": {"type": "Point", "coordinates": [124.25617356373832, 20.605451750243247]}, "properties": {"id": 469, "name": "SMUG1, HMCES, MTHFSD", "size": 20, "labelId": "469", "symbolzoom": 8}}, {"type": "Feature", "geometry": {"type": "Point", "coordinates": [122.16914034217444, 21.550101247231115]}, "properties": {"id": 470, "name": "AK6, GGPS1, EEF2KMT", "size": 50, "labelId": "470", "symbolzoom": 6}}]}